ticker,name,market,industry
NVDA,NVIDIA Corporation,NASDAQ,반도체
AAPL,Apple Inc.,NASDAQ,전화 및 소형 장치
MSFT,Microsoft Corporation,NASDAQ,소프트웨어
AMZN,Amazon.com Inc,NASDAQ,백화점
GOOGL,Alphabet Inc. Class A,NASDAQ,온라인 서비스
SPCX,Space Exploration Technologies Corp,NASDAQ,무선 통신 서비스
GOOG,Alphabet Inc. Class C,NASDAQ,온라인 서비스
META,Meta Platforms  Inc.,NASDAQ,온라인 서비스
AVGO,Broadcom Inc,NASDAQ,반도체
TSLA,Tesla Inc,NASDAQ,자동차 및 트럭 제조
SKHY,SK hynix Inc. ADR,NASDAQ,반도체
MU,Micron Technology  Inc.,NASDAQ,반도체
AMD,Advanced Micro Devices  Inc.,NASDAQ,반도체
WMT,Walmart Inc.,NASDAQ,식품 소매 및 유통
ASML,ASML Holding N.V. ADR,NASDAQ,반도체 장비 및 테스트
INTC,Intel Corp,NASDAQ,반도체
PLTR,Palantir Technologies Inc.,NASDAQ,소프트웨어
CSCO,Cisco Systems Inc,NASDAQ,통신 및 네트워킹
LRCX,Lam Research Corporation,NASDAQ,반도체 장비 및 테스트
AMAT,Applied Materials Inc,NASDAQ,반도체 장비 및 테스트
COST,Costco Wholesale Corp,NASDAQ,할인점
PANW,Palo Alto Networks  Inc.,NASDAQ,소프트웨어
ARM,ARM Holdings PLC ADR,NASDAQ,반도체
NFLX,Netflix  Inc.,NASDAQ,온라인 서비스
CRWD,CrowdStrike Holdings  Inc.,NASDAQ,소프트웨어
TXN,Texas Instruments Inc,NASDAQ,반도체
SNDK,SanDisk Corporation,NASDAQ,컴퓨터 하드웨어
KLAC,KLA Corporation,NASDAQ,반도체 장비 및 테스트
MRVL,Marvell Technology  Inc.,NASDAQ,반도체
AMGN,Amgen Inc,NASDAQ,제약
LIN,Linde PLC,NASDAQ,상품 화학
STX,Seagate Technology Holdings PLC,NASDAQ,컴퓨터 하드웨어
QCOM,QUALCOMM Incorporated,NASDAQ,반도체
ADI,Analog Devices  Inc.,NASDAQ,반도체
SHOP,Shopify Inc.,NASDAQ,온라인 서비스
GILD,Gilead Sciences  Inc.,NASDAQ,제약
TMUS,T-Mobile US Inc,NASDAQ,무선 통신 서비스
PEP,PepsiCo  Inc.,NASDAQ,무알콜 음료
WDC,Western Digital Corp,NASDAQ,컴퓨터 하드웨어
IBKR,Interactive Brokers Group Inc,NASDAQ,투자 은행 및 중개 서비스
ISRG,Intuitive Surgical  Inc.,NASDAQ,첨단 의료 장비 및 기술
VRTX,Vertex Pharmaceuticals Incorporated,NASDAQ,제약
FTNT,Fortinet  Inc.,NASDAQ,소프트웨어
BKNG,Booking Holdings Inc.,NASDAQ,여가 및 오락시설
PDD,PDD Holdings Inc. ADR,NASDAQ,온라인 서비스
SBUX,Starbucks Corp,NASDAQ,레스토랑 및 바
ADP,Automatic Data Processing Inc,NASDAQ,고용 서비스
HOOD,Robinhood Markets  Inc.,NASDAQ,핀테크
EQIX,Equinix  Inc.,NASDAQ,특수 REITs
SNY,Sanofi SA ADR,NASDAQ,제약
DDOG,Datadog Inc,NASDAQ,소프트웨어
APP,AppLovin Corporation,NASDAQ,소프트웨어
ABNB,Airbnb  Inc.,NASDAQ,온라인 서비스
CME,CME Group Inc.,NASDAQ,"금융, 상품 시장 운영 및 서비스 제공"
ADBE,Adobe Inc,NASDAQ,소프트웨어
MAR,Marriott International  Inc.,NASDAQ,"호텔, 모텔 및 크루즈 라인"
CDNS,Cadence Design Systems  Inc.,NASDAQ,소프트웨어
CEG,Constellation Energy Corp,NASDAQ,전력 유틸리티
MELI,MercadoLibre  Inc.,NASDAQ,온라인 서비스
LITE,Lumentum Holdings Inc.,NASDAQ,통신 및 네트워킹
CSX,CSX Corporation,NASDAQ,지상 화물 및 물류
SNPS,Synopsys  Inc.,NASDAQ,소프트웨어
MNST,Monster Beverage Corporation,NASDAQ,무알콜 음료
DASH,Doordash  Inc.,NASDAQ,온라인 서비스
REGN,Regeneron Pharmaceuticals  Inc.,NASDAQ,제약
CTAS,Cintas Corporation,NASDAQ,경영 지원 서비스
WBD,Warner Bros. Discovery  Inc.,NASDAQ,방송
NTES,NetEase  Inc. ADR,NASDAQ,온라인 서비스
CMCSA,Comcast Corporation,NASDAQ,무선 통신 서비스
MRNA,Moderna  Inc.,NASDAQ,제약
ROST,Ross Stores Inc,NASDAQ,의류 및 액세서리 소매
MDLZ,Mondelez International  Inc.,NASDAQ,식품 가공
INTU,Intuit Inc.,NASDAQ,핀테크
ORLY,O'Reilly Automotive  Inc.,NASDAQ,"자동차 차량, 부품 및 서비스 소매"
HON,Honeywell International Inc.,NASDAQ,소비재 대기업
MPWR,Monolithic Power Systems Inc,NASDAQ,반도체
AEP,American Electric Power Company Inc,NASDAQ,전력 유틸리티
NBIS,Nebius Group NV,NASDAQ,경영 지원 서비스
TER,Teradyne  Inc.,NASDAQ,반도체 장비 및 테스트
ALAB,Astera Labs  Inc.,NASDAQ,반도체
ARGX,argenx SE ADR,NASDAQ,생명 공학 및 의학 연구
NXPI,NXP Semiconductors NV,NASDAQ,반도체
NTRA,Natera  Inc.,NASDAQ,의료 시설 및 서비스
MSTR,Strategy Inc,NASDAQ,소프트웨어
PCAR,Paccar Inc,NASDAQ,중장비 및 차량
FAST,Fastenal Company,NASDAQ,산업용 기계 및 장비
BKR,Baker Hughes Company,NASDAQ,오일 관련 서비스 및 장비
FANG,Diamondback Energy  Inc.,NASDAQ,"오일, 가스 탐사 및 생산"
NDAQ,Nasdaq Inc,NASDAQ,"금융, 상품 시장 운영 및 서비스 제공"
COIN,Coinbase Global Inc,NASDAQ,블록 체인 및 암호화폐
HONA,Honeywell Aerospace Inc,NASDAQ,항공우주 및 방위
CRWV,CoreWeave  Inc.,NASDAQ,IT 서비스 및 컨설팅
EBAY,eBay Inc.,NASDAQ,온라인 서비스
WDAY,Workday  Inc.,NASDAQ,소프트웨어
MDLN,Medline Inc.,NASDAQ,"의료 장비, 물품 및 유통"
TEAM,Atlassian Corp,NASDAQ,소프트웨어
PYPL,PayPal Holdings  Inc.,NASDAQ,경영 지원 서비스
CCEP,Coca-Cola Europacific Partners PLC,NASDAQ,무알콜 음료
XEL,Xcel Energy Inc,NASDAQ,전력 유틸리티
RVMD,Revolution Medicines  Inc.,NASDAQ,생명 공학 및 의학 연구
ADSK,Autodesk  Inc.,NASDAQ,소프트웨어
TRI,Thomson Reuters Corp,NASDAQ,전문 정보 서비스
MCHP,Microchip Technology Inc,NASDAQ,반도체
CBRS,Cerebras Systems Inc,NASDAQ,통합 하드웨어 및 소프트웨어
EXC,Exelon Corp,NASDAQ,전력 유틸리티
RKLB,Rocket Lab Corp,NASDAQ,항공우주 및 방위
ILMN,Illumina Inc,NASDAQ,첨단 의료 장비 및 기술
KDP,Keurig Dr Pepper Inc,NASDAQ,무알콜 음료
NTAP,NetApp Inc,NASDAQ,컴퓨터 하드웨어
IDXX,IDEXX Laboratories  Inc.,NASDAQ,"의료 장비, 물품 및 유통"
FLEX,Flex Ltd,NASDAQ,전자 장비 및 부품
ONC,BeOne Medicines AG ADR,NASDAQ,생명 공학 및 의학 연구
FER,Ferrovial N.V.,NASDAQ,건설 및 엔지니어링
TTWO,Take-Two Interactive Software  Inc.,NASDAQ,소프트웨어
VOD,Vodafone Group PLC ADR,NASDAQ,무선 통신 서비스
CRDO,Credo Technology Group Holding Ltd,NASDAQ,반도체
OKTA,Okta  Inc.,NASDAQ,IT 서비스 및 컨설팅
ODFL,Old Dominion Freight Line  Inc.,NASDAQ,지상 화물 및 물류
UAL,United Airlines Holdings  Inc.,NASDAQ,항공사
PAYX,Paychex  Inc.,NASDAQ,고용 서비스
ROP,Roper Technologies  Inc.,NASDAQ,소프트웨어
AXON,Axon Enterprise  Inc.,NASDAQ,항공우주 및 방위
RPRX,Royalty Pharma PLC,NASDAQ,제약
BIIB,Biogen Inc.,NASDAQ,제약
JD,JD.com  Inc. ADR,NASDAQ,백화점
ALNY,Alnylam Pharmaceuticals  Inc.,NASDAQ,제약
DXCM,Dexcom Inc,NASDAQ,"의료 장비, 물품 및 유통"
ZS,Zscaler  Inc.,NASDAQ,소프트웨어
KMB,Kimberly-Clark Corporation,NASDAQ,개인 생활 필수 용품
ESLT,Elbit Systems Ltd.,NASDAQ,항공우주 및 방위
STLD,Steel Dynamics Inc,NASDAQ,철 및 강철
EXPE,Expedia Group  Inc.,NASDAQ,여가 및 오락시설
ACGL,Arch Capital Group Ltd.,NASDAQ,손해보험
NTRS,Northern Trust Corporation,NASDAQ,투자 관리 및 펀드 운영
HBAN,Huntington Bancshares Inc,NASDAQ,은행
ON,ON Semiconductor Corp,NASDAQ,반도체
BIDU,Baidu  Inc. ADR,NASDAQ,온라인 서비스
GEHC,GE HealthCare Technologies Inc.,NASDAQ,첨단 의료 장비 및 기술
RYAAY,Ryanair Holdings PLC ADR,NASDAQ,항공사
MDB,MongoDB  Inc.,NASDAQ,소프트웨어
ERIC,Telefonaktiebolaget LM Ericsson ADR,NASDAQ,통신 및 네트워킹
SMCI,Super Micro Computer Inc,NASDAQ,컴퓨터 하드웨어
WTW,Willis Towers Watson Public Limited Company,NASDAQ,복합보험 및 중개인
ZM,Zoom Communications  Inc.,NASDAQ,소프트웨어
ROIV,Roivant Sciences Ltd,NASDAQ,제약
GFS,GLOBALFOUNDRIES Inc.,NASDAQ,반도체 장비 및 테스트
ECHO,EchoStar Corporation,NASDAQ,무선 통신 서비스
CTSH,Cognizant Technology Solutions Corporation,NASDAQ,IT 서비스 및 컨설팅
TSEM,Tower Semiconductor Ltd.,NASDAQ,반도체
VRSN,VeriSign  Inc.,NASDAQ,IT 서비스 및 컨설팅
SYM,Symbotic Inc,NASDAQ,산업용 기계 및 장비
TCOM,Trip.com Group Limited ADR,NASDAQ,여가 및 오락시설
CPRT,Copart Inc,NASDAQ,온라인 서비스
FFIV,F5  Inc.,NASDAQ,IT 서비스 및 컨설팅
INSM,Insmed Incorporated,NASDAQ,생명 공학 및 의학 연구
BNTX,Biontech SE ADR,NASDAQ,생명 공학 및 의학 연구
INCY,Incyte Corp,NASDAQ,제약
CINF,Cincinnati Financial Corporation,NASDAQ,손해보험
LPLA,LPL Financial Holdings Inc.,NASDAQ,투자 은행 및 중개 서비스
FISV,Fiserv Inc,NASDAQ,경영 지원 서비스
PFG,Principal Financial Group Inc,NASDAQ,복합보험 및 중개인
GH,Guardant Health  Inc.,NASDAQ,"의료 장비, 물품 및 유통"
ENTG,Entegris Inc,NASDAQ,반도체 장비 및 테스트
AFRM,Affirm Holdings  Inc.,NASDAQ,핀테크
ULTA,Ulta Beauty Inc,NASDAQ,기타 전문 소매
UTHR,United Therapeutics Corporation,NASDAQ,제약
ASTS,AST SpaceMobile  Inc.,NASDAQ,무선 통신 서비스
ROKU,Roku  Inc.,NASDAQ,엔터테인먼트 제작
CASY,Caseys General Stores Inc,NASDAQ,식품 소매 및 유통
TROW,T. Rowe Price Group  Inc.,NASDAQ,투자 관리 및 펀드 운영
GMAB,Genmab A/S ADR,NASDAQ,생명 공학 및 의학 연구
VRSK,Verisk Analytics  Inc.,NASDAQ,IT 서비스 및 컨설팅
MTSI,MACOM Technology Solutions Holdings  Inc.,NASDAQ,반도체
RIVN,Rivian Automotive Inc,NASDAQ,자동차 및 트럭 제조
DLTR,Dollar Tree Inc,NASDAQ,할인점
ARXS,Arxis  Inc.,NASDAQ,산업용 기계 및 장비
TW,Tradeweb Markets Inc,NASDAQ,"금융, 상품 시장 운영 및 서비스 제공"
FCNCA,First Citizens BancShares  Inc.,NASDAQ,은행
BSP,Bending Spoons SpA,NASDAQ,소프트웨어
JBHT,J.B. Hunt Transport Services  Inc.,NASDAQ,지상 화물 및 물류
FWONK,Liberty Media Formula One Ord Shs Series C,NASDAQ,방송
VTRS,Viatris Inc.,NASDAQ,제약
SOFI,SoFi Technologies  Inc.,NASDAQ,소비자 대출
RGLD,Royal Gold  Inc.,NASDAQ,금
SITM,SiTime Corporation,NASDAQ,반도체
EXE,Expand Energy Corporation,NASDAQ,"오일, 가스 탐사 및 생산"
WWD,Woodward  Inc.,NASDAQ,항공우주 및 방위
NTNX,Nutanix  Inc.,NASDAQ,IT 서비스 및 컨설팅
FSLR,First Solar  Inc.,NASDAQ,재생 가능 에너지 장비 및 서비스
NDSN,Nordson Corporation,NASDAQ,산업용 기계 및 장비
EVRG,Evergy  Inc.,NASDAQ,전력 유틸리티
SSNC,SS&C Technologies Holdings  Inc.,NASDAQ,IT 서비스 및 컨설팅
MKSI,MKS Incorporated,NASDAQ,산업용 기계 및 장비
KSPI,Kaspi.kz AO ADR,NASDAQ,핀테크
LSCC,Lattice Semiconductor Corporation,NASDAQ,반도체
ZBRA,Zebra Technologies Corp,NASDAQ,전자 장비 및 부품
MEDP,Medpace Holdings  Inc.,NASDAQ,생명 공학 및 의학 연구
CHRW,C.H. Robinson Worldwide  Inc.,NASDAQ,지상 화물 및 물류
FTAI,FTAI Aviation Ltd.,NASDAQ,항공우주 및 방위
SBAC,SBA Communications Corp,NASDAQ,특수 REITs
EWBC,East West Bancorp  Inc.,NASDAQ,은행
TPG,TPG Inc,NASDAQ,투자 관리 및 펀드 운영
PAA,Plains All American Pipeline Units,NASDAQ,오일 및 가스 수송 서비스
SMTC,Semtech Corporation,NASDAQ,반도체
LNT,Alliant Energy Corp,NASDAQ,전력 유틸리티
TSCO,Tractor Supply Company,NASDAQ,기타 전문 소매
LOGI,Logitech international S.A.,NASDAQ,컴퓨터 하드웨어
IREN,IREN Limited,NASDAQ,블록 체인 및 암호화폐
CDW,CDW Corporation,NASDAQ,통합 하드웨어 및 소프트웨어
FUTU,Futu Holdings Limited ADR,NASDAQ,핀테크
HST,Host Hotels & Resorts  Inc.,NASDAQ,특수 REITs
AKAM,Akamai Technologies Inc,NASDAQ,IT 서비스 및 컨설팅
PTC,PTC Inc.,NASDAQ,소프트웨어
STRL,Sterling Infrastructure  Inc.,NASDAQ,건설 및 엔지니어링
JAZZ,Jazz Pharmaceuticals PLC,NASDAQ,제약
ASND,Ascendis Pharma A/S,NASDAQ,생명 공학 및 의학 연구
TLN,Talen Energy Corporation,NASDAQ,민자 발전 사업
TEM,Tempus AI  Inc.,NASDAQ,생명 공학 및 의학 연구
LAMR,Lamar Advertising Co,NASDAQ,특수 REITs
TIGO,Millicom International Cellular S.A.,NASDAQ,무선 통신 서비스
APA,APA Corporation,NASDAQ,"오일, 가스 탐사 및 생산"
EXEL,Exelixis Inc,NASDAQ,생명 공학 및 의학 연구
WMG,Warner Music Group Corp.,NASDAQ,엔터테인먼트 제작
LECO,Lincoln Electric Holdings  Inc.,NASDAQ,산업용 기계 및 장비
NBIX,Neurocrine Biosciences  Inc.,NASDAQ,제약
VNOM,Viper Energy Inc,NASDAQ,"오일, 가스 탐사 및 생산"
CG,Carlyle Group Inc,NASDAQ,투자 관리 및 펀드 운영
ARCC,Ares Capital Corp,NASDAQ,투자 관리 및 펀드 운영
INIO,Innio NV,NASDAQ,산업용 기계 및 장비
SMMT,Summit Therapeutics Inc.,NASDAQ,생명 공학 및 의학 연구
VICR,Vicor Corporation,NASDAQ,전기 부품 및 장비
TRMB,Trimble Inc,NASDAQ,소프트웨어
GEN,Gen Digital Inc.,NASDAQ,소프트웨어
REG,Regency Centers Corp,NASDAQ,상업용 REITs
HTHT,H World Group Limited ADR,NASDAQ,"호텔, 모텔 및 크루즈 라인"
ICLR,ICON PLC,NASDAQ,생명 공학 및 의학 연구
CHKP,Check Point Software Technologies Ltd.,NASDAQ,소프트웨어
AMKR,Amkor Technology  Inc.,NASDAQ,반도체 장비 및 테스트
TTMI,TTM Technologies Inc,NASDAQ,반도체
BBIO,BridgeBio Pharma  Inc.,NASDAQ,제약
SWKS,Skyworks Solutions  Inc.,NASDAQ,반도체
TWST,Twist Bioscience Corporation,NASDAQ,제약
IESC,IES Holdings Inc,NASDAQ,건설 및 엔지니어링
GRAB,Grab Holdings Limited,NASDAQ,소프트웨어
CHTR,Charter Communications  Inc.,NASDAQ,통합 통신 서비스
QNT,Quantinuum Inc,NASDAQ,IT 서비스 및 컨설팅
FOXA,Fox Corporation Class A,NASDAQ,방송
COKE,Coca-Cola Consolidated Inc,NASDAQ,무알콜 음료
DOCU,Docusign  Inc.,NASDAQ,소프트웨어
HALO,Halozyme Therapeutics  Inc.,NASDAQ,제약
CORT,Corcept Therapeutics Incorporated,NASDAQ,제약
FOX,Fox Corporation Class B,NASDAQ,방송
HAS,Hasbro  Inc.,NASDAQ,장난감 및 어린이 제품
SEIC,SEI Investments Company,NASDAQ,투자 관리 및 펀드 운영
NVMI,Nova Ltd.,NASDAQ,반도체
FIVE,Five Below  Inc.,NASDAQ,백화점
FROG,JFrog Ltd.,NASDAQ,소프트웨어
NXT,Nextpower Inc,NASDAQ,재생 가능 에너지 장비 및 서비스
TXG,10x Genomics  Inc.,NASDAQ,"의료 장비, 물품 및 유통"
FORM,FormFactor Inc,NASDAQ,반도체 장비 및 테스트
MDGL,Madrigal Pharmaceuticals  Inc.,NASDAQ,생명 공학 및 의학 연구
SAIL,SailPoint  Inc.,NASDAQ,소프트웨어
BMRN,BioMarin Pharmaceutical Inc.,NASDAQ,제약
PSKY,Paramount Skydance Corp,NASDAQ,엔터테인먼트 제작
MANH,Manhattan Associates  Inc.,NASDAQ,IT 서비스 및 컨설팅
RMBS,Rambus Inc.,NASDAQ,반도체
WSE,Wise Group PLC,NASDAQ,온라인 서비스
SANM,Sanmina Corporation,NASDAQ,전자 장비 및 부품
ERIE,Erie Indemnity Co,NASDAQ,손해보험
TECH,Bio-Techne Corporation,NASDAQ,생명 공학 및 의학 연구
AEIS,Advanced Energy Industries  Inc.,NASDAQ,전기 부품 및 장비
BTSG,Brightspring Health Services Inc,NASDAQ,의료 시설 및 서비스
AUR,Aurora Innovation  Inc.,NASDAQ,소프트웨어
CSGP,CoStar Group  Inc.,NASDAQ,온라인 서비스
GLPI,Gaming and Leisure Properties  Inc.,NASDAQ,특수 REITs
RGEN,Repligen Corporation,NASDAQ,"의료 장비, 물품 및 유통"
XP,XP Inc,NASDAQ,투자 은행 및 중개 서비스
LFUS,Littelfuse  Inc.,NASDAQ,전자 장비 및 부품
AGNC,AGNC Investment Corp.,NASDAQ,특수 REITs
COO,The Cooper Companies  Inc.,NASDAQ,"의료 장비, 물품 및 유통"
GSAT,Globalstar  Inc.,NASDAQ,무선 통신 서비스
FRHC,Freedom Holding Corp,NASDAQ,투자 은행 및 중개 서비스
LULU,lululemon athletica inc.,NASDAQ,의류 및 액세서리
PAYP,PayPay Corp ADR,NASDAQ,경영 지원 서비스
HUT,Hut 8 Corp,NASDAQ,블록 체인 및 암호화폐
STRC,Strategy Variable Rate Perpetual Stretch Prf Shs Series A,NASDAQ,소프트웨어
VIAV,Viavi Solutions Inc.,NASDAQ,통신 및 네트워킹
NWSA,News Corporation Class A,NASDAQ,소비자 출판
ALGN,Align Technology  Inc.,NASDAQ,"의료 장비, 물품 및 유통"
TXRH,Texas Roadhouse Inc,NASDAQ,레스토랑 및 바
CART,Maplebear Inc.,NASDAQ,온라인 서비스
CGNX,Cognex Corporation,NASDAQ,산업용 기계 및 장비
QRVO,Qorvo  Inc.,NASDAQ,반도체
CHYM,Chime Financial  Inc.,NASDAQ,핀테크
JKHY,Jack Henry & Associates Inc,NASDAQ,IT 서비스 및 컨설팅
ENSG,The Ensign Group  Inc.,NASDAQ,의료 시설 및 서비스
IBRX,ImmunityBio  Inc.,NASDAQ,생명 공학 및 의학 연구
BPOP,Popular  Inc.,NASDAQ,은행
DPZ,Domino's Pizza  Inc.,NASDAQ,레스토랑 및 바
UMBF,UMB Financial Corporation,NASDAQ,은행
BRKR,Bruker Corporation,NASDAQ,첨단 의료 장비 및 기술
KRYS,Krystal Biotech  Inc.,NASDAQ,제약
DRS,Leonardo DRS Inc,NASDAQ,항공우주 및 방위
LI,Li Auto Inc. ADR,NASDAQ,자동차 및 트럭 제조
ENLT,Enlight Renewable Energy Ltd.,NASDAQ,민자 발전 사업
VSAT,Viasat Inc,NASDAQ,통신 및 네트워킹
AXSM,Axsome Therapeutics  Inc.,NASDAQ,제약
BSY,Bentley Systems  Inc,NASDAQ,소프트웨어
WTFC,Wintrust Financial Corporation,NASDAQ,은행
SIMO,Silicon Motion Technology Corporation ADR,NASDAQ,반도체
GOOGM,Alphabet Dep Shs Repstg 1 20Th Int Mandatory Conv Prf Shs Ser A,NASDAQ,온라인 서비스
DKNG,DraftKings Inc.,NASDAQ,카지노 및 도박
ONB,Old National Bancorp,NASDAQ,은행
HSIC,Henry Schein  Inc.,NASDAQ,"의료 장비, 물품 및 유통"
GOOGN,Alphabet Dep Shs Repstg 1 20Th Int Mandatory Conv Prf Shs Ser B,NASDAQ,온라인 서비스
KYMR,Kymera Therapeutics  Inc.,NASDAQ,생명 공학 및 의학 연구
ARWR,Arrowhead Pharmaceuticals  Inc.,NASDAQ,생명 공학 및 의학 연구
MTCH,Match Group  Inc.,NASDAQ,온라인 서비스
CYTK,Cytokinetics  Incorporated,NASDAQ,생명 공학 및 의학 연구
FCFS,Firstcash Holdings Inc (Texas),NASDAQ,소비자 대출
ZION,Zions Bancorporation  National Association,NASDAQ,은행
PTGX,Protagonist Therapeutics  Inc.,NASDAQ,생명 공학 및 의학 연구
PODD,Insulet Corporation,NASDAQ,"의료 장비, 물품 및 유통"
SOLS,Solstice Advanced Materials Inc,NASDAQ,특수 화학제
SAIA,Saia Inc,NASDAQ,지상 화물 및 물류
GLXY,Galaxy Digital Inc,NASDAQ,투자 은행 및 중개 서비스
AAL,American Airlines Group Inc.,NASDAQ,항공사
SIRI,Sirius XM Holdings Inc.,NASDAQ,방송
CAI,Caris Life Sciences  Inc.,NASDAQ,"의료 장비, 물품 및 유통"
TGTX,TG Therapeutics  Inc.,NASDAQ,제약
PCVX,Vaxcyte  Inc.,NASDAQ,생명 공학 및 의학 연구
TTEK,Tetra Tech  Inc.,NASDAQ,환경 서비스 및 장비
AAOI,Applied Optoelectronics  Inc.,NASDAQ,전자 장비 및 부품
IDCC,InterDigital Inc,NASDAQ,통신 및 네트워킹
AVT,Avnet Inc,NASDAQ,전자 장비 및 부품
MXL,MaxLinear  Inc.,NASDAQ,반도체
WYNN,Wynn Resorts  Limited,NASDAQ,카지노 및 도박
PRAX,Praxis Precision Medicines  Inc.,NASDAQ,생명 공학 및 의학 연구
COLB,Columbia Banking System Inc,NASDAQ,은행
KTOS,Kratos Defense & Security Solutions  Inc.,NASDAQ,항공우주 및 방위
ABVX,Abivax SA ADR,NASDAQ,생명 공학 및 의학 연구
GTLB,GitLab Inc.,NASDAQ,소프트웨어
CBSH,Commerce Bancshares  Inc.,NASDAQ,은행
SYRE,Spyre Therapeutics Inc,NASDAQ,생명 공학 및 의학 연구
SNEX,StoneX Group Inc,NASDAQ,투자 은행 및 중개 서비스
LINE,Lineage  Inc.,NASDAQ,특수 REITs
CAE,CAE Inc.,NASDAQ,항공우주 및 방위
BOKF,BOK Financial Corp,NASDAQ,은행
PCTY,Paylocity Holding Corp,NASDAQ,소프트웨어
RIOT,Riot Platforms  Inc.,NASDAQ,블록 체인 및 암호화폐
CBC,Central Bancompany  Inc.,NASDAQ,은행
IONS,Ionis Pharmaceuticals  Inc.,NASDAQ,생명 공학 및 의학 연구
SLAB,Silicon Laboratories Inc.,NASDAQ,반도체
WULF,TeraWulf Inc.,NASDAQ,블록 체인 및 암호화폐
SFD,Smithfield Foods Inc,NASDAQ,식품 가공
DBX,Dropbox Inc,NASDAQ,소프트웨어
CHRD,Chord Energy Corporation,NASDAQ,"오일, 가스 탐사 및 생산"
HQY,HealthEquity  Inc.,NASDAQ,소프트웨어
VFS,VinFast Auto Ltd,NASDAQ,자동차 및 트럭 제조
LNW,Light & Wonder Inc,NASDAQ,카지노 및 도박
APLD,Applied Digital Corporation,NASDAQ,블록 체인 및 암호화폐
CAMT,Camtek Ltd.,NASDAQ,반도체 장비 및 테스트
AVAV,AeroVironment  Inc.,NASDAQ,항공우주 및 방위
MAAS,Maase Inc,NASDAQ,IT 서비스 및 컨설팅
MORN,Morningstar  Inc.,NASDAQ,전문 정보 서비스
NTSK,Netskope  Inc.,NASDAQ,IT 서비스 및 컨설팅
APPF,AppFolio  Inc.,NASDAQ,소프트웨어
AMRX,Amneal Pharmaceuticals  Inc,NASDAQ,제약
IMVT,Immunovant  Inc.,NASDAQ,생명 공학 및 의학 연구
VLY,Valley National Bancorp,NASDAQ,은행
BZ,KANZHUN LIMITED ADR,NASDAQ,고용 서비스
PLXS,Plexus Corp,NASDAQ,전자 장비 및 부품
CELH,Celsius Holdings  Inc.,NASDAQ,무알콜 음료
DSGX,The Descartes Systems Group Inc.,NASDAQ,소프트웨어
BLTE,Belite Bio  Inc ADR,NASDAQ,생명 공학 및 의학 연구
AAON,AAON  Inc.,NASDAQ,전기 부품 및 장비
VCTR,Victory Capital Holdings  Inc.,NASDAQ,투자 관리 및 펀드 운영
ALKS,Alkermes Plc,NASDAQ,생명 공학 및 의학 연구
ALGM,Allegro Microsystems Inc,NASDAQ,반도체
POWL,Powell Industries Inc,NASDAQ,전기 부품 및 장비
SSRM,SSR Mining Inc.,NASDAQ,금
IOVA,Iovance Biotherapeutics Inc,NASDAQ,생명 공학 및 의학 연구
GLBE,Global-E Online Ltd.,NASDAQ,온라인 서비스
DUOL,Duolingo  Inc.,NASDAQ,온라인 서비스
AUGO,Aura Minerals Inc,NASDAQ,금
CIFR,Cipher Digital Inc,NASDAQ,블록 체인 및 암호화폐
RYTM,Rhythm Pharmaceuticals  Inc.,NASDAQ,제약
URBN,Urban Outfitters  Inc.,NASDAQ,의류 및 액세서리 소매
NICE,NICE Ltd. ADR,NASDAQ,소프트웨어
LNTH,Lantheus Holdings  Inc.,NASDAQ,"의료 장비, 물품 및 유통"
QLYS,Qualys  Inc.,NASDAQ,IT 서비스 및 컨설팅
FIGR,Figure Technology Solutions  Inc.,NASDAQ,IT 서비스 및 컨설팅
GDS,GDS Holdings Limited ADR,NASDAQ,IT 서비스 및 컨설팅
PPC,Pilgrims Pride Corp,NASDAQ,식품 가공
TTAN,ServiceTitan  Inc.,NASDAQ,소프트웨어
QBTS,D-Wave Quantum Inc.,NASDAQ,IT 서비스 및 컨설팅
BILI,Bilibili Inc ADR,NASDAQ,온라인 서비스
CGON,CG Oncology  Inc.,NASDAQ,생명 공학 및 의학 연구
MBLY,Mobileye Global Inc,NASDAQ,통합 하드웨어 및 소프트웨어
GRAL,Grail Inc,NASDAQ,생명 공학 및 의학 연구
UBSI,United Bankshares  Inc.,NASDAQ,은행
LGND,Ligand Pharmaceuticals Incorporated,NASDAQ,제약
LLYVK,Liberty Live Holdings Inc Series C,NASDAQ,여가 및 오락시설
CVLT,Commvault Systems  Inc.,NASDAQ,소프트웨어
SFM,Sprouts Farmers Market Inc,NASDAQ,식품 소매 및 유통
CZR,Caesars Entertainment Inc,NASDAQ,카지노 및 도박
CRUS,Cirrus Logic  Inc.,NASDAQ,반도체
DOX,Amdocs Limited,NASDAQ,IT 서비스 및 컨설팅
KOD,Kodiak Sciences Inc.,NASDAQ,생명 공학 및 의학 연구
ACT,Enact Holdings Inc,NASDAQ,손해보험
XMTR,Xometry  Inc.,NASDAQ,IT 서비스 및 컨설팅
SRRK,Scholar Rock Holding Corporation,NASDAQ,생명 공학 및 의학 연구
POOL,Pool Corporation,NASDAQ,오락용 제품
CPB,Campbell's Co,NASDAQ,식품 가공
KNSA,Kiniksa Pharmaceuticals International  PLC,NASDAQ,제약
LGN,Legence Corp.,NASDAQ,건설 및 엔지니어링
HWC,Hancock Whitney Corporation,NASDAQ,은행
LKQ,LKQ Corp,NASDAQ,"자동차, 트럭 및 오토바이 부품"
MKTX,MarketAxess Holdings Inc.,NASDAQ,"금융, 상품 시장 운영 및 서비스 제공"
XE,X-Energy Inc,NASDAQ,중전기장비
TTD,Trade Desk Inc,NASDAQ,소프트웨어
LSTR,Landstar System  Inc.,NASDAQ,지상 화물 및 물류
NWS,News Corporation Class B,NASDAQ,소비자 출판
WFRD,Weatherford International PLC,NASDAQ,오일 관련 서비스 및 장비
LYFT,Lyft  Inc.,NASDAQ,온라인 서비스
ACMR,ACM Research  Inc.,NASDAQ,반도체 장비 및 테스트
CROX,Crocs  Inc.,NASDAQ,제화
FSV,FIRSTSERVICE CORPORATION,NASDAQ,부동산 서비스
COGT,Cogent Biosciences  Inc.,NASDAQ,생명 공학 및 의학 연구
MIRM,Mirum Pharmaceuticals  Inc.,NASDAQ,제약
TVTX,Travere Therapeutics  Inc.,NASDAQ,생명 공학 및 의학 연구
ORKA,Oruka Therapeutics Inc,NASDAQ,생명 공학 및 의학 연구
CACC,Credit Acceptance Corp,NASDAQ,소비자 대출
BGC,Bgc Group Inc,NASDAQ,투자 은행 및 중개 서비스
PI,Impinj  Inc.,NASDAQ,반도체
MMED,MiniMed Group Inc,NASDAQ,"의료 장비, 물품 및 유통"
PEGA,Pegasystems Inc.,NASDAQ,소프트웨어
NAVN,Navan  Inc.,NASDAQ,소프트웨어
VRNS,Varonis Systems  Inc.,NASDAQ,소프트웨어
OTEX,Open Text Corporation,NASDAQ,소프트웨어
RDNT,RadNet  Inc.,NASDAQ,의료 시설 및 서비스
PTCT,PTC Therapeutics  Inc.,NASDAQ,제약
NOVT,Novanta Inc.,NASDAQ,전자 장비 및 부품
CRSP,CRISPR Therapeutics AG,NASDAQ,생명 공학 및 의학 연구
SAIC,Science Applications International Corp,NASDAQ,IT 서비스 및 컨설팅
USAR,USA Rare Earth  Inc.,NASDAQ,금 제외 귀금속 및 광물
SHC,Sotera Health Company,NASDAQ,의료 시설 및 서비스
CHDN,Churchill Downs Incorporated,NASDAQ,카지노 및 도박
BCPC,Balchem Corporation,NASDAQ,특수 화학제
LAUR,Laureate Education  Inc.,NASDAQ,기타 교육 서비스 제공
RGTI,Rigetti Computing  Inc.,NASDAQ,반도체
STEP,StepStone Group Inc.,NASDAQ,투자 관리 및 펀드 운영
CAKE,Cheesecake Factory Inc,NASDAQ,레스토랑 및 바
PSMT,PriceSmart  Inc.,NASDAQ,할인점
EXLS,ExlService Holdings  Inc.,NASDAQ,경영 지원 서비스
RRR,Red Rock Resorts  Inc.,NASDAQ,카지노 및 도박
MMSI,Merit Medical Systems Inc,NASDAQ,"의료 장비, 물품 및 유통"
CORZ,Core Scientific Inc,NASDAQ,블록 체인 및 암호화폐
ERAS,Erasca  Inc.,NASDAQ,생명 공학 및 의학 연구
PAGP,Plains GP Holdings Limited Partner Interests Units Class A,NASDAQ,오일 및 가스 수송 서비스
DFTX,Definium Therapeutics Inc,NASDAQ,생명 공학 및 의학 연구
CWST,Casella Waste Systems  Inc.,NASDAQ,환경 서비스 및 장비
ROAD,Construction Partners  Inc.,NASDAQ,건설 및 엔지니어링
VEON,VEON Ltd ADR,NASDAQ,무선 통신 서비스
OLLI,Ollie's Bargain Outlet Holdings  Inc.,NASDAQ,할인점
IRDM,Iridium Communications Inc.,NASDAQ,무선 통신 서비스
AXTI,AXT  Inc.,NASDAQ,반도체
OCTV,Octave Intelligence PLC,NASDAQ,소프트웨어
MRCY,Mercury Systems Inc,NASDAQ,항공우주 및 방위
MRX,Marex Group Ltd,NASDAQ,투자 은행 및 중개 서비스
SBRA,Sabra Health Care REIT  Inc.,NASDAQ,특수 REITs
FTDR,Frontdoor Inc,NASDAQ,개인 서비스
BLLN,BillionToOne  Inc.,NASDAQ,생명 공학 및 의학 연구
OZK,Bank Ozk,NASDAQ,은행
SIGI,Selective Insurance Group  Inc.,NASDAQ,손해보험
NXST,Nexstar Media Group Inc,NASDAQ,방송
ACIW,ACI Worldwide  Inc.,NASDAQ,핀테크
GGAL,Grupo Financiero Galicia S.A. ADR,NASDAQ,은행
KLIC,Kulicke and Soffa Industries Inc,NASDAQ,반도체 장비 및 테스트
DNTH,Dianthus Therapeutics Inc,NASDAQ,생명 공학 및 의학 연구
MWH,Solv Energy Inc,NASDAQ,건설 및 엔지니어링
WAY,Waystar Holding Corp.,NASDAQ,소프트웨어
GTX,Garrett Motion Inc.,NASDAQ,"자동차, 트럭 및 오토바이 부품"
GLNG,Golar LNG Limited,NASDAQ,오일 및 가스 수송 서비스
Z,Zillow Group  Inc. Class C,NASDAQ,부동산 서비스
PECO,Phillips Edison & Company  Inc.,NASDAQ,상업용 REITs
IEP,Icahn Enterprises Units,NASDAQ,"오일, 가스 정제 및 마케팅"
HLNE,Hamilton Lane Incorporated,NASDAQ,투자 관리 및 펀드 운영
EBC,Eastern Bankshares Inc,NASDAQ,은행
ABCL,AbCellera Biologics Inc.,NASDAQ,생명 공학 및 의학 연구
MIDD,The Middleby Corporation,NASDAQ,산업용 기계 및 장비
VSEC,VSE Corp,NASDAQ,항공우주 및 방위
ADPT,Adaptive Biotechnologies Corporation,NASDAQ,생명 공학 및 의학 연구
CLMT,Calumet  Inc.,NASDAQ,"오일, 가스 정제 및 마케팅"
LFST,LifeStance Health Group  Inc.,NASDAQ,의료 시설 및 서비스
NSIT,Insight Enterprises Inc,NASDAQ,IT 서비스 및 컨설팅
GNTX,Gentex Corporation,NASDAQ,"자동차, 트럭 및 오토바이 부품"
CHEF,The Chefs' Warehouse  Inc.,NASDAQ,식품 소매 및 유통
REYN,Reynolds Consumer Products Inc,NASDAQ,가정용 제품
MYRG,MYR Group Inc,NASDAQ,건설 및 엔지니어링
FFIN,First Financial Bankshares Inc,NASDAQ,은행
TFSL,TFS Financial Corp,NASDAQ,은행
MEOH,Methanex Corp,NASDAQ,상품 화학
RELY,Remitly Global  Inc.,NASDAQ,경영 지원 서비스
CIGI,Colliers International Group Inc.,NASDAQ,부동산 서비스
DIOD,Diodes Incorporated,NASDAQ,반도체
MMYT,MakeMyTrip Limited,NASDAQ,여가 및 오락시설
ATAT,Atour Lifestyle Holdings Limited ADR,NASDAQ,"호텔, 모텔 및 크루즈 라인"
EWTX,Edgewise Therapeutics  Inc.,NASDAQ,생명 공학 및 의학 연구
EQPT,Equipmentshare.Com Inc,NASDAQ,경영 지원 서비스
MARA,MARA Holdings  Inc.,NASDAQ,블록 체인 및 암호화폐
VSNT,Versant Media Group Inc,NASDAQ,방송
ENPH,Enphase Energy  Inc.,NASDAQ,재생 가능 에너지 장비 및 서비스
HTFL,Heartflow  Inc,NASDAQ,첨단 의료 장비 및 기술
BWIN,The Baldwin Insurance Group  Inc.,NASDAQ,복합보험 및 중개인
CVCO,Cavco Industries  Inc.,NASDAQ,주택 건설
FULT,Fulton Financial Corporation,NASDAQ,은행
ONDS,Ondas Inc,NASDAQ,통신 및 네트워킹
IBOC,International Bancshares Corp,NASDAQ,은행
UFPI,UFP Industries  Inc.,NASDAQ,임업 및 목재 제품
SLM,SLM Corp,NASDAQ,소비자 대출
FELE,FRANKLIN ELECTRIC CO.  INC.,NASDAQ,산업용 기계 및 장비
INDV,Indivior Pharmaceuticals Inc,NASDAQ,제약
LIVN,LivaNova PLC,NASDAQ,"의료 장비, 물품 및 유통"
TNGX,Tango Therapeutics  Inc.,NASDAQ,생명 공학 및 의학 연구
NWE,NorthWestern Energy Group  Inc.,NASDAQ,전력 유틸리티
RUSHA,Rush Enterprises  Inc. Class A,NASDAQ,"자동차 차량, 부품 및 서비스 소매"
PTEN,Patterson-UTI Energy Inc,NASDAQ,오일 및 가스 시추
VKTX,Viking Therapeutics  Inc.,NASDAQ,생명 공학 및 의학 연구
OMAB,Grupo Aeroportuario del Centro Norte  S.A.B. de C.V. ADR,NASDAQ,공항 운영 및 서비스
DAVE,Dave Inc.,NASDAQ,핀테크
FSLY,Fastly  Inc.,NASDAQ,IT 서비스 및 컨설팅
CECO,CECO Environmental Corp.,NASDAQ,환경 서비스 및 장비
ACLS,Axcelis Technologies  Inc.,NASDAQ,반도체 장비 및 테스트
TCBI,Texas Capital Bancshares  Inc.,NASDAQ,은행
SYNA,Synaptics Incorporated,NASDAQ,반도체
ACCV,Accelevation Holdings Corp,NASDAQ,전기 부품 및 장비
ICUI,ICU Medical  Inc.,NASDAQ,"의료 장비, 물품 및 유통"
TENB,Tenable Holdings  Inc.,NASDAQ,소프트웨어
FRVO,Fervo Energy Co,NASDAQ,전력 유틸리티
CATY,Cathay General Bancorp,NASDAQ,은행
DLO,DLocal Limited,NASDAQ,경영 지원 서비스
RLAY,Relay Therapeutics  Inc.,NASDAQ,생명 공학 및 의학 연구
LOPE,Grand Canyon Education Inc,NASDAQ,기타 교육 서비스 제공
PBLS,Parabilis Medicines Inc,NASDAQ,생명 공학 및 의학 연구
JOYY,JOYY Inc. ADR,NASDAQ,온라인 서비스
CCC,CCC Intelligent Solutions Holdings Inc.,NASDAQ,소프트웨어
TRMD,Torm PLC,NASDAQ,오일 및 가스 수송 서비스
CELC,Celcuity Inc.,NASDAQ,생명 공학 및 의학 연구
FLY,Firefly Aerospace Inc.,NASDAQ,항공우주 및 방위
AYA,Aya Gold & Silver Inc (Quebec),NASDAQ,금 제외 귀금속 및 광물
LEGN,Legend Biotech Corporation ADR,NASDAQ,생명 공학 및 의학 연구
WSFS,WSFS Financial Corporation,NASDAQ,은행
TARS,Tarsus Pharmaceuticals  Inc.,NASDAQ,제약
CVBF,CVB Financial Corp,NASDAQ,은행
ALM,Almonty Industries Inc.,NASDAQ,특수 채굴 및 금속
ITRI,Itron  Inc.,NASDAQ,전자 장비 및 부품
CAR,Avis Budget Group Inc,NASDAQ,지상 및 해상 여객 운송
CRVL,CorVel Corporation,NASDAQ,의료 시설 및 서비스
SKYW,SkyWest  Inc.,NASDAQ,항공사
IRTC,iRhythm Holdings  Inc,NASDAQ,첨단 의료 장비 및 기술
TLX,Telix Pharmaceuticals Limited ADR,NASDAQ,생명 공학 및 의학 연구
IDYA,IDEAYA Biosciences  Inc.,NASDAQ,생명 공학 및 의학 연구
VCYT,Veracyte  Inc.,NASDAQ,생명 공학 및 의학 연구
OTTR,Otter Tail Corporation,NASDAQ,전력 유틸리티
BULL,Webull Corp,NASDAQ,핀테크
INDB,Independent Bank Corp (Massachusetts),NASDAQ,은행
UCTT,Ultra Clean Holdings Inc,NASDAQ,반도체 장비 및 테스트
AMLX,Amylyx Pharmaceuticals  Inc.,NASDAQ,생명 공학 및 의학 연구
SEZL,Sezzle Inc,NASDAQ,경영 지원 서비스
DORM,Dorman Products  Inc.,NASDAQ,"자동차, 트럭 및 오토바이 부품"
MGNI,Magnite  Inc.,NASDAQ,광고 및 마케팅
MAT,Mattel Inc,NASDAQ,장난감 및 어린이 제품
IOND,Ionic Digital Inc,NASDAQ,경영 지원 서비스
XENE,Xenon Pharmaceuticals Inc.,NASDAQ,생명 공학 및 의학 연구
WSBC,Wesbanco  Inc.,NASDAQ,은행
CENX,Century Aluminum Company,NASDAQ,알루미늄
PLSE,Pulse Biosciences Inc,NASDAQ,첨단 의료 장비 및 기술
IPAR,Interparfums Inc,NASDAQ,개인 생활 필수 용품
OLED,Universal Display Corp,NASDAQ,반도체
BANF,BancFirst Corp,NASDAQ,은행
ACAD,Acadia Pharmaceuticals Inc.,NASDAQ,생명 공학 및 의학 연구
SRAD,Sportradar Group AG,NASDAQ,소프트웨어
SBLK,Star Bulk Carriers Corp.,NASDAQ,해양 화물 및 물류
FIBK,First Interstate BancSystem  Inc.,NASDAQ,은행
OPCH,Option Care Health Inc,NASDAQ,의료 시설 및 서비스
CDNA,CareDx  Inc.,NASDAQ,생명 공학 및 의학 연구
ELVN,Enliven Therapeutics  Inc.,NASDAQ,생명 공학 및 의학 연구
FRSH,Freshworks Inc.,NASDAQ,소프트웨어
IPGP,IPG Photonics Corp,NASDAQ,전자 장비 및 부품
ARQT,Arcutis Biotherapeutics  Inc.,NASDAQ,제약
MNDY,monday.com Ltd.,NASDAQ,소프트웨어
CLSK,CleanSpark  Inc.,NASDAQ,블록 체인 및 암호화폐
DNLI,Denali Therapeutics Inc.,NASDAQ,생명 공학 및 의학 연구
COCO,The Vita Coco Company  Inc.,NASDAQ,무알콜 음료
TOWN,TowneBank,NASDAQ,은행
FFBC,First Financial Bancorp.,NASDAQ,은행
LIF,Life360  Inc.,NASDAQ,소프트웨어
GBDC,Golub Capital BDC Inc,NASDAQ,투자 관리 및 펀드 운영
SHOO,Steven Madden  Ltd.,NASDAQ,제화
MCHB,Mechanics Bancorp,NASDAQ,은행
CSQ,Calamos Strategic Total Return Closed Fund,NASDAQ,폐쇄형 펀드
SFNC,Simmons First National Corporation,NASDAQ,은행
LUNR,Intuitive Machines Inc,NASDAQ,항공우주 및 방위
AEHR,Aehr Test Systems,NASDAQ,반도체 장비 및 테스트
USLM,United States Lime & Minerals Inc,NASDAQ,건설 자재
PLMR,Palomar Holdings  Inc.,NASDAQ,손해보험
COHU,Cohu  Inc.,NASDAQ,반도체 장비 및 테스트
CALM,Cal-Maine Foods  Inc.,NASDAQ,어업 및 농업
VECO,Veeco Instruments Inc.,NASDAQ,반도체 장비 및 테스트
ARLP,Alliance Resource Partners Units,NASDAQ,석탄
PPLI,People Incorporated,NASDAQ,온라인 서비스
WSC,WillScot Holdings Corporation,NASDAQ,기업 금융 서비스
EXPO,Exponent  Inc.,NASDAQ,경영 지원 서비스
OSIS,OSI Systems  Inc.,NASDAQ,전자 장비 및 부품
SBCF,Seacoast Banking Corporation of Florida,NASDAQ,은행
RGC,Regencell Bioscience Holdings Ltd,NASDAQ,생명 공학 및 의학 연구
AMBA,Ambarella  Inc.,NASDAQ,반도체
PGEN,Precigen  Inc.,NASDAQ,제약
FA,First Advantage Corporation,NASDAQ,고용 서비스
PTRN,Pattern Group Inc.,NASDAQ,IT 서비스 및 컨설팅
NVTS,Navitas Semiconductor Corporation,NASDAQ,반도체
RUM,RUM Group Inc.,NASDAQ,온라인 서비스
WIX,Wix.com Ltd.,NASDAQ,온라인 서비스
BELFB,Bel Fuse Inc. Class B,NASDAQ,전자 장비 및 부품
DYN,Dyne Therapeutics  Inc.,NASDAQ,생명 공학 및 의학 연구
ZLAB,Zai Lab Ltd ADR,NASDAQ,제약
FHB,First Hawaiian  Inc.,NASDAQ,은행
CLBK,Columbia Financial Inc,NASDAQ,은행
AVPT,AvePoint  Inc.,NASDAQ,IT 서비스 및 컨설팅
SPSC,SPS Commerce  Inc.,NASDAQ,소프트웨어
ASO,Academy Sports and Outdoors  Inc.,NASDAQ,의류 및 액세서리 소매
COLM,Columbia Sportswear Company,NASDAQ,의류 및 액세서리
SOUN,SoundHound AI  Inc.,NASDAQ,IT 서비스 및 컨설팅
NTCT,NetScout Systems  Inc.,NASDAQ,IT 서비스 및 컨설팅
PURR,Hyperliquid Strategies Inc,NASDAQ,블록 체인 및 암호화폐
OUST,Ouster  Inc.,NASDAQ,전자 장비 및 부품
NAMS,NewAmsterdam Pharma Company N.V.,NASDAQ,생명 공학 및 의학 연구
BTDR,Bitdeer Technologies Group,NASDAQ,블록 체인 및 암호화폐
POWI,Power Integrations  Inc.,NASDAQ,반도체
TMDX,TransMedics Group  Inc.,NASDAQ,첨단 의료 장비 및 기술
DGII,Digi International Inc.,NASDAQ,통신 및 네트워킹
QS,QuantumScape Corporation,NASDAQ,"자동차, 트럭 및 오토바이 부품"
CHRN,Chronoscale Corp,NASDAQ,첨단 의료 장비 및 기술
ASST,Strive Inc,NASDAQ,투자 관리 및 펀드 운영
WING,Wingstop Inc.,NASDAQ,레스토랑 및 바
BHF,Brighthouse Financial  Inc.,NASDAQ,생명 및 건강 보험
KYIV,Kyivstar Group Ltd,NASDAQ,통합 통신 서비스
ATRC,AtriCure  Inc.,NASDAQ,"의료 장비, 물품 및 유통"
BRZE,Braze  Inc.,NASDAQ,소프트웨어
ARCB,ArcBest Corporation,NASDAQ,지상 화물 및 물류
PONY,Pony AI Inc ADR,NASDAQ,IT 서비스 및 컨설팅
EXTR,Extreme Networks  Inc.,NASDAQ,통신 및 네트워킹
CLBT,Cellebrite DI Ltd,NASDAQ,소프트웨어
ADEA,Adeia Inc.,NASDAQ,투자 지주 회사
MBX,MBX Biosciences  Inc.,NASDAQ,생명 공학 및 의학 연구
DXPE,DXP Enterprises  Inc.,NASDAQ,산업용 기계 및 장비
NMIH,NMI Holdings  Inc.,NASDAQ,손해보험
PENG,Penguin Solutions Inc,NASDAQ,반도체
BATRK,Liberty Media Liberty Braves Ord Shs Series C,NASDAQ,여가 및 오락시설
MGRC,McGrath RentCorp,NASDAQ,경영 지원 서비스
NEOG,Neogen Corporation,NASDAQ,"의료 장비, 물품 및 유통"
CARG,CarGurus  Inc.,NASDAQ,온라인 서비스
INTA,Intapp  Inc.,NASDAQ,소프트웨어
FRPT,Freshpet  Inc.,NASDAQ,식품 가공
RNW,Renew Energy Global PLC,NASDAQ,민자 발전 사업
KC,Kingsoft Cloud Holdings Ltd ADR,NASDAQ,IT 서비스 및 컨설팅
AGYS,Agilysys Inc,NASDAQ,소프트웨어
FIZZ,National Beverage Corp.,NASDAQ,무알콜 음료
IQMX,Iqm Quantum Computers Oyj ADR,NASDAQ,컴퓨터 하드웨어
WDFC,WD-40 Company,NASDAQ,가정용 제품
PLUG,Plug Power Inc.,NASDAQ,재생 가능 에너지 장비 및 서비스
AVAH,Aveanna Healthcare Holdings Inc,NASDAQ,의료 시설 및 서비스
LQDA,Liquidia Corporation,NASDAQ,제약
MZTI,The Marzetti Company,NASDAQ,식품 가공
PPTA,Perpetua Resources Corp.,NASDAQ,금
FRMI,Fermi Inc,NASDAQ,전력 유틸리티
LFTO,Liftoff Mobile Inc,NASDAQ,소프트웨어
ALRM,Alarm.com Holdings  Inc.,NASDAQ,소프트웨어
HWKN,Hawkins Inc,NASDAQ,다각적 화학 산업
MGEE,MGE Energy  Inc.,NASDAQ,전력 유틸리티
GCMG,GCM Grosvenor Inc.,NASDAQ,투자 관리 및 펀드 운영
NBTB,NBT Bancorp Inc.,NASDAQ,은행
SLDE,Slide Insurance Holdings  Inc.,NASDAQ,손해보험
TRMK,Trustmark Corporation,NASDAQ,은행
HTO,H2O America,NASDAQ,수자원 유틸리티
NESR,National Energy Services Reunited Corp.,NASDAQ,오일 관련 서비스 및 장비
ACHC,Acadia Healthcare Company  Inc.,NASDAQ,의료 시설 및 서비스
HCM,HUTCHMED (China) Ltd ADR,NASDAQ,제약
CLDX,Celldex Therapeutics  Inc.,NASDAQ,생명 공학 및 의학 연구
FIVN,Five9  Inc.,NASDAQ,소프트웨어
DRH,Diamondrock Hospitality Co,NASDAQ,특수 REITs
FBNC,First Bancorp (North Carolina),NASDAQ,은행
APPN,Appian Corp,NASDAQ,소프트웨어
BEAM,Beam Therapeutics Inc.,NASDAQ,생명 공학 및 의학 연구
DJT,Trump Media & Technology Group Corp.,NASDAQ,온라인 서비스
PRVA,Privia Health Group Inc,NASDAQ,의료 시설 및 서비스
IRON,Disc Medicine  Inc.,NASDAQ,생명 공학 및 의학 연구
IMOS,ChipMOS Technologies Inc ADR,NASDAQ,반도체 장비 및 테스트
HSAI,Hesai Group ADR,NASDAQ,전자 장비 및 부품
SUPN,Supernus Pharmaceuticals  Inc.,NASDAQ,제약
FRME,First Merchants Corporation,NASDAQ,은행
HURN,Huron Consulting Group Inc.,NASDAQ,경영 지원 서비스
SLS,Sellas Life Sciences Group Inc,NASDAQ,생명 공학 및 의학 연구
NRIX,Nurix Therapeutics  Inc.,NASDAQ,생명 공학 및 의학 연구
AXGN,AxoGen  Inc.,NASDAQ,첨단 의료 장비 및 기술
BANR,Banner Corp,NASDAQ,은행
HIMX,Himax Technologies  Inc. ADR,NASDAQ,반도체
IMNM,Immunome  Inc.,NASDAQ,생명 공학 및 의학 연구
ATRO,Astronics Corporation,NASDAQ,항공우주 및 방위
NN,NextNav Inc.,NASDAQ,전화 및 소형 장치
LLYVA,Liberty Live Holdings Inc Series A,NASDAQ,여가 및 오락시설
PAYO,Payoneer Global Inc,NASDAQ,경영 지원 서비스
BUSE,First Busey Corporation,NASDAQ,은행
SYBT,Stock Yards Bancorp Inc,NASDAQ,은행
TSAT,Telesat Corp,NASDAQ,무선 통신 서비스
KALU,Kaiser Aluminum Corporation,NASDAQ,알루미늄
ALMR,Alamar Biosciences Inc,NASDAQ,첨단 의료 장비 및 기술
NWCL,newcleo plc,NASDAQ,중전기장비
NEO,NeoGenomics  Inc.,NASDAQ,의료 시설 및 서비스
INTR,Inter & Co Inc,NASDAQ,은행
EEFT,Euronet Worldwide Inc,NASDAQ,경영 지원 서비스
PLUS,ePlus inc.,NASDAQ,IT 서비스 및 컨설팅
IOSP,Innospec Inc,NASDAQ,특수 화학제
SKWD,Skyward Specialty Insurance Group Inc,NASDAQ,손해보험
VRDN,Viridian Therapeutics  Inc.,NASDAQ,생명 공학 및 의학 연구
VERA,Vera Therapeutics  Inc.,NASDAQ,생명 공학 및 의학 연구
SDGR,Schrodinger Inc,NASDAQ,소프트웨어
ICHR,Ichor Holdings  Ltd.,NASDAQ,반도체
VC,Visteon Corporation,NASDAQ,"자동차, 트럭 및 오토바이 부품"
OPEN,Opendoor Technologies Inc.,NASDAQ,부동산 서비스
UFPT,UFP Technologies Inc,NASDAQ,"의료 장비, 물품 및 유통"
CLOV,Clover Health Investments  Corp.,NASDAQ,의료 관리
HRMY,Harmony Biosciences Holdings  Inc.,NASDAQ,제약
OSW,OneSpaWorld Holdings Ltd,NASDAQ,여가 및 오락시설
CNXN,PC Connection Inc,NASDAQ,통합 하드웨어 및 소프트웨어
INOD,Innodata Inc.,NASDAQ,IT 서비스 및 컨설팅
MBIN,Merchants Bancorp,NASDAQ,은행
NWL,Newell Brands Inc,NASDAQ,"가전제품, 도구 및 가정 용품"
LASR,nLIGHT  Inc.,NASDAQ,반도체
ADMA,ADMA Biologics  Inc.,NASDAQ,제약
UPST,Upstart Holdings  Inc.,NASDAQ,소비자 대출
CHA,Chagee Holdings Ltd ADR,NASDAQ,레스토랑 및 바
GPCR,Structure Therapeutics Inc. ADR,NASDAQ,생명 공학 및 의학 연구
PHVS,Pharvaris N.V.,NASDAQ,생명 공학 및 의학 연구
ANDE,Andersons Inc,NASDAQ,어업 및 농업
NMRK,Newmark Group Inc,NASDAQ,부동산 서비스
MLYS,Mineralys Therapeutics  Inc.,NASDAQ,생명 공학 및 의학 연구
RXRX,Recursion Pharmaceuticals  Inc.,NASDAQ,생명 공학 및 의학 연구
WAFD,WaFd Inc,NASDAQ,은행
PTON,Peloton Interactive  Inc.,NASDAQ,오락용 제품
KEEL,Keel Infrastructure Corp,NASDAQ,블록 체인 및 암호화폐
PATK,Patrick Industries  Inc.,NASDAQ,건설 자재 및 비품
NWBI,Northwest Bancshares Inc,NASDAQ,은행
WGS,GeneDx Holdings Corp.,NASDAQ,의료 시설 및 서비스
PDFS,PDF Solutions  Inc.,NASDAQ,반도체 장비 및 테스트
AUPH,Aurinia Pharmaceuticals Inc.,NASDAQ,제약
STNE,StoneCo Ltd.,NASDAQ,핀테크
VNET,VNET Group  Inc. ADR,NASDAQ,IT 서비스 및 컨설팅
LIFE,Ethos Technologies Inc,NASDAQ,생명 및 건강 보험
EFSC,Enterprise Financial Services Corp,NASDAQ,은행
ADRX,ADARx Pharmaceuticals  Inc.,NASDAQ,생명 공학 및 의학 연구
FLYW,Flywire Corporation,NASDAQ,경영 지원 서비스
BCRX,BioCryst Pharmaceuticals  Inc.,NASDAQ,생명 공학 및 의학 연구
SONO,Sonos  Inc.,NASDAQ,가정용 전자 제품
ALGT,Allegiant Travel Company,NASDAQ,항공사
ALVO,Alvotech SA,NASDAQ,생명 공학 및 의학 연구
NKTR,Nektar Therapeutics,NASDAQ,생명 공학 및 의학 연구
ADUS,Addus Homecare Corp,NASDAQ,의료 시설 및 서비스
LIND,Lindblad Expeditions Holdings  Inc.,NASDAQ,"호텔, 모텔 및 크루즈 라인"
MCRI,Monarch Casino & Resort  Inc.,NASDAQ,카지노 및 도박
VCEL,Vericel Corporation,NASDAQ,제약
ETOR,eToro Group Ltd.,NASDAQ,투자 은행 및 중개 서비스
PLBL,Polibeli Group Ltd,NASDAQ,가정용 전자 제품
TRVI,Trevi Therapeutics  Inc.,NASDAQ,생명 공학 및 의학 연구
DOO,BRP Inc.,NASDAQ,오락용 제품
WERN,Werner Enterprises  Inc.,NASDAQ,지상 화물 및 물류
SRCE,1st Source Corporation,NASDAQ,은행
UNIT,Uniti Group Inc (Delaware),NASDAQ,통합 통신 서비스
FWONA,Liberty Media Formula One Ord Shs Series A,NASDAQ,방송
SBET,Sharplink Inc,NASDAQ,광고 및 마케팅
ECPG,Encore Capital Group  Inc.,NASDAQ,기업 금융 서비스
STGW,Stagwell Inc.,NASDAQ,광고 및 마케팅
PLPC,Preformed Line Products Co,NASDAQ,전기 부품 및 장비
MRVI,Maravai LifeSciences Holdings Inc,NASDAQ,생명 공학 및 의학 연구
TILE,Interface  Inc.,NASDAQ,건설 자재 및 비품
PVLA,Palvella Therapeutics Inc,NASDAQ,생명 공학 및 의학 연구
URGN,UroGen Pharma Ltd.,NASDAQ,생명 공학 및 의학 연구
AGIO,Agios Pharmaceuticals  Inc.,NASDAQ,생명 공학 및 의학 연구
TH,Target Hospitality Corp.,NASDAQ,"호텔, 모텔 및 크루즈 라인"
TBBK,Bancorp Inc,NASDAQ,은행
PENN,PENN Entertainment  Inc.,NASDAQ,카지노 및 도박
SEDG,SolarEdge Technologies  Inc.,NASDAQ,재생 가능 에너지 장비 및 서비스
SHAZ,SharonAI Holdings Inc,NASDAQ,IT 서비스 및 컨설팅
CHCO,City Holding Co,NASDAQ,은행
BAND,Bandwidth Inc.,NASDAQ,소프트웨어
DRVN,Driven Brands Holdings Inc.,NASDAQ,개인 서비스
LKFT,Lakefront Biotherapeutics NV ADR,NASDAQ,생명 공학 및 의학 연구
ZD,Ziff Davis Inc,NASDAQ,온라인 서비스
PRDO,Perdoceo Education Corporation,NASDAQ,기타 교육 서비스 제공
PGNY,Progyny  Inc.,NASDAQ,의료 관리
GENB,Generate Biomedicines Inc,NASDAQ,첨단 의료 장비 및 기술
SRPT,Sarepta Therapeutics  Inc.,NASDAQ,제약
NCNO,nCino  Inc.,NASDAQ,소프트웨어
QUBT,Quantum Computing Inc.,NASDAQ,소프트웨어
ESTA,Establishment Labs Holdings Inc,NASDAQ,"의료 장비, 물품 및 유통"
VERX,Vertex  Inc.,NASDAQ,소프트웨어
MESO,Mesoblast Limited ADR,NASDAQ,생명 공학 및 의학 연구
DHC,Diversified Healthcare Trust,NASDAQ,특수 REITs
BLFS,BioLife Solutions  Inc.,NASDAQ,"의료 장비, 물품 및 유통"
ALNT,Allient Inc,NASDAQ,전기 부품 및 장비
FTRE,Fortrea Holdings Inc,NASDAQ,생명 공학 및 의학 연구
VIR,Vir Biotechnology  Inc.,NASDAQ,생명 공학 및 의학 연구
PRCH,Porch Group  Inc.,NASDAQ,소프트웨어
BLKB,Blackbaud  Inc.,NASDAQ,소프트웨어
LMAT,LeMaitre Vascular  Inc.,NASDAQ,첨단 의료 장비 및 기술
GRFS,Grifols  S.A. ADR,NASDAQ,제약
ZYME,Zymeworks Inc.,NASDAQ,생명 공학 및 의학 연구
CMPR,Cimpress PLC,NASDAQ,상업 인쇄 서비스
RUN,Sunrun Inc,NASDAQ,재생 가능 에너지 장비 및 서비스
NVCR,NovoCure Limited,NASDAQ,"의료 장비, 물품 및 유통"
XNCR,Xencor  Inc.,NASDAQ,생명 공학 및 의학 연구
TOP,TOP Financial Group Ltd,NASDAQ,투자 은행 및 중개 서비스
KARO,Karooooo Ltd,NASDAQ,IT 서비스 및 컨설팅
ABSI,Absci Corp,NASDAQ,생명 공학 및 의학 연구
MFP,Midera Food Processing Inc,NASDAQ,산업용 기계 및 장비
GCT,Gigacloud Technology Inc,NASDAQ,온라인 서비스
LIME,Neutron Holdings Inc,NASDAQ,"자동차, 트럭 및 오토바이 부품"
EZPW,EZCORP Inc,NASDAQ,소비자 대출
SEPN,Septerna  Inc.,NASDAQ,생명 공학 및 의학 연구
BRVE,Braveheart Bio  Inc.,NASDAQ,생명 공학 및 의학 연구
GABC,German American Bancorp Inc,NASDAQ,은행
PLAB,Photronics  Inc.,NASDAQ,반도체 장비 및 테스트
SGRY,Surgery Partners  Inc.,NASDAQ,의료 시설 및 서비스
HUBG,Hub Group  Inc.,NASDAQ,지상 화물 및 물류
RBCAA,Republic Bancorp Inc,NASDAQ,은행
FSUN,Firstsun Capital Bancorp,NASDAQ,은행
NVAX,Novavax  Inc.,NASDAQ,생명 공학 및 의학 연구
HYMC,Hycroft Mining Holding Corp,NASDAQ,다각적 채굴
MQ,Marqeta  Inc.,NASDAQ,핀테크
XRAY,DENTSPLY SIRONA Inc.,NASDAQ,"의료 장비, 물품 및 유통"
ASTH,Astrana Health  Inc.,NASDAQ,의료 시설 및 서비스
FORTY,Formula Systems 1985 Ltd ADR,NASDAQ,IT 서비스 및 컨설팅
BLBD,Blue Bird Corporation,NASDAQ,중장비 및 차량
ZBIO,Zenas BioPharma  Inc.,NASDAQ,생명 공학 및 의학 연구
WRD,WeRide Inc ADR,NASDAQ,IT 서비스 및 컨설팅
NYAX,Nayax Ltd.,NASDAQ,기타 핀테크 인프라
XERS,Xeris Biopharma Holdings  Inc.,NASDAQ,제약
PSNL,Personalis  Inc.,NASDAQ,생명 공학 및 의학 연구
AMPL,Amplitude  Inc.,NASDAQ,소프트웨어
STRA,Strategic Education  Inc.,NASDAQ,기타 교육 서비스 제공
CMPS,Compass Pathways PLC ADR,NASDAQ,생명 공학 및 의학 연구
CENTA,Central Garden & Pet Co Class A,NASDAQ,식품 가공
STBA,S&T Bancorp Inc,NASDAQ,은행
HAPN,Happen  Inc.,NASDAQ,소비자 대출
MLCO,Melco Resorts & Entertainment Ltd ADR,NASDAQ,카지노 및 도박
HOPE,Hope Bancorp Inc,NASDAQ,은행
TMC,TMC the metals company Inc.,NASDAQ,특수 채굴 및 금속
ALHC,Alignment Healthcare  Inc.,NASDAQ,의료 관리
FRNM,Freenome  Inc.,NASDAQ,생명 공학 및 의학 연구
NEXT,NextDecade Corporation,NASDAQ,건설 및 엔지니어링
NTLA,INTELLIA THERAPEUTICS  INC.,NASDAQ,생명 공학 및 의학 연구
KMTS,Kestra Medical Technologies  Ltd.,NASDAQ,첨단 의료 장비 및 기술
OCUL,Ocular Therapeutix  Inc.,NASDAQ,제약
SNDX,Syndax Pharmaceuticals  Inc.,NASDAQ,생명 공학 및 의학 연구
STOK,Stoke Therapeutics  Inc.,NASDAQ,생명 공학 및 의학 연구
QURE,uniQure N.V.,NASDAQ,생명 공학 및 의학 연구
ANIP,ANI Pharmaceuticals  Inc.,NASDAQ,제약
BFC,Bank First Corp,NASDAQ,은행
PAX,Patria Investments Ltd,NASDAQ,투자 관리 및 펀드 운영
TCBK,Trico Bancshares,NASDAQ,은행
PRGS,Progress Software Corp,NASDAQ,소프트웨어
WLTH,Wealthfront Corporation,NASDAQ,다각적 투자 서비스
DSGR,Distribution Solutions Group  Inc.,NASDAQ,산업용 기계 및 장비
LBTYA,Liberty Global Ltd Class A,NASDAQ,방송
RAPP,Rapport Therapeutics  Inc.,NASDAQ,생명 공학 및 의학 연구
GHRS,GH Research PLC,NASDAQ,생명 공학 및 의학 연구
IMKTA,Ingles Markets  Incorporated,NASDAQ,식품 소매 및 유통
GSHD,Goosehead Insurance  Inc.,NASDAQ,복합보험 및 중개인
LCID,Lucid Group  Inc.,NASDAQ,자동차 및 트럭 제조
QCRH,QCR Holdings Inc,NASDAQ,은행
OCFC,OceanFirst Financial Corp.,NASDAQ,은행
JBLU,JetBlue Airways Corporation,NASDAQ,항공사
ATEC,Alphatec Holdings  Inc.,NASDAQ,"의료 장비, 물품 및 유통"
EMAT,Evolution Metals & Technologies Corp,NASDAQ,금 제외 귀금속 및 광물
TSHA,Taysha Gene Therapies  Inc.,NASDAQ,생명 공학 및 의학 연구
WB,Weibo Corp ADR,NASDAQ,온라인 서비스
IMCR,Immunocore Holdings PLC ADR,NASDAQ,제약
OPRA,Opera Ltd ADR,NASDAQ,소프트웨어
OMCL,Omnicell Inc,NASDAQ,첨단 의료 장비 및 기술
BL,BlackLine  Inc.,NASDAQ,소프트웨어
ATEX,Anterix Inc.,NASDAQ,무선 통신 서비스
PWP,Perella Weinberg Partners,NASDAQ,투자 은행 및 중개 서비스
INVA,Innoviva  Inc.,NASDAQ,제약
EVCM,EverCommerce Inc,NASDAQ,소프트웨어
AZTA,Azenta  Inc.,NASDAQ,생명 공학 및 의학 연구
UROY,Uranium Royalty Corp,NASDAQ,우라늄
AAPG,Ascentage Pharma Group International ADR,NASDAQ,생명 공학 및 의학 연구
CNXC,Concentrix Corporation,NASDAQ,경영 지원 서비스
SAFT,Safety Insurance Group Inc,NASDAQ,손해보험
CNOB,ConnectOne Bancorp  Inc.,NASDAQ,은행
NBTX,Nanobiotix SA ADR,NASDAQ,생명 공학 및 의학 연구
MAZE,Maze Therapeutics  Inc.,NASDAQ,생명 공학 및 의학 연구
TYRA,Tyra Biosciences  Inc.,NASDAQ,생명 공학 및 의학 연구
ANAB,AnaptysBio  Inc.,NASDAQ,생명 공학 및 의학 연구
AVBP,ArriVent BioPharma  Inc.,NASDAQ,생명 공학 및 의학 연구
ICFI,ICF International  Inc.,NASDAQ,경영 지원 서비스
QQQX,Nuveen Nasdaq 100 Dynamic Overwrite Fund,NASDAQ,폐쇄형 펀드
RARE,Ultragenyx Pharmaceutical Inc.,NASDAQ,제약
KLRA,Kailera Therapeutics Inc,NASDAQ,제약
CASH,Pathward Financial Inc,NASDAQ,은행
CSWC,Capital Southwest Corporation,NASDAQ,투자 관리 및 펀드 운영
INBX,Inhibrx Biosciences Inc,NASDAQ,생명 공학 및 의학 연구
ETON,Eton Pharmaceuticals Inc,NASDAQ,제약
WBTN,Webtoon Entertainment Inc,NASDAQ,온라인 서비스
ALKT,Alkami Technology  Inc.,NASDAQ,IT 서비스 및 컨설팅
CRSR,Corsair Gaming Inc,NASDAQ,컴퓨터 하드웨어
KRSA,Korsana Biosciences  Inc.,NASDAQ,생명 공학 및 의학 연구
CDNL,Cardinal Infrastructure Group Inc,NASDAQ,건설 및 엔지니어링
PAHC,Phibro Animal Health Corp,NASDAQ,제약
NUTX,Nutex Health Inc,NASDAQ,의료 시설 및 서비스
PGY,Pagaya Technologies Ltd.,NASDAQ,핀테크
COAG,Hemab Therapeutics Holdings Inc,NASDAQ,생명 공학 및 의학 연구
LKFN,Lakeland Financial Corp,NASDAQ,은행
GT,Goodyear Tire & Rubber Co,NASDAQ,타이어 및 고무 제품
JJSF,J&J Snack Foods Corp,NASDAQ,식품 가공
AMAL,Amalgamated Financial Corp,NASDAQ,은행
FLNC,Fluence Energy Inc,NASDAQ,재생 가능 에너지 장비 및 서비스
AMSC,American Superconductor Corp,NASDAQ,전기 부품 및 장비
ESQ,Esquire Financial Holdings Inc,NASDAQ,은행
HCSG,Healthcare Services Group  Inc.,NASDAQ,경영 지원 서비스
CERT,Certara  Inc.,NASDAQ,소프트웨어
ORIC,ORIC Pharmaceuticals  Inc.,NASDAQ,생명 공학 및 의학 연구
BHRB,Burke & Herbert Financial Services Corp,NASDAQ,은행
TRS,TriMas Corporation,NASDAQ,용기(종이 제외) 및 포장재
ELE,Elemental Royalty Corp,NASDAQ,다각적 채굴
KARD,Kardigan Inc,NASDAQ,생명 공학 및 의학 연구
VISN,Vistance Networks Inc,NASDAQ,통신 및 네트워킹
DRTS,Alpha Tau Medical Ltd,NASDAQ,첨단 의료 장비 및 기술
OMER,Omeros Corporation,NASDAQ,생명 공학 및 의학 연구
DMLP,Dorchester Minerals Units,NASDAQ,"오일, 가스 탐사 및 생산"
RZAI,Roze AI Inc.,NASDAQ,IT 서비스 및 컨설팅
MGRT,Mega Fortune Co Ltd,NASDAQ,통합 하드웨어 및 소프트웨어
ULCC,Frontier Group Holdings  Inc.,NASDAQ,항공사
SHLS,Shoals Technologies Group  Inc.,NASDAQ,전기 부품 및 장비
PNTG,The Pennant Group  Inc.,NASDAQ,의료 시설 및 서비스
HLMN,Hillman Solutions Corp.,NASDAQ,산업용 기계 및 장비
MLKN,MillerKnoll  Inc.,NASDAQ,비즈니스 지원 용품
UFCS,United Fire Group Inc,NASDAQ,손해보험
PSQL,Pasqal Holding SA,NASDAQ,소프트웨어
RUSHB,Rush Enterprises  Inc. Class B,NASDAQ,"자동차 차량, 부품 및 서비스 소매"
CTBI,Community Trust Bancorp  Inc.,NASDAQ,은행
WABC,Westamerica Bancorp,NASDAQ,은행
LBTYK,Liberty Global Ltd Class C,NASDAQ,방송
APPS,Digital Turbine  Inc.,NASDAQ,소프트웨어
ARHS,Arhaus  Inc.,NASDAQ,가정용 가구 소매
LQDT,Liquidity Services Inc,NASDAQ,온라인 서비스
IMTX,Immatics N.V.,NASDAQ,생명 공학 및 의학 연구
CRCT,Cricut  Inc.,NASDAQ,통합 하드웨어 및 소프트웨어
STRF,Strategy 10 00 Perpetual Strife Prf Shs Series A,NASDAQ,소프트웨어
ATLC,Atlanticus Holdings Corp,NASDAQ,소비자 대출
ZG,Zillow Group  Inc. Class A,NASDAQ,부동산 서비스
PEBO,Peoples Bancorp Inc,NASDAQ,은행
DMRA,Damora Therapeutics Inc,NASDAQ,생명 공학 및 의학 연구
FCEL,Fuelcell Energy Inc,NASDAQ,재생 가능 에너지 장비 및 서비스
BRUN,Boost Run Inc,NASDAQ,IT 서비스 및 컨설팅
FMBH,First Mid Bancshares Inc,NASDAQ,은행
EYE,National Vision Holdings  Inc.,NASDAQ,기타 전문 소매
POET,POET Technologies Inc,NASDAQ,반도체
LILAK,Liberty Latin America Ltd. Class C,NASDAQ,무선 통신 서비스
HBT,HBT Financial Inc,NASDAQ,은행
NSSC,NAPCO Security Technologies  Inc.,NASDAQ,통신 및 네트워킹
YSWY,Yesway Inc,NASDAQ,식품 소매 및 유통
OMDA,Omada Health  Inc.,NASDAQ,의료 시설 및 서비스
RDVT,Red Violet Inc,NASDAQ,소프트웨어
TRAX,First Tracks Biotherapeutics Inc,NASDAQ,생명 공학 및 의학 연구
IART,Integra LifeSciences Holdings Corporation,NASDAQ,"의료 장비, 물품 및 유통"
AVLN,Avalyn Pharma Inc,NASDAQ,생명 공학 및 의학 연구
RDWR,Radware Ltd.,NASDAQ,소프트웨어
MNKD,MannKind Corporation,NASDAQ,생명 공학 및 의학 연구
QMCO,Quantum Corp,NASDAQ,컴퓨터 하드웨어
REPL,Replimune Group  Inc.,NASDAQ,생명 공학 및 의학 연구
OSBC,Old Second Bancorp  Inc,NASDAQ,은행
PFBC,Preferred Bank,NASDAQ,은행
LBRX,LB Pharmaceuticals Inc,NASDAQ,생명 공학 및 의학 연구
BCAX,Bicara Therapeutics Inc,NASDAQ,생명 공학 및 의학 연구
AIIR,Air Global PLC,NASDAQ,담배
BJRI,BJ's Restaurants Inc,NASDAQ,레스토랑 및 바
XPEL,XPEL  Inc.,NASDAQ,"자동차, 트럭 및 오토바이 부품"
WEN,Wendy's Co,NASDAQ,레스토랑 및 바
CRON,Cronos Group Inc.,NASDAQ,제약
OPK,OPKO Health  Inc.,NASDAQ,의료 시설 및 서비스
INNV,InnovAge Holding Corp,NASDAQ,의료 시설 및 서비스
BITF,Bitfarms Ltd,NASDAQ,블록 체인 및 암호화폐
SCSC,ScanSource  Inc.,NASDAQ,컴퓨터 하드웨어
CBRL,Cracker Barrel Old Country Store Inc,NASDAQ,레스토랑 및 바
ROCK,Gibraltar Industries  Inc.,NASDAQ,건설 자재 및 비품
HBNB,Hotel101 Global Holdings Corp,NASDAQ,"호텔, 모텔 및 크루즈 라인"
THFF,First Financial Corp,NASDAQ,은행
GIII,G-III Apparel Group Ltd,NASDAQ,의류 및 액세서리
AIP,Arteris Inc,NASDAQ,소프트웨어
HROW,Harrow  Inc.,NASDAQ,제약
HLIT,Harmonic Inc.,NASDAQ,통신 및 네트워킹
AVO,Mission Produce Inc,NASDAQ,어업 및 농업
BVS,Bioventus Inc.,NASDAQ,"의료 장비, 물품 및 유통"
CNL,Collective Mining Ltd.,NASDAQ,다각적 채굴
TNDM,Tandem Diabetes Care  Inc.,NASDAQ,"의료 장비, 물품 및 유통"
STAA,STAAR Surgical Company,NASDAQ,"의료 장비, 물품 및 유통"
HFWA,Heritage Financial Corp,NASDAQ,은행
UVSP,Univest Financial Corp,NASDAQ,은행
VOR,Vor Biopharma Inc.,NASDAQ,생명 공학 및 의학 연구
CCEC,Capital Clean Energy Carriers Corp,NASDAQ,해양 화물 및 물류
WLDN,Willdan Group  Inc.,NASDAQ,경영 지원 서비스
GDRX,GoodRx Holdings  Inc.,NASDAQ,온라인 서비스
EOSE,Eos Energy Enterprises  Inc.,NASDAQ,전기 부품 및 장비
GO,Grocery Outlet Holding Corp.,NASDAQ,식품 소매 및 유통
BRAI,Braiin Ltd,NASDAQ,IT 서비스 및 컨설팅
PSEC,Prospect Capital Corporation,NASDAQ,폐쇄형 펀드
LTGO,Latigo Biotherapeutics  Inc.,NASDAQ,생명 공학 및 의학 연구
GTM,ZoomInfo Technologies Inc.,NASDAQ,IT 서비스 및 컨설팅
IRMD,IRADIMED CORPORATION,NASDAQ,첨단 의료 장비 및 기술
PICS,Pics NV,NASDAQ,경영 지원 서비스
AMPH,Amphastar Pharmaceuticals  Inc.,NASDAQ,제약
JCAP,Jefferson Capital Inc,NASDAQ,기업 금융 서비스
CSTL,Castle Biosciences  Inc.,NASDAQ,"의료 장비, 물품 및 유통"
LGIH,LGI Homes  Inc.,NASDAQ,주택 건설
SPTX,Seaport Therapeutics Inc,NASDAQ,생명 공학 및 의학 연구
WINA,Winmark Corporation,NASDAQ,기타 전문 소매
REAL,The RealReal  Inc.,NASDAQ,백화점
PSNY,Polestar Automotive Holding UK PLC ADR Class A,NASDAQ,자동차 및 트럭 제조
ODTX,Odyssey Therapeutics Inc,NASDAQ,생명 공학 및 의학 연구
CRML,Critical Metals Corp,NASDAQ,특수 채굴 및 금속
HEPS,D-Market Elektronik Hizmetler ve Ticaret A.S. ADR,NASDAQ,백화점
AFYA,Afya Limited,NASDAQ,"초, 중, 고등 교육기관"
PSIX,Power Solutions International  Inc.,NASDAQ,산업용 기계 및 장비
SVRA,Savara Inc.,NASDAQ,생명 공학 및 의학 연구
SGML,Sigma Lithium Corporation,NASDAQ,금 제외 귀금속 및 광물
NBN,Northeast Bank,NASDAQ,은행
MGTX,MeiraGTx Holdings PLC,NASDAQ,생명 공학 및 의학 연구
JANX,Janux Therapeutics  Inc.,NASDAQ,생명 공학 및 의학 연구
GPRE,Green Plains Inc.,NASDAQ,재생 가능 연료
WLFC,Willis Lease Finance Corporation,NASDAQ,경영 지원 서비스
MRTN,Marten Transport  Ltd.,NASDAQ,지상 화물 및 물류
OCSL,Oaktree Specialty Lending Corp,NASDAQ,폐쇄형 펀드
KRT,Karat Packaging Inc,NASDAQ,용기(종이 제외) 및 포장재
AKTS,Aktis Oncology Inc,NASDAQ,생명 공학 및 의학 연구
PRCT,PROCEPT BioRobotics Corporation,NASDAQ,"의료 장비, 물품 및 유통"
STRK,Strategy 8 00 Perpetual Strike Prf Shs Series A,NASDAQ,소프트웨어
FSBC,Five Star Bancorp,NASDAQ,은행
CFFN,Capitol Federal Financial Inc,NASDAQ,은행
IGIC,International General Insurance Holdings Ltd,NASDAQ,손해보험
HPK,Highpeak Energy Inc,NASDAQ,"오일, 가스 탐사 및 생산"
ANL,Adlai Nortye Group Ltd ADR,NASDAQ,생명 공학 및 의학 연구
CRAI,CRA International Inc,NASDAQ,경영 지원 서비스
TRUP,Trupanion  Inc.,NASDAQ,생명 및 건강 보험
FBYD,Falcon's Beyond Global Inc,NASDAQ,엔터테인먼트 제작
THRM,Gentherm Incorporated,NASDAQ,"자동차, 트럭 및 오토바이 부품"
UPWK,Upwork Inc.,NASDAQ,고용 서비스
STRD,Strategy 10 00 Perpetual Stride Prf Shs Series A,NASDAQ,소프트웨어
GLUE,Monte Rosa Therapeutics  Inc.,NASDAQ,생명 공학 및 의학 연구
ITRN,Ituran Location and Control Ltd,NASDAQ,통신 및 네트워킹
MBWM,Mercantile Bank Corp,NASDAQ,은행
BBNX,Beta Bionics  Inc.,NASDAQ,첨단 의료 장비 및 기술
PCRX,Pacira BioSciences  Inc.,NASDAQ,제약
MSEX,Middlesex Water Company,NASDAQ,수자원 유틸리티
MLTX,MoonLake Immunotherapeutics,NASDAQ,생명 공학 및 의학 연구
CEVA,Ceva  Inc.,NASDAQ,반도체
NWPX,NWPX Infrastructure  Inc.,NASDAQ,철 및 강철
CGEM,Cullinan Therapeutics  Inc.,NASDAQ,생명 공학 및 의학 연구
MCBS,Metrocity Bankshares Inc,NASDAQ,은행
RCAT,Red Cat Holdings Inc,NASDAQ,항공우주 및 방위
CCNE,CNB Financial Corp,NASDAQ,은행
LMRI,Lumexa Imaging Holdings  Inc.,NASDAQ,의료 시설 및 서비스
TRIP,TripAdvisor  Inc.,NASDAQ,여가 및 오락시설
BFST,Business First Bancshares Inc,NASDAQ,은행
AEVA,Aeva Technologies  Inc.,NASDAQ,통신 및 네트워킹
NBBK,NB Bancorp Inc,NASDAQ,은행
CRVS,Corvus Pharmaceuticals  Inc.,NASDAQ,생명 공학 및 의학 연구
HELP,Cybin Inc.,NASDAQ,생명 공학 및 의학 연구
HBNC,Horizon Bancorp Inc,NASDAQ,은행
SIFY,Sify Technologies Ltd ADR,NASDAQ,통합 통신 서비스
IQ,iQIYI Inc ADR,NASDAQ,온라인 서비스
LZ,LegalZoom.com  Inc.,NASDAQ,온라인 서비스
VMET,Versamet Royalties Corporation,NASDAQ,투자 관리 및 펀드 운영
ALMS,Alumis Inc.,NASDAQ,생명 공학 및 의학 연구
OIG,Orion180 Insurance Group Inc.,NASDAQ,손해보험
SLBT,SL Science Holding Ltd,NASDAQ,생명 공학 및 의학 연구
FEIM,Frequency Electronics Inc,NASDAQ,전기 부품 및 장비
KURA,Kura Oncology  Inc.,NASDAQ,생명 공학 및 의학 연구
RXT,Rackspace Technology Inc,NASDAQ,IT 서비스 및 컨설팅
ABUS,Arbutus Biopharma Corp,NASDAQ,첨단 의료 장비 및 기술
RMIX,Suncrete  Inc,NASDAQ,건설 자재
CHY,Calamos Convertible and High Income Closed Fund,NASDAQ,폐쇄형 펀드
CBLL,CeriBell  Inc.,NASDAQ,첨단 의료 장비 및 기술
CAC,Camden National Corp,NASDAQ,은행
SENEA,Seneca Foods Corporation Class A,NASDAQ,식품 가공
ASTE,Astec Industries  Inc.,NASDAQ,중장비 및 차량
TRST,TrustCo Bank Corp NY,NASDAQ,은행
CHI,Calamos Convertible Opportunities and Income Closed Fund,NASDAQ,폐쇄형 펀드
SBGI,Sinclair  Inc.,NASDAQ,방송
HAFC,Hanmi Financial Corp,NASDAQ,은행
UPBD,Upbound Group  Inc.,NASDAQ,기타 전문 소매
APMD,Apnimed Inc,NASDAQ,생명 공학 및 의학 연구
TBLA,Taboola.com Ltd,NASDAQ,소프트웨어
RZLV,Rezolve AI PLC,NASDAQ,IT 서비스 및 컨설팅
RIGL,Rigel Pharmaceuticals  Inc.,NASDAQ,제약
HTLD,Heartland Express Inc,NASDAQ,지상 화물 및 물류
MPB,Mid Penn Bancorp Inc,NASDAQ,은행
JBIO,Jade Biosciences  Inc.,NASDAQ,생명 공학 및 의학 연구
FMNB,Farmers National Banc Corp,NASDAQ,은행
DJCO,Daily Journal Corporation,NASDAQ,온라인 서비스
FCBC,First Community Bankshares Inc,NASDAQ,은행
PCT,PureCycle Technologies  Inc.,NASDAQ,환경 서비스 및 장비
OXLC,Oxford Lane Capital Corp,NASDAQ,폐쇄형 펀드
CYRX,Cryoport  Inc.,NASDAQ,"배달, 우편, 항공 화물 및 육상 물류"
VERB,Verb Technology Company Inc,NASDAQ,온라인 서비스
SANA,Sana Biotechnology  Inc.,NASDAQ,생명 공학 및 의학 연구
IVA,Inventiva SA ADR,NASDAQ,생명 공학 및 의학 연구
SGP,SpyGlass Pharma  Inc.,NASDAQ,"의료 장비, 물품 및 유통"
HSTM,HealthStream  Inc.,NASDAQ,소프트웨어
BLZE,Backblaze Inc,NASDAQ,IT 서비스 및 컨설팅
IMMX,Immix Biopharma  Inc.,NASDAQ,생명 공학 및 의학 연구
ODD,ODDITY Tech Ltd.,NASDAQ,개인 생활 필수 용품
QNST,QuinStreet Inc,NASDAQ,온라인 서비스
SABR,Sabre Corporation,NASDAQ,소프트웨어
KOPN,Kopin Corp,NASDAQ,반도체
PUBM,PubMatic  Inc.,NASDAQ,소프트웨어
ARDX,Ardelyx  Inc.,NASDAQ,생명 공학 및 의학 연구
NNE,NANO Nuclear Energy Inc.,NASDAQ,전력 유틸리티
NAVI,Navient Corporation,NASDAQ,소비자 대출
SATL,Satellogic Inc.,NASDAQ,무선 통신 서비스
OBX,Obsidian Therapeutics  Inc,NASDAQ,생명 공학 및 의학 연구
EGBN,Eagle Bancorp  Inc.,NASDAQ,은행
RJET,Republic Airways Holdings Inc.,NASDAQ,항공사
SIBN,SI-BONE  Inc.,NASDAQ,"의료 장비, 물품 및 유통"
EVLV,Evolv Technologies Holdings  Inc.,NASDAQ,통신 및 네트워킹
GSBC,Great Southern Bancorp Inc,NASDAQ,은행
FRBT,Forbright Inc,NASDAQ,은행
DAKT,Daktronics Inc,NASDAQ,전자 장비 및 부품
SMPL,The Simply Good Foods Company,NASDAQ,식품 가공
LXRX,Lexicon Pharmaceuticals  Inc.,NASDAQ,생명 공학 및 의학 연구
SVC,Service Properties Trust,NASDAQ,특수 REITs
AOSL,Alpha and Omega Semiconductor Limited,NASDAQ,반도체
ACHV,Achieve Life Sciences  Inc.,NASDAQ,생명 공학 및 의학 연구
GLIBK,Liberty Capital Corporation Series C,NASDAQ,통합 통신 서비스
HTBK,Heritage Commerce Corp,NASDAQ,은행
TRNS,Transcat  Inc.,NASDAQ,경영 지원 서비스
CCBG,Capital City Bank Group Inc,NASDAQ,은행
ADSE,ADS-TEC Energy PLC,NASDAQ,전기 부품 및 장비
TIGR,UP Fintech Holding Limited ADR,NASDAQ,투자 은행 및 중개 서비스
QFIN,Qfin Holdings  Inc. ADR,NASDAQ,소비자 대출
RPD,Rapid7  Inc.,NASDAQ,소프트웨어
MAKO,Mako Mining Corp,NASDAQ,금
AVTX,Avalo Therapeutics  Inc.,NASDAQ,생명 공학 및 의학 연구
SCZM,Santacruz Silver Mining Ltd.,NASDAQ,금 제외 귀금속 및 광물
AEBI,Aebi Schmidt Holding AG,NASDAQ,중장비 및 차량
DSP,Viant Technology Inc,NASDAQ,소프트웨어
PLTK,Playtika Holding Corp,NASDAQ,온라인 서비스
INMD,InMode Ltd.,NASDAQ,첨단 의료 장비 및 기술
HIVE,HIVE Digital Technologies Ltd,NASDAQ,블록 체인 및 암호화폐
GRPN,Groupon  Inc.,NASDAQ,할인점
HQ,Horizon Quantum Holdings Ltd,NASDAQ,소프트웨어
ANNX,Annexon  Inc.,NASDAQ,생명 공학 및 의학 연구
CADL,Candel Therapeutics Inc,NASDAQ,생명 공학 및 의학 연구
ORRF,Orrstown Financial Services Inc,NASDAQ,은행
WRLD,World Acceptance Corp,NASDAQ,소비자 대출
FDMT,4D Molecular Therapeutics Inc,NASDAQ,생명 공학 및 의학 연구
ACDC,ProFrac Holding Corp.,NASDAQ,오일 관련 서비스 및 장비
GERN,Geron Corporation,NASDAQ,생명 공학 및 의학 연구
BXBL,BOXABL Inc,NASDAQ,주택 건설
DSGN,Design Therapeutics  Inc.,NASDAQ,생명 공학 및 의학 연구
ALRS,Alerus Financial Corp,NASDAQ,은행
SPFI,South Plains Financial Inc,NASDAQ,은행
WEST,Westrock Coffee Co,NASDAQ,식품 가공
VREX,Varex Imaging Corporation,NASDAQ,첨단 의료 장비 및 기술
ATTO,Attovia Therapeutics Inc,NASDAQ,생명 공학 및 의학 연구
IBCP,Independent Bank Corp,NASDAQ,은행
CSIQ,Canadian Solar Inc.,NASDAQ,재생 가능 에너지 장비 및 서비스
SMBC,Southern Missouri Bancorp Inc,NASDAQ,은행
JBSS,John B. Sanfilippo & Son  Inc.,NASDAQ,식품 가공
GYRE,Gyre Therapeutics  Inc.,NASDAQ,생명 공학 및 의학 연구
AHG,Akso Health Group ADR,NASDAQ,온라인 서비스
SLDB,Solid Biosciences Inc,NASDAQ,생명 공학 및 의학 연구
CTKB,Cytek Biosciences  Inc.,NASDAQ,첨단 의료 장비 및 기술
ACRS,Aclaris Therapeutics  Inc.,NASDAQ,생명 공학 및 의학 연구
PGC,Peapack-Gladstone Financial Corp,NASDAQ,은행
LYTS,LSI Industries Inc,NASDAQ,건설 자재 및 비품
FOXF,Fox Factory Holding Corp.,NASDAQ,"자동차, 트럭 및 오토바이 부품"
APEI,American Public Education  Inc.,NASDAQ,기타 교육 서비스 제공
LWLG,Lightwave Logic  Inc.,NASDAQ,전자 장비 및 부품
MITK,Mitek Systems Inc,NASDAQ,소프트웨어
AHCO,AdaptHealth Corp.,NASDAQ,"의료 장비, 물품 및 유통"
FTH,Faeth Therapeutics  Inc,NASDAQ,생명 공학 및 의학 연구
FISI,Financial Institutions Inc,NASDAQ,은행
FDUS,Fidus Investment Corp,NASDAQ,폐쇄형 펀드
PAYS,Paysign Inc,NASDAQ,경영 지원 서비스
GILT,Gilat Satellite Networks Ltd.,NASDAQ,통신 및 네트워킹
AVR,Anteris Technologies Global Corp,NASDAQ,"의료 장비, 물품 및 유통"
OLMA,Olema Pharmaceuticals  Inc.,NASDAQ,생명 공학 및 의학 연구
ELVR,Elevra Lithium Ltd ADR,NASDAQ,특수 채굴 및 금속
SHBI,Shore Bancshares Inc,NASDAQ,은행
HDL,Super Hi International Holding Ltd. ADR,NASDAQ,레스토랑 및 바
CRTO,Criteo SA (Pre-Reincorporation),NASDAQ,광고 및 마케팅
GSM,Ferroglobe PLC,NASDAQ,특수 채굴 및 금속
BWMN,Bowman Consulting Group Ltd.,NASDAQ,건설 및 엔지니어링
DBVT,Dbv Technologies SA ADR,NASDAQ,제약
APOG,Apogee Enterprises Inc,NASDAQ,건설 자재 및 비품
PACB,Pacific Biosciences of California  Inc.,NASDAQ,첨단 의료 장비 및 기술
WOOF,Petco Health and Wellness Company Inc,NASDAQ,기타 전문 소매
CGBD,Carlyle Secured Lending Inc,NASDAQ,투자 관리 및 펀드 운영
PRAA,PRA Group Inc,NASDAQ,기업 금융 서비스
BBSI,Barrett Business Services Inc,NASDAQ,고용 서비스
SWIM,Latham Group Inc,NASDAQ,오락용 제품
WVE,Wave Life Sciences Ltd.,NASDAQ,생명 공학 및 의학 연구
VSTM,Verastem Inc,NASDAQ,생명 공학 및 의학 연구
SSYS,Stratasys Ltd.,NASDAQ,전자 장비 및 부품
CRESY,Cresud SACIF y A ADR,NASDAQ,어업 및 농업
MLAB,Mesa Laboratories  Inc.,NASDAQ,"의료 장비, 물품 및 유통"
RCBC,River City Bank,NASDAQ,은행
QDEL,QuidelOrtho Corp,NASDAQ,첨단 의료 장비 및 기술
LPTH,LightPath Technologies Inc,NASDAQ,가정용 전자 제품
OABI,OmniAb Inc,NASDAQ,생명 공학 및 의학 연구
MFIC,MidCap Financial Investment Corp,NASDAQ,투자 관리 및 펀드 운영
VBNK,Versabank,NASDAQ,은행
TASK,Taskus Inc,NASDAQ,경영 지원 서비스
BLDP,Ballard Power Systems Inc,NASDAQ,재생 가능 에너지 장비 및 서비스
NUAI,New Era Energy & Digital Inc,NASDAQ,"오일, 가스 탐사 및 생산"
ROOT,Root Inc,NASDAQ,손해보험
KRNT,Kornit Digital Ltd.,NASDAQ,산업용 기계 및 장비
WASH,Washington Trust Bancorp Inc,NASDAQ,은행
SOPH,SOPHiA GENETICS SA,NASDAQ,첨단 의료 장비 및 기술
COLL,Collegium Pharmaceutical  Inc.,NASDAQ,제약
NHP,National Healthcare Properties  Inc.,NASDAQ,특수 REITs
PHAR,Pharming Group N.V. ADR,NASDAQ,제약
EVER,EverQuote  Inc.,NASDAQ,온라인 서비스
APC,Arko Petroleum Corp,NASDAQ,"오일, 가스 정제 및 마케팅"
CWBC,Community West Bancshares,NASDAQ,은행
ETRA,Electra Therapeutics  Inc.,NASDAQ,생명 공학 및 의학 연구
WYFI,WhiteFiber Inc,NASDAQ,IT 서비스 및 컨설팅
ADAM,Adamas Trust  Inc.,NASDAQ,특수 REITs
MOMO,Hello Group Inc. ADR,NASDAQ,소프트웨어
LINC,Lincoln Educational Services Corp,NASDAQ,전문 및 비즈니스 교육
QVCG,QVC Group  Inc.,NASDAQ,온라인 서비스
NVCT,Nuvectis Pharma Inc,NASDAQ,생명 공학 및 의학 연구
BCAL,California Bancorp,NASDAQ,은행
STTK,Shattuck Labs Inc,NASDAQ,생명 공학 및 의학 연구
AROW,Arrow Financial Corp,NASDAQ,은행
CASS,Cass Information Systems Inc,NASDAQ,경영 지원 서비스
LEGH,Legacy Housing Corp (Texas),NASDAQ,주택 건설
MDXG,MiMedx Group  Inc.,NASDAQ,생명 공학 및 의학 연구
FAC,Factorial Energy Inc,NASDAQ,전기 부품 및 장비
INDI,indie Semiconductor Inc,NASDAQ,반도체
PFIS,Peoples Financial Services Corp,NASDAQ,은행
TRON,TRON Inc,NASDAQ,블록 체인 및 암호화폐
PKOH,Park Ohio Holdings Corp,NASDAQ,산업용 기계 및 장비
GEMI,Gemini Space Station Inc,NASDAQ,블록 체인 및 암호화폐
VLGEA,Village Super Market Inc,NASDAQ,식품 소매 및 유통
MSBI,Midland States Bancorp Inc,NASDAQ,은행
BLMN,Bloomin' Brands Inc,NASDAQ,레스토랑 및 바
CARE,Carter Bankshares Inc,NASDAQ,은행
CD,Chaince Digital Holdings Inc,NASDAQ,핀테크
OSPN,OneSpan Inc.,NASDAQ,소프트웨어
CLYM,Climb Bio Inc,NASDAQ,생명 공학 및 의학 연구
DDI,DoubleDown Interactive Co Ltd ADR,NASDAQ,카지노 및 도박
SLN,Silence Therapeutics PLC ADR,NASDAQ,생명 공학 및 의학 연구
RRBI,Red River Bancshares Inc,NASDAQ,은행
IRWD,Ironwood Pharmaceuticals  Inc.,NASDAQ,제약
KE,Kimball Electronics Inc,NASDAQ,반도체
CSHR,Coinshares PLC,NASDAQ,투자 관리 및 펀드 운영
HNRG,Hallador Energy Company,NASDAQ,민자 발전 사업
NMFC,New Mountain Finance Corp,NASDAQ,폐쇄형 펀드
TBLD,Thornburg Income Builder Opportunities Trust,NASDAQ,폐쇄형 펀드
ZVRA,Zevra Therapeutics Inc,NASDAQ,제약
AURA,Aura Biosciences  Inc.,NASDAQ,생명 공학 및 의학 연구
PZZA,Papa John's International Inc,NASDAQ,레스토랑 및 바
DMII,Drugs Made In America Acquisition II Corp.,NASDAQ,투자 지주 회사
CCD,Calamos Dynamic Convertible And Income Closed Fund,NASDAQ,폐쇄형 펀드
SCHL,Scholastic Corporation,NASDAQ,소비자 출판
CCXI,Churchill Capital Corp XI,NASDAQ,투자 지주 회사
ANGO,AngioDynamics  Inc.,NASDAQ,"의료 장비, 물품 및 유통"
STLN,Starling Oncology  Inc.,NASDAQ,의료 시설 및 서비스
PRTH,Priority Technology Holdings Inc,NASDAQ,핀테크
CGNT,COGNYTE SOFTWARE LTD.,NASDAQ,소프트웨어
CBNK,Capital Bancorp Inc,NASDAQ,은행
CCSI,Consensus Cloud Solutions Inc,NASDAQ,소프트웨어
GDYN,Grid Dynamics Holdings  Inc.,NASDAQ,IT 서비스 및 컨설팅
HELE,Helen of Troy Ltd,NASDAQ,"가전제품, 도구 및 가정 용품"
ENVX,Enovix Corporation,NASDAQ,전기 부품 및 장비
WCCB,West Coast Community Bancorp,NASDAQ,은행
ACNB,ACNB Corp,NASDAQ,은행
TIPT,Tiptree Inc,NASDAQ,투자 지주 회사
SLRC,SLR Investment Corp,NASDAQ,폐쇄형 펀드
SWBI,Smith & Wesson Brands Inc,NASDAQ,항공우주 및 방위
FWRG,First Watch Restaurant Group  Inc.,NASDAQ,레스토랑 및 바
RSVR,Reservoir Media Inc,NASDAQ,엔터테인먼트 제작
AGCC,Agencia Comercial Spirits Ltd,NASDAQ,식품 소매 및 유통
BOT,RoboStrategy Inc,NASDAQ,폐쇄형 펀드
HIFS,Hingham Institution For Savings,NASDAQ,은행
GAIN,Gladstone Investment Corp,NASDAQ,폐쇄형 펀드
SHEN,Shenandoah Telecommunications Co,NASDAQ,통합 통신 서비스
ARRY,Array Technologies Inc,NASDAQ,재생 가능 에너지 장비 및 서비스
ABTC,American Bitcoin Corp,NASDAQ,블록 체인 및 암호화폐
SGMT,Sagimet Biosciences Inc.,NASDAQ,생명 공학 및 의학 연구
VINP,Vinci Compass Investments Ltd,NASDAQ,투자 관리 및 펀드 운영
OIO,Oio Group,NASDAQ,환경 서비스 및 장비
GOOD,Gladstone Commercial Corp,NASDAQ,복합부동산 REITs
CCB,Coastal Financial Corp (EVERETT),NASDAQ,은행
IPX,IperionX Limited ADR,NASDAQ,특수 채굴 및 금속
ELMT,Elmet Group Co,NASDAQ,산업용 기계 및 장비
MAMA,Mama's Creations Inc,NASDAQ,식품 가공
EVO,Evotec SE ADR,NASDAQ,생명 공학 및 의학 연구
FLGT,Fulgent Genetics  Inc.,NASDAQ,의료 시설 및 서비스
NTGR,NETGEAR  Inc.,NASDAQ,통신 및 네트워킹
CRMD,CorMedix Inc.,NASDAQ,제약
CLMB,Climb Global Solutions Inc,NASDAQ,IT 서비스 및 컨설팅
CXII,Churchill Capital Corp XII,NASDAQ,투자 지주 회사
MATW,Matthews International Corp,NASDAQ,개인 생활 필수 용품
BATRA,Liberty Media Liberty Braves Ord Shs  Series A,NASDAQ,여가 및 오락시설
REAX,Real REMAX Group Inc.,NASDAQ,부동산 서비스
SSII,SS Innovations International  Inc.,NASDAQ,생명 공학 및 의학 연구
HTZ,Hertz Global Holdings Inc,NASDAQ,지상 및 해상 여객 운송
KRNY,Kearny Financial Corp,NASDAQ,은행
CTMX,CytomX Therapeutics  Inc.,NASDAQ,생명 공학 및 의학 연구
BLSM,BlossomHill Therapeutics Inc,NASDAQ,생명 공학 및 의학 연구
SPT,Sprout Social  Inc.,NASDAQ,소프트웨어
EPRX,Eupraxia Pharmaceuticals Inc,NASDAQ,생명 공학 및 의학 연구
PHAT,Phathom Pharmaceuticals  Inc.,NASDAQ,제약
CEPF,Cantor Equity Partners IV Inc,NASDAQ,투자 지주 회사
BTBT,Bit Digital  Inc.,NASDAQ,블록 체인 및 암호화폐
VALN,Valneva SE ADR,NASDAQ,생명 공학 및 의학 연구
LMB,Limbach Holdings Inc,NASDAQ,건설 및 엔지니어링
KIDS,OrthoPediatrics Corp,NASDAQ,"의료 장비, 물품 및 유통"
AGNT,AGNT  Inc.,NASDAQ,부동산 서비스
AQST,Aquestive Therapeutics  Inc.,NASDAQ,제약
RMR,The RMR Group Inc.,NASDAQ,부동산 서비스
DCBO,Docebo Inc.,NASDAQ,소프트웨어
OCS,Oculis Holding AG,NASDAQ,생명 공학 및 의학 연구
FWDI,Forward Industries Inc,NASDAQ,기업 금융 서비스
FBIZ,First Business Financial Services Inc,NASDAQ,은행
IBEX,Ibex Ltd,NASDAQ,소프트웨어
GCBC,Greene County Bancorp Inc,NASDAQ,은행
XIII,Churchill Capital Corp XIII,NASDAQ,투자 지주 회사
AGNCP,Agnc Invt 1000 Dep Shs Repstg Cum Red Prf Series F,NASDAQ,특수 REITs
ALOY,REalloys Inc,NASDAQ,금 제외 귀금속 및 광물
MPLT,MapLight Therapeutics  Inc.,NASDAQ,생명 공학 및 의학 연구
BRBI,BRBI BR Partners SA ADR,NASDAQ,다각적 투자 서비스
BWB,Bridgewater Bancshares Inc,NASDAQ,은행
SFST,Southern First Bancshares Inc,NASDAQ,은행
NRDS,NerdWallet  Inc.,NASDAQ,소비자 대출
DGICA,Donegal Group Inc Class A,NASDAQ,손해보험
ENRD,Einride AB (publ) ADR,NASDAQ,자동차 및 트럭 제조
ADTN,ADTRAN Holdings Inc,NASDAQ,통신 및 네트워킹
XMAX,XMax Inc,NASDAQ,가정용 가구
NGNE,Neurogene Inc.,NASDAQ,생명 공학 및 의학 연구
ALT,Altimmune Inc,NASDAQ,생명 공학 및 의학 연구
TLRY,Tilray Brands Inc,NASDAQ,제약
DCTH,Delcath Systems Inc,NASDAQ,"의료 장비, 물품 및 유통"
PRME,Prime Medicine  Inc.,NASDAQ,생명 공학 및 의학 연구
ALLO,Allogene Therapeutics  Inc.,NASDAQ,생명 공학 및 의학 연구
CAPR,Capricor Therapeutics  Inc.,NASDAQ,생명 공학 및 의학 연구
BUUU,BUUU Group Ltd,NASDAQ,광고 및 마케팅
HNST,The Honest Company  Inc.,NASDAQ,기타 전문 소매
LOT,Lotus Technology Inc ADR,NASDAQ,자동차 및 트럭 제조
CIVB,Civista Bancshares Inc,NASDAQ,은행
AGMB,Agomab Therapeutics NV ADR,NASDAQ,생명 공학 및 의학 연구
SWRD,Stewards Inc,NASDAQ,소비자 대출
UNTY,Unity Bancorp Inc,NASDAQ,은행
TITN,Titan Machinery Inc,NASDAQ,중장비 및 차량
SLDP,Solid Power  Inc.,NASDAQ,"자동차, 트럭 및 오토바이 부품"
CBIO,Crescent Biopharma  Inc.,NASDAQ,제약
VACH,Voyager Acquisition Corp,NASDAQ,투자 지주 회사
NRIM,Northrim BanCorp Inc,NASDAQ,은행
SENS,Senseonics Holdings Inc,NASDAQ,"의료 장비, 물품 및 유통"
TMS,Teamshares Inc.,NASDAQ,투자 관리 및 펀드 운영
MNPR,Monopar Therapeutics Inc.,NASDAQ,생명 공학 및 의학 연구
ITIC,Investors Title Co,NASDAQ,손해보험
NVEC,NVE Corp,NASDAQ,반도체
BWAY,Brainsway Ltd ADR,NASDAQ,첨단 의료 장비 및 기술
EOLS,Evolus Inc,NASDAQ,제약
BMM,Blue Moon Metals Inc.,NASDAQ,다각적 채굴
YDES,YD Bio Ltd,NASDAQ,생명 공학 및 의학 연구
PANL,Pangaea Logistics Solutions Ltd.,NASDAQ,해양 화물 및 물류
NB,NioCorp Developments Ltd.,NASDAQ,특수 채굴 및 금속
LAES,Sealsq Corp,NASDAQ,반도체
HBCP,Home Bancorp Inc,NASDAQ,은행
BSVN,Bank7 Corp,NASDAQ,은행
XRPN,Armada Acquisition Corp II,NASDAQ,투자 지주 회사
MTC,MMTEC Inc,NASDAQ,전문 정보 서비스
BWFG,Bankwell Financial Group Inc,NASDAQ,은행
AUTL,Autolus Therapeutics PLC ADR,NASDAQ,제약
SGHT,Sight Sciences  Inc.,NASDAQ,"의료 장비, 물품 및 유통"
CHW,Calamos Global Dynamic Income Closed Fund,NASDAQ,폐쇄형 펀드
FWRD,Forward Air Corp (Delaware),NASDAQ,"배달, 우편, 항공 화물 및 육상 물류"
PBYI,Puma Biotechnology Inc,NASDAQ,제약
NEXN,Nexxen International Ltd,NASDAQ,광고 및 마케팅
ROMA,Roma Green Finance Ltd,NASDAQ,경영 지원 서비스
MASS,908 Devices Inc.,NASDAQ,첨단 의료 장비 및 기술
KELYA,Kelly Services Inc Class A,NASDAQ,고용 서비스
SBC,SBC Medical Group Holdings Inc,NASDAQ,경영 지원 서비스
ENTX,Entera Bio Ltd,NASDAQ,생명 공학 및 의학 연구
ARVN,Arvinas  Inc.,NASDAQ,생명 공학 및 의학 연구
MTLS,Materialise NV ADR,NASDAQ,소프트웨어
TCMD,Tactile Systems Technology  Inc.,NASDAQ,"의료 장비, 물품 및 유통"
CTNM,Contineum Therapeutics  Inc.,NASDAQ,생명 공학 및 의학 연구
ESEA,Euroseas Ltd,NASDAQ,해양 화물 및 물류
ORBS,Eightco Holdings Inc (Texas),NASDAQ,투자 지주 회사
PROK,Prokidney Corp,NASDAQ,생명 공학 및 의학 연구
BSRR,Sierra Bancorp,NASDAQ,은행
DNUT,Krispy Kreme  Inc.,NASDAQ,레스토랑 및 바
RGNX,REGENXBIO Inc.,NASDAQ,생명 공학 및 의학 연구
YORW,York Water Co,NASDAQ,수자원 유틸리티
KRUS,Kura Sushi USA  Inc.,NASDAQ,레스토랑 및 바
OBT,Orange County Bancorp Inc,NASDAQ,은행
DRUG,Bright Minds Biosciences Inc.,NASDAQ,생명 공학 및 의학 연구
MLAA,Mountain Lake Acquisition Corp II,NASDAQ,투자 지주 회사
BBCP,Concrete Pumping Holdings Inc,NASDAQ,건설 및 엔지니어링
KMDA,Kamada Ltd.,NASDAQ,제약
PBAM,Private Bancorp of America Inc,NASDAQ,은행
OVID,Ovid Therapeutics Inc.,NASDAQ,생명 공학 및 의학 연구
WTBA,West Bancorporation Inc,NASDAQ,은행
COFS,ChoiceOne Financial Services Inc,NASDAQ,은행
PDLB,Ponce Financial Group Inc,NASDAQ,은행
MCFT,Mastercraft Boat Holdings Inc,NASDAQ,오락용 제품
AMCX,AMC Global Media Inc.,NASDAQ,방송
OWLS,OBOOK Holdings Inc,NASDAQ,블록 체인 및 암호화폐
CERS,Cerus Corp,NASDAQ,"의료 장비, 물품 및 유통"
ASMB,Assembly Biosciences Inc,NASDAQ,생명 공학 및 의학 연구
BRTM,B&R Technology Merger Corp,NASDAQ,투자 지주 회사
TKNO,Alpha Teknova  Inc.,NASDAQ,"의료 장비, 물품 및 유통"
FMAO,Farmers & Merchants Bancorp Inc,NASDAQ,은행
MFI,mF International Limited,NASDAQ,IT 서비스 및 컨설팅
PWRL,PowerLaw10 LLC,NASDAQ,폐쇄형 펀드
ILPT,Industrial Logistics Properties Trust,NASDAQ,상업용 REITs
CRAN,Crane Harbor Acquisition Corp II,NASDAQ,투자 지주 회사
GLRE,Greenlight Capital Re Ltd,NASDAQ,재보험
GTEN,Gores Holdings X Inc,NASDAQ,투자 지주 회사
NPCE,NeuroPace  Inc.,NASDAQ,첨단 의료 장비 및 기술
VRRM,Verra Mobility Corporation,NASDAQ,경영 지원 서비스
GFUZ,General Fusion Group Ltd,NASDAQ,전력 유틸리티
NRC,NRC Health,NASDAQ,광고 및 마케팅
GCGR,General Catalyst Global Resilience Merger Corp,NASDAQ,투자 지주 회사
ALTI,AlTi Global  Inc,NASDAQ,투자 관리 및 펀드 운영
APXT,Apex Treasury Corp,NASDAQ,투자 지주 회사
GRVY,Gravity Co Ltd ADR,NASDAQ,소프트웨어
WEYS,WEYCO Group Inc,NASDAQ,제화
ARKO,Arko Corp.,NASDAQ,"오일, 가스 정제 및 마케팅"
CMCO,Columbus McKinnon Corp,NASDAQ,중장비 및 차량
JOUT,Johnson Outdoors Inc,NASDAQ,오락용 제품
BCCQ,Bleichroeder Acquisition Corp III,NASDAQ,투자 지주 회사
ULH,Universal Logistics Holdings Inc,NASDAQ,지상 화물 및 물류
TECX,Tectonic Therapeutic  Inc.,NASDAQ,생명 공학 및 의학 연구
TATT,TAT Technologies Ltd,NASDAQ,전기 부품 및 장비
SRTA,Strata Critical Medical  Inc.,NASDAQ,"배달, 우편, 항공 화물 및 육상 물류"
MBUU,Malibu Boats Inc,NASDAQ,오락용 제품
GHXI,Gores Holdings XI Inc,NASDAQ,투자 지주 회사
MRAM,Everspin Technologies Inc,NASDAQ,반도체
CZNC,Citizens & Northern Corp,NASDAQ,은행
AGEN,Agenus Inc,NASDAQ,생명 공학 및 의학 연구
CWCO,Consolidated Water Co Ltd,NASDAQ,수자원 유틸리티
DMAC,DiaMedica Therapeutics Inc,NASDAQ,생명 공학 및 의학 연구
IEAG,Infinite Eagle Acquisition Corp,NASDAQ,투자 지주 회사
KBON,Karbon Capital Partners Corp,NASDAQ,투자 지주 회사
MBVI,M3-Brigade Acquisition VI Corp,NASDAQ,투자 지주 회사
CDRO,Codere Online Luxembourg SA,NASDAQ,카지노 및 도박
PBFS,Pioneer Bancorp Inc,NASDAQ,은행
ADUR,Aduro Clean Technologies Inc,NASDAQ,환경 서비스 및 장비
ASTL,Algoma Steel Group Inc,NASDAQ,철 및 강철
RBB,RBB Bancorp,NASDAQ,은행
TTRX,Turn Therapeutics Inc,NASDAQ,생명 공학 및 의학 연구
BMRC,Bank of Marin Bancorp,NASDAQ,은행
AMSF,Amerisafe Inc,NASDAQ,손해보험
CENT,Central Garden & Pet Co,NASDAQ,식품 가공
IACO,Idea Acquisition Corp,NASDAQ,투자 지주 회사
MNRO,Monro  Inc.,NASDAQ,"자동차 차량, 부품 및 서비스 소매"
USDE,Stablecoinx Inc,NASDAQ,블록 체인 및 암호화폐
LOCO,El Pollo Loco Holdings Inc,NASDAQ,레스토랑 및 바
EIKN,Eikon Therapeutics  Inc.,NASDAQ,생명 공학 및 의학 연구
MESH,Meshflow Acquisition Corp,NASDAQ,투자 지주 회사
GLAD,Gladstone Capital Corp,NASDAQ,폐쇄형 펀드
BTQ,BTQ Technologies Corp.,NASDAQ,소프트웨어
DBCA,D Boral Acquisition I Corp,NASDAQ,투자 지주 회사
KRAQ,KRAKacquisition Corp,NASDAQ,투자 지주 회사
FRBA,FIRST BANK (Hamilton),NASDAQ,은행
PRTA,Prothena Corporation PLC,NASDAQ,생명 공학 및 의학 연구
CTRN,Citi Trends Inc,NASDAQ,의류 및 액세서리 소매
CBK,Commercial BancGroup Inc,NASDAQ,은행
METC,Ramaco Resources  Inc. Class A,NASDAQ,철 및 강철
SPRY,ARS Pharmaceuticals  Inc.,NASDAQ,생명 공학 및 의학 연구
ATNI,ATN International Inc,NASDAQ,통합 통신 서비스
ACIC,American Coastal Insurance Corp,NASDAQ,손해보험
PLBC,Plumas Bancorp,NASDAQ,은행
CLFD,Clearfield Inc,NASDAQ,통신 및 네트워킹
ACTG,Acacia Research Corporation,NASDAQ,경영 지원 서비스
KYTX,Kyverna Therapeutics  Inc.,NASDAQ,생명 공학 및 의학 연구
KFII,K&F Growth Acquisition II Corp,NASDAQ,투자 지주 회사
ARQQ,Arqit Quantum Inc,NASDAQ,소프트웨어
DGXX,Digi Power X Inc,NASDAQ,블록 체인 및 암호화폐
BELFA,Bel Fuse Inc. Class A,NASDAQ,전자 장비 및 부품
AVIR,Atea Pharmaceuticals  Inc.,NASDAQ,생명 공학 및 의학 연구
NXH,Neighborhood Intelligence  Inc.,NASDAQ,온라인 서비스
ALLT,Allot Ltd,NASDAQ,소프트웨어
NATH,Nathan's Famous Inc,NASDAQ,레스토랑 및 바
XRX,Xerox Holdings Corp,NASDAQ,사무기기
LILAP,Liberty Latin America 9 0 Fixed Rate Cumulative Perpetual Redeemable Prf Shs,NASDAQ,무선 통신 서비스
ECX,Ecarx Holdings Inc.,NASDAQ,통합 하드웨어 및 소프트웨어
MYGN,Myriad Genetics  Inc.,NASDAQ,"의료 장비, 물품 및 유통"
IMSR,Terrestrial Energy Inc,NASDAQ,건설 및 엔지니어링
CCCC,C4 Therapeutics  Inc.,NASDAQ,생명 공학 및 의학 연구
LAND,Gladstone Land Corp,NASDAQ,특수 REITs
ASPI,ASP Isotopes Inc.,NASDAQ,제약
NPAC,New Providence Acquisition Corp III,NASDAQ,투자 지주 회사
STRZ,Starz Entertainment Corp.,NASDAQ,온라인 서비스
USCB,USCB Financial Holdings Inc,NASDAQ,은행
SERV,Serve Robotics Inc.,NASDAQ,IT 서비스 및 컨설팅
YB,Yuanbao Inc ADR,NASDAQ,생명 및 건강 보험
OSPR,Osprey Acquisition Corp. III,NASDAQ,투자 지주 회사
BMBL,Bumble Inc.,NASDAQ,온라인 서비스
IRD,Opus Genetics Inc,NASDAQ,제약
RLMD,Relmada Therapeutics Inc,NASDAQ,생명 공학 및 의학 연구
RZLT,Rezolute  Inc.,NASDAQ,생명 공학 및 의학 연구
MEVO,M Evo Global Acquisition Corp II,NASDAQ,투자 지주 회사
FRPH,FRP Holdings Inc,NASDAQ,"부동산 임대, 개발 및 운영"
CCOI,Cogent Communications Holdings  Inc.,NASDAQ,통합 통신 서비스
ZURA,Zura Bio Ltd,NASDAQ,생명 공학 및 의학 연구
VITL,Vital Farms Inc,NASDAQ,식품 소매 및 유통
ISTR,Investar Holding Corp,NASDAQ,은행
RMNI,Rimini Street Inc,NASDAQ,IT 서비스 및 컨설팅
PRE,Prenetics Global Ltd,NASDAQ,"의료 장비, 물품 및 유통"
EVGO,EVgo Inc,NASDAQ,전력 유틸리티
PHOE,Phoenix Asia Holdings Ltd,NASDAQ,건설 및 엔지니어링
EDIT,Editas Medicine  Inc.,NASDAQ,생명 공학 및 의학 연구
TACO,Berto Acquisition Corp,NASDAQ,투자 지주 회사
ZKP,Lafayette Digital Acquisition Corp I,NASDAQ,투자 지주 회사
ALFUU,Centurion Acquisition Units Expiry 22nd May 2029,NASDAQ,투자 지주 회사
GLOO,Gloo Holdings  Inc.,NASDAQ,IT 서비스 및 컨설팅
GUAC,Berto Acquisition Corp II,NASDAQ,투자 지주 회사
RDAG,Republic Digital Acquisition Co,NASDAQ,투자 지주 회사
GALT,Galectin Therapeutics Inc,NASDAQ,생명 공학 및 의학 연구
WENN,Wen Acquisition Corp,NASDAQ,투자 지주 회사
CHMG,Chemung Financial Corp,NASDAQ,은행
ARCT,Arcturus Therapeutics Holdings Inc,NASDAQ,생명 공학 및 의학 연구
MNTK,Montauk Renewables  Inc,NASDAQ,전력 유틸리티
FOSL,Fossil Group Inc,NASDAQ,의류 및 액세서리
KDK,Kodiak AI Inc,NASDAQ,IT 서비스 및 컨설팅
PKBK,Parke Bancorp Inc,NASDAQ,은행
PCB,PCB Bancorp,NASDAQ,은행
CARL,Carlsmed  Inc.,NASDAQ,"의료 장비, 물품 및 유통"
ENTA,Enanta Pharmaceuticals Inc,NASDAQ,제약
OFIX,Orthofix Medical Inc.,NASDAQ,"의료 장비, 물품 및 유통"
KEYY,Keystone Acquisition Corp,NASDAQ,투자 지주 회사
GRRR,Gorilla Technology Group Inc,NASDAQ,IT 서비스 및 컨설팅
AIOT,Powerfleet  Inc.,NASDAQ,IT 서비스 및 컨설팅
TWIN,Twin Disc Inc,NASDAQ,산업용 기계 및 장비
YICC,Yorkville International Capital Corp,NASDAQ,투자 지주 회사
FSTR,L B Foster Co,NASDAQ,중장비 및 차량
CGC,Canopy Growth Corporation,NASDAQ,제약
FRST,Primis Financial Corp,NASDAQ,은행
SRZN,Surrozen  Inc.,NASDAQ,생명 공학 및 의학 연구
CZFS,Citizens Financial Services Inc,NASDAQ,은행
MVBF,MVB Financial Corp,NASDAQ,은행
ALOV,Aldabra 4 Liquidity Opportunity Vehicle Inc,NASDAQ,투자 지주 회사
ITG,ITG Inc,NASDAQ,건설 및 엔지니어링
FNLC,First Bancorp Inc,NASDAQ,은행
HACQ,HCM IV Acquisition Corp,NASDAQ,투자 지주 회사
SUJA,Suja Life Inc,NASDAQ,무알콜 음료
NKLR,Terra Innovatum Global NV,NASDAQ,중전기장비
OPRT,Oportun Financial Corp,NASDAQ,소비자 대출
OBIO,Orchestra Biomed Holdings Inc,NASDAQ,첨단 의료 장비 및 기술
FENC,Fennec Pharmaceuticals Inc.,NASDAQ,제약
TRVG,Trivago NV ADR,NASDAQ,온라인 서비스
SLP,Simulations Plus  Inc.,NASDAQ,첨단 의료 장비 및 기술
CLPT,Clearpoint Neuro Inc,NASDAQ,첨단 의료 장비 및 기술
LSAK,Lesaka Technologies Inc,NASDAQ,핀테크
GIW,GigCapital8 Corp.,NASDAQ,투자 지주 회사
MOVE,Corvex Inc,NASDAQ,첨단 의료 장비 및 기술
FVAV,Fortress Value Acquisition Corp V,NASDAQ,투자 지주 회사
VALU,Value Line Inc,NASDAQ,전문 정보 서비스
FDMM,Freedom Metals Acquisition Corp,NASDAQ,투자 지주 회사
SDHI,Siddhi Acquisition Corp,NASDAQ,투자 지주 회사
OIM,OneIM Acquisition Corp,NASDAQ,투자 지주 회사
GIX,GigCapital9 Corp,NASDAQ,투자 지주 회사
IIIV,I3 Verticals  Inc.,NASDAQ,핀테크
TACH,Titan Acquisition Corp,NASDAQ,투자 지주 회사
RCEL,AVITA Medical Inc,NASDAQ,생명 공학 및 의학 연구
NWFL,Norwood Financial Corp,NASDAQ,은행
CYPH,Cypherpunk Technologies Inc,NASDAQ,생명 공학 및 의학 연구
GBLI,Global Indemnity Group LLC,NASDAQ,손해보험
KCHV,Kochav Defense Acquisition Corp,NASDAQ,투자 지주 회사
NECB,Northeast Community Bancorp Inc,NASDAQ,은행
CCII,Cohen Circle Acquisition Corp II,NASDAQ,투자 지주 회사
KPLT,Katapult Holdings Inc,NASDAQ,소프트웨어
ACAA,Averin Capital Acquisition Corp,NASDAQ,투자 지주 회사
ARCI,Archimedes Tech SPAC Partners III Co,NASDAQ,투자 지주 회사
VFF,Village Farms International Inc,NASDAQ,의료 시설 및 서비스
RR,Richtech Robotics Inc.,NASDAQ,전자 장비 및 부품
SHIP,Seanergy Maritime Holdings Corp,NASDAQ,해양 화물 및 물류
AMAC,AMR Resources Acquisition Corp,NASDAQ,투자 지주 회사
HCIC,Hennessy Capital Investment Corp. VIII,NASDAQ,투자 지주 회사
CRNC,Cerence Inc.,NASDAQ,소프트웨어
WSBF,Waterstone Financial Inc,NASDAQ,은행
OYSE,Oyster Enterprises II Acquisition Corp,NASDAQ,투자 지주 회사
BDCI,BTC Development Corp.,NASDAQ,투자 지주 회사
BLZR,Trailblazer Acquisition Corp,NASDAQ,투자 지주 회사
VELO,Velo3D Inc,NASDAQ,전자 장비 및 부품
IMXI,International Money Express Inc,NASDAQ,경영 지원 서비스
OPI,Office Properties Income Trust,NASDAQ,상업용 REITs
OCGN,Ocugen  Inc.,NASDAQ,생명 공학 및 의학 연구
BNTC,Benitec Biopharma Inc,NASDAQ,생명 공학 및 의학 연구
ARTC,Art Technology Acquisition Corp,NASDAQ,투자 지주 회사
VOXR,Vox Royalty Corp,NASDAQ,금 제외 귀금속 및 광물
OTLY,Oatly Group AB ADR,NASDAQ,식품 가공
SCTX,Scribe Therapeutics Inc,NASDAQ,생명 공학 및 의학 연구
ARTV,Artiva Biotherapeutics Inc,NASDAQ,생명 공학 및 의학 연구
SORN,Soren Acquisition Corp,NASDAQ,투자 지주 회사
SHOE,Shoe Station Group Inc,NASDAQ,의류 및 액세서리 소매
TLNC,Talon Capital Corp.,NASDAQ,투자 지주 회사
HCMA,HCM III Acquisition Corp,NASDAQ,투자 지주 회사
FGII,FG Imperii Acquisition Corp,NASDAQ,투자 지주 회사
TSBK,Timberland Bancorp Inc,NASDAQ,은행
VMD,Viemed Healthcare Inc,NASDAQ,의료 시설 및 서비스
FLXS,Flexsteel Industries Inc,NASDAQ,가정용 가구
CURR,CURRENC Group Inc,NASDAQ,핀테크
DSAC,Daedalus Special Acquisition Corp,NASDAQ,투자 지주 회사
CLNE,Clean Energy Fuels Corp.,NASDAQ,"오일, 가스 정제 및 마케팅"
CV,CapsoVision Inc,NASDAQ,첨단 의료 장비 및 기술
TREE,LendingTree  Inc.,NASDAQ,소비자 대출
AACI,Armada Acquisition Corp III,NASDAQ,투자 지주 회사
SFIX,Stitch Fix  Inc.,NASDAQ,온라인 서비스
PERI,Perion Network Ltd,NASDAQ,소프트웨어
ERII,Energy Recovery  Inc.,NASDAQ,산업용 기계 및 장비
FSBW,FS Bancorp  Inc,NASDAQ,은행
AVBH,Avidbank Holdings Inc,NASDAQ,은행
CGCF,Cartesian Growth Corporation IV,NASDAQ,투자 지주 회사
CAII,Collective Acquisition Corp. II,NASDAQ,투자 지주 회사
IPFX,Inflection Point Acquisition Corp VI,NASDAQ,기업 금융 서비스
VOGX,Vogenx  Inc.,NASDAQ,생명 공학 및 의학 연구
AGNCZ,AGNC Investment 8 75 Fixed Rate Cumulative Redeemable Prf Shs Series H,NASDAQ,특수 REITs
CCAP,Crescent Capital BDC Inc,NASDAQ,폐쇄형 펀드
LTRX,Lantronix Inc,NASDAQ,통신 및 네트워킹
PTOR,Praetorian Acquisition Corp,NASDAQ,투자 지주 회사
SOHU,Sohu.com Ltd ADR,NASDAQ,온라인 서비스
TCPC,BlackRock TCP Capital Corp,NASDAQ,투자 관리 및 펀드 운영
BLUW,Blue Water Acquisition Corp III,NASDAQ,투자 지주 회사
RCKY,Rocky Brands Inc,NASDAQ,제화
BEAG,Bold Eagle Acquisition Corp,NASDAQ,투자 지주 회사
GASS,StealthGas Inc,NASDAQ,오일 및 가스 수송 서비스
ADV,Advantage Solutions Inc.,NASDAQ,광고 및 마케팅
IA,Innovative Solutions and Support Inc,NASDAQ,항공우주 및 방위
OPTX,Syntec Optics Holdings  Inc,NASDAQ,상품 화학
PESI,Perma-Fix Environmental Services Inc,NASDAQ,환경 서비스 및 장비
CDZI,Cadiz Inc,NASDAQ,수자원 유틸리티
LRMR,Larimar Therapeutics  Inc.,NASDAQ,생명 공학 및 의학 연구
BCML,BayCom Corp,NASDAQ,은행
NNDM,Nano Dimension Ltd. ADR,NASDAQ,전자 장비 및 부품
RREV,RRE Ventures Acquisition Corp,NASDAQ,투자 지주 회사
FERA,Fifth Era Acquisition Corp I,NASDAQ,투자 지주 회사
PCAP,Procap Acquisition Corp,NASDAQ,투자 지주 회사
DRDB,Roman Dbdr Acquisition Corp. II,NASDAQ,투자 지주 회사
BBOT,BridgeBio Oncology Therapeutics Inc,NASDAQ,생명 공학 및 의학 연구
SZZL,Sizzle Acquisition Corp II,NASDAQ,투자 지주 회사
CEPV,Cantor Equity Partners V Inc,NASDAQ,투자 지주 회사
OBA,Oxley Bridge Acquisition Ltd,NASDAQ,투자 지주 회사
FIP,FTAI Infrastructure Inc.,NASDAQ,지상 화물 및 물류
ELVA,Electrovaya Inc,NASDAQ,전기 부품 및 장비
CRAQ,Cal Redwood Acquisition Corp,NASDAQ,투자 지주 회사
RTAC,Renatus Tactical Acquisition I Corp,NASDAQ,투자 지주 회사
LNKB,LINKBANCORP Inc,NASDAQ,은행
CABA,Cabaletta Bio  Inc.,NASDAQ,생명 공학 및 의학 연구
BIOA,BioAge Labs  Inc.,NASDAQ,생명 공학 및 의학 연구
WLAC,Willow Lane Acquisition Corp,NASDAQ,투자 지주 회사
GEVO,Gevo  Inc.,NASDAQ,재생 가능 연료
IHRT,iHeartMedia  Inc.,NASDAQ,방송
EGHT,8x8 Inc,NASDAQ,통합 통신 서비스
EVOX,Evolution Global Acquisition Corp,NASDAQ,투자 지주 회사
KOYN,CSLM Digital Asset Acquisition III Corp Ltd,NASDAQ,투자 지주 회사
DSC,DSC Holdings Ltd ADR,NASDAQ,온라인 서비스
ALDF,Aldel Financial II Inc,NASDAQ,투자 지주 회사
SMTI,Sanara MedTech Inc.,NASDAQ,제약
PMTR,Perimeter Acquisition I Corp,NASDAQ,투자 지주 회사
NEWT,NewtekOne  Inc.,NASDAQ,기업 금융 서비스
SVIA,Silvia  Inc.,NASDAQ,핀테크
IACQ,Irenic Acquisition Corp,NASDAQ,투자 지주 회사
EMBC,Embecta Corp.,NASDAQ,"의료 장비, 물품 및 유통"
JMSB,John Marshall Bancorp Inc,NASDAQ,은행
CAES,Cantor Equity Partners VII Inc,NASDAQ,투자 지주 회사
SNDL,SNDL Inc,NASDAQ,제약
LWAY,Lifeway Foods Inc,NASDAQ,식품 가공
EH,EHang Holdings Limited ADR,NASDAQ,항공우주 및 방위
RPAY,Repay Holdings Corp,NASDAQ,경영 지원 서비스
RNGT,Range Capital Acquisition II Corp,NASDAQ,투자 지주 회사
CFFI,C&F Financial Corp,NASDAQ,은행
TVA,Texas Ventures Acquisition III Corp,NASDAQ,투자 지주 회사
BRCB,Black Rock Coffee Bar  Inc.,NASDAQ,레스토랑 및 바
ATII,Archimedes Tech SPAC Partners II Co.,NASDAQ,투자 지주 회사
AEAQ,Activate Energy Acquisition Corp,NASDAQ,투자 지주 회사
FDBC,Fidelity D&D Bancorp Inc,NASDAQ,은행
ABAT,American Battery Technology Company,NASDAQ,특수 채굴 및 금속
IPXG,Inflection Point Acquisition Corp. VII,NASDAQ,
BDSX,Biodesix Inc,NASDAQ,의료 시설 및 서비스
RBBN,Ribbon Communications Inc.,NASDAQ,통신 및 네트워킹
SAAQ,Space Asset Acquisition Corp,NASDAQ,투자 지주 회사
MOBI,Mobia Medical Inc,NASDAQ,"의료 장비, 물품 및 유통"
FVCB,FVCBankcorp Inc,NASDAQ,은행
AACO,Abony Acquisition Corp I,NASDAQ,투자 지주 회사
ARTNA,Artesian Resources Corp,NASDAQ,수자원 유틸리티
RFAI,RF Acquisition Corp II,NASDAQ,투자 지주 회사
PNRG,Primeenergy Resources Corp,NASDAQ,"오일, 가스 탐사 및 생산"
ILLU,Illumination Acquisition I Corp,NASDAQ,투자 지주 회사
LWAC,LightWave Acquisition Corp,NASDAQ,투자 지주 회사
MKTW,MarketWise Inc,NASDAQ,전문 정보 서비스
PRLD,Prelude Therapeutics Incorporated,NASDAQ,생명 공학 및 의학 연구
CAQ,Cambridge Acquisition Corp,NASDAQ,투자 지주 회사
LPBB,Launch Two Acquisition Corp.,NASDAQ,투자 지주 회사
PPHC,Public Policy Holding Company Inc,NASDAQ,광고 및 마케팅
IPSC,Century Therapeutics  Inc.,NASDAQ,생명 공학 및 의학 연구
SVIV,Spring Valley Acquisition Corp. IV,NASDAQ,투자 지주 회사
TWFG,TWFG  Inc.,NASDAQ,복합보험 및 중개인
ITHA,ITHAX Acquisition Corp III,NASDAQ,투자 지주 회사
VHCP,Vine Hill Capital Investment Corp II,NASDAQ,투자 지주 회사
CCCT,Columbus Circle Capital Corp III,NASDAQ,투자 지주 회사
XNET,Xunlei Ltd ADR,NASDAQ,IT 서비스 및 컨설팅
HRZN,Horizon Technology Finance Corporation,NASDAQ,폐쇄형 펀드
TMTS,Spartacus Acquisition Corp II,NASDAQ,투자 지주 회사
INDP,Indaptus Therapeutics Inc,NASDAQ,생명 공학 및 의학 연구
TBCVU,Thunder Bridge Capital Partners V Units,NASDAQ,투자 지주 회사
OPAL,Opal Fuels Inc.,NASDAQ,"오일, 가스 탐사 및 생산"
LILA,Liberty Latin America Ltd. Class A,NASDAQ,무선 통신 서비스
TJGC,TJGC Group Ltd,NASDAQ,광고 및 마케팅
BIXI,Bitcoin Infrastructure Acquisition Corp Ltd,NASDAQ,투자 지주 회사
NODK,NI Holdings Inc,NASDAQ,손해보험
TLS,Telos Corp,NASDAQ,통합 하드웨어 및 소프트웨어
LE,Lands' End  Inc.,NASDAQ,의류 및 액세서리 소매
FNKO,Funko  Inc.,NASDAQ,장난감 및 어린이 제품
OTGA,OTG Acquisition I Corp,NASDAQ,투자 지주 회사
NNBR,NN Inc,NASDAQ,산업용 기계 및 장비
FCCO,First Community Corp (South Carolina),NASDAQ,은행
FISN,Deep Fission  Inc,NASDAQ,투자 지주 회사
HVMC,Highview Merger Corp,NASDAQ,투자 지주 회사
GSRF,GSR IV Acquisition Corp,NASDAQ,투자 지주 회사
GSRV,GSR V Acquisition Corp,NASDAQ,투자 지주 회사
SILC,Silicom Ltd,NASDAQ,통신 및 네트워킹
CUVL,Clinuvel Pharmaceuticals Ltd ADR,NASDAQ,제약
ABEO,Abeona Therapeutics Inc,NASDAQ,제약
VNDA,Vanda Pharmaceuticals Inc,NASDAQ,생명 공학 및 의학 연구
SVCO,Silvaco Group Inc,NASDAQ,소프트웨어
SVAQ,Silicon Valley Acquisition Corp,NASDAQ,투자 지주 회사
GPAC,General Purpose Acquisition Corp,NASDAQ,투자 지주 회사
SHMD,SCHMID Group NV,NASDAQ,반도체
AFRI,Forafric Global PLC,NASDAQ,식품 가공
HCAC,Hall Chadwick Acquisition Corp,NASDAQ,투자 지주 회사
OIMAU,OneIM Acquisition Units,NASDAQ,투자 지주 회사
IRHO,Iron Horse Acquisitions Corp II,NASDAQ,투자 지주 회사
PACH,Pioneer Acquisition I Corp,NASDAQ,투자 지주 회사
UXIN,Uxin Ltd ADR,NASDAQ,"자동차 차량, 부품 및 서비스 소매"
ASYS,Amtech Systems Inc,NASDAQ,반도체 장비 및 테스트
BACC,Blue Acquisition Corp.,NASDAQ,투자 지주 회사
AIRJ,AirJoule Technologies Corporation,NASDAQ,환경 서비스 및 장비
PHOS,First Phosphate Corp ADR,NASDAQ,특수 채굴 및 금속
MYFW,First Western Financial Inc,NASDAQ,은행
ACGC,ACP Holdings Acquisition Corp,NASDAQ,투자 지주 회사
BPRN,Princeton Bancorp Inc,NASDAQ,은행
GOGO,Gogo Inc.,NASDAQ,무선 통신 서비스
SUPX,SuperX AI Technology Ltd,NASDAQ,IT 서비스 및 컨설팅
ADAC,American Drive Acquisition Co,NASDAQ,투자 지주 회사
LAB,Standard BioTools Inc.,NASDAQ,첨단 의료 장비 및 기술
LPCV,Launchpad Cadenza Acquisition Corp I,NASDAQ,투자 지주 회사
RCMT,R C M Technologies Inc,NASDAQ,고용 서비스
IPHXU,Inflection Point Acquisition VIII Units,NASDAQ,투자 지주 회사
TMCI,Treace Medical Concepts  Inc.,NASDAQ,"의료 장비, 물품 및 유통"
RCKT,Rocket Pharmaceuticals  Inc.,NASDAQ,생명 공학 및 의학 연구
UPB,Upstream Bio  Inc.,NASDAQ,생명 공학 및 의학 연구
SABS,SAB Biotherapeutics  Inc.,NASDAQ,생명 공학 및 의학 연구
JAKK,JAKKS Pacific Inc,NASDAQ,장난감 및 어린이 제품
XFOR,X4 Pharmaceuticals  Inc.,NASDAQ,제약
FUND,Sprott Focus Trust,NASDAQ,폐쇄형 펀드
IKT,Inhibikase Therapeutics  Inc.,NASDAQ,생명 공학 및 의학 연구
SHOT,RMG ML Sports Holdings,NASDAQ,투자 지주 회사
ALTO,Alto Ingredients Inc,NASDAQ,재생 가능 연료
ALCO,Alico Inc,NASDAQ,어업 및 농업
ISBA,Isabella Bank Corp,NASDAQ,은행
CUB,Lionheart Holdings,NASDAQ,투자 지주 회사
SWMR,Swarmer Inc,NASDAQ,소프트웨어
PMTS,CPI Card Group Inc,NASDAQ,소비자 대출
FATE,Fate Therapeutics Inc,NASDAQ,생명 공학 및 의학 연구
MGPI,MGP Ingredients  Inc.,NASDAQ,증류주 및 포도주
ATLQ,JAB Acquisition Corp I,NASDAQ,투자 지주 회사
FNRN,First Northern Community Bancorp,NASDAQ,은행
OVLY,Oak Valley Bancorp,NASDAQ,은행
QNBC,QNB Corp,NASDAQ,은행
WLCO,Wilco 63 Corp,NASDAQ,투자 지주 회사
TVAI,Thayer Ventures Acquisition Corporation II,NASDAQ,투자 지주 회사
AXIN,Axiom Intelligence Acquisition Corp 1,NASDAQ,투자 지주 회사
FULC,Fulcrum Therapeutics  Inc.,NASDAQ,생명 공학 및 의학 연구
XCBE,X3 Acquisition Corp Ltd,NASDAQ,투자 지주 회사
EYPT,EyePoint Inc,NASDAQ,제약
JONE,Jones Ventures INTL Acquisition1 Corp,NASDAQ,투자 지주 회사
SLNH,Soluna Holdings Inc,NASDAQ,IT 서비스 및 컨설팅
FXHO,UTime Ltd,NASDAQ,전화 및 소형 장치
CNCK,Coincheck Group NV,NASDAQ,경영 지원 서비스
SENEB,Seneca Foods Corporation Class B,NASDAQ,식품 가공
TDUP,ThredUp Inc.,NASDAQ,온라인 서비스
DUOT,Duos Technologies Group Inc,NASDAQ,IT 서비스 및 컨설팅
FRAF,Franklin Financial Services Corp,NASDAQ,은행
HWBK,Hawthorn Bancshares  Inc.,NASDAQ,은행
ATLO,Ames National Corp,NASDAQ,은행
ISNR,Snow Rothschild Acquisition Corp,NASDAQ,
LXEO,Lexeo Therapeutics  Inc.,NASDAQ,생명 공학 및 의학 연구
RWAY,Runway Growth Finance Corp,NASDAQ,기업 금융 서비스
NEGG,Newegg Commerce Inc,NASDAQ,온라인 서비스
XSLL,Xsolla SPAC 1,NASDAQ,기업 금융 서비스
NNNN,Anbio Biotechnology,NASDAQ,"의료 장비, 물품 및 유통"
MTAK,Market Technology Acquisition Corp,NASDAQ,투자 지주 회사
NHIV,Newhold Investment Corp IV,NASDAQ,투자 지주 회사
FUNC,First United Corp,NASDAQ,은행
FRD,Friedman Industries Inc,NASDAQ,철 및 강철
CEPO,Cantor Equity Partners I Inc,NASDAQ,투자 지주 회사
AMRN,Amarin Corporation PLC ADR,NASDAQ,생명 공학 및 의학 연구
TSSI,TSS Inc,NASDAQ,IT 서비스 및 컨설팅
WNEB,Western New England Bancorp Inc,NASDAQ,은행
MUZE,Muzero Acquisition Corp,NASDAQ,투자 지주 회사
MFIN,Medallion Financial Corp,NASDAQ,은행
GIWWU,Gigcapital8 Units,NASDAQ,투자 지주 회사
MTRX,Matrix Service Co,NASDAQ,건설 및 엔지니어링
API,Agora Inc ADR,NASDAQ,소프트웨어
DNMX,Dynamix Corp III,NASDAQ,투자 지주 회사
BGIN,BGIN Blockchain Ltd,NASDAQ,블록 체인 및 암호화폐
OSUR,OraSure Technologies Inc,NASDAQ,"의료 장비, 물품 및 유통"
SY,So-Young International Inc ADR,NASDAQ,기타 전문 소매
PTLO,Portillos Inc,NASDAQ,레스토랑 및 바
VCRE,Vicore Pharma Holding AB ADR,NASDAQ,생명 공학 및 의학 연구
III,Information Services Group Inc,NASDAQ,IT 서비스 및 컨설팅
TTGT,TechTarget Inc,NASDAQ,온라인 서비스
XTER,Karman Line Acquisition Corp.,NASDAQ,투자 지주 회사
STRO,Sutro Biopharma Inc,NASDAQ,생명 공학 및 의학 연구
NKSH,National Bankshares Inc,NASDAQ,은행
ACIU,AC Immune AG,NASDAQ,제약
CATL,Catalyst Acquisition Corp,NASDAQ,투자 지주 회사
PCYO,Pure Cycle Corp,NASDAQ,수자원 유틸리티
HQI,Hirequest Inc,NASDAQ,고용 서비스
FXNC,First National Corp,NASDAQ,은행
TLSI,TriSalus Life Sciences Inc,NASDAQ,생명 공학 및 의학 연구
IFRX,InflaRx NV,NASDAQ,투자 지주 회사
OACC,Oaktree Acquisition III Life Sciences Corp,NASDAQ,투자 지주 회사
GLSI,Greenwich Lifesciences Inc,NASDAQ,생명 공학 및 의학 연구
IMRX,Immuneering Corporation,NASDAQ,생명 공학 및 의학 연구
BCBP,BCB Bancorp Inc,NASDAQ,은행
DMAA,Drugs Made In America Acquisition Corp.,NASDAQ,투자 지주 회사
GBFH,GBank Financial Holdings Inc,NASDAQ,은행
XNDU,Xanadu Quantum Technologies Ltd,NASDAQ,IT 서비스 및 컨설팅
RELL,Richardson Electronics Ltd,NASDAQ,전자 장비 및 부품
LCNB,LCNB Corp,NASDAQ,은행
ANIK,Anika Therapeutics Inc,NASDAQ,"의료 장비, 물품 및 유통"
FBLA,FB Bancorp  Inc.,NASDAQ,은행
OBAWU,Oxley Bridge Acquisition Units,NASDAQ,투자 지주 회사
GIXXU,GigCapital9 Units,NASDAQ,투자 지주 회사
ZNTL,Zentalis Pharmaceuticals  Inc.,NASDAQ,생명 공학 및 의학 연구
ESCA,Escalade Inc,NASDAQ,오락용 제품
CMRC,Commerce.com  Inc.,NASDAQ,소프트웨어
POWW,Outdoor Holding Company,NASDAQ,오락용 제품
NTWO,Newbury Street II Acquisition Corp,NASDAQ,투자 지주 회사
FACT,FACT II Acquisition Corp,NASDAQ,투자 지주 회사
TRGS,TRG Latin America Acquisitions Corp,NASDAQ,투자 지주 회사
VABK,Virginia National Bankshares Corp,NASDAQ,은행
VNME,Vendome Acquisition Corp I,NASDAQ,투자 지주 회사
AUDC,AudioCodes Ltd,NASDAQ,통신 및 네트워킹
BCYC,Bicycle Therapeutics PLC ADR,NASDAQ,생명 공학 및 의학 연구
REFI,Chicago Atlantic Real Estate Finance Inc,NASDAQ,상업용 REITs
AVNW,Aviat Networks Inc,NASDAQ,통신 및 네트워킹
IVVD,Invivyd  Inc.,NASDAQ,제약
OFLX,Omega Flex Inc,NASDAQ,산업용 기계 및 장비
AKBA,Akebia Therapeutics Inc,NASDAQ,제약
PDYN,Palladyne AI Corp,NASDAQ,소프트웨어
KINS,Kingstone Companies Inc,NASDAQ,손해보험
JACK,Jack in the Box Inc,NASDAQ,레스토랑 및 바
CAMP,CAMP4 Therapeutics Corp,NASDAQ,생명 공학 및 의학 연구
SCII,SC II Acquisition Corp,NASDAQ,투자 지주 회사
CUBWU,Lionheart Holdings Units,NASDAQ,투자 지주 회사
AZ,A2Z Cust2Mate Solutions Corp,NASDAQ,IT 서비스 및 컨설팅
STRT,Strattec Security Corp,NASDAQ,"자동차, 트럭 및 오토바이 부품"
ACB,Aurora Cannabis Inc.,NASDAQ,제약
IPVV,InterPrivate Investment Partners V Inc,NASDAQ,투자 지주 회사
PPIH,Perma-Pipe International Holdings Inc,NASDAQ,철 및 강철
VLOS,Velos Acquisition I Corp,NASDAQ,투자 지주 회사
OHAC,Oceanhawk Acquisition Corp,NASDAQ,투자 지주 회사
MKLY,McKinley Acquisition Corp,NASDAQ,투자 지주 회사
ASLE,AerSale Corp,NASDAQ,항공우주 및 방위
CAN,Canaan Inc ADR,NASDAQ,블록 체인 및 암호화폐
HCKT,The Hackett Group  Inc.,NASDAQ,경영 지원 서비스
QADR,QDRO Acquisition Corp,NASDAQ,투자 지주 회사
LFCR,Lifecore Biomedical  Inc.,NASDAQ,제약
RMBI,Richmond Mutual Bancorporation Inc,NASDAQ,은행
GTERA,Globa Terra Acquisition Corp,NASDAQ,투자 지주 회사
TRDA,Entrada Therapeutics  Inc.,NASDAQ,생명 공학 및 의학 연구
MIAC,Meridian3 Industrials Acquisition Corp,NASDAQ,투자 지주 회사
CPZ,Calamos Long Short Equity Dynamic Income Trust Closed Fund,NASDAQ,폐쇄형 펀드
QTTB,Q32 Bio Inc.,NASDAQ,생명 공학 및 의학 연구
MGNX,MacroGenics Inc,NASDAQ,생명 공학 및 의학 연구
MVST,Microvast Holdings  Inc.,NASDAQ,전기 부품 및 장비
USAU,US Gold Corp,NASDAQ,금
EFSI,Eagle Financial Services Inc,NASDAQ,은행
SIGA,SIGA Technologies Inc,NASDAQ,제약
MCGA,Yorkville Acquisition Corp,NASDAQ,투자 지주 회사
SSAC,Spacsphere Acquisition Corp,NASDAQ,투자 지주 회사
HITI,High Tide Inc,NASDAQ,의약품 소매
SLGL,SOL-GEL TECHNOLOGIES LTD.,NASDAQ,생명 공학 및 의학 연구
TMCR,Metals Royalty Company Inc,NASDAQ,다각적 채굴
CNDT,Conduent Incorporated,NASDAQ,IT 서비스 및 컨설팅
BNC,BNB Standard Corp,NASDAQ,전기 부품 및 장비
SOCA,Solarius Capital Acquisition Corp.,NASDAQ,투자 지주 회사
IGAC,Invest Green Acquisition Corp,NASDAQ,투자 지주 회사
DYNC,Dynamix Corp,NASDAQ,투자 지주 회사
DAAQ,Digital Asset Acquisition Corp,NASDAQ,투자 지주 회사
SSP,E W Scripps Co,NASDAQ,방송
IMMR,Immersion Corp,NASDAQ,소프트웨어
LYEL,Lyell Immunopharma  Inc.,NASDAQ,생명 공학 및 의학 연구
TVACU,Texas Ventures Acquisition III Units,NASDAQ,투자 지주 회사
PAMT,PAMT Corp,NASDAQ,지상 화물 및 물류
TDWD,Tailwind 2.0 Acquisition Corp,NASDAQ,투자 지주 회사
ALMU,Aeluma Inc,NASDAQ,반도체
SNFCA,Security National Financial Corp,NASDAQ,은행
GNFT,Genfit SA ADR,NASDAQ,생명 공학 및 의학 연구
SION,Sionna Therapeutics  Inc.,NASDAQ,생명 공학 및 의학 연구
DPRO,Draganfly Inc,NASDAQ,항공우주 및 방위
CAQUU,Cambridge Acquisition Units,NASDAQ,투자 지주 회사
AACP,Apogee Acquisition Corp,NASDAQ,투자 지주 회사
IONR,ioneer Ltd ADR,NASDAQ,특수 채굴 및 금속
TWLV,Twelve Seas Investment Company III,NASDAQ,투자 지주 회사
UTMD,Utah Medical Products Inc,NASDAQ,"의료 장비, 물품 및 유통"
LTBR,Lightbridge Corp,NASDAQ,경영 지원 서비스
VUZI,Vuzix Corp,NASDAQ,전자 장비 및 부품
PALI,Palisade Bio Inc,NASDAQ,생명 공학 및 의학 연구
LATA,Galata Acquisition Corp II,NASDAQ,투자 지주 회사
AENT,Alliance Entertainment Holding Corp,NASDAQ,전자 장비 및 부품
HLXC,Helix Acquisition Corp III,NASDAQ,투자 지주 회사
PRQR,ProQR Therapeutics NV,NASDAQ,생명 공학 및 의학 연구
QSI,Quantum-Si Inc,NASDAQ,생명 공학 및 의학 연구
PEBK,Peoples Bancorp of North Carolina Inc,NASDAQ,은행
ANGI,Angi Inc,NASDAQ,온라인 서비스
DYOR,Insight Digital Partners II,NASDAQ,투자 지주 회사
FUFU,BitFuFu Inc,NASDAQ,경영 지원 서비스
SUMA,SUMA Acquisition Corp,NASDAQ,투자 지주 회사
BLRK,Bluerock Acquisition Corp,NASDAQ,투자 지주 회사
ONEN,Hennessy Capital Investment Corp. VII,NASDAQ,투자 지주 회사
AGNCM,AGNC Investment 1000 DS Rep 6.875 Fixed to Floating Cumulative Redeemable Pref,NASDAQ,특수 REITs
GPRO,GoPro Inc,NASDAQ,가정용 전자 제품
SVCC,Stellar V Capital Corp,NASDAQ,투자 지주 회사
AIBZ,Bitzero Holdings Inc,NASDAQ,블록 체인 및 암호화폐
CMTV,Community Bancorp.,NASDAQ,은행
NAGE,Niagen Bioscience Inc,NASDAQ,생명 공학 및 의학 연구
LOVIU,Live Oak Acquisition VI Units,NASDAQ,
LTGR,Long Table Growth Corp,NASDAQ,
INBK,First Internet Bancorp,NASDAQ,은행
CRAC,Crown Reserve Acquisition Corp. I,NASDAQ,투자 지주 회사
GWRS,Global Water Resources Inc,NASDAQ,수자원 유틸리티
TVIV,Texas Ventures Acquisition IV Corp,NASDAQ,투자 지주 회사
TBCH,Turtle Beach Corporation,NASDAQ,컴퓨터 하드웨어
IMPP,Imperial Petroleum Inc,NASDAQ,재생 가능 연료
MRCO,Mercator Acquisition Corp,NASDAQ,투자 지주 회사
AIAI,AIAI Holdings Corp,NASDAQ,소프트웨어
KROS,Keros Therapeutics  Inc.,NASDAQ,생명 공학 및 의학 연구
CGEN,Compugen Ltd.,NASDAQ,생명 공학 및 의학 연구
MRBK,Meridian Corp,NASDAQ,은행
GLND,Greenland Energy Co,NASDAQ,통합 오일 및 가스
OPBK,OP Bancorp,NASDAQ,은행
NATR,Nature's Sunshine Products Inc,NASDAQ,식품 가공
ONCH,1RT Acquisition Corp.,NASDAQ,투자 지주 회사
PLAY,Dave & Buster's Entertainment  Inc.,NASDAQ,레스토랑 및 바
RGCO,RGC Resources Inc,NASDAQ,천연가스 유틸리티
KGEI,Kolibri Global Energy Inc,NASDAQ,"오일, 가스 탐사 및 생산"
RAIL,FreightCar America Inc,NASDAQ,중장비 및 차량
PDEX,Pro-Dex Inc,NASDAQ,"의료 장비, 물품 및 유통"
ZSQR,Z Squared Inc (Delaware),NASDAQ,IT 서비스 및 컨설팅
AIIO,Robo.ai Inc,NASDAQ,IT 서비스 및 컨설팅
CFBK,CF Bankshares Inc,NASDAQ,은행
SPOK,Spok Holdings Inc,NASDAQ,무선 통신 서비스
FORR,Forrester Research Inc,NASDAQ,광고 및 마케팅
ASUR,Asure Software Inc,NASDAQ,소프트웨어
RNAC,Cartesian Therapeutics  Inc.,NASDAQ,생명 공학 및 의학 연구
PTAC,Patriot Acquisition Corp,NASDAQ,투자 지주 회사
OSS,One Stop Systems Inc,NASDAQ,컴퓨터 하드웨어
LIEN,Chicago Atlantic BDC Inc,NASDAQ,기업 금융 서비스
SND,Smart Sand Inc,NASDAQ,건설 자재
LOVE,Lovesac Co,NASDAQ,가정용 가구
QMLS,QumulusAI Inc,NASDAQ,IT 서비스 및 컨설팅
HDSN,Hudson Technologies Inc,NASDAQ,전기 부품 및 장비
GSHR,Gesher Acquisition II Corp,NASDAQ,투자 지주 회사
LMNR,Limoneira Co,NASDAQ,어업 및 농업
ADAG,Adagene Inc. ADR,NASDAQ,생명 공학 및 의학 연구
RDNW,RideNow Group Inc,NASDAQ,"자동차 차량, 부품 및 서비스 소매"
WHWK,Whitehawk Therapeutics  Inc.,NASDAQ,제약
TROO,TROOPS Inc,NASDAQ,복합보험 및 중개인
AESP,Aeon Acquisition I Corp,NASDAQ,투자 지주 회사
EGHA,EGH Acquisition Corp.,NASDAQ,투자 지주 회사
YARW,Yarrow Bioscience  Inc.,NASDAQ,생명 공학 및 의학 연구
PROF,Profound Medical Corp,NASDAQ,첨단 의료 장비 및 기술
FHTX,Foghorn Therapeutics Inc.,NASDAQ,생명 공학 및 의학 연구
HAVA,Harvard Ave Acquisition Corp,NASDAQ,투자 지주 회사
PMA,PMA Graphene Technology Group Inc,NASDAQ,건설 및 엔지니어링
IDAC,Iron Dome Acquisition I Corp,NASDAQ,투자 지주 회사
HMH,HMH Holding Inc,NASDAQ,오일 관련 서비스 및 장비
FOCL,Edap Tms SA ADR,NASDAQ,첨단 의료 장비 및 기술
MBINL,Merchants Bancorp Ind Dep Shs Repstg 1 40Th Int Perp Prf Shs Ser E,NASDAQ,은행
NCMI,National Cinemedia Inc,NASDAQ,광고 및 마케팅
PALO,Paloma Acquisition Corp I,NASDAQ,투자 지주 회사
EU,enCore Energy Corp.,NASDAQ,우라늄
GSIT,GSI Technology Inc,NASDAQ,반도체
TDAC,Translational Development Acquisition Corp,NASDAQ,투자 지주 회사
AIRO,AIRO Group Holdings Inc,NASDAQ,항공우주 및 방위
OVBC,Ohio Valley Banc Corp,NASDAQ,은행
TONX,Ton Strategy Co,NASDAQ,온라인 서비스
QUIK,Quicklogic Corp,NASDAQ,반도체
ESOA,Energy Services Of America Corp,NASDAQ,건설 및 엔지니어링
WLII,Willow Lane Acquisition Corp II,NASDAQ,투자 지주 회사
ALEC,Alector  Inc.,NASDAQ,생명 공학 및 의학 연구
RICK,RCI Hospitality Holdings Inc,NASDAQ,레스토랑 및 바
FCAP,First Capital Inc,NASDAQ,은행
ELDN,Eledon Pharmaceuticals Inc,NASDAQ,생명 공학 및 의학 연구
THEO,BOA Acquisition Corp. II,NASDAQ,투자 지주 회사
ZUMZ,Zumiez Inc.,NASDAQ,의류 및 액세서리 소매
NGEN,NervGen Pharma Corp,NASDAQ,생명 공학 및 의학 연구
EXFY,Expensify  Inc.,NASDAQ,소프트웨어
AOUT,American Outdoor Brands Inc,NASDAQ,오락용 제품
RXST,RxSight  Inc.,NASDAQ,"의료 장비, 물품 및 유통"
CZWI,Citizens Community Bancorp Inc,NASDAQ,은행
NSLR,Neostellar Capital Corp,NASDAQ,투자 관리 및 펀드 운영
KTWO,K2 Capital Acquisition Corp,NASDAQ,투자 지주 회사
AUC,ATIF Holdings Ltd,NASDAQ,전문 정보 서비스
SGC,Superior Group of Companies Inc,NASDAQ,의류 및 액세서리
GDEV,GDEV Inc,NASDAQ,소프트웨어
ANTX,AN2 Therapeutics Inc,NASDAQ,생명 공학 및 의학 연구
CPSS,Consumer Portfolio Services Inc,NASDAQ,소비자 대출
FIGX,FIGX Capital Acquisition Corp,NASDAQ,투자 지주 회사
BREZ,Breeze Acquisition Corp II,NASDAQ,투자 지주 회사
APMC,AmperCap Acquisition Co,NASDAQ,투자 지주 회사
MPAA,Motorcar Parts of America Inc,NASDAQ,"자동차, 트럭 및 오토바이 부품"
RBKB,Rhinebeck Bancorp Inc,NASDAQ,은행
LFAC,Leapfrog Acquisition Corp,NASDAQ,투자 지주 회사
LCUT,Lifetime Brands Inc,NASDAQ,"가전제품, 도구 및 가정 용품"
CRDL,Cardiol Therapeutics Inc,NASDAQ,생명 공학 및 의학 연구
XGN,Exagen Inc.,NASDAQ,의료 시설 및 서비스
TAYD,Taylor Devices Inc,NASDAQ,산업용 기계 및 장비
RILY,BRC Group Holdings Inc,NASDAQ,투자 은행 및 중개 서비스
ACOG,Alpha Cognition Inc,NASDAQ,제약
CXDO,Crexendo Inc,NASDAQ,IT 서비스 및 컨설팅
KLTR,Kaltura Inc,NASDAQ,소프트웨어
OMSE,OMS Energy Technologies Inc,NASDAQ,오일 관련 서비스 및 장비
AEHL,Antelope Enterprise Holdings Ltd,NASDAQ,온라인 서비스
CHCI,Comstock Holding Companies Inc,NASDAQ,"부동산 임대, 개발 및 운영"
PYXS,Pyxis Oncology Inc,NASDAQ,생명 공학 및 의학 연구
ORMP,Oramed Pharmaceuticals Inc,NASDAQ,생명 공학 및 의학 연구
BETR,Better Home & Finance Holding Co,NASDAQ,소비자 대출
BANX,ArrowMark Financial Corp.,NASDAQ,폐쇄형 펀드
ALXO,ALX Oncology Holdings Inc,NASDAQ,생명 공학 및 의학 연구
DEFT,DeFi Technologies Inc,NASDAQ,핀테크
AREC,American Resources Corp,NASDAQ,전기 부품 및 장비
BID,Tribeca Strategic Acquisition Corp,NASDAQ,투자 지주 회사
TORO,Toro Corp.,NASDAQ,오일 및 가스 수송 서비스
MRLN,Merlin Inc,NASDAQ,항공우주 및 방위
CNTN,Canton Strategic Holdings Inc,NASDAQ,생명 공학 및 의학 연구
LARK,Landmark Bancorp Inc,NASDAQ,은행
CRNT,Ceragon Networks Ltd,NASDAQ,통신 및 네트워킹
HLP,Hongli Group Inc,NASDAQ,산업용 기계 및 장비
NUCL,Eagle Nuclear Energy Corp,NASDAQ,우라늄
CUE,Cue Biopharma  Inc.,NASDAQ,생명 공학 및 의학 연구
NKTX,Nkarta  Inc.,NASDAQ,생명 공학 및 의학 연구
CMPX,Compass Therapeutics Inc.,NASDAQ,생명 공학 및 의학 연구
AVXL,Anavex Life Sciences Corp,NASDAQ,생명 공학 및 의학 연구
CBFV,CB Financial Services Inc,NASDAQ,은행
GTERU,Globa Terra Acquisition Units,NASDAQ,투자 지주 회사
CHRS,Coherus Oncology Inc,NASDAQ,제약
ADAMM,Adamas 7 875 Fixed to Floating Rate Cumulative Redeemable Prf Shs Series E,NASDAQ,특수 REITs
TOYO,TOYO Co.  Ltd,NASDAQ,재생 가능 에너지 장비 및 서비스
BNR,Burning Rock Biotech Limited ADR,NASDAQ,의료 시설 및 서비스
BAFN,Bayfirst Financial Corp,NASDAQ,은행
SIDU,Sidus Space Inc,NASDAQ,항공우주 및 방위
IPHA,Innate Pharma SA ADR,NASDAQ,생명 공학 및 의학 연구
NAUT,Nautilus Biotechnology  Inc.,NASDAQ,생명 공학 및 의학 연구
FNWD,Finward Bancorp,NASDAQ,은행
MSLE,Satellos Bioscience Inc.,NASDAQ,생명 공학 및 의학 연구
TARA,Protara Therapeutics Inc,NASDAQ,생명 공학 및 의학 연구
ARCL,ARC Group Acquisition I Corp,NASDAQ,기업 금융 서비스
SBFG,SB Financial Group Inc,NASDAQ,은행
PAAC,Proem Acquisition Corp I,NASDAQ,투자 지주 회사
STIM,Neuronetics Inc,NASDAQ,첨단 의료 장비 및 기술
GPAT,GP-Act III Acquisition Corp,NASDAQ,투자 지주 회사
BZUN,Baozun Inc ADR,NASDAQ,온라인 서비스
MDWD,Mediwound Ltd,NASDAQ,제약
BVFL,BV Financial Inc,NASDAQ,은행
CHEC,Chenghe Acquisition III Co,NASDAQ,투자 지주 회사
ECBK,ECB Bancorp Inc,NASDAQ,은행
VRXA,Veraxa Biotech AG,NASDAQ,생명 공학 및 의학 연구
ANNA,AleAnna Inc,NASDAQ,"오일, 가스 탐사 및 생산"
ORGO,Organogenesis Holdings Inc.,NASDAQ,생명 공학 및 의학 연구
MNSB,MainStreet Bancshares  Inc.,NASDAQ,은행
HNVR,Hanover Bancorp Inc,NASDAQ,은행
EPSN,Epsilon Energy Ltd,NASDAQ,"오일, 가스 탐사 및 생산"
QTRX,Quanterix Corporation,NASDAQ,첨단 의료 장비 및 기술
DFDV,DeFi Development Corp (Nevada),NASDAQ,블록 체인 및 암호화폐
PONO,Pono Capital Four Inc,NASDAQ,투자 지주 회사
DTIL,Precision Biosciences  Inc,NASDAQ,생명 공학 및 의학 연구
CURI,CuriosityStream Inc,NASDAQ,온라인 서비스
RDCM,Radcom Ltd,NASDAQ,통신 및 네트워킹
BRRKU,Bluerock Acquisition II Units,NASDAQ,투자 지주 회사
HSDT,Solana Co,NASDAQ,투자 관리 및 펀드 운영
ATOM,Atomera Inc,NASDAQ,반도체
HTLM,HomesToLife Ltd,NASDAQ,가정용 가구 소매
NAKA,Nakamoto Inc,NASDAQ,블록 체인 및 암호화폐
CTAA,Clearthink 1 Acquisition Corp,NASDAQ,투자 지주 회사
EBMT,Eagle Bancorp Montana Inc,NASDAQ,은행
OCLT,OceanLight Acquisition Corp,NASDAQ,투자 지주 회사
PEPG,PepGen Inc.,NASDAQ,생명 공학 및 의학 연구
TNXP,Tonix Pharmaceuticals Holding Corp.,NASDAQ,제약
NMP,Nmp Acquisition Corp,NASDAQ,투자 지주 회사
VYGR,Voyager Therapeutics  Inc.,NASDAQ,생명 공학 및 의학 연구
ENGS,Energys Group Ltd,NASDAQ,전기 부품 및 장비
SANG,Sangoma Technologies Corp,NASDAQ,통신 및 네트워킹
AIFU,AIFU Inc.,NASDAQ,복합보험 및 중개인
EMIS,Emmis Acquisition Corp.,NASDAQ,투자 지주 회사
LKSP,Lake Superior Acquisition Corp.,NASDAQ,투자 지주 회사
NBP,NovaBridge Biosciences ADR,NASDAQ,생명 공학 및 의학 연구
ABOS,Acumen Pharmaceuticals Inc,NASDAQ,생명 공학 및 의학 연구
FLWS,1-800-FLOWERS.COM  Inc.,NASDAQ,기타 전문 소매
FJDI,ARC Group Securities Acquisition I,NASDAQ,투자 지주 회사
LAFA,LaFayette Acquisition Corp,NASDAQ,투자 지주 회사
NERV,Minerva Neurosciences  Inc,NASDAQ,생명 공학 및 의학 연구
SPEG,Silver Pegasus Acquisition Corp.,NASDAQ,투자 지주 회사
CHTRP,Charter Communications Cumulative Redeemable Prf Shs Series A,NASDAQ,통합 통신 서비스
ONEW,OneWater Marine Inc,NASDAQ,오락용 제품
FMAC,Future Money Acquisition Corp,NASDAQ,투자 지주 회사
JRVR,James River Group Holdings Inc,NASDAQ,복합보험 및 중개인
LBTYB,Liberty Global Ltd Class B,NASDAQ,방송
DMRC,Digimarc Corporation,NASDAQ,소프트웨어
OPRX,OptimizeRx Corporation,NASDAQ,온라인 서비스
HUCK,Domo Inc,NASDAQ,소프트웨어
SEVN,Seven Hills Realty Trust,NASDAQ,특수 REITs
MENS,Jyong Biotech Ltd,NASDAQ,생명 공학 및 의학 연구
SKYX,SKYX Platforms Corp,NASDAQ,전기 부품 및 장비
BPYPN,Brookfield Ppty Partners 5 750 Cum Red Perp Series 3 Class A,NASDAQ,투자 관리 및 펀드 운영
LEE,Lee Enterprises Inc,NASDAQ,소비자 출판
AMBR,Amber International Holding Ltd ADR,NASDAQ,핀테크
STRS,Stratus Properties Inc,NASDAQ,"부동산 임대, 개발 및 운영"
FINW,Finwise Bancorp,NASDAQ,은행
WW,WW International Inc,NASDAQ,개인 서비스
MRDN,Meridian Holdings Inc,NASDAQ,온라인 서비스
NEOV,NeoVolta Inc,NASDAQ,전기 부품 및 장비
KLXE,KLX Energy Services Holdings Inc,NASDAQ,오일 관련 서비스 및 장비
INAC,Indigo Acquisition Corp,NASDAQ,투자 지주 회사
CDXS,Codexis  Inc.,NASDAQ,생명 공학 및 의학 연구
EGAN,eGain Corp,NASDAQ,소프트웨어
DERM,Journey Medical Corp,NASDAQ,제약
LEDRU,Leader s Advantage Acquisition Units,NASDAQ,투자 지주 회사
CEPS,Cantor Equity Partners Vi  Inc,NASDAQ,투자 지주 회사
BSET,Bassett Furniture Industries Inc,NASDAQ,가정용 가구
FCNCO,First Citizens BancShares 5 625 Non Cumulative Perpetual Prf Shs Series C,NASDAQ,은행
WHF,WhiteHorse Finance Inc,NASDAQ,폐쇄형 펀드
ZJYL,Jin Medical International Ltd,NASDAQ,"의료 장비, 물품 및 유통"
MOLN,Molecular Partners AG ADR,NASDAQ,생명 공학 및 의학 연구
SRBK,SR Bancorp Inc,NASDAQ,은행
MBINN,Merchants Bancorp 40 DS Rep Perp Prf Shs Series C,NASDAQ,은행
NSAI,Northstrive Acquisition Corp I.,NASDAQ,투자 지주 회사
VLYPN,Valley National Bancorp 8 250 Fixed Rate Reset Non Cumulative 8.250,NASDAQ,은행
DLTH,Duluth Holdings Inc,NASDAQ,의류 및 액세서리
DVLT,Datavault AI Inc,NASDAQ,IT 서비스 및 컨설팅
APUR,Aperture AC,NASDAQ,투자 지주 회사
EDRY,EuroDry Ltd,NASDAQ,해양 화물 및 물류
CEPL,Capstone Energy+ Inc,NASDAQ,중전기장비
POLE,Andretti Acquisition Corp. II,NASDAQ,투자 지주 회사
ALPX,Alpex Acquisition Corp,NASDAQ,투자 지주 회사
NIU,NIU Technologies ADR,NASDAQ,자동차 및 트럭 제조
HUHU,Huhutech International Group Inc,NASDAQ,산업용 기계 및 장비
OCC,Optical Cable Corp,NASDAQ,통신 및 네트워킹
KZIA,Kazia Therapeutics Ltd ADR,NASDAQ,생명 공학 및 의학 연구
NCO,Southern Cross Acquisition I Corp,NASDAQ,투자 지주 회사
KRRO,Korro Bio  Inc.,NASDAQ,생명 공학 및 의학 연구
MYX,Maywood Acquisition Corp 2,NASDAQ,투자 지주 회사
BIDWU,Tribeca Strategic Acquisition Units,NASDAQ,투자 지주 회사
CAAS,China Automotive Systems Inc,NASDAQ,"자동차, 트럭 및 오토바이 부품"
HUMA,Humacyte Inc,NASDAQ,생명 공학 및 의학 연구
EML,Eastern Company,NASDAQ,산업용 기계 및 장비
LUCD,Lucid Diagnostics Inc,NASDAQ,"의료 장비, 물품 및 유통"
RRGB,Red Robin Gourmet Burgers Inc,NASDAQ,레스토랑 및 바
LSBK,Lake Shore Bancorp Inc,NASDAQ,은행
BYND,Beyond Meat  Inc.,NASDAQ,식품 가공
RNA,Atrium Therapeutics Inc,NASDAQ,생명 공학 및 의학 연구
TCGX,TCGX Acquisition Corp,NASDAQ,투자 지주 회사
SAFX,XCF Global Inc,NASDAQ,재생 가능 연료
BHFAM,Brighthouse Financial DS rep 1 1 000 4 625 Cum Prf Shs Series D,NASDAQ,생명 및 건강 보험
TLSA,Tiziana Life Sciences Ltd,NASDAQ,생명 공학 및 의학 연구
HBANM,Huntington Bancshares Dep Shs Rep 1 1000 Prf Shs Series I,NASDAQ,은행
BHAV,BHAV Acquisition Corp,NASDAQ,투자 지주 회사
NYXH,Nyxoah SA,NASDAQ,첨단 의료 장비 및 기술
OGI,Organigram Global Inc,NASDAQ,의료 시설 및 서비스
FEAM,5E Advanced Materials  Inc.,NASDAQ,특수 채굴 및 금속
HURC,Hurco Companies Inc,NASDAQ,산업용 기계 및 장비
INGN,Inogen  Inc.,NASDAQ,"의료 장비, 물품 및 유통"
LFMD,LifeMD Inc,NASDAQ,첨단 의료 장비 및 기술
SPRB,Spruce Biosciences  Inc.,NASDAQ,생명 공학 및 의학 연구
OTLK,Outlook Therapeutics Inc,NASDAQ,생명 공학 및 의학 연구
RFAM,RF Acquisition Corp III,NASDAQ,투자 지주 회사
HOFT,Hooker Furnishings Corp,NASDAQ,가정용 가구
DOYU,Douyu International Holdings Ltd ADR,NASDAQ,온라인 서비스
SCPQ,Social Commerce Partners Corp,NASDAQ,투자 지주 회사
OXSQ,Oxford Square Capital Corp.,NASDAQ,폐쇄형 펀드
FULTP,Fulton Financial 1 40th DS Cum Prf Shs Series A,NASDAQ,은행
FTHA,Forefront Tech Holdings Acquisition Corp,NASDAQ,투자 지주 회사
TUSK,Mammoth Energy Services Inc,NASDAQ,오일 관련 서비스 및 장비
CRBU,Caribou Biosciences  Inc.,NASDAQ,생명 공학 및 의학 연구
BRLT,Brilliant Earth Group Inc,NASDAQ,의류 및 액세서리 소매
TNYA,Tenaya Therapeutics  Inc.,NASDAQ,생명 공학 및 의학 연구
KRMD,KORU Medical Systems Inc,NASDAQ,"의료 장비, 물품 및 유통"
DIBS,1stdibs.Com Inc,NASDAQ,온라인 서비스
HYNE,Hoyne Bancorp Inc,NASDAQ,은행
ENGN,enGene Therapeutics Inc.,NASDAQ,생명 공학 및 의학 연구
HURA,TuHURA Biosciences Inc,NASDAQ,생명 공학 및 의학 연구
FGBI,First Guaranty Bancshares Inc,NASDAQ,은행
WSHP,WeShop Holdings Limited,NASDAQ,온라인 서비스
VRA,Vera Bradley Inc,NASDAQ,의류 및 액세서리
CRBP,Corbus Pharmaceuticals Holdings  Inc.,NASDAQ,생명 공학 및 의학 연구
AGPU,Axe Compute Inc,NASDAQ,생명 공학 및 의학 연구
ALF,Centurion Acquisition Corp,NASDAQ,투자 지주 회사
DH,Definitive Healthcare Corp,NASDAQ,소프트웨어
UNCY,Unicycive Therapeutics Inc,NASDAQ,생명 공학 및 의학 연구
RGP,Resources Connection  Inc.,NASDAQ,경영 지원 서비스
VNCE,Vince Holding Corp,NASDAQ,의류 및 액세서리 소매
HCAT,Health Catalyst  Inc.,NASDAQ,소프트웨어
ZJK,ZJK Industrial Co Ltd,NASDAQ,산업용 기계 및 장비
CLAR,Clarus Corp,NASDAQ,오락용 제품
VIVO,VivoPower PLC,NASDAQ,전력 유틸리티
AMTX,Aemetis Inc,NASDAQ,재생 가능 연료
FWAC,Futurewave Acquisition Corp,NASDAQ,투자 지주 회사
GRML,Greenland Mines Ltd,NASDAQ,다각적 채굴
KVHI,KVH Industries Inc,NASDAQ,통신 및 네트워킹
ACNT,Ascent Industries Co,NASDAQ,철 및 강철
IMUX,Immunic  Inc.,NASDAQ,생명 공학 및 의학 연구
AIRS,AirSculpt Technologies Inc,NASDAQ,의료 시설 및 서비스
CGO,Calamos Global Total Return Closed Fund,NASDAQ,폐쇄형 펀드
NRXP,NRX Pharmaceuticals Inc,NASDAQ,생명 공학 및 의학 연구
INO,Inovio Pharmaceuticals Inc,NASDAQ,생명 공학 및 의학 연구
PMVP,PMV Pharmaceuticals  Inc.,NASDAQ,생명 공학 및 의학 연구
NMPAU,NMP Acquisition Units,NASDAQ,투자 지주 회사
SAMG,Silvercrest Asset Management Group Inc,NASDAQ,투자 관리 및 펀드 운영
OESX,Orion Energy Systems Inc,NASDAQ,건설 자재 및 비품
RTB,RTB Digital Inc,NASDAQ,소프트웨어
SEER,Seer  Inc.,NASDAQ,사무기기
CBUS,Cibus Inc,NASDAQ,첨단 의료 장비 및 기술
MGYR,Magyar Bancorp Inc,NASDAQ,은행
PLBY,Playboy Inc,NASDAQ,의류 및 액세서리 소매
SHIM,Shimmick Corp,NASDAQ,건설 및 엔지니어링
VTVT,vTv Therapeutics Inc,NASDAQ,생명 공학 및 의학 연구
BOTJ,Bank of The James Financial Group Inc,NASDAQ,은행
QSEA,Quartzsea Acquisition Corp,NASDAQ,투자 지주 회사
CODA,Coda Octopus Group Inc,NASDAQ,전자 장비 및 부품
SMID,Smith-Midland Corp,NASDAQ,건설 자재
ZKIN,ZK International Group Co Ltd,NASDAQ,건설 자재 및 비품
LENZ,LENZ Therapeutics  Inc.,NASDAQ,생명 공학 및 의학 연구
CHAR,Charlton Aria Acquisition Corp,NASDAQ,투자 지주 회사
WSBK,Winchester Bancorp Inc,NASDAQ,은행
PLCI,Pelican Acquisition II Corp,NASDAQ,투자 지주 회사
SUIG,Sui Group Holdings Ltd,NASDAQ,블록 체인 및 암호화폐
VERI,Veritone Inc,NASDAQ,IT 서비스 및 컨설팅
NCOOU,Southern Cross Acquisition I Units,NASDAQ,투자 지주 회사
STEX,Streamex Corp,NASDAQ,"금융, 상품 시장 운영 및 서비스 제공"
CVGI,Commercial Vehicle Group Inc,NASDAQ,"자동차, 트럭 및 오토바이 부품"
XLAB,D Boral ARC Acquisition I Corp,NASDAQ,투자 지주 회사
LX,LexinFintech Holdings Ltd. ADR,NASDAQ,소비자 대출
RVSB,Riverview Bancorp Inc,NASDAQ,은행
QUMS,Quantumsphere Acquisition Corp,NASDAQ,투자 지주 회사
BRKH,Burtech Acquisition Corp II,NASDAQ,투자 지주 회사
CTW,CTW,NASDAQ,소프트웨어
CBAT,CBAK Energy Technology Ltd,NASDAQ,전기 부품 및 장비
COYA,Coya Therapeutics Inc,NASDAQ,생명 공학 및 의학 연구
IMDX,Insight Molecular Diagnostics Inc,NASDAQ,생명 공학 및 의학 연구
CPIX,Cumberland Pharmaceuticals Inc.,NASDAQ,제약
GOW,Inflection Point Acquisition Corp V,NASDAQ,투자 지주 회사
BEEP,Mobile Infrastructure Corp,NASDAQ,"부동산 임대, 개발 및 운영"
ZENA,Zenatech  Inc.,NASDAQ,항공우주 및 방위
WTF,Waton Financial Ltd,NASDAQ,투자 은행 및 중개 서비스
MXCT,MaxCyte Inc,NASDAQ,첨단 의료 장비 및 기술
BSBK,Bogota Financial Corp,NASDAQ,은행
AARD,Aardvark Therapeutics  Inc.,NASDAQ,생명 공학 및 의학 연구
PLMK,Plum Acquisition Corp. IV,NASDAQ,투자 지주 회사
SFBC,Sound Financial Bancorp Inc,NASDAQ,은행
BOOM,DMC Global Inc,NASDAQ,건설 자재 및 비품
LIXT,Lixte Biotechnology Holdings Inc,NASDAQ,생명 공학 및 의학 연구
GNLX,Genelux Corporation,NASDAQ,생명 공학 및 의학 연구
HOVR,New Horizon Aircraft Ltd,NASDAQ,항공우주 및 방위
UNB,Union Bankshares Inc,NASDAQ,은행
FXAC,Fortunex Acquisition Corp,NASDAQ,투자 지주 회사
ABLV,Able View Global Inc,NASDAQ,기타 전문 소매
RDZN,Roadzen Inc,NASDAQ,손해보험
PROV,Provident Financial Holdings Inc,NASDAQ,은행
VIOT,Viomi Technology Co Ltd ADR,NASDAQ,"가전제품, 도구 및 가정 용품"
NMRA,Neumora Therapeutics Inc,NASDAQ,생명 공학 및 의학 연구
VANI,Vivani Medical Inc,NASDAQ,"의료 장비, 물품 및 유통"
LANDO,Gladstone Land 6 00 Cum Redmabe Prf Shs Series B,NASDAQ,특수 REITs
OKUR,Onkure Therapeutics Inc,NASDAQ,생명 공학 및 의학 연구
RANI,Rani Therapeutics Holdings Inc,NASDAQ,생명 공학 및 의학 연구
BMHL,Bluemount Holdings Ltd,NASDAQ,의류 및 액세서리
QUCY,Quantum Cyber NV,NASDAQ,IT 서비스 및 컨설팅
SSTI,SoundThinking Inc,NASDAQ,소프트웨어
CLLS,Cellectis SA ADR,NASDAQ,생명 공학 및 의학 연구
WALD,Waldencast PLC,NASDAQ,기타 전문 소매
PNBK,Patriot National Bancorp Inc,NASDAQ,은행
RACD,Research Alliance Corporation IV,NASDAQ,투자 지주 회사
GSIW,Garden Stage Ltd,NASDAQ,투자 은행 및 중개 서비스
BDTX,Black Diamond Therapeutics Inc,NASDAQ,생명 공학 및 의학 연구
INVZ,Innoviz Technologies Ltd,NASDAQ,전자 장비 및 부품
MIST,Milestone Pharmaceuticals Inc,NASDAQ,생명 공학 및 의학 연구
ULBI,Ultralife Corp,NASDAQ,전기 부품 및 장비
PUSA,Aureus Greenway Holdings Inc,NASDAQ,여가 및 오락시설
PYPD,PolyPid Ltd,NASDAQ,제약
MYXXU,Maywood Acquisition 2 Units,NASDAQ,투자 지주 회사
PBHC,Pathfinder Bancorp Inc (MARYLAND),NASDAQ,은행
MACI,Melar Acquisition Corp I,NASDAQ,투자 지주 회사
TCX,Tucows Inc,NASDAQ,온라인 서비스
JTTT,JATT III Acquisition Corp,NASDAQ,투자 지주 회사
NICM,Nicola Mining Inc ADR,NASDAQ,다각적 채굴
JYNT,Joint Corp,NASDAQ,의료 시설 및 서비스
WFF,WF Holding Ltd,NASDAQ,상품 화학
CHPG,ChampionsGate Acquisition Corp,NASDAQ,투자 지주 회사
STHO,Star Holdings,NASDAQ,"부동산 임대, 개발 및 운영"
AMAN,Amanat Acquisition Corp,NASDAQ,투자 지주 회사
APYX,Apyx Medical Inc,NASDAQ,"의료 장비, 물품 및 유통"
PLYX,Polaryx Therapeutics  Inc,NASDAQ,생명 공학 및 의학 연구
EQ,Equillium Inc,NASDAQ,생명 공학 및 의학 연구
VIRC,Virco Mfg Corp,NASDAQ,비즈니스 지원 용품
TLAC,Three Lions Acquisition Corp,NASDAQ,투자 지주 회사
ANIX,Anixa Biosciences Inc,NASDAQ,생명 공학 및 의학 연구
FVNNU,Future Vision II Acquisition Units,NASDAQ,투자 지주 회사
QXL,Quantum X Labs Inc,NASDAQ,소프트웨어
CNXU,Conexeu Sciences Inc,NASDAQ,생명 공학 및 의학 연구
OPNW,VerifyMe Inc,NASDAQ,소프트웨어
KEQU,Kewaunee Scientific Corp,NASDAQ,비즈니스 지원 용품
CSTE,Caesarstone Ltd,NASDAQ,건설 자재 및 비품
MWC,Micware Co Ltd ADR,NASDAQ,IT 서비스 및 컨설팅
FLNT,Fluent Inc,NASDAQ,광고 및 마케팅
BZFD,BuzzFeed  Inc.,NASDAQ,온라인 서비스
BWEN,Broadwind Inc,NASDAQ,재생 가능 에너지 장비 및 서비스
SPKL,Spark I Acquisition Corp,NASDAQ,투자 지주 회사
RNAQ,Rainier Acquisition Corp,NASDAQ,투자 지주 회사
WCT,Wellchange Holdings Co Ltd,NASDAQ,소프트웨어
RACC,Research Alliance Corporation III,NASDAQ,투자 지주 회사
HMR,Heidmar Maritime Holdings Corp,NASDAQ,해양 화물 및 물류
XHG,XChange TEC.INC ADR,NASDAQ,복합보험 및 중개인
SPWR,SunPower Inc,NASDAQ,건설 자재 및 비품
LAKE,Lakeland Industries Inc,NASDAQ,의류 및 액세서리
NTHI,NeOnc Technologies Holdings Inc,NASDAQ,생명 공학 및 의학 연구
FLX,BingEx Ltd ADR,NASDAQ,"배달, 우편, 항공 화물 및 육상 물류"
PAL,Proficient Auto Logistics Inc,NASDAQ,지상 및 해상 여객 운송
ECOR,electroCore  Inc.,NASDAQ,"의료 장비, 물품 및 유통"
PMN,ProMIS Neurosciences Inc,NASDAQ,생명 공학 및 의학 연구
NIPG,NIP Group Inc. ADR,NASDAQ,여가 및 오락시설
PARK,Park Dental Partners Inc,NASDAQ,의료 시설 및 서비스
DGICB,Donegal Group Inc Class B,NASDAQ,손해보험
BMEA,Biomea Fusion  Inc.,NASDAQ,생명 공학 및 의학 연구
FNWB,First Northwest Bancorp,NASDAQ,은행
AGFY,Agrify Corp,NASDAQ,어업 및 농업
AMPG,Amplitech Group Inc,NASDAQ,통신 및 네트워킹
TAVI,Tavia Acquisition Corp,NASDAQ,투자 지주 회사
LINK,Interlink Electronics Inc,NASDAQ,반도체
CRDF,Cardiff Oncology  Inc.,NASDAQ,생명 공학 및 의학 연구
CTOR,Citius Oncology Inc,NASDAQ,생명 공학 및 의학 연구
SVRN,SVRN  Inc.,NASDAQ,해양 화물 및 물류
HDRN,Hadron Energy Inc,NASDAQ,전력 유틸리티
UPXI,Upexi  Inc,NASDAQ,개인 생활 필수 용품
CIGL,Concorde International Group Ltd,NASDAQ,경영 지원 서비스
USGO,US GoldMining Inc,NASDAQ,금
GCL,GCL Global Holdings Ltd,NASDAQ,온라인 서비스
SPAI,Safe Pro Group Inc,NASDAQ,IT 서비스 및 컨설팅
SOTK,Sono-Tek Corp,NASDAQ,산업용 기계 및 장비
JXG,JX Luxventure Group Inc,NASDAQ,다각적 산업용 제품 도매
BVC,BitVentures Ltd,NASDAQ,블록 체인 및 암호화폐
AUBN,Auburn National Bancorporation Inc,NASDAQ,은행
NTRB,Nutriband Inc,NASDAQ,"의료 장비, 물품 및 유통"
RLYB,Rallybio Corp,NASDAQ,생명 공학 및 의학 연구
SLNG,Stabilis Solutions Inc,NASDAQ,오일 및 가스 수송 서비스
CGTX,Cognition Therapeutics Inc,NASDAQ,생명 공학 및 의학 연구
HFFG,Hf Foods Group Inc,NASDAQ,식품 소매 및 유통
FUSB,First US Bancshares Inc,NASDAQ,은행
INSE,Inspired Entertainment  Inc,NASDAQ,온라인 서비스
FDSB,Fifth District Bancorp Inc,NASDAQ,소비자 대출
HERE,Here Group Ltd ADR,NASDAQ,장난감 및 어린이 제품
MMTX,Miluna Acquisition Corp,NASDAQ,투자 지주 회사
ORIQ,Origin Investment Corp I,NASDAQ,투자 지주 회사
SIMA,SIM Acquisition Corp. I,NASDAQ,투자 지주 회사
SWVL,Swvl Holdings Corp,NASDAQ,지상 및 해상 여객 운송
ATGL,Alpha Technology Group Ltd,NASDAQ,IT 서비스 및 컨설팅
ICCC,ImmuCell Corp,NASDAQ,제약
GRWG,GrowGeneration Corp,NASDAQ,주택 개조 제품 및 서비스 소매
SIEB,Siebert Financial Corp,NASDAQ,투자 은행 및 중개 서비스
WRAP,Wrap Technologies Inc,NASDAQ,통신 및 네트워킹
ACRV,Acrivon Therapeutics  Inc.,NASDAQ,생명 공학 및 의학 연구
JATT,JATT II Acquisition Corp,NASDAQ,투자 지주 회사
MDIA,Mediaco Holding Inc,NASDAQ,방송
FTLF,FitLife Brands Inc,NASDAQ,식품 가공
TRBG,Turbogen Ltd,NASDAQ,전기 부품 및 장비
ETS,Elite Express Holding Inc,NASDAQ,"배달, 우편, 항공 화물 및 육상 물류"
SUNS,Sunrise Realty Trust Inc,NASDAQ,특수 REITs
MCAH,Mountain Crest Acquisition 6 Corp,NASDAQ,투자 지주 회사
ALIS,Calisa Acquisition Corp,NASDAQ,투자 지주 회사
MMLP,Martin Midstream Partners Units,NASDAQ,오일 및 가스 수송 서비스
CCLD,CareCloud Inc,NASDAQ,소프트웨어
GUTS,Fractyl Health  Inc.,NASDAQ,생명 공학 및 의학 연구
DWSN,Dawson Geophysical Co,NASDAQ,오일 관련 서비스 및 장비
ARQ,Arq  Inc.,NASDAQ,상품 화학
RFIL,RF Industries Ltd,NASDAQ,전기 부품 및 장비
HYPR,Hyperfine  Inc.,NASDAQ,첨단 의료 장비 및 기술
LSE,Leishen Energy Holding Co Ltd,NASDAQ,오일 관련 서비스 및 장비
ATRA,Atara Biotherapeutics  Inc.,NASDAQ,생명 공학 및 의학 연구
ONCY,Oncolytics Biotech Inc,NASDAQ,생명 공학 및 의학 연구
PFX,PhenixFIN Corp,NASDAQ,폐쇄형 펀드
MNTS,Momentus Inc,NASDAQ,항공우주 및 방위
UBCP,United Bancorp Inc,NASDAQ,은행
EMPD,Empery Digital Inc,NASDAQ,투자 관리 및 펀드 운영
PECE,Peace Acquisition Corp,NASDAQ,투자 지주 회사
AEYE,AudioEye Inc,NASDAQ,IT 서비스 및 컨설팅
GLIBA,Liberty Capital Corporation Series A,NASDAQ,통합 통신 서비스
SKYA,Skyai  Inc,NASDAQ,기타 핀테크 인프라
SEV,Aptera Motors Corp,NASDAQ,자동차 및 트럭 제조
ZSTK,ZeroStack Corp,NASDAQ,IT 서비스 및 컨설팅
BCIC,BCP Investment Corp,NASDAQ,폐쇄형 펀드
CPBI,Central Plains Bancshares Inc,NASDAQ,은행
SSBI,Summit State Bank,NASDAQ,은행
MNOV,MediciNova Inc,NASDAQ,생명 공학 및 의학 연구
APAC,StoneBridge Acquisition II Corporation,NASDAQ,투자 지주 회사
TELO,Telomir Pharmaceuticals Inc,NASDAQ,제약
SERA,Sera Prognostics  Inc.,NASDAQ,경영 지원 서비스
VRCA,Verrica Pharmaceuticals Inc,NASDAQ,제약
JLHL,Julong Holding Ltd,NASDAQ,산업용 기계 및 장비
LUNG,Pulmonx Corporation,NASDAQ,"의료 장비, 물품 및 유통"
SKIN,Skinhealth Systems Inc,NASDAQ,개인 생활 필수 용품
DTI,Drilling Tools International Corp,NASDAQ,오일 관련 서비스 및 장비
LPAA,Launch One Acquisition Corp,NASDAQ,투자 지주 회사
LNSR,LENSAR Inc,NASDAQ,첨단 의료 장비 및 기술
AFCG,Advanced Flower Capital Inc,NASDAQ,특수 REITs
CPHC,Canterbury Park Holding Corp,NASDAQ,카지노 및 도박
MAYS,J W Mays Inc,NASDAQ,"부동산 임대, 개발 및 운영"
SCATU,Southern Cross Acquisition II Units,NASDAQ,투자 지주 회사
MBOT,Microbot Medical Inc,NASDAQ,생명 공학 및 의학 연구
WTGUU,Wintergreen Acquisition Units,NASDAQ,투자 지주 회사
WSTN,Westin Acquisition Corp,NASDAQ,투자 지주 회사
NAAS,NaaS Technology Inc ADR,NASDAQ,전력 유틸리티
AVAT,Avalanche Treasury Corp,NASDAQ,블록 체인 및 암호화폐
YDDL,One and one Green Technologies.INC,NASDAQ,환경 서비스 및 장비
ARBE,Arbe Robotics Ltd,NASDAQ,항공우주 및 방위
LFVN,LifeVantage Corp,NASDAQ,제약
KNDI,Kandi Technologies Group Inc,NASDAQ,자동차 및 트럭 제조
HNNA,Hennessy Advisors Inc,NASDAQ,투자 관리 및 펀드 운영
NDLS,Noodles & Co,NASDAQ,레스토랑 및 바
SSEA,Starry Sea Acquisition Corp,NASDAQ,투자 지주 회사
CCAQ,Collective Acquisition Corp,NASDAQ,투자 지주 회사
ASRV,Ameriserv Financial Inc,NASDAQ,은행
BLNK,Blink Charging Co,NASDAQ,전력 유틸리티
OBTC,OSPREY BITCOIN ETP,NASDAQ,블록 체인 및 암호화폐
AMCI,AMC Robotics Corp,NASDAQ,온라인 서비스
WTG,Wintergreen Acquisition Corp,NASDAQ,투자 지주 회사
AZI,Autozi Internet Technology (Global) Ltd,NASDAQ,"자동차 차량, 부품 및 서비스 소매"
FATN,FatPipe Inc,NASDAQ,소프트웨어
BTCS,BTCS Inc,NASDAQ,블록 체인 및 암호화폐
CSPI,CSP Inc,NASDAQ,IT 서비스 및 컨설팅
GIBO,Gibo Holdings Ltd,NASDAQ,온라인 서비스
USIO,Usio Inc,NASDAQ,경영 지원 서비스
AIRT,Air T Inc,NASDAQ,"배달, 우편, 항공 화물 및 육상 물류"
BYRN,Byrna Technologies Inc,NASDAQ,항공우주 및 방위
ASPS,Altisource Portfolio Solutions S.A.,NASDAQ,부동산 서비스
ROC,Rank One Computing Corp,NASDAQ,소프트웨어
IBIO,iBio Inc,NASDAQ,생명 공학 및 의학 연구
NBRG,Newbridge Acquisition Limited,NASDAQ,투자 지주 회사
ATLX,Atlas Lithium Corporation,NASDAQ,특수 채굴 및 금속
GANX,Gain Therapeutics Inc,NASDAQ,생명 공학 및 의학 연구
BPAC,Blueport Acquisition Ltd,NASDAQ,투자 지주 회사
GOODO,Gladstone Commercial 6 00 Cum Red Prf Shs Series G,NASDAQ,복합부동산 REITs
HFBL,Home Federal Bancorp Inc of Louisiana,NASDAQ,은행
OPXS,Optex Systems Holdings Inc,NASDAQ,항공우주 및 방위
GOAI,Eva Live Inc,NASDAQ,엔터테인먼트 제작
LNZA,Lanzatech Global Inc,NASDAQ,환경 서비스 및 장비
RGS,Regis Corp,NASDAQ,개인 서비스
ALDX,Aldeyra Therapeutics Inc,NASDAQ,생명 공학 및 의학 연구
BSIN,Big Sky Industrial Inc,NASDAQ,"오일, 가스 탐사 및 생산"
ISPR,Ispire Technology Inc,NASDAQ,담배
NTIC,Northern Technologies International Corp,NASDAQ,산업용 기계 및 장비
KELYB,Kelly Services Inc Class B,NASDAQ,고용 서비스
KBSX,FST Ltd,NASDAQ,철 및 강철
PXS,Pyxis Tankers Inc,NASDAQ,해양 화물 및 물류
GECC,Great Elm Capital Corp,NASDAQ,폐쇄형 펀드
JFIN,Jiayin Group Inc ADR,NASDAQ,핀테크
BYFC,Broadway Financial Corp,NASDAQ,은행
RML,Resolution Minerals Ltd ADR,NASDAQ,특수 채굴 및 금속
RSSS,Research Solutions Inc,NASDAQ,온라인 서비스
RANG,Range Capital Acquisition Corp,NASDAQ,투자 지주 회사
APLM,Apollomics Inc,NASDAQ,투자 지주 회사
WATT,Energous Corp,NASDAQ,전기 부품 및 장비
CPSH,CPS Technologies Corp,NASDAQ,전기 부품 및 장비
GOSS,Gossamer Bio  Inc.,NASDAQ,생명 공학 및 의학 연구
DTCX,Datacentrex Inc,NASDAQ,블록 체인 및 암호화폐
CING,Cingulate Inc,NASDAQ,생명 공학 및 의학 연구
GLBS,Globus Maritime Limited,NASDAQ,해양 화물 및 물류
JRSH,Jerash Holdings (US) Inc,NASDAQ,직물 및 가죽제품
FBIO,Fortress Biotech Inc,NASDAQ,제약
SCOR,Comscore Inc,NASDAQ,광고 및 마케팅
MEGL,Magic Empire Global Ltd,NASDAQ,투자 은행 및 중개 서비스
CLST,Catalyst Bancorp Inc,NASDAQ,은행
PSIG,PS International Group Ltd,NASDAQ,"배달, 우편, 항공 화물 및 육상 물류"
TENX,Tenax Therapeutics Inc,NASDAQ,생명 공학 및 의학 연구
SPRO,Spero Therapeutics  Inc.,NASDAQ,생명 공학 및 의학 연구
RNXT,RenovoRx Inc,NASDAQ,"의료 장비, 물품 및 유통"
PODC,Podcastone Inc,NASDAQ,IT 서비스 및 컨설팅
TYGO,Tigo Energy  Inc.,NASDAQ,반도체
THRY,Thryv Holdings Inc,NASDAQ,광고 및 마케팅
ATHE,Alterity Therapeutics Limited ADR,NASDAQ,생명 공학 및 의학 연구
CSBR,Champions Oncology Inc,NASDAQ,생명 공학 및 의학 연구
RNTX,Rein Therapeutics Inc,NASDAQ,생명 공학 및 의학 연구
CNTB,Connect Biopharma Holdings Ltd,NASDAQ,생명 공학 및 의학 연구
BZAI,Blaize Holdings Inc,NASDAQ,IT 서비스 및 컨설팅
GDHG,Golden Heaven Group Holdings Ltd,NASDAQ,여가 및 오락시설
HOUR,Hour Loop Inc,NASDAQ,백화점
KLRS,Kalaris Therapeutics Inc,NASDAQ,생명 공학 및 의학 연구
KXIN,Kaixin Holdings,NASDAQ,"자동차 차량, 부품 및 서비스 소매"
ESYN,EnerSyn Global Inc.,NASDAQ,레스토랑 및 바
MB,Masterbeef Group,NASDAQ,레스토랑 및 바
OKYO,OKYO Pharma Ltd,NASDAQ,제약
AIFC,AI Financial Corp,NASDAQ,핀테크
OCCI,OFS Credit Company Inc,NASDAQ,폐쇄형 펀드
TRT,Trio-Tech International,NASDAQ,반도체 장비 및 테스트
UEIC,Universal Electronics Inc,NASDAQ,가정용 전자 제품
NEXM,NexMetals Mining Corp,NASDAQ,특수 채굴 및 금속
PLRX,Pliant Therapeutics  Inc.,NASDAQ,제약
GEG,Great Elm Group Inc,NASDAQ,투자 관리 및 펀드 운영
ACET,ADICET Bio  Inc.,NASDAQ,생명 공학 및 의학 연구
XBIT,XBiotech Inc,NASDAQ,생명 공학 및 의학 연구
ALPS,Alps Group Inc,NASDAQ,의료 시설 및 서비스
GNSS,Genasys Inc,NASDAQ,통신 및 네트워킹
DXR,Daxor Corp,NASDAQ,폐쇄형 펀드
NTWK,NetSol Technologies Inc,NASDAQ,IT 서비스 및 컨설팅
NVX,NOVONIX Ltd ADR,NASDAQ,전기 부품 및 장비
AEC,Anfield Energy Inc,NASDAQ,우라늄
YIBO,Planet Image International Ltd,NASDAQ,사무기기
PCLA,Picocela Inc ADR,NASDAQ,통신 및 네트워킹
AIRG,Airgain Inc,NASDAQ,통신 및 네트워킹
DRIO,DarioHealth Corp,NASDAQ,"의료 장비, 물품 및 유통"
PRTS,Carparts.Com Inc,NASDAQ,"자동차 차량, 부품 및 서비스 소매"
IPWR,Ideal Power Inc,NASDAQ,반도체
STKE,Sol Strategies Inc,NASDAQ,블록 체인 및 암호화폐
MREO,Mereo BioPharma Group PLC ADR,NASDAQ,생명 공학 및 의학 연구
TTEC,TTEC Holdings Inc (Texas),NASDAQ,IT 서비스 및 컨설팅
AISP,Airship AI Holdings Inc,NASDAQ,IT 서비스 및 컨설팅
INKT,Mink Therapeutics Inc,NASDAQ,생명 공학 및 의학 연구
INTG,InterGroup Corp,NASDAQ,"호텔, 모텔 및 크루즈 라인"
GEOS,Geospace Technologies Corp,NASDAQ,오일 관련 서비스 및 장비
NMAD,NOMAD Power Solutions  Inc,NASDAQ,전기 부품 및 장비
ANTA,Antalpha Platform Holding Co,NASDAQ,블록 체인 및 암호화폐
GGR,Gogoro Inc,NASDAQ,오락용 제품
INCR,InterCure Ltd,NASDAQ,의료 시설 및 서비스
WNW,Meiwu Technology Co Ltd,NASDAQ,백화점
OXLCN,Oxford Lane Capital 7 125 Prf Shs Series 2029,NASDAQ,폐쇄형 펀드
FRMM,Forum Markets  Inc,NASDAQ,기타 핀테크 인프라
HYFT,Mindwalk Holdings Corp.,NASDAQ,제약
BOF,BranchOut Food Inc,NASDAQ,식품 가공
SGLD,Scorpio Gold Corp ADR,NASDAQ,금
ELOX,Eloxx Pharmaceuticals Inc,NASDAQ,생명 공학 및 의학 연구
VSA,VisionSys AI Inc ADR,NASDAQ,생명 공학 및 의학 연구
ODYS,Odysight.AI Inc,NASDAQ,온라인 서비스
TDTH,Trident Digital Tech Holdings Ltd,NASDAQ,IT 서비스 및 컨설팅
YTRA,Yatra Online Inc,NASDAQ,여가 및 오락시설
TLPH,Talphera Inc,NASDAQ,제약
INSG,Inseego Corp.,NASDAQ,통신 및 네트워킹
NPT,Texxon Holding Ltd,NASDAQ,상품 화학
ADBT,Advasa Holdings  Inc.,NASDAQ,소프트웨어
XLO,Xilio Therapeutics Inc,NASDAQ,생명 공학 및 의학 연구
HRTX,Heron Therapeutics Inc,NASDAQ,생명 공학 및 의학 연구
CAPN,Cayson Acquisition Corp,NASDAQ,투자 지주 회사
SPCB,Supercom Ltd,NASDAQ,소프트웨어
ZOOZ,Zooz Strategy Ltd,NASDAQ,전력 유틸리티
DGNX,Diginex Limited,NASDAQ,소프트웨어
HYPD,Hyperion DeFi Inc,NASDAQ,제약
FBDT,First Breach Inc.,NASDAQ,항공우주 및 방위
CLNN,Clene Inc,NASDAQ,생명 공학 및 의학 연구
SLSN,Solesence Inc,NASDAQ,개인 생활 필수 용품
MOB,Mobilicom Limited,NASDAQ,소프트웨어
CAST,Freecast Inc,NASDAQ,온라인 서비스
BSEM,BioStem Technologies  Inc.,NASDAQ,제약
UYSC,UY Scuti Acquisition Corp,NASDAQ,투자 지주 회사
SORA,AsiaStrategy,NASDAQ,의류 및 액세서리
INVE,INVE Technologies Inc,NASDAQ,IT 서비스 및 컨설팅
MCHX,Marchex Inc,NASDAQ,광고 및 마케팅
JZXN,Jiuzi Holdings Inc,NASDAQ,"자동차 차량, 부품 및 서비스 소매"
BOLD,Boundless Bio  Inc.,NASDAQ,생명 공학 및 의학 연구
ICG,Intchains Group Ltd ADR,NASDAQ,블록 체인 및 암호화폐
EDSA,Edesa Biotech Inc,NASDAQ,생명 공학 및 의학 연구
OM,Outset Medical  Inc.,NASDAQ,첨단 의료 장비 및 기술
NCEW,New Century Logistics (BVI) Ltd,NASDAQ,"배달, 우편, 항공 화물 및 육상 물류"
TZOO,Travelzoo,NASDAQ,여가 및 오락시설
SELF,Global Self Storage Inc,NASDAQ,특수 REITs
LIDR,AEye Inc,NASDAQ,전자 장비 및 부품
MDXH,MDxHealth SA,NASDAQ,생명 공학 및 의학 연구
RENT,Rent the Runway  Inc.,NASDAQ,온라인 서비스
PGAC,Pantages Capital Acquisition Corp,NASDAQ,투자 지주 회사
WFCF,Where Food Comes From Inc,NASDAQ,IT 서비스 및 컨설팅
STI,Solidion Technology  Inc,NASDAQ,전기 부품 및 장비
STFS,Star Fashion Culture Holdings Ltd,NASDAQ,광고 및 마케팅
AACG,ATA Creativity Global ADR,NASDAQ,기타 교육 서비스 제공
NNOX,Nano-X Imaging Ltd,NASDAQ,첨단 의료 장비 및 기술
APWC,Asia Pacific Wire & Cable Corporation Ltd,NASDAQ,전기 부품 및 장비
PDSB,PDS Biotechnology Corp,NASDAQ,생명 공학 및 의학 연구
EXOZ,eXoZymes Inc,NASDAQ,생명 공학 및 의학 연구
LFS,Leifras Co Ltd ADR,NASDAQ,기타 교육 서비스 제공
MBAI,Mbody Ai Ltd,NASDAQ,생명 공학 및 의학 연구
INMB,INmune Bio Inc,NASDAQ,생명 공학 및 의학 연구
CIRC,Circle8 Group Inc,NASDAQ,고용 서비스
GRSD,Grandstand Limited,NASDAQ,광고 및 마케팅
BWBBP,Bridgewater Bancshares DS 1 100th Int 5 875 Non Cumu Perpl Prf Shs Series A,NASDAQ,은행
TOUR,Tuniu Corp ADR,NASDAQ,여가 및 오락시설
WATR,Inflection Point Acquisition Corp III,NASDAQ,투자 지주 회사
HIT,Health In Tech Inc,NASDAQ,생명 및 건강 보험
DLHC,DLH Holdings Corp,NASDAQ,IT 서비스 및 컨설팅
NAMM,Namib Minerals,NASDAQ,금
MDAI,Spectral AI Inc,NASDAQ,첨단 의료 장비 및 기술
IBAC,IB Acquisition Corp,NASDAQ,투자 지주 회사
DOMH,Dominari Holdings Inc,NASDAQ,투자 은행 및 중개 서비스
GENK,GEN Restaurant Group Inc,NASDAQ,레스토랑 및 바
ELBM,Electra Battery Materials Corporation,NASDAQ,특수 채굴 및 금속
METCB,Ramaco Resources  Inc. Class B,NASDAQ,철 및 강철
ELTK,Eltek Ltd,NASDAQ,반도체
TPCS,TechPrecision Corp,NASDAQ,산업용 기계 및 장비
COCH,Envoy Medical Inc,NASDAQ,첨단 의료 장비 및 기술
SAIH,SAIHEAT Ltd,NASDAQ,컴퓨터 하드웨어
SGA,Saga Communications Inc,NASDAQ,방송
AVX,AVAX One Technology Ltd,NASDAQ,블록 체인 및 암호화폐
MKDW,MKDWELL Tech Inc,NASDAQ,"자동차, 트럭 및 오토바이 부품"
FLL,Full House Resorts Inc,NASDAQ,카지노 및 도박
IMA,ImageneBio Inc,NASDAQ,생명 공학 및 의학 연구
TELA,TELA Bio Inc,NASDAQ,"의료 장비, 물품 및 유통"
MATH,Metalpha Technology Holding Ltd,NASDAQ,온라인 서비스
VRM,Vroom  Inc.,NASDAQ,소비자 대출
LASE,Laser Photonics Corp,NASDAQ,전기 부품 및 장비
RPID,Rapid Micro Biosystems  Inc.,NASDAQ,첨단 의료 장비 및 기술
SCWO,374Water Inc,NASDAQ,중전기장비
BKHA,Black Hawk Acquisition Corp,NASDAQ,투자 지주 회사
BRID,Bridgford Foods Corp,NASDAQ,식품 가공
REKR,Rekor Systems Inc,NASDAQ,소프트웨어
NCTY,The9 Ltd ADR,NASDAQ,블록 체인 및 암호화폐
STKS,One Group Hospitality Inc,NASDAQ,레스토랑 및 바
FTEK,Fuel Tech Inc,NASDAQ,환경 서비스 및 장비
LGO,Largo Inc,NASDAQ,우라늄
ACFN,Acorn Energy Inc,NASDAQ,IT 서비스 및 컨설팅
TEAD,Teads Holding Co,NASDAQ,온라인 서비스
TACT,TransAct Technologies Inc,NASDAQ,컴퓨터 하드웨어
TCBS,Texas Community Bancshares Inc,NASDAQ,은행
CRGO,Freightos Ltd,NASDAQ,"배달, 우편, 항공 화물 및 육상 물류"
DSWL,Deswell Industries Inc,NASDAQ,상품 화학
SRTS,Sensus Healthcare Inc,NASDAQ,첨단 의료 장비 및 기술
SCYX,SCYNEXIS Inc,NASDAQ,제약
PIII,P3 Health Partners Inc,NASDAQ,생명 공학 및 의학 연구
TIL,Instil Bio  Inc.,NASDAQ,생명 공학 및 의학 연구
SFWL,SHENGFENG DEVELOPMENT Ltd,NASDAQ,"배달, 우편, 항공 화물 및 육상 물류"
NA,Nano Labs Ltd,NASDAQ,반도체
SLMT,Brera Holdings PLC,NASDAQ,여가 및 오락시설
OFS,OFS Capital Corp,NASDAQ,폐쇄형 펀드
INV,Innventure Inc,NASDAQ,투자 관리 및 펀드 운영
FNUC,Frontier Nuclear and Minerals Inc,NASDAQ,우라늄
ELTX,Elicio Therapeutics Inc,NASDAQ,생명 공학 및 의학 연구
VGAS,Verde Clean Fuels  Inc.,NASDAQ,전력 유틸리티
PLCE,Children's Place Inc,NASDAQ,의류 및 액세서리 소매
CNVS,Cineverse Corp,NASDAQ,엔터테인먼트 제작
CULP,Culp Inc,NASDAQ,직물 및 가죽제품
WKEY,Wisekey International Holding AG ADR,NASDAQ,반도체
SOGP,Sound Group Inc ADR,NASDAQ,온라인 서비스
WYHG,Wing Yip Food Holdings Group Ltd ADR,NASDAQ,식품 가공
PTLE,PTL Ltd,NASDAQ,"오일, 가스 정제 및 마케팅"
CVRX,Cvrx  Inc,NASDAQ,"의료 장비, 물품 및 유통"
IDN,Intellicheck Inc,NASDAQ,소프트웨어
PROP,Prairie Operating Co,NASDAQ,"오일, 가스 탐사 및 생산"
VHUB,Venhub Global  Inc.,NASDAQ,소프트웨어
SOWG,Sow Good Inc,NASDAQ,식품 가공
ATHR,Aether Holdings Inc,NASDAQ,핀테크
DWTX,Dogwood Therapeutics Inc,NASDAQ,생명 공학 및 의학 연구
QTEX,Qtrex Quantum Ltd,NASDAQ,첨단 의료 장비 및 기술
KFFB,Kentucky First Federal Bancorp,NASDAQ,은행
RYM,RYTHM Inc,NASDAQ,어업 및 농업
KAZR,Skyline Builders Group Holding Ltd,NASDAQ,건설 및 엔지니어링
BNAI,Brand Engagement Network Inc,NASDAQ,IT 서비스 및 컨설팅
POCI,Precision Optics Corporation Inc,NASDAQ,"의료 장비, 물품 및 유통"
SDA,SunCar Technology Group Inc,NASDAQ,온라인 서비스
VERU,Veru Inc.,NASDAQ,생명 공학 및 의학 연구
GRCE,Grace Therapeutics  Inc,NASDAQ,생명 공학 및 의학 연구
MVIS,MicroVision Inc,NASDAQ,전자 장비 및 부품
XOS,Xos Inc,NASDAQ,자동차 및 트럭 제조
MBBC,Marathon Bancorp Inc,NASDAQ,은행
HGBL,Heritage Global Inc,NASDAQ,투자 관리 및 펀드 운영
ZBAO,Zhibao Technology Inc,NASDAQ,복합보험 및 중개인
PCTTU,PureCycle Technologies Units,NASDAQ,환경 서비스 및 장비
CRVO,CervoMed Inc,NASDAQ,생명 공학 및 의학 연구
TC,Token Cat Ltd ADR,NASDAQ,경영 지원 서비스
HOWL,Werewolf Therapeutics Inc,NASDAQ,생명 공학 및 의학 연구
HAIN,Hain Celestial Group Inc,NASDAQ,식품 가공
SPWH,Sportsman's Warehouse Holdings Inc,NASDAQ,기타 전문 소매
WETH,Wetouch Technology Inc,NASDAQ,전자 장비 및 부품
CELU,Celularity Inc,NASDAQ,제약
IZEA,IZEA Worldwide Inc,NASDAQ,광고 및 마케팅
BTMD,Biote Corp,NASDAQ,전문 정보 서비스
SEAT,Vivid Seats Inc,NASDAQ,온라인 서비스
COSM,Cosmos Health Inc,NASDAQ,제약
THCH,TH International Ltd,NASDAQ,식품 가공
TVGN,Tevogen Inc,NASDAQ,생명 공학 및 의학 연구
PXLW,Pixelworks  Inc.,NASDAQ,반도체
VHC,VirnetX Holding Corp,NASDAQ,IT 서비스 및 컨설팅
ELWT,Elauwit Connection Inc,NASDAQ,통합 통신 서비스
EUDA,EUDA Health Holdings Ltd,NASDAQ,첨단 의료 장비 및 기술
FLNA,Filana Therapeutics  Inc.,NASDAQ,생명 공학 및 의학 연구
PRPO,Precipio Inc,NASDAQ,첨단 의료 장비 및 기술
DTSQ,DT Cloud Star Acquisition Corp,NASDAQ,투자 지주 회사
LOAN,Manhattan Bridge Capital Inc,NASDAQ,특수 REITs
RIBB,Ribbon Acquisition Corp,NASDAQ,투자 지주 회사
YSXT,YSX Tech Co Ltd,NASDAQ,개인 서비스
VTIX,Virtuix Holdings Inc,NASDAQ,투자 지주 회사
MAMO,Massimo Group,NASDAQ,자동차 및 트럭 제조
KG,Kestrel Group Ltd,NASDAQ,복합보험 및 중개인
BAER,Bridger Aerospace Group Holdings Inc,NASDAQ,임업 및 목재 제품
QETA,Quetta Acquisition Corp,NASDAQ,투자 지주 회사
CMTL,Comtech Telecommunications Corp,NASDAQ,통신 및 네트워킹
NWGL,CL Workshop Group Ltd ADR,NASDAQ,임업 및 목재 제품
TREO,Tactical Resources Corp.,NASDAQ,금 제외 귀금속 및 광물
SYPR,Sypris Solutions Inc,NASDAQ,"자동차, 트럭 및 오토바이 부품"
AHMA,Ambitions Enterprise Management Co LLC,NASDAQ,여가 및 오락시설
IXHL,Incannex Healthcare Inc,NASDAQ,생명 공학 및 의학 연구
SNWV,SANUWAVE Health Inc,NASDAQ,"의료 장비, 물품 및 유통"
PHUN,Phunware Inc,NASDAQ,소프트웨어
PN,PN Smart Energy Ltd,NASDAQ,재생 가능 에너지 장비 및 서비스
MLGO,MicroAlgo Inc,NASDAQ,IT 서비스 및 컨설팅
MIND,Mind Technology Inc,NASDAQ,오일 관련 서비스 및 장비
LCCC,Lakeshore Acquisition III Corp,NASDAQ,투자 지주 회사
AIOS,AIOS Tech Inc,NASDAQ,핀테크
NEPH,Nephros Inc,NASDAQ,환경 서비스 및 장비
LITS,Lite Strategy Inc,NASDAQ,투자 관리 및 펀드 운영
MGX,Metagenomi Therapeutics Inc,NASDAQ,생명 공학 및 의학 연구
JG,Aurora Mobile Ltd ADR,NASDAQ,IT 서비스 및 컨설팅
OMEX,Odyssey Marine Exploration Inc,NASDAQ,특수 채굴 및 금속
CUBA,Herzfeld Caribbean Basin Fund，Inc.,NASDAQ,폐쇄형 펀드
DCGO,DocGo Inc.,NASDAQ,의료 시설 및 서비스
AURE,Aurelion Inc,NASDAQ,투자 관리 및 펀드 운영
NOEM,CO2 Energy Transition Corp,NASDAQ,투자 지주 회사
RDI,Reading International Inc Class A,NASDAQ,여가 및 오락시설
GAME,GameSquare Holdings Inc,NASDAQ,소프트웨어
ESHA,ESH Acquisition Corp,NASDAQ,투자 지주 회사
GMHS,Gamehaus Holdings Inc,NASDAQ,온라인 서비스
AERT,Aeries Technology Inc,NASDAQ,경영 지원 서비스
AFJK,Aimei Health Technology Co Ltd,NASDAQ,투자 지주 회사
XBP,XBP Global Holdings Inc,NASDAQ,핀테크
YQ,17 Education and Technology Group Inc ADR,NASDAQ,기타 교육 서비스 제공
MLCI,Mount Logan Capital Inc,NASDAQ,투자 관리 및 펀드 운영
BRAG,Bragg Gaming Group Inc,NASDAQ,온라인 서비스
KOSS,Koss Corp,NASDAQ,가정용 전자 제품
SNT,Senstar Technologies Corp,NASDAQ,전기 부품 및 장비
SCLX,Scilex Holding Co,NASDAQ,제약
RMCO,Royalty Management Holding Corp,NASDAQ,금 제외 귀금속 및 광물
PPSI,Pioneer Power Solutions Inc,NASDAQ,중전기장비
WAVE,Eco Wave Power Global AB (publ) ADR,NASDAQ,전력 유틸리티
QTI,QT Imaging Holdings Inc,NASDAQ,첨단 의료 장비 및 기술
BCTX,Briacell Therapeutics Corp,NASDAQ,생명 공학 및 의학 연구
WPRT,Westport Fuel Systems Inc,NASDAQ,"자동차, 트럭 및 오토바이 부품"
FSHP,Flag Ship Acquisition Corp,NASDAQ,투자 지주 회사
HOLO,MicroCloud Hologram Inc,NASDAQ,소프트웨어
LVLU,Lulu's Fashion Lounge Holdings Inc,NASDAQ,의류 및 액세서리 소매
ACCL,Acco Group Holdings Ltd,NASDAQ,경영 지원 서비스
HBIO,Harvard Bioscience Inc,NASDAQ,첨단 의료 장비 및 기술
FVN,Future Vision II Acquisition Corp,NASDAQ,투자 지주 회사
STRR,Star Equity Holdings Inc,NASDAQ,주택 건설
NFE,New Fortress Energy Inc.,NASDAQ,천연가스 유틸리티
PLUT,Plutus Financial Group Ltd,NASDAQ,투자 은행 및 중개 서비스
ZYBT,Zhengye Biotechnology Holding Ltd,NASDAQ,제약
LVO,LiveOne Inc,NASDAQ,엔터테인먼트 제작
FTCI,FTC Solar Inc,NASDAQ,전기 부품 및 장비
MIRA,MIRA Pharmaceuticals Inc,NASDAQ,생명 공학 및 의학 연구
GROW,US Global Investors Inc,NASDAQ,투자 관리 및 펀드 운영
ALGS,Aligos Therapeutics  Inc.,NASDAQ,생명 공학 및 의학 연구
ELUT,Elutia Inc,NASDAQ,제약
OCCIN,OFS Credit Company 5 25 Prf Shs Series E Due 2026,NASDAQ,폐쇄형 펀드
RYOJ,rYojbaba Co Ltd,NASDAQ,의료 시설 및 서비스
ONMD,Onemednet Corp,NASDAQ,경영 지원 서비스
RMTI,Rockwell Medical Inc,NASDAQ,제약
CREX,Creative Realities Inc,NASDAQ,IT 서비스 및 컨설팅
BODI,Beachbody Company  Inc,NASDAQ,온라인 서비스
YOUL,Youlife Group Inc ADR,NASDAQ,고용 서비스
IMMP,Immutep Ltd ADR,NASDAQ,생명 공학 및 의학 연구
ANGH,Anghami Inc,NASDAQ,온라인 서비스
HHS,Harte Hanks Inc,NASDAQ,광고 및 마케팅
TAOX,TAO Synergies Inc,NASDAQ,블록 체인 및 암호화폐
LONA,LeonaBio Inc,NASDAQ,생명 공학 및 의학 연구
GAIA,Gaia Inc,NASDAQ,온라인 서비스
BHST,BioHarvest Sciences Inc,NASDAQ,제약
MCRB,Seres Therapeutics  Inc.,NASDAQ,생명 공학 및 의학 연구
POWWP,AMMO 8 75 Cumulative Redeemable Perpetual Prf Shs Series A,NASDAQ,오락용 제품
JFU,9f Inc ADR,NASDAQ,IT 서비스 및 컨설팅
EHLD,Euroholdings Ltd,NASDAQ,해양 화물 및 물류
UG,United-Guardian Inc,NASDAQ,제약
COLA,Columbus Acquisition Corp,NASDAQ,투자 지주 회사
ITOC,iTonic Holdings Ltd,NASDAQ,첨단 의료 장비 및 기술
BOSC,BOS Better Online Solutions Ltd,NASDAQ,산업용 기계 및 장비
RAVE,Rave Restaurant Group Inc,NASDAQ,레스토랑 및 바
PFAI,Pinnacle Food Group Ltd,NASDAQ,주택 개조 제품 및 서비스 소매
ARAY,Accuray Incorporated,NASDAQ,첨단 의료 장비 및 기술
WKHS,Workhorse Group Inc,NASDAQ,자동차 및 트럭 제조
NSYS,Nortech Systems Inc,NASDAQ,반도체
YMT,Yimutian Inc ADR,NASDAQ,온라인 서비스
BYSI,Beyondspring Inc,NASDAQ,생명 공학 및 의학 연구
QNCX,Quince Therapeutics  Inc.,NASDAQ,생명 공학 및 의학 연구
XTIA,XTI Aerospace Inc,NASDAQ,항공우주 및 방위
FIEE,FiEE Inc,NASDAQ,IT 서비스 및 컨설팅
MNY,MoneyHero Ltd,NASDAQ,온라인 서비스
NSPR,InspireMD Inc,NASDAQ,"의료 장비, 물품 및 유통"
FGC,FG Communities Holdings Inc,NASDAQ,재보험
VAI,Valor Energy Inc.,NASDAQ,"자동차 차량, 부품 및 서비스 소매"
BIRD,Smartbird Inc,NASDAQ,IT 서비스 및 컨설팅
VTSI,VirTra Inc,NASDAQ,항공우주 및 방위
DAIO,Data I/O Corp,NASDAQ,컴퓨터 하드웨어
CLPS,CLPS Inc,NASDAQ,IT 서비스 및 컨설팅
ARBK,Argo Blockchain PLC ADR,NASDAQ,블록 체인 및 암호화폐
HERZ,Herzfeld Credit Income Fund，Inc.,NASDAQ,폐쇄형 펀드
BGDE,Big Digital Energy Inc,NASDAQ,IT 서비스 및 컨설팅
SJ,Scienjoy Holding Corp,NASDAQ,온라인 서비스
MF,MindForge Inc,NASDAQ,광고 및 마케팅
PETS,PetMed Express  Inc.,NASDAQ,의약품 소매
VIP,Vulcan Infrastructure and Power Inc,NASDAQ,IT 서비스 및 컨설팅
RYET,Ruanyun Edai Technology Inc,NASDAQ,소프트웨어
EDHL,Everbright Digital Holding Ltd,NASDAQ,광고 및 마케팅
OCCIM,OFS Credit Company 7 875 Prf Shs Series F,NASDAQ,폐쇄형 펀드
ATYR,aTyr Pharma Inc,NASDAQ,생명 공학 및 의학 연구
RAND,Rand Capital Corp,NASDAQ,투자 관리 및 펀드 운영
QNTM,Quantum Biopharma Ltd,NASDAQ,생명 공학 및 의학 연구
DRK,Darkhorse Technologies Inc,NASDAQ,블록 체인 및 암호화폐
EVAX,Evaxion A/S ADR,NASDAQ,생명 공학 및 의학 연구
CNTY,Century Casinos Inc,NASDAQ,카지노 및 도박
AEI,Alset Inc,NASDAQ,건설 및 엔지니어링
PAVM,PAVmed Inc,NASDAQ,첨단 의료 장비 및 기술
FLD,Fold Holdings Inc,NASDAQ,블록 체인 및 암호화폐
CVV,CVD Equipment Corp,NASDAQ,산업용 기계 및 장비
QRHC,Quest Resource Holding Corp,NASDAQ,환경 서비스 및 장비
RCON,Recon Technology Ltd,NASDAQ,오일 관련 서비스 및 장비
ANPA,Rich Sparkle Holdings Ltd,NASDAQ,상업 인쇄 서비스
NTRP,Nexttrip Inc,NASDAQ,여가 및 오락시설
RNAZ,Transcode Therapeutics Inc,NASDAQ,생명 공학 및 의학 연구
ABVC,ABVC Biopharma Inc,NASDAQ,생명 공학 및 의학 연구
EWAV,East West Ave Acquisition Corp,NASDAQ,투자 지주 회사
FKWL,Franklin Wireless Corp,NASDAQ,통신 및 네트워킹
BRLS,Borealis Foods Inc (Oakville),NASDAQ,식품 가공
KPTI,Karyopharm Therapeutics Inc.,NASDAQ,제약
BLNE,Beeline Holdings Inc,NASDAQ,소비자 대출
FFR,FF EAI Robotics Ecosystem Inc,NASDAQ,블록 체인 및 암호화폐
YHNA,YHN Acquisition I Ltd,NASDAQ,투자 지주 회사
CNTX,Context Therapeutics Inc,NASDAQ,생명 공학 및 의학 연구
FTFT,Future Fintech Group Inc,NASDAQ,블록 체인 및 암호화폐
MDBH,MDB Capital Holdings LLC,NASDAQ,투자 은행 및 중개 서비스
PDC,Perpetuals.com Ltd ADR,NASDAQ,블록 체인 및 암호화폐
OPTH,Optimi Health Corp,NASDAQ,제약
AIFA,All in Futuretech Alliance Inc,NASDAQ,온라인 서비스
KYNB,Kyntra Bio  Inc.,NASDAQ,제약
CRWS,Crown Crafts Inc,NASDAQ,가정용 가구
AAME,Atlantic American Corp,NASDAQ,생명 및 건강 보험
BBGI,Beasley Broadcast Group Inc,NASDAQ,방송
SWAG,Stran & Company Inc,NASDAQ,광고 및 마케팅
GRDX,GridAI Technologies Corp,NASDAQ,IT 서비스 및 컨설팅
BLIV,Belive Holdings,NASDAQ,통합 하드웨어 및 소프트웨어
NOMA,Nomadar Corp,NASDAQ,기타 교육 서비스 제공
MRNO,Murano Global Investments Plc,NASDAQ,"부동산 임대, 개발 및 운영"
USEA,United Maritime Corp,NASDAQ,해양 화물 및 물류
ORIO,Orion Digital Corp,NASDAQ,핀테크
REFR,Research Frontiers Inc,NASDAQ,엔터테인먼트 제작
PLRZ,Polyrizon Ltd,NASDAQ,생명 공학 및 의학 연구
BEEM,Beam Global,NASDAQ,재생 가능 에너지 장비 및 서비스
RDIB,Reading International Inc Class B,NASDAQ,여가 및 오락시설
RADX,Radiopharm Theranostics Ltd ADR,NASDAQ,제약
ASPC,A SPAC III Acquisition Corp,NASDAQ,투자 지주 회사
EURK,Eureka Acquisition Corp,NASDAQ,투자 지주 회사
BDMD,Baird Medical Investment Holdings Ltd,NASDAQ,"의료 장비, 물품 및 유통"
KMRK,K-Tech Solutions Co Ltd,NASDAQ,장난감 및 어린이 제품
ASTI,Ascent Solar Technologies Inc,NASDAQ,재생 가능 에너지 장비 및 서비스
DXLG,Destination XL Group Inc,NASDAQ,의류 및 액세서리 소매
AWRE,Aware Inc,NASDAQ,소프트웨어
CLIR,ClearSign Technologies Corp,NASDAQ,산업용 기계 및 장비
AXG,Solowin Holdings Ltd,NASDAQ,투자 관리 및 펀드 운영
AIFF,Firefly Neuroscience Inc,NASDAQ,IT 서비스 및 컨설팅
DUO,Fangdd Network Group Ltd,NASDAQ,부동산 서비스
PRHI,Presurance Holdings Inc,NASDAQ,손해보험
FGBIP,First Guaranty Bancshares 6.75 Dep Shs Rep Non Cumulative Perpetual Prf Shs,NASDAQ,은행
NXPL,NextPlat Corp,NASDAQ,무선 통신 서비스
TXMD,TherapeuticsMD Inc,NASDAQ,제약
HKIT,Biddance AI Systems  Inc,NASDAQ,통합 하드웨어 및 소프트웨어
ZTG,Zenta Group Company Limited,NASDAQ,경영 지원 서비스
BSAA,BEST SPAC I Acquistion Corp,NASDAQ,투자 지주 회사
LIVE,Live Ventures Inc,NASDAQ,투자 지주 회사
AYTU,Aytu Biopharma Inc,NASDAQ,제약
JDZG,JIADE Ltd,NASDAQ,기타 교육 서비스 제공
KTCC,Key Tronic Corp,NASDAQ,전자 장비 및 부품
OCCIO,OFS Credit Company 6 125 Prf Series C,NASDAQ,폐쇄형 펀드
NXTC,NextCure Inc,NASDAQ,생명 공학 및 의학 연구
EHTH,eHealth Inc,NASDAQ,복합보험 및 중개인
MWYN,Marwynn Holdings Inc,NASDAQ,식품 소매 및 유통
MSGM,Motorsport Games Inc,NASDAQ,온라인 서비스
JVA,Coffee Holding Co Inc,NASDAQ,식품 가공
BIOX,Bioceres Crop Solutions Corp,NASDAQ,농화학제
COCP,Cocrystal Pharma Inc,NASDAQ,생명 공학 및 의학 연구
SKYQ,Sky Quarry Inc,NASDAQ,환경 서비스 및 장비
QNRX,Quoin Pharmaceuticals Ltd ADR,NASDAQ,생명 공학 및 의학 연구
AZIO,Azio AI Holdings Inc,NASDAQ,"자동차, 트럭 및 오토바이 부품"
GRAN,Grande Group Ltd,NASDAQ,투자 관리 및 펀드 운영
PSHG,Performance Shipping Inc,NASDAQ,오일 및 가스 수송 서비스
STRRP,Star Equity Holdings 10 Cumulative Perpetual Prf Shs Series A,NASDAQ,주택 건설
UPC,Universe Pharmaceuticals Inc,NASDAQ,제약
UTSI,UTStarcom Holdings Corp.,NASDAQ,통신 및 네트워킹
ELWS,Earlyworks Co Ltd ADR,NASDAQ,블록 체인 및 암호화폐
AGRZ,Agroz Inc,NASDAQ,건설 및 엔지니어링
TCRX,TScan Therapeutics Inc,NASDAQ,생명 공학 및 의학 연구
SNAL,Snail Inc,NASDAQ,소프트웨어
BENF,Beneficient,NASDAQ,핀테크
STAK,STAK Inc,NASDAQ,오일 관련 서비스 및 장비
PBM,Psyence Biomedical Ltd,NASDAQ,생명 공학 및 의학 연구
MERC,Mercer International Inc,NASDAQ,종이 제품
BEAT,HeartBeam  Inc.,NASDAQ,첨단 의료 장비 및 기술
COOT,Australian Oilseeds Holdings Ltd,NASDAQ,식품 가공
TLF,Tandy Leather Factory Inc,NASDAQ,직물 및 가죽제품
MNDO,Mind CTI Ltd,NASDAQ,IT 서비스 및 컨설팅
PMEC,Primech Holdings Ltd,NASDAQ,경영 지원 서비스
RECT,Rectitude Holdings Ltd,NASDAQ,산업용 기계 및 장비
ESLA,Estrella Immunopharma Inc,NASDAQ,생명 공학 및 의학 연구
HSCS,HeartSciences Inc,NASDAQ,첨단 의료 장비 및 기술
LOOP,Loop Industries Inc,NASDAQ,환경 서비스 및 장비
GTEC,Greenland Technologies Holding Corp,NASDAQ,"자동차, 트럭 및 오토바이 부품"
BMR,Beamr Imaging Ltd,NASDAQ,소프트웨어
ZEO,Zeo Energy Corp.,NASDAQ,재생 가능 에너지 장비 및 서비스
CTRM,Castor Maritime Inc,NASDAQ,해양 화물 및 물류
SPPL,Simpple Ltd,NASDAQ,소프트웨어
TRSG,Tungray Technologies Inc,NASDAQ,산업용 기계 및 장비
ATOS,Atossa Therapeutics Inc,NASDAQ,생명 공학 및 의학 연구
NEXR,Nexera Technologies Ltd,NASDAQ,백화점
TGHL,Growhub Ltd,NASDAQ,IT 서비스 및 컨설팅
DFNS,T3 Defense Inc,NASDAQ,항공우주 및 방위
JSPR,Jasper Therapeutics  Inc.,NASDAQ,생명 공학 및 의학 연구
NEUP,Neuphoria Therapeutics Inc,NASDAQ,생명 공학 및 의학 연구
SHPH,Shuttle Pharmaceuticals Holdings Inc,NASDAQ,생명 공학 및 의학 연구
BCG,Binah Capital Group Inc,NASDAQ,투자 관리 및 펀드 운영
LEDS,SemiLEDs Corp,NASDAQ,반도체
YFOR,YYForce Inc.,NASDAQ,고용 서비스
HTCO,High-Trend International Group,NASDAQ,항만 운영 및 서비스
ACTU,Actuate Therapeutics Inc,NASDAQ,생명 공학 및 의학 연구
LFWD,Lifeward Ltd,NASDAQ,"의료 장비, 물품 및 유통"
RDAC,Rising Dragon Acquisition Corp,NASDAQ,투자 지주 회사
YAAS,Youxin Technology Ltd,NASDAQ,소프트웨어
EXYN,Exyn Technologies Inc,NASDAQ,소프트웨어
BNGO,Bionano Genomics  Inc.,NASDAQ,첨단 의료 장비 및 기술
QNME,Quanome Technologies  Inc,NASDAQ,제약
KSCP,Knightscope Inc,NASDAQ,통신 및 네트워킹
WHLRP,Wheeler Real Estate Investment Trust Series B Conv Prf Shs,NASDAQ,상업용 REITs
LPCN,Lipocine Inc,NASDAQ,생명 공학 및 의학 연구
AKTX,Akari Therapeutics PLC ADR,NASDAQ,제약
FEMY,Femasys Inc,NASDAQ,"의료 장비, 물품 및 유통"
PBK,PowerBank Corp,NASDAQ,재생 가능 에너지 장비 및 서비스
MRKR,Marker Therapeutics Inc,NASDAQ,생명 공학 및 의학 연구
CCHH,CCH Holdings Ltd,NASDAQ,레스토랑 및 바
DUKR,DUKE Robotics Corp,NASDAQ,항공우주 및 방위
DYAI,Dyadic International Inc,NASDAQ,생명 공학 및 의학 연구
YI,111 Inc ADR,NASDAQ,온라인 서비스
SKK,Skk Holdings Ltd,NASDAQ,건설 및 엔지니어링
RKTO,Rocket One Inc,NASDAQ,제약
FOXX,Foxx Development Holdings Inc,NASDAQ,컴퓨터 및 전자 제품 소매
NIKI,Aptorum Group Ltd,NASDAQ,생명 공학 및 의학 연구
INTZ,Intrusion Inc,NASDAQ,IT 서비스 및 컨설팅
LIQT,LiqTech International Inc,NASDAQ,환경 서비스 및 장비
EPSM,Epsium Enterprise Ltd,NASDAQ,식품 소매 및 유통
CUPR,Cuprina Holdings (Cayman) Ltd,NASDAQ,제약
CLRB,Cellectar Biosciences Inc,NASDAQ,제약
DSY,Big Tree Cloud Holdings Ltd,NASDAQ,개인 생활 필수 용품
IDAI,T Stamp Inc,NASDAQ,소프트웨어
ICU,SeaStar Medical Holding Corp,NASDAQ,"의료 장비, 물품 및 유통"
CDLX,Cardlytics Inc,NASDAQ,소프트웨어
GIFT,Giftify Inc,NASDAQ,온라인 서비스
GMM,Global Mofy AI Ltd,NASDAQ,IT 서비스 및 컨설팅
EFOI,Energy Focus Inc,NASDAQ,건설 자재 및 비품
RPGL,Republic Power Group Ltd,NASDAQ,소프트웨어
JF,J and Friends Holdings Limited ADR,NASDAQ,핀테크
RETO,ReTo Eco-Solutions Inc,NASDAQ,산업용 기계 및 장비
DARE,Dare Bioscience Inc,NASDAQ,제약
TLIH,Ten-League International Holdings Ltd,NASDAQ,산업용 기계 및 장비
ALLR,Allarity Therapeutics Inc,NASDAQ,생명 공학 및 의학 연구
LHAI,Linkhome Holdings Inc,NASDAQ,부동산 서비스
EDTK,Skillful Craftsman Education Technology Ltd,NASDAQ,전문 및 비즈니스 교육
TVRD,Tvardi Therapeutics  Inc.,NASDAQ,생명 공학 및 의학 연구
LICN,Lichen International Ltd,NASDAQ,개인 서비스
NCEL,NewcelX AG,NASDAQ,생명 공학 및 의학 연구
FOFO,Hang Feng Technology Innovation Co Ltd,NASDAQ,경영 지원 서비스
LAZR,Luminar Technologies Inc,NASDAQ,"자동차, 트럭 및 오토바이 부품"
ADAP,Adaptimmune Therapeutics PLC ADR,NASDAQ,제약
MAXN,Maxeon Solar Technologies Ltd,NASDAQ,재생 가능 에너지 장비 및 서비스
GNTA,Genenta Science SpA ADR,NASDAQ,생명 공학 및 의학 연구
KTTA,Pasithea Therapeutics Corp,NASDAQ,생명 공학 및 의학 연구
MGIH,Millennium Group International Holdings Ltd,NASDAQ,종이 포장재
MODD,Modular Medical Inc,NASDAQ,"의료 장비, 물품 및 유통"
MDRR,Medalist Diversified Inc,NASDAQ,상업용 REITs
SCAG,Scage Future ADR,NASDAQ,중장비 및 차량
ARKR,Ark Restaurants Corp,NASDAQ,레스토랑 및 바
JL,J-Long Group Ltd,NASDAQ,의류 및 액세서리
ARTW,Art's Way Manufacturing Co Inc,NASDAQ,중장비 및 차량
IPM,Intelligent Protection Management Corp,NASDAQ,경영 지원 서비스
BFRI,Biofrontera Inc,NASDAQ,제약
ONEG,OneConstruction Group Ltd,NASDAQ,건설 및 엔지니어링
HTOO,Fusion Fuel Green PLC,NASDAQ,재생 가능 연료
FABC,Fabric.AI  Inc,NASDAQ,반도체
BNKK,Bonk Inc,NASDAQ,식품 가공
GTIM,Good Times Restaurants Inc,NASDAQ,레스토랑 및 바
PTN,Palatin Technologies Inc,NASDAQ,생명 공학 및 의학 연구
OPAD,Offerpad Solutions Inc,NASDAQ,부동산 서비스
LRE,Lead Real Estate Co Ltd ADR,NASDAQ,"부동산 임대, 개발 및 운영"
LSTA,Lisata Therapeutics  Inc.,NASDAQ,생명 공학 및 의학 연구
PRZO,Parazero Technologies Ltd,NASDAQ,항공우주 및 방위
PASW,Ping An Biomedical Co Ltd,NASDAQ,직물 및 가죽제품
DOGZ,Dogness International Corp,NASDAQ,의류 및 액세서리
SUNE,Sunation Energy Inc,NASDAQ,전력 유틸리티
BCDA,BioCardia Inc,NASDAQ,생명 공학 및 의학 연구
ATTT,Atlas Trinity Tech Limited,NASDAQ,가정용 전자 제품
FGI,FGI Industries Ltd,NASDAQ,주택 개조 제품 및 서비스 소매
ATCX,Atlas Critical Minerals Corp,NASDAQ,건설 자재
MOBX,MOBIX LABS  INC.,NASDAQ,반도체
FUSE,FUSEMACHINES INC.,NASDAQ,IT 서비스 및 컨설팅
ASTC,Astrotech Corp,NASDAQ,전자 장비 및 부품
GIGM,GigaMedia Ltd,NASDAQ,온라인 서비스
LTRN,Lantern Pharma Inc,NASDAQ,생명 공학 및 의학 연구
CCG,Cheche Group Inc,NASDAQ,손해보험
NEON,Neonode Inc,NASDAQ,전자 장비 및 부품
BRFH,Barfresh Food Group Inc,NASDAQ,무알콜 음료
YXT,YXT.Com Group Holding Ltd ADR,NASDAQ,전문 및 비즈니스 교육
FTHM,Fathom Holdings Inc,NASDAQ,부동산 서비스
SMSI,Smith Micro Software Inc,NASDAQ,소프트웨어
SINT,SINTX Technologies Inc,NASDAQ,"의료 장비, 물품 및 유통"
NFEGP,New Fortress Energy Mandatorily Convertible Prf Shs Series A,NASDAQ,천연가스 유틸리티
RCT,Redcloud Holdings PLC,NASDAQ,온라인 서비스
UFG,Uni-Fuels Holdings Ltd,NASDAQ,"오일, 가스 정제 및 마케팅"
CTXR,Citius Pharmaceuticals Inc,NASDAQ,생명 공학 및 의학 연구
PASG,Passage Bio Inc,NASDAQ,생명 공학 및 의학 연구
PLSM,Pulsenmore Ltd,NASDAQ,첨단 의료 장비 및 기술
SDOT,Sadot Group Inc,NASDAQ,핀테크
HODO,House of Doge Inc,NASDAQ,블록 체인 및 암호화폐
TURB,Turbo Energy SA ADR,NASDAQ,재생 가능 에너지 장비 및 서비스
CNSY,Cerenome  Inc,NASDAQ,생명 공학 및 의학 연구
NXXT,NextNRG Inc,NASDAQ,"오일, 가스 정제 및 마케팅"
CLRO,Clearone Inc,NASDAQ,통신 및 네트워킹
CJMB,Callan JMB Inc,NASDAQ,지상 화물 및 물류
MSGY,Masonglory Ltd,NASDAQ,건설 및 엔지니어링
MTEX,Mannatech Inc,NASDAQ,식품 가공
DLPN,Dolphin Entertainment Inc,NASDAQ,엔터테인먼트 제작
REBN,Reborn Coffee Inc,NASDAQ,레스토랑 및 바
BTLN,Brightline Interactive  Inc.,NASDAQ,소프트웨어
SLE,Super League Enterprise Inc,NASDAQ,온라인 서비스
VTGN,Vistagen Therapeutics  Inc.,NASDAQ,생명 공학 및 의학 연구
WIMI,WiMi Hologram Cloud Inc,NASDAQ,소프트웨어
GRNQ,GreenPro Capital Corp,NASDAQ,기업 금융 서비스
HIND,Vyome Holdings Inc,NASDAQ,생명 공학 및 의학 연구
HUIZ,Huize Holding Ltd ADR,NASDAQ,복합보험 및 중개인
FNGR,FingerMotion Inc,NASDAQ,소프트웨어
PETZ,TDH Holdings Inc,NASDAQ,부동산 서비스
BTCT,BTC Digital Ltd,NASDAQ,블록 체인 및 암호화폐
TPST,Tempest Therapeutics Inc,NASDAQ,생명 공학 및 의학 연구
UONEK,Urban One Inc Class D,NASDAQ,방송
DTSS,Datasea Intelligent Technology Ltd,NASDAQ,소프트웨어
ZDAI,DirectBooking Technology Co Ltd,NASDAQ,환경 서비스 및 장비
INAB,IN8bio  Inc.,NASDAQ,생명 공학 및 의학 연구
XCH,XCHG Ltd ADR,NASDAQ,전력 유틸리티
SAGT,Sagtec Global Ltd,NASDAQ,소프트웨어
BIVI,BioVie Inc,NASDAQ,생명 공학 및 의학 연구
EBON,Ebang International Holdings Inc,NASDAQ,컴퓨터 하드웨어
DFLI,Dragonfly Energy Holdings Corp,NASDAQ,전기 부품 및 장비
UCL,Ucloudlink Group Inc ADR,NASDAQ,무선 통신 서비스
TOMZ,TOMI Environmental Solutions Inc,NASDAQ,환경 서비스 및 장비
SLGB,Smart Logistics Global Ltd,NASDAQ,지상 화물 및 물류
FRTT,Fort Technology Inc,NASDAQ,농화학제
BIYA,Baiya International Group Inc,NASDAQ,고용 서비스
PLUR,Pluri Inc,NASDAQ,생명 공학 및 의학 연구
CABR,Caring Brands Inc,NASDAQ,개인 생활 필수 용품
CTSO,Cytosorbents Corp,NASDAQ,첨단 의료 장비 및 기술
CHAD,Defi Development Variable Rate Perpetual Preferred Shs Series C,NASDAQ,블록 체인 및 암호화폐
TULP,Bloomia Holdings  Inc,NASDAQ,어업 및 농업
MIMI,Mint Incorporation Ltd,NASDAQ,건설 및 엔지니어링
ICMB,Investcorp Credit Management BDC Inc,NASDAQ,폐쇄형 펀드
PHIO,Phio Pharmaceuticals Corp,NASDAQ,생명 공학 및 의학 연구
SMXT,SolarMax Technology Inc,NASDAQ,전력 유틸리티
DETX,Liberty Defense Holdings Ltd,NASDAQ,전자 장비 및 부품
HPAI,Helport AI Ltd,NASDAQ,IT 서비스 및 컨설팅
WXM,WF International Ltd,NASDAQ,건설 및 엔지니어링
VRME,VerifyMe Inc,NASDAQ,소프트웨어
ALAR,Alarum Technologies Ltd ADR,NASDAQ,소프트웨어
CETY,Clean Energy Technologies Inc,NASDAQ,천연가스 유틸리티
ASBP,Aspire-lakewood Holdings  Inc.,NASDAQ,제약
BLRX,BioLine RX Ltd ADR,NASDAQ,생명 공학 및 의학 연구
GTBP,GT Biopharma Inc,NASDAQ,생명 공학 및 의학 연구
NUR,NuRAN Wireless Inc,NASDAQ,통신 및 네트워킹
CYN,CYNGN Inc,NASDAQ,소프트웨어
BTBD,Bt Brands Inc,NASDAQ,레스토랑 및 바
IQST,iQSTEL Inc,NASDAQ,무선 통신 서비스
KPRX,Kiora Pharmaceuticals  Inc.,NASDAQ,생명 공학 및 의학 연구
CHEK,Check Cap Ltd,NASDAQ,생명 공학 및 의학 연구
NVNI,Nvni Group Ltd,NASDAQ,투자 관리 및 펀드 운영
ARAI,Arrive AI Inc,NASDAQ,소프트웨어
BFRG,Bullfrog AI Holdings Inc,NASDAQ,생명 공학 및 의학 연구
FMST,Foremost Clean Energy Ltd,NASDAQ,다각적 채굴
EDUC,Educational Development Corp,NASDAQ,소비자 출판
IRIX,IRIDEX Corp,NASDAQ,첨단 의료 장비 및 기술
CALC,CalciMedica Inc,NASDAQ,생명 공학 및 의학 연구
INTS,Intensity Therapeutics Inc,NASDAQ,생명 공학 및 의학 연구
BTOC,Armlogi Holding Corp,NASDAQ,"배달, 우편, 항공 화물 및 육상 물류"
HCTI,Healthcare Triangle Inc,NASDAQ,소프트웨어
BIOT,Instinct Bio Technical Company Holdings Inc,NASDAQ,개인 생활 필수 용품
MSAI,MultiSensor AI Holdings Inc,NASDAQ,전자 장비 및 부품
GTI,Graphjet Technology,NASDAQ,전기 부품 및 장비
UPLD,Upland Software Inc,NASDAQ,소프트웨어
SCNX,Scienture Holdings Inc,NASDAQ,제약
GIXI,Gix Internet Ltd,NASDAQ,소프트웨어
ATER,Aterian Inc,NASDAQ,"가전제품, 도구 및 가정 용품"
ADIL,Adial Pharmaceuticals Inc,NASDAQ,생명 공학 및 의학 연구
VWAV,VisionWave Holdings Inc,NASDAQ,항공우주 및 방위
JBDI,JBDI Holdings Ltd,NASDAQ,용기(종이 제외) 및 포장재
AEMD,Aethlon Medical Inc,NASDAQ,첨단 의료 장비 및 기술
BMRA,Biomerica Inc,NASDAQ,"의료 장비, 물품 및 유통"
BLIN,Bridgeline Digital Inc,NASDAQ,소프트웨어
MTVA,MetaVia Inc,NASDAQ,생명 공학 및 의학 연구
LZMH,LZ Technology Holdings Ltd,NASDAQ,광고 및 마케팅
GLE,Global Engine Group Holding Ltd,NASDAQ,투자 지주 회사
ADVB,Advanced Biomed Inc,NASDAQ,의료 시설 및 서비스
GYRO,Gyrodyne LLC,NASDAQ,"부동산 임대, 개발 및 운영"
JCTC,Jewett-Cameron Trading Company Ltd,NASDAQ,임업 및 목재 제품
CLWT,Euro Tech Holdings Company Ltd,NASDAQ,환경 서비스 및 장비
MBRX,Moleculin Biotech Inc,NASDAQ,생명 공학 및 의학 연구
MDCX,Medicus Pharma Ltd,NASDAQ,제약
MEDS,DataMeds AI Inc,NASDAQ,첨단 의료 장비 및 기술
EPOW,E-Power Inc,NASDAQ,전기 부품 및 장비
GDTC,CytoMed Therapeutics Ltd,NASDAQ,생명 공학 및 의학 연구
GFAI,Guardforce AI Co Ltd,NASDAQ,경영 지원 서비스
TANH,Tantech Holdings Ltd,NASDAQ,개인 생활 필수 용품
ENLV,Enlivex Ltd,NASDAQ,생명 공학 및 의학 연구
CENN,Cenntro Inc (The Corporation),NASDAQ,자동차 및 트럭 제조
INEO,INNEOVA Holdings Ltd,NASDAQ,"자동차, 트럭 및 오토바이 부품"
BON,Bon Natural Life Ltd,NASDAQ,제약
XTLB,X T L Biopharmaceuticals Ltd ADR,NASDAQ,생명 공학 및 의학 연구
FLUX,Flux Power Holdings Inc,NASDAQ,전기 부품 및 장비
NCPL,Netcapital Inc,NASDAQ,기타 핀테크 인프라
HUDI,Huadi International Group Co.  Ltd.,NASDAQ,철 및 강철
SNTI,Senti Biosciences Holdings Inc,NASDAQ,생명 공학 및 의학 연구
SEED,Origin Agritech Ltd,NASDAQ,어업 및 농업
PRPL,Purple Innovation Inc,NASDAQ,가정용 가구
GYGY,Game Your Game Inc,NASDAQ,소프트웨어
CISO,CISO Global Inc,NASDAQ,온라인 서비스
BANL,CBL International Ltd,NASDAQ,항만 운영 및 서비스
APRE,Aprea Therapeutics Inc,NASDAQ,생명 공학 및 의학 연구
IOTR,iOThree Ltd,NASDAQ,무선 통신 서비스
CMCT,Creative Media & Community Trust Corporation,NASDAQ,상업용 REITs
CLIK,Click Holdings Limited,NASDAQ,고용 서비스
NMTC,NeuroOne Medical Technologies Corp,NASDAQ,첨단 의료 장비 및 기술
AIMD,Ainos Inc,NASDAQ,첨단 의료 장비 및 기술
RAIN,Rain Enhancement Technologies Holdco Inc,NASDAQ,산업용 기계 및 장비
IMRN,Immuron Ltd ADR,NASDAQ,제약
NAII,Natural Alternatives International Inc,NASDAQ,제약
MYSE,Myseum AI Inc,NASDAQ,IT 서비스 및 컨설팅
MGRX,Mangoceuticals Inc,NASDAQ,의료 시설 및 서비스
NIXX,Nixxy Inc,NASDAQ,IT 서비스 및 컨설팅
TRAW,Traws Pharma Inc,NASDAQ,생명 공학 및 의학 연구
FBLG,Fibrobiologics Inc,NASDAQ,생명 공학 및 의학 연구
NDRA,ENDRA Life Sciences Inc,NASDAQ,생명 공학 및 의학 연구
NAMI,Jinxin Technology Holding Co ADR,NASDAQ,소비자 출판
SFHG,Samfine Creation Holdings Group Ltd,NASDAQ,상업 인쇄 서비스
NHTC,Natural Health Trends Corp,NASDAQ,기타 전문 소매
AQMS,Aqua Metals Inc,NASDAQ,특수 채굴 및 금속
JAGX,Jaguar Health Inc,NASDAQ,제약
CMMB,Chemomab Therapeutics Ltd ADR,NASDAQ,생명 공학 및 의학 연구
ADN,Advent Technologies Holdings Inc,NASDAQ,재생 가능 에너지 장비 및 서비스
WVVI,Willamette Valley Vineyards Inc,NASDAQ,증류주 및 포도주
DCX,Digital Currency X Technology Inc,NASDAQ,자동차 및 트럭 제조
POM,PomDoctor Ltd ADR,NASDAQ,제약
CYCU,Cycurion Inc,NASDAQ,IT 서비스 및 컨설팅
LGVN,Longeveron Inc,NASDAQ,생명 공학 및 의학 연구
YJ,Yunji Inc ADR,NASDAQ,온라인 서비스
CLGN,Collplant Biotechnologies Ltd,NASDAQ,생명 공학 및 의학 연구
CRMT,America's CAR-MART Inc,NASDAQ,"자동차 차량, 부품 및 서비스 소매"
MARPS,Marine Petroleum Units,NASDAQ,"오일, 가스 탐사 및 생산"
EEIQ,EpicQuest Education Group International Ltd,NASDAQ,"초, 중, 고등 교육기관"
NRSN,Neurosense Therapeutics Ltd,NASDAQ,생명 공학 및 의학 연구
INHD,Inno Holdings Inc,NASDAQ,건설 및 엔지니어링
ALZN,Alzamend Neuro Inc,NASDAQ,생명 공학 및 의학 연구
BGL,Blue Gold Ltd,NASDAQ,금
KALA,KALA BIO Inc,NASDAQ,생명 공학 및 의학 연구
GITS,Global Interactive Technologies Inc,NASDAQ,소프트웨어
ENSC,Ensysce Biosciences Inc,NASDAQ,생명 공학 및 의학 연구
DTST,Data Storage Corp,NASDAQ,온라인 소액 투자 중개
MTEK,Maris Tech Ltd,NASDAQ,통신 및 네트워킹
SURG,Surgepays Inc,NASDAQ,통합 통신 서비스
OXBR,Oxbridge Re Holdings Ltd,NASDAQ,재보험
AIRE,reAlpha Tech Corp,NASDAQ,소프트웨어
OBAI,Our Bond  Inc,NASDAQ,소프트웨어
BYAH,Park Ha Biological Technology Co Ltd,NASDAQ,가정용 제품
WOK,WORK Medical Technology Group Ltd,NASDAQ,"의료 장비, 물품 및 유통"
CURX,Curanex Pharmaceuticals Inc,NASDAQ,생명 공학 및 의학 연구
SNGX,Soligenix Inc,NASDAQ,생명 공학 및 의학 연구
RVSN,Rail Vision Ltd,NASDAQ,전자 장비 및 부품
LUCY,Innovative Eyewear Inc,NASDAQ,"의료 장비, 물품 및 유통"
TDIC,Dreamland Ltd,NASDAQ,경영 지원 서비스
MTEN,Mingteng International Corp Inc,NASDAQ,산업용 기계 및 장비
ARBB,ARB IOT Group Ltd,NASDAQ,IT 서비스 및 컨설팅
XCUR,Exicure Inc,NASDAQ,생명 공학 및 의학 연구
XHLD,TEN Holdings Inc,NASDAQ,경영 지원 서비스
CNSP,CNS Pharmaceuticals Inc,NASDAQ,생명 공학 및 의학 연구
NXTT,Next Technology Holding Inc,NASDAQ,소프트웨어
JCSE,JE Cleantech Holdings Ltd,NASDAQ,산업용 기계 및 장비
BAOS,Baosheng Media Group Holdings Ltd,NASDAQ,광고 및 마케팅
ZCMD,Zhongchao Inc,NASDAQ,전문 및 비즈니스 교육
BIAF,bioAffinity Technologies Inc,NASDAQ,"의료 장비, 물품 및 유통"
RMCF,Rocky Mountain Chocolate Factory Inc (Delaware),NASDAQ,식품 가공
AMOD,Alpha Modus Holdings Inc,NASDAQ,IT 서비스 및 컨설팅
TWG,Top Wealth Group Holding Ltd,NASDAQ,어업 및 농업
SEGG,Sports Entertainment Gaming Global Corp,NASDAQ,카지노 및 도박
THH,TryHard Holdings Ltd,NASDAQ,여가 및 오락시설
LOBO,Lobo Technologies Ltd,NASDAQ,IT 서비스 및 컨설팅
AMIX,Autonomix Medical  Inc,NASDAQ,첨단 의료 장비 및 기술
ALP,Alpha Compute Corp,NASDAQ,IT 서비스 및 컨설팅
INM,InMed Pharmaceuticals Inc,NASDAQ,생명 공학 및 의학 연구
IFBD,Infobird Co Ltd,NASDAQ,소프트웨어
FEBO,Fenbo Holdings Ltd,NASDAQ,"가전제품, 도구 및 가정 용품"
IMNN,Imunon Inc,NASDAQ,생명 공학 및 의학 연구
XWEL,XWELL Inc,NASDAQ,개인 서비스
GWAV,Greenwave Technology Solutions Inc,NASDAQ,환경 서비스 및 장비
SMX,SMX (Security Matters) PLC,NASDAQ,블록 체인 및 암호화폐
DLXY,Delixy Holdings Ltd,NASDAQ,"오일, 가스 정제 및 마케팅"
SKYE,Skye Bioscience  Inc.,NASDAQ,생명 공학 및 의학 연구
BTTC,Black Titan Corp,NASDAQ,투자 지주 회사
UCAR,U Power Ltd,NASDAQ,전기 부품 및 장비
CHAI,Core AI Holdings Inc,NASDAQ,소프트웨어
PRSO,Peraso Inc,NASDAQ,반도체
CNEY,CN Energy Group Inc,NASDAQ,상품 화학
BOLT,Bolt Biotherapeutics  Inc.,NASDAQ,생명 공학 및 의학 연구
WKSP,Worksport Ltd,NASDAQ,경영 지원 서비스
ACXP,Acurx Pharmaceuticals Inc,NASDAQ,생명 공학 및 의학 연구
QCLS,Q/C Technologies Inc,NASDAQ,블록 체인 및 암호화폐
VEEE,Twin Vee PowerCats Co (Nevada),NASDAQ,오락용 제품
ACON,Aclarion Inc,NASDAQ,생명 공학 및 의학 연구
LHSW,Lianhe Sowell International Group Ltd,NASDAQ,소프트웨어
YHGJ,Yunhong Green CTI Ltd,NASDAQ,용기(종이 제외) 및 포장재
AUUD,Auddia Inc.,NASDAQ,소프트웨어
SONM,DNA X Inc,NASDAQ,전화 및 소형 장치
VEEA,Veea Inc,NASDAQ,IT 서비스 및 컨설팅
CODX,Co-Diagnostics Inc,NASDAQ,첨단 의료 장비 및 기술
CGTL,Creative Global Technology Holdings Ltd,NASDAQ,기타 전문 소매
LNAI,Lunai Bioworks Inc,NASDAQ,생명 공학 및 의학 연구
VS,Versus Systems Inc,NASDAQ,소프트웨어
ENVB,Enveric Biosciences Inc,NASDAQ,생명 공학 및 의학 연구
GAUZ,Gauzy Ltd,NASDAQ,건설 자재 및 비품
JYD,Jayud Global Logistics Ltd,NASDAQ,"배달, 우편, 항공 화물 및 육상 물류"
CWD,CaliberCos Inc,NASDAQ,투자 관리 및 펀드 운영
ELOG,Eastern International Ltd,NASDAQ,"배달, 우편, 항공 화물 및 육상 물류"
AMST,Amesite Inc,NASDAQ,소프트웨어
WAFU,Wah Fu Education Group Ltd,NASDAQ,IT 서비스 및 컨설팅
TKLF,Tokyo Lifestyle Co Ltd ADR,NASDAQ,의약품 소매
CNET,ZW Data Action Technologies Inc,NASDAQ,광고 및 마케팅
MNDR,Mobile-health Network Solutions,NASDAQ,소프트웨어
AUID,Authid Inc,NASDAQ,소프트웨어
JZ,Jianzhi Education Technology Group Co Ltd ADR,NASDAQ,IT 서비스 및 컨설팅
SQFTP,Presidio Property Trus 9.375 Cumulative Redeemable Perpetual Cumulative,NASDAQ,복합부동산 REITs
CCTG,CCSC Technology International Holdings Ltd,NASDAQ,전자 장비 및 부품
EVGN,Evogene Ltd,NASDAQ,생명 공학 및 의학 연구
DAIC,CID HoldCo Inc,NASDAQ,반도체
YMAT,J-Star Holding Co Ltd,NASDAQ,오락용 제품
CELZ,Creative Medical Technology Holdings Inc,NASDAQ,생명 공학 및 의학 연구
SNOA,Sonoma Pharmaceuticals Inc,NASDAQ,제약
TWAV,TaoWeave Inc,NASDAQ,블록 체인 및 암호화폐
GP,GreenPower Motor Company Inc,NASDAQ,자동차 및 트럭 제조
NWTG,Newton Golf Company Inc,NASDAQ,오락용 제품
JWEL,Jowell Global Ltd,NASDAQ,백화점
GXAI,Gaxos.ai Inc.,NASDAQ,소프트웨어
CXAI,CXApp Inc,NASDAQ,소프트웨어
GLXG,Galaxy Payroll Group Ltd,NASDAQ,고용 서비스
HXHX,Haoxin Holdings Ltd,NASDAQ,지상 화물 및 물류
CYAB,Cyabra Inc,NASDAQ,소프트웨어
BGMS,Bio Green Med Solution Inc,NASDAQ,생명 공학 및 의학 연구
HCAI,Huachen AI Parking Management Technology Holding Co Ltd,NASDAQ,산업용 기계 및 장비
NCNA,NuCana PLC ADR,NASDAQ,생명 공학 및 의학 연구
GDC,GD Culture Group Ltd,NASDAQ,IT 서비스 및 컨설팅
ORKT,Orangekloud Technology Inc,NASDAQ,소프트웨어
ILAG,Intelligent Living Application Group Inc,NASDAQ,산업용 기계 및 장비
CPOP,Pop Culture Group Co Ltd,NASDAQ,광고 및 마케팅
KRKR,36Kr Holdings Inc ADR,NASDAQ,온라인 서비스
FRSX,Foresight Autonomous Holdings Ltd ADR,NASDAQ,소프트웨어
GELS,Gelteq Ltd,NASDAQ,제약
CDIO,Cardio Diagnostics Holdings Inc,NASDAQ,생명 공학 및 의학 연구
AIDX,20/20 Biolabs Inc,NASDAQ,첨단 의료 장비 및 기술
ZYXI,Zynex Inc,NASDAQ,첨단 의료 장비 및 기술
PULM,Pulmatrix Inc,NASDAQ,생명 공학 및 의학 연구
GURE,Gulf Resources Inc,NASDAQ,상품 화학
YDKG,Yueda Digital Holding,NASDAQ,블록 체인 및 암호화폐
INBS,Intelligent Bio Solutions Inc,NASDAQ,생명 공학 및 의학 연구
ICCM,Icecure Medical Ltd,NASDAQ,첨단 의료 장비 및 기술
RENX,RenX Enterprises Corp,NASDAQ,주택 건설
AMSS,Amass Brands Inc,NASDAQ,여가 및 오락시설
JTAI,Jet.AI Inc,NASDAQ,소프트웨어
XBIO,Xenetic Biosciences Inc,NASDAQ,생명 공학 및 의학 연구
SPHL,Springview Holdings Ltd,NASDAQ,주택 건설
FAMI,Farmmi Inc,NASDAQ,식품 가공
NVNO,enVVeno Medical Corp,NASDAQ,생명 공학 및 의학 연구
ZNB,Zeta Network Group,NASDAQ,건설 자재
CRE,Cre8 Enterprise Ltd,NASDAQ,상업 인쇄 서비스
TRIB,Trinity Biotech PLC ADR,NASDAQ,"의료 장비, 물품 및 유통"
ERNA,Ernexa Therapeutics Inc,NASDAQ,생명 공학 및 의학 연구
POLA,Polar Power Inc,NASDAQ,전기 부품 및 장비
LEXX,Lexaria Bioscience Corp,NASDAQ,제약
MRM,Medirom Healthcare Technologies Inc ADR,NASDAQ,개인 서비스
NTCL,NetClass Technology Inc,NASDAQ,기타 교육 서비스 제공
DFSC,DEFSEC Technologies Inc,NASDAQ,항공우주 및 방위
CHNR,China Natural Resources Inc,NASDAQ,수자원 유틸리티
LIMN,Liminatus Pharma Inc,NASDAQ,생명 공학 및 의학 연구
VVOS,Vivos Therapeutics Inc,NASDAQ,"의료 장비, 물품 및 유통"
OMH,Ohmyhome Ltd,NASDAQ,소프트웨어
FBGL,FBS Global Ltd,NASDAQ,건설 및 엔지니어링
HKPD,Cellyan Biotechnology Co Ltd,NASDAQ,제약
BMGL,Basel Medical Group Ltd,NASDAQ,의료 시설 및 서비스
VMAR,Vision Marine Technologies Inc,NASDAQ,오락용 제품
AQB,AquaBounty Technologies Inc,NASDAQ,어업 및 농업
SNTG,Sentage Holdings Inc,NASDAQ,경영 지원 서비스
ILLR,Triller Group Inc,NASDAQ,핀테크
WBUY,Webuy Global Ltd,NASDAQ,여가 및 오락시설
EZGO,EZGO Technologies Ltd,NASDAQ,오락용 제품
SXTP,60 Degrees Pharmaceuticals Inc,NASDAQ,제약
OLB,OLB Group Inc,NASDAQ,온라인 서비스
FFAI,Faraday Future Intelligent Electric Inc,NASDAQ,자동차 및 트럭 제조
HYFM,Hydrofarm Holdings Group Inc,NASDAQ,중장비 및 차량
INTJ,Intelligent Group Ltd,NASDAQ,광고 및 마케팅
XELB,Xcel Brands Inc,NASDAQ,엔터테인먼트 제작
PCSA,Processa Pharmaceuticals Inc,NASDAQ,생명 공학 및 의학 연구
MGN,Megan Holdings Ltd,NASDAQ,어업 및 농업
VIVK,Vivakor Inc,NASDAQ,오일 및 가스 수송 서비스
UZX,Linkage Global Inc,NASDAQ,백화점
DPU,Top KingWin Ltd,NASDAQ,전문 정보 서비스
BRNX,Brenx Ltd,NASDAQ,재생 가능 에너지 장비 및 서비스
EJH,E-Home Household Service Holdings Ltd,NASDAQ,개인 서비스
DXST,Decent Holding Inc,NASDAQ,환경 서비스 및 장비
XPON,Expion Energy  Inc,NASDAQ,전기 부품 및 장비
RMSG,Real Messenger Corp,NASDAQ,소프트웨어
DBGI,Digital Brands Group Inc,NASDAQ,온라인 서비스
UONE,Urban One Inc Class A,NASDAQ,방송
INLF,INLIF Ltd,NASDAQ,산업용 기계 및 장비
LCFY,Locafy Ltd,NASDAQ,소프트웨어
DRMA,Dermata Therapeutics Inc,NASDAQ,생명 공학 및 의학 연구
PMCB,PharmaCyte Biotech Inc,NASDAQ,생명 공학 및 의학 연구
YYAI,AiRWA Inc,NASDAQ,소프트웨어
ATXG,Addentax Group Corp,NASDAQ,"배달, 우편, 항공 화물 및 육상 물류"
NCRA,Nocera Inc,NASDAQ,중장비 및 차량
SVRE,Saverone 2014 Ltd ADR,NASDAQ,소프트웨어
RDHL,Redhill Biopharma Ltd ADR,NASDAQ,제약
TNON,Tenon Medical Inc,NASDAQ,"의료 장비, 물품 및 유통"
GRI,GRI Bio Inc,NASDAQ,생명 공학 및 의학 연구
HIHO,Highway Holdings Ltd,NASDAQ,철 및 강철
SGLY,Singularity Future Technology Ltd,NASDAQ,"배달, 우편, 항공 화물 및 육상 물류"
EHGO,Eshallgo Inc,NASDAQ,비즈니스 지원 용품
FCUV,Focus Universal Inc,NASDAQ,소프트웨어
BKYI,BIO-Key International Inc,NASDAQ,전자 장비 및 부품
SXTC,China SXT Pharmaceuticals Inc,NASDAQ,제약
TAOP,Taoping Inc,NASDAQ,컴퓨터 하드웨어
IBG,Innovation Beverage Group Ltd,NASDAQ,증류주 및 포도주
ABTS,Abits Group Inc,NASDAQ,온라인 서비스
CVKD,Cadrenal Therapeutics Inc,NASDAQ,생명 공학 및 의학 연구
EZRA,Reliance Global Group Inc,NASDAQ,복합보험 및 중개인
BJDX,Bluejay Diagnostics Inc,NASDAQ,생명 공학 및 의학 연구
CAPS,Capstone Holding Corp,NASDAQ,건설 자재
IVDA,Iveda Solutions Inc,NASDAQ,통신 및 네트워킹
IMCC,IM Cannabis Corp,NASDAQ,의약품 소매
TRUG,TruGolf Holdings Inc,NASDAQ,오락용 제품
SCKT,Socket Mobile Inc,NASDAQ,전자 장비 및 부품
CDTG,CDT Environmental Technology Investment Holdings Ltd,NASDAQ,수자원 유틸리티
SNES,Senestech Inc,NASDAQ,농화학제
TRNR,Interactive Strength Inc,NASDAQ,여가 및 오락시설
EOCN,Eocene Ltd,NASDAQ,생명 공학 및 의학 연구
MKZR,Mackenzie Realty Capital Inc,NASDAQ,상업용 REITs
PSNYW,Polestar Automotive Holding UK PLC ADR Class C,NASDAQ,자동차 및 트럭 제조
CTNT,Cheetah Net Supply Chain Service Inc,NASDAQ,"배달, 우편, 항공 화물 및 육상 물류"
LGCL,Lucas GC Ltd,NASDAQ,고용 서비스
CETX,Cemtrex Inc,NASDAQ,경영 지원 서비스
WLDS,Wearable Devices Ltd,NASDAQ,통합 하드웨어 및 소프트웨어
BGLC,BioNexus Gene Lab Corp,NASDAQ,생명 공학 및 의학 연구
NXL,Nexalin Technology Inc,NASDAQ,첨단 의료 장비 및 기술
MLEC,Moolec Science SA,NASDAQ,어업 및 농업
VIVS,VivoSim Labs Inc,NASDAQ,생명 공학 및 의학 연구
MBIO,Mustang Bio Inc,NASDAQ,생명 공학 및 의학 연구
FGL,Founder Group Ltd,NASDAQ,전력 유틸리티
PAVS,Paranovus Entertainment Technology Ltd,NASDAQ,소프트웨어
BOXL,Boxlight Corp,NASDAQ,전자 장비 및 부품
ONCO,Onconetix Inc,NASDAQ,제약
ICON,Icon Energy Corp,NASDAQ,해양 화물 및 물류
ADGM,Adagio Medical Holdings Inc,NASDAQ,첨단 의료 장비 및 기술
FMFC,Kandal M Venture Ltd,NASDAQ,직물 및 가죽제품
SBFM,Sunshine Biopharma Inc,NASDAQ,제약
APVO,Aptevo Therapeutics Inc,NASDAQ,생명 공학 및 의학 연구
DKI,DarkIris Inc,NASDAQ,소프트웨어
CMND,Clearmind Medicine Inc,NASDAQ,생명 공학 및 의학 연구
REVB,Revelation Biosciences Inc,NASDAQ,생명 공학 및 의학 연구
BRTX,BioRestorative Therapies Inc,NASDAQ,생명 공학 및 의학 연구
JUNS,Jupiter Neurosciences Inc,NASDAQ,생명 공학 및 의학 연구
RBNE,Robin Energy Ltd,NASDAQ,오일 및 가스 수송 서비스
OFAL,OFA Group,NASDAQ,건설 및 엔지니어링
NCI,Neo-Concept International Group Holdings Ltd,NASDAQ,의류 및 액세서리
HCWB,HCW Biologics Inc,NASDAQ,생명 공학 및 의학 연구
NXAT,Nexus Advanced Technologies Inc.,NASDAQ,엔터테인먼트 제작
PPCB,Propanc Biopharma Inc,NASDAQ,생명 공학 및 의학 연구
LXEH,Lixiang Education Holding Co Ltd ADR,NASDAQ,"초, 중, 고등 교육기관"
TNMG,TNL Mediagene,NASDAQ,광고 및 마케팅
QVCGA,QVC Group Inc Series A,NASDAQ,백화점
DHAI,DIH Holding US Inc,NASDAQ,"의료 장비, 물품 및 유통"
FEED,ENvue Medical  Inc.,NASDAQ,첨단 의료 장비 및 기술
XRTX,XORTX Therapeutics Inc,NASDAQ,생명 공학 및 의학 연구
OCG,Oriental Culture Holding Ltd,NASDAQ,광고 및 마케팅
GOVX,GeoVax Labs Inc,NASDAQ,생명 공학 및 의학 연구
HTCR,HeartCore Enterprises Inc,NASDAQ,소프트웨어
SGRX,Sangrix Inc,NASDAQ,어업 및 농업
MASK,3 E Network Technology Group Ltd,NASDAQ,소프트웨어
CHR,Cheer Holding Inc,NASDAQ,광고 및 마케팅
PMAX,Powell Max Ltd,NASDAQ,경영 지원 서비스
RDGT,Ridgetech Inc,NASDAQ,의약품 소매
KITT,Nauticus Robotics Inc,NASDAQ,산업용 기계 및 장비
ISPC,iSpecimen Inc,NASDAQ,소프트웨어
IZM,ICZOOM Group Inc,NASDAQ,전자 장비 및 부품
ADXN,Addex Therapeutics Ltd ADR,NASDAQ,생명 공학 및 의학 연구
PARA,Banzai International Inc,NASDAQ,IT 서비스 및 컨설팅
VRAX,Virax Biolabs Group Ltd,NASDAQ,생명 공학 및 의학 연구
PRFX,PRF Technologies Ltd,NASDAQ,제약
ELAB,PMGC Holdings Inc,NASDAQ,용기(종이 제외) 및 포장재
AGMH,AGM Group Holdings Inc,NASDAQ,소프트웨어
ELPW,eLong Power Holding Ltd,NASDAQ,전기 부품 및 장비
TGL,Treasure Global Inc,NASDAQ,소프트웨어
RIME,Algorhythm Holdings Inc,NASDAQ,IT 서비스 및 컨설팅
SPRC,Scisparc Ltd,NASDAQ,제약
PWCM,PowerCompute Inc,NASDAQ,블록 체인 및 암호화폐
XAIR,Beyond Air Inc,NASDAQ,"의료 장비, 물품 및 유통"
GVH,Globavend Holdings Ltd,NASDAQ,"배달, 우편, 항공 화물 및 육상 물류"
CHGA,Change Agents Corp,NASDAQ,"의료 장비, 물품 및 유통"
SILO,Silo Pharma Inc,NASDAQ,생명 공학 및 의학 연구
NUWE,Nuwellis Inc,NASDAQ,첨단 의료 장비 및 기술
QH,Quhuo Ltd,NASDAQ,"배달, 우편, 항공 화물 및 육상 물류"
TCRT,Alaunos Therapeutics Inc,NASDAQ,생명 공학 및 의학 연구
VSME,VS Media Holdings Ltd,NASDAQ,광고 및 마케팅
CIIT,Tianci International Inc,NASDAQ,"배달, 우편, 항공 화물 및 육상 물류"
VBIO,Valion Bio Inc,NASDAQ,첨단 의료 장비 및 기술
CHSN,Chanson International Holding,NASDAQ,식품 가공
PPBT,Purple Biotech Ltd ADR,NASDAQ,생명 공학 및 의학 연구
JEM,707 Cayman Holdings Ltd,NASDAQ,의류 및 액세서리
ONFO,Onfolio Holdings Inc,NASDAQ,경영 지원 서비스
CSAI,Cloudastructure Inc,NASDAQ,경영 지원 서비스
GNPX,Genprex Inc,NASDAQ,생명 공학 및 의학 연구
GSUN,Golden Sun Technology Group Ltd,NASDAQ,기타 교육 서비스 제공
IPDN,Professional Diversity Network Inc,NASDAQ,고용 서비스
EDBL,Edible Garden AG Inc,NASDAQ,어업 및 농업
IVF,INVO Fertility Inc,NASDAQ,"의료 장비, 물품 및 유통"
LABT,Lakewood-Amedex Biotherapeutics Inc,NASDAQ,생명 공학 및 의학 연구
FLYE,Fly-E Group Inc,NASDAQ,"자동차, 트럭 및 오토바이 부품"
ARTL,Artelo Biosciences  Inc,NASDAQ,생명 공학 및 의학 연구
IPST,IP Strategy Holdings Inc,NASDAQ,증류주 및 포도주
KIDZ,KIDZ AI Inc,NASDAQ,소프트웨어
GMEX,GMEX Robotics Corp,NASDAQ,기타 전문 소매
RAYA,Erayak Power Solution Group Inc,NASDAQ,전기 부품 및 장비
ATPC,Agape ATP Corp,NASDAQ,"의료 장비, 물품 및 유통"
GNLN,Greenlane Holdings Inc,NASDAQ,식품 소매 및 유통
CRIS,Curis Inc,NASDAQ,생명 공학 및 의학 연구
NXTS,Nexentis Technologies Inc,NASDAQ,농화학제
VCIG,VCI Global Ltd,NASDAQ,IT 서비스 및 컨설팅
RUBI,Rubico Inc,NASDAQ,오일 및 가스 수송 서비스
SSM,Sono Group NV,NASDAQ,"자동차, 트럭 및 오토바이 부품"
NCT,Intercont (Cayman) Ltd,NASDAQ,해양 화물 및 물류
WHLR,Wheeler Real Estate Investment Trust Inc,NASDAQ,상업용 REITs
SOBR,Sobr Safe Inc,NASDAQ,소프트웨어
SQFT,Presidio Property Trust Inc,NASDAQ,복합부동산 REITs
HUBC,Hub Cyber Security Ltd,NASDAQ,소프트웨어
STKH,Steakholder Foods Ltd ADR,NASDAQ,어업 및 농업
HAO,Haoxi Health Technology Ltd,NASDAQ,광고 및 마케팅
NXGL,Nexgel Inc,NASDAQ,제약
GCTK,GlucoTrack Inc,NASDAQ,생명 공학 및 의학 연구
YHC,LQR House Inc.,NASDAQ,광고 및 마케팅
SLXN,Silexion Therapeutics Corp,NASDAQ,생명 공학 및 의학 연구
LNKS,Linkers Industries Ltd,NASDAQ,산업용 기계 및 장비
KAVL,Kaival Brands Innovations Group Inc,NASDAQ,식품 소매 및 유통
IMTE,Integrated Media Technology Ltd,NASDAQ,전자 장비 및 부품
SDST,Stardust Power Inc,NASDAQ,특수 채굴 및 금속
SHFS,SHF Holdings Inc,NASDAQ,은행
LESL,Leslie's Inc,NASDAQ,기타 전문 소매
MSS,Maison Solutions Inc,NASDAQ,식품 소매 및 유통
LBGJ,Li Bang International Corporation Inc,NASDAQ,산업용 기계 및 장비
AKAN,Akanda Corp,NASDAQ,의료 시설 및 서비스
MYSZ,My Size Inc,NASDAQ,소프트웨어
CDT,CDT Equity Inc,NASDAQ,생명 공학 및 의학 연구
BBLG,Bone Biologics Corp,NASDAQ,생명 공학 및 의학 연구
UK,Ucommune International Ltd,NASDAQ,"부동산 임대, 개발 및 운영"
LRHC,La Rosa Holdings,NASDAQ,부동산 서비스
OLOX,Olenox Industries Inc,NASDAQ,주택 건설
CISS,C3is Inc,NASDAQ,해양 화물 및 물류
DCOY,Decoy Therapeutics Inc,NASDAQ,생명 공학 및 의학 연구
FCHL,Fitness Champs Holdings Ltd,NASDAQ,기타 교육 서비스 제공
DRCT,Direct Digital Holdings Inc,NASDAQ,광고 및 마케팅
GIPR,Generation Income Properties Inc,NASDAQ,상업용 REITs
PFSA,Profusa Inc,NASDAQ,"의료 장비, 물품 및 유통"
IPW,iPower Inc,NASDAQ,온라인 서비스
WETO,Wetour Robotics Ltd,NASDAQ,지상 및 해상 여객 운송
SMTK,SmartKem Inc,NASDAQ,반도체
SCNI,Scinai Immunotherapeutics Ltd ADR,NASDAQ,생명 공학 및 의학 연구
SUGP,SU Group Holdings Ltd,NASDAQ,경영 지원 서비스
BDRX,Biodexa Pharmaceuticals PLC ADR,NASDAQ,생명 공학 및 의학 연구
RKDA,Arcadia Biosciences Inc,NASDAQ,식품 가공
XXII,22nd Century Group Inc,NASDAQ,담배
NIVF,NewGenIvf Group Ltd,NASDAQ,의료 시설 및 서비스
LGHL,Lion Group Holding Ltd ADR,NASDAQ,투자 은행 및 중개 서비스
AIXI,Xiao-I Corp ADR,NASDAQ,소프트웨어
FRGT,Freight Technologies Inc,NASDAQ,지상 화물 및 물류
SWKHL,SWK Holdings 9 00 Senior Notes due 2027,NASDAQ,기업 금융 서비스
NEWTG,NewtekOne 8 50 Fixed Rate Senior Notes due 2029,NASDAQ,기업 금융 서비스
ATLCZ,Atlanticus Holding 9 25 Senior Notes due 2029,NASDAQ,소비자 대출
RILYG,BRC Group Holdings 5 00 Senior Notes due 2026,NASDAQ,투자 은행 및 중개 서비스
ATLCL,Atlanticus Holdings 6 125 Senior Notes due 2026,NASDAQ,소비자 대출
GREEL,Vulcan Infrastructure and Power 8 50 Senior Notes due 2026,NASDAQ,IT 서비스 및 컨설팅
WHLRL,Wheeler Real Estate Investment Trust 7 00 Senior Conv Notes Due 2031,NASDAQ,상업용 REITs
RILYZ,BRC Group Holdings 5 25 Senior Notes due 2028,NASDAQ,투자 은행 및 중개 서비스
RILYT,BRC Group Holdings 6 00 Senior Notes Due 2028,NASDAQ,투자 은행 및 중개 서비스
JSM,Navient 6 Prcnt Senior Notes Exp 15 Dec 2043,NASDAQ,소비자 대출
BHFAL,Brighthouse Financial Junior Subordinated Debentures Exp 2058,NASDAQ,생명 및 건강 보험
NEWTH,NewtekOne 8 625 Fixed Rate Senior Notes due 2029,NASDAQ,기업 금융 서비스
METCZ,Ramaco Resources 8 375 Senior Notes due 2029,NASDAQ,철 및 강철
ADAMG,Adamas 9 125 Senior Notes Due 2030,NASDAQ,특수 REITs
METCI,Ramaco Resources 8 250 Senior Notes due 2030,NASDAQ,철 및 강철
ACLX,Arcellx Inc,NASDAQ,생명 공학 및 의학 연구
TMUSZ,T Mobile US 5 500 Senior Notes due March 2070,NASDAQ,무선 통신 서비스
TMUSL,T Mobile US 6 250 Senior Notes due 2069,NASDAQ,무선 통신 서비스
ADAMH,Adamas 9 875 Senior Notes Due 2030,NASDAQ,특수 REITs
ADAMI,Adamas 9 125 Senior Notes Due 2029,NASDAQ,특수 REITs
PRHIZ,Conifer Holdings 9 75 Senior Unsecured Notes 2028,NASDAQ,손해보험
ADAMO,Adamas Trust 9 250 Senior Notes Due 2031,NASDAQ,특수 REITs
NEWTO,Newtekone 8 50  Fixed Rate Senior Notes Due 2031,NASDAQ,기업 금융 서비스
ANABV,AnaptysBio Inc,NASDAQ,생명 공학 및 의학 연구
MMEDV,MiniMed Group Inc,NASDAQ,"의료 장비, 물품 및 유통"
DAWN,Day One Biopharmaceuticals Inc,NASDAQ,제약
IAS,Integral Ad Science Holding Corp,NASDAQ,광고 및 마케팅
CTLP,Cantaloupe Inc,NASDAQ,핀테크
GDEN,Golden Entertainment Inc,NASDAQ,카지노 및 도박
OPT,Opthea Ltd ADR,NASDAQ,생명 공학 및 의학 연구
SVA,Sinovac Biotech Ltd,NASDAQ,제약
MCTA,Charming Medical Ltd,NASDAQ,의료 시설 및 서비스
EWCZ,European Wax Center Inc,NASDAQ,개인 서비스
PLTS,Platinum Analytics Cayman Ltd,NASDAQ,핀테크
EM,Smart Share Global Ltd ADR,NASDAQ,전화 및 소형 장치
UCFI,CN Healthy Food Tech Group Corp,NASDAQ,식품 가공
MAGH,Magnitude International Ltd,NASDAQ,건설 및 엔지니어링
EFTY,Etoiles Capital Group Co Ltd,NASDAQ,광고 및 마케팅
MAMK,MaxsMaking Inc,NASDAQ,직물 및 가죽제품
LAWR,Robot Consulting Co Ltd ADR,NASDAQ,소프트웨어
EMPG,Empro Group Inc,NASDAQ,기타 전문 소매
HCHL,Happy City Holdings Ltd,NASDAQ,레스토랑 및 바
BGM,BGM Group Ltd,NASDAQ,제약
FSEA,First Seacoast Bancorp Inc,NASDAQ,은행
NSTS,NSTS Bancorp Inc,NASDAQ,은행
MYPS,PLAYSTUDIOS  Inc.,NASDAQ,소프트웨어
PC,Premium Catering Holdings Ltd,NASDAQ,레스토랑 및 바
OST,Ostin Technology Group Co.  Ltd,NASDAQ,전자 장비 및 부품
KUST,Kustom Entertainment Inc,NASDAQ,경영 지원 서비스
RNBW,Rainbow Capital Holdings Ltd,NASDAQ,
FGXCU,FG Merger III Units,NASDAQ,투자 지주 회사
CLRS,Clear Street Group Inc,NASDAQ,
HONIV,Honeywell International Inc,NASDAQ,소비재 대기업
AMRO,Amaero Inc.,NASDAQ,산업용 기계 및 장비
NIAAU,New Iceland Arctic Acquisition Units,NASDAQ,투자 지주 회사
AFNXU,AfterNext Acquisition I Units,NASDAQ,투자 지주 회사
CHWM,Chilwa Minerals Ltd ADR,NASDAQ,채굴 지원 서비스 및 장비
TSM,Taiwan Semiconductor Manufacturing Company Limited ADR,NYSE,반도체
LLY,Eli Lilly and Company,NYSE,제약
JPM,JPMorgan Chase & Co.,NYSE,은행
V,Visa Inc.,NYSE,경영 지원 서비스
XOM,Exxonmobil Holdings Corp,NYSE,"오일, 가스 정제 및 마케팅"
JNJ,Johnson & Johnson,NYSE,제약
MA,Mastercard Incorporated,NYSE,온라인 서비스
ABBV,AbbVie Inc.,NYSE,제약
ORCL,Oracle Corporation,NYSE,소프트웨어
CVX,Chevron Corporation,NYSE,통합 오일 및 가스
BAC,Bank of America Corporation,NYSE,은행
CAT,Caterpillar Inc,NYSE,중장비 및 차량
KO,Coca-Cola Co,NYSE,무알콜 음료
MRK,Merck & Co Inc,NYSE,제약
DELL,Dell Technologies Inc,NYSE,컴퓨터 하드웨어
HSBC,HSBC Holdings PLC ADR,NYSE,은행
PG,The Procter & Gamble Company,NYSE,개인 생활 필수 용품
UNH,UnitedHealth Group Incorporated,NYSE,의료 관리
GE,General Electric Company,NYSE,항공우주 및 방위
PM,Philip Morris International Inc.,NYSE,담배
MS,Morgan Stanley,NYSE,투자 은행 및 중개 서비스
HD,The Home Depot  Inc.,NYSE,주택 개조 제품 및 서비스 소매
RY,Royal Bank of Canada,NYSE,은행
SHEL,Shell plc ADR,NYSE,통합 오일 및 가스
NVS,Novartis AG ADR,NYSE,제약
BABA,Alibaba Group Holding Limited ADR,NYSE,온라인 서비스
GS,The Goldman Sachs Group  Inc.,NYSE,투자 은행 및 중개 서비스
MUFG,Mitsubishi UFJ Financial Group  Inc. ADR,NYSE,은행
ANET,Arista Networks  Inc.,NYSE,통신 및 네트워킹
GEV,GE Vernova Inc.,NYSE,전력 유틸리티
AZN,AstraZeneca PLC,NYSE,제약
RTX,RTX Corporation,NYSE,항공우주 및 방위
TMO,Thermo Fisher Scientific Inc,NYSE,첨단 의료 장비 및 기술
SAP,SAP SE ADR,NYSE,소프트웨어
WFC,Wells Fargo & Company,NYSE,은행
C,Citigroup Inc.,NYSE,투자 은행 및 중개 서비스
TM,TOYOTA MOTOR CORPORATION ADR,NYSE,자동차 및 트럭 제조
BHP,BHP Group Ltd ADR,NYSE,다각적 채굴
APH,Amphenol Corp,NYSE,전자 장비 및 부품
IBM,International Business Machines Corporation,NYSE,IT 서비스 및 컨설팅
AXP,American Express Company,NYSE,소비자 대출
SAN,Banco Santander S.A. ADR,NYSE,은행
TTE,TotalEnergies SE,NYSE,통합 오일 및 가스
TD,The Toronto-Dominion Bank,NYSE,은행
VZ,Verizon Communications Inc,NYSE,통합 통신 서비스
CRM,Salesforce  Inc.,NYSE,IT 서비스 및 컨설팅
DIS,The Walt Disney Company,NYSE,방송
DE,Deere & Co,NYSE,중장비 및 차량
BLK,BlackRock  Inc.,NYSE,투자 관리 및 펀드 운영
SCCO,Southern Copper Corp,NYSE,특수 채굴 및 금속
ABT,Abbott Laboratories,NYSE,"의료 장비, 물품 및 유통"
SCHW,The Charles Schwab Corporation,NYSE,투자 은행 및 중개 서비스
T,AT&T Inc.,NYSE,무선 통신 서비스
ETN,Eaton Corporation PLC,NYSE,전기 부품 및 장비
WELL,Welltower Inc.,NYSE,특수 REITs
SMFG,Sumitomo Mitsui Financial Group  Inc. ADR,NYSE,은행
MCD,McDonald's Corp,NYSE,레스토랑 및 바
PFE,Pfizer Inc.,NYSE,제약
UNP,Union Pacific Corporation,NYSE,지상 화물 및 물류
NEE,NextEra Energy  Inc.,NYSE,전력 유틸리티
UBS,UBS Group AG,NYSE,투자 관리 및 펀드 운영
DHR,Danaher Corporation,NYSE,첨단 의료 장비 및 기술
BBVA,Banco Bilbao Vizcaya Argentaria SA ADR,NYSE,은행
COP,ConocoPhillips,NYSE,"오일, 가스 탐사 및 생산"
BA,Boeing Co,NYSE,항공우주 및 방위
TJX,The TJX Companies  Inc.,NYSE,할인점
UBER,Uber Technologies  Inc.,NYSE,온라인 서비스
NOW,ServiceNow  Inc.,NYSE,소프트웨어
SONY,Sony Group Corporation ADR,NYSE,가정용 전자 제품
BX,Blackstone Inc.,NYSE,투자 관리 및 펀드 운영
MFG,Mizuho Financial Group  Inc. ADR,NYSE,은행
GLW,Corning Incorporated,NYSE,전자 장비 및 부품
UL,Unilever PLC ADR,NYSE,개인 생활 필수 용품
BMY,Bristol-Myers Squibb Company,NYSE,제약
NVO,Novo Nordisk A/S ADR,NYSE,제약
BUD,Anheuser-Busch Inbev SA ADR,NYSE,양조업
CB,Chubb Limited,NYSE,복합보험 및 중개인
NET,Cloudflare  Inc.,NYSE,IT 서비스 및 컨설팅
PLD,Prologis  Inc.,NYSE,상업용 REITs
NEM,Newmont Corporation,NYSE,금
PH,Parker-Hannifin Corporation,NYSE,산업용 기계 및 장비
PGR,The Progressive Corporation,NYSE,손해보험
SNOW,Snowflake Inc.,NYSE,IT 서비스 및 컨설팅
COF,Capital One Financial Corp,NYSE,소비자 대출
RIO,Rio Tinto plc ADR,NYSE,다각적 채굴
LMT,Lockheed Martin Corp,NYSE,항공우주 및 방위
BTI,British American Tobacco p.l.c. ADR,NYSE,담배
SPGI,S&P Global Inc.,NYSE,전문 정보 서비스
BMO,Bank of Montreal,NYSE,은행
BP,BP PLC ADR,NYSE,"오일, 가스 정제 및 마케팅"
HDB,HDFC Bank Limited ADR,NYSE,은행
MO,Altria Group Inc,NYSE,담배
ACN,Accenture PLC,NYSE,IT 서비스 및 컨설팅
VLO,Valero Energy Corp,NYSE,"오일, 가스 정제 및 마케팅"
MPC,Marathon Petroleum Corporation,NYSE,"오일, 가스 정제 및 마케팅"
BNS,The Bank of Nova Scotia,NYSE,은행
MDT,Medtronic PLC,NYSE,"의료 장비, 물품 및 유통"
CVS,CVS Health Corporation,NYSE,의료 시설 및 서비스
SYK,Stryker Corporation,NYSE,"의료 장비, 물품 및 유통"
EQNR,Equinor ASA ADR,NYSE,통합 오일 및 가스
ENB,Enbridge Inc.,NYSE,오일 및 가스 수송 서비스
LOW,Lowe's Companies Inc,NYSE,주택 개조 제품 및 서비스 소매
ING,ING Groep N.V. ADR,NYSE,은행
PSX,Phillips 66,NYSE,"오일, 가스 정제 및 마케팅"
CM,Canadian Imperial Bank of Commerce,NYSE,은행
FCX,Freeport-McMoRan Inc,NYSE,특수 채굴 및 금속
SPOT,Spotify Technology S.A.,NYSE,온라인 서비스
MCK,McKesson Corp,NYSE,제약
TT,Trane Technologies PLC,NYSE,전기 부품 및 장비
IBN,ICICI Bank Limited ADR,NYSE,은행
BNY,Bank of New York Mellon Corp,NYSE,투자 관리 및 펀드 운영
ASX,ASE Technology Holding Co.  Ltd. ADR,NYSE,반도체 장비 및 테스트
GSK,GSK plc ADR,NYSE,제약
CNQ,Canadian Natural Resources Ltd,NYSE,"오일, 가스 탐사 및 생산"
SO,Southern Co,NYSE,전력 유틸리티
PWR,Quanta Services Inc,NYSE,건설 및 엔지니어링
VRT,Vertiv Holdings Co,NYSE,전기 부품 및 장비
AEM,Agnico Eagle Mines Limited,NYSE,금
HCA,HCA Healthcare  Inc.,NYSE,의료 시설 및 서비스
HWM,Howmet Aerospace Inc.,NYSE,항공우주 및 방위
JCI,Johnson Controls International PLC,NYSE,전기 부품 및 장비
USB,U.S. Bancorp,NYSE,은행
GD,General Dynamics Corp,NYSE,항공우주 및 방위
BN,Brookfield Corporation,NYSE,투자 관리 및 펀드 운영
DUK,Duke Energy Corp,NYSE,전력 유틸리티
PNC,The PNC Financial Services Group  Inc.,NYSE,은행
EMR,Emerson Electric Co,NYSE,전기 부품 및 장비
ICE,Intercontinental Exchange  Inc.,NYSE,"금융, 상품 시장 운영 및 서비스 제공"
HPE,Hewlett Packard Enterprise Company,NYSE,컴퓨터 하드웨어
MMM,3M Company,NYSE,소비재 대기업
ELV,Elevance Health Inc,NYSE,의료 관리
WMB,The Williams Companies  Inc.,NYSE,오일 및 가스 수송 서비스
KKR,KKR & Co Inc,NYSE,투자 관리 및 펀드 운영
BE,Bloom Energy Corporation,NYSE,중전기장비
WM,Waste Management Inc,NYSE,환경 서비스 및 장비
BCS,Barclays PLC ADR,NYSE,은행
LYG,Lloyds Banking Group PLC ADR,NYSE,은행
MRSH,Marsh & McLennan Companies  Inc.,NYSE,복합보험 및 중개인
SU,Suncor Energy Inc (Canada),NYSE,"오일, 가스 정제 및 마케팅"
UPS,United Parcel Service Inc,NYSE,"배달, 우편, 항공 화물 및 육상 물류"
E,Eni SpA ADR,NYSE,통합 오일 및 가스
MCO,Moody's Corporation,NYSE,전문 정보 서비스
SHW,Sherwin-Williams Co,NYSE,상품 화학
PBR,Petroleo Brasileiro ADR Reptg 2,NYSE,통합 오일 및 가스
ECL,Ecolab Inc.,NYSE,특수 화학제
EPD,Enterprise Products Partners Units,NYSE,오일 및 가스 수송 서비스
AMT,American Tower Corporation,NYSE,특수 REITs
NGG,National Grid PLC ADR,NYSE,복합 유틸리티
CP,Canadian Pacific Kansas City Limited,NYSE,지상 화물 및 물류
TRV,The Travelers Companies  Inc.,NYSE,손해보험
MSI,Motorola Solutions Inc,NYSE,통신 및 네트워킹
ITW,Illinois Tool Works Inc,NYSE,소비재 대기업
BAM,BROOKFIELD ASSET MANAGEMENT LTD,NYSE,투자 관리 및 펀드 운영
SLB,SLB N.V.,NYSE,오일 관련 서비스 및 장비
EOG,EOG Resources  Inc.,NYSE,"오일, 가스 탐사 및 생산"
NWG,NatWest Group PLC ADR,NYSE,은행
CNI,Canadian National Railway Company,NYSE,지상 화물 및 물류
CI,The Cigna Group,NYSE,의료 관리
HLT,Hilton Worldwide Holdings Inc.,NYSE,"호텔, 모텔 및 크루즈 라인"
TGT,Target Corp,NYSE,할인점
CMI,Cummins Inc,NYSE,"자동차, 트럭 및 오토바이 부품"
RCL,Royal Caribbean Cruises Ltd.,NYSE,"호텔, 모텔 및 크루즈 라인"
MFC,Manulife Financial Corporation,NYSE,생명 및 건강 보험
RACE,Ferrari N.V.,NYSE,자동차 및 트럭 제조
NSC,Norfolk Southern Corp,NYSE,지상 화물 및 물류
CVNA,Carvana Co,NYSE,"자동차 차량, 부품 및 서비스 소매"
NOC,Northrop Grumman Corp,NYSE,항공우주 및 방위
DB,Deutsche Bank AG,NYSE,은행
APO,Apollo Global Management  Inc.,NYSE,연금
ET,Energy Transfer Units,NYSE,오일 및 가스 수송 서비스
CL,Colgate-Palmolive Company,NYSE,개인 생활 필수 용품
GM,General Motors Co,NYSE,자동차 및 트럭 제조
FDX,FedEx Corp,NYSE,"배달, 우편, 항공 화물 및 육상 물류"
KMI,Kinder Morgan  Inc.,NYSE,오일 및 가스 수송 서비스
B,Barrick Mining Corporation,NYSE,금
DLR,Digital Realty Trust  Inc.,NYSE,특수 REITs
SPG,Simon Property Group Inc,NYSE,상업용 REITs
RSG,Republic Services Inc,NYSE,환경 서비스 및 장비
AMX,America Movil SAB de CV ADR,NYSE,통합 통신 서비스
BSX,Boston Scientific Corp,NYSE,첨단 의료 장비 및 기술
URI,United Rentals  Inc.,NYSE,경영 지원 서비스
KEYS,Keysight Technologies  Inc.,NYSE,산업용 기계 및 장비
APD,Air Products and Chemicals  Inc.,NYSE,상품 화학
UMC,United Microelectronics Corp ADR,NYSE,반도체
NU,Nu Holdings Ltd.,NYSE,은행
TEL,TE Connectivity PLC,NYSE,전자 장비 및 부품
WPM,Wheaton Precious Metals Corp.,NYSE,금
TRP,TC Energy Corporation,NYSE,오일 및 가스 수송 서비스
TDG,TransDigm Group Incorporated,NYSE,항공우주 및 방위
MET,MetLife  Inc.,NYSE,생명 및 건강 보험
AON,Aon PLC,NYSE,복합보험 및 중개인
GWW,WW Grainger Inc,NYSE,산업용 기계 및 장비
AJG,Arthur J. Gallagher & Co.,NYSE,복합보험 및 중개인
FIX,Comfort Systems USA  Inc.,NYSE,건설 및 엔지니어링
TAK,Takeda Pharmaceutical Company Limited ADR,NYSE,제약
TRGP,Targa Resources Corp.,NYSE,오일 및 가스 수송 서비스
RELX,Relx PLC ADR,NYSE,IT 서비스 및 컨설팅
COR,Cencora  Inc.,NYSE,"의료 장비, 물품 및 유통"
MPLX,MPLX Common Units,NYSE,오일 및 가스 수송 서비스
VALE,Vale S.A. ADR,NYSE,철 및 강철
AME,AMETEK Inc,NYSE,전기 부품 및 장비
NOK,Nokia Oyj ADR,NYSE,통신 및 네트워킹
CVE,Cenovus Energy Incorporation,NYSE,"오일, 가스 탐사 및 생산"
TFC,Truist Financial Corporation,NYSE,은행
COHR,Coherent Corp.,NYSE,전자 장비 및 부품
ALL,Allstate Corp,NYSE,손해보험
AFL,Aflac Incorporated,NYSE,생명 및 건강 보험
LNG,Cheniere Energy  Inc.,NYSE,오일 및 가스 수송 서비스
GRMN,Garmin Ltd.,NYSE,통신 및 네트워킹
OXY,Occidental Petroleum Corp,NYSE,"오일, 가스 탐사 및 생산"
SE,Sea Ltd ADR,NYSE,소프트웨어
CRH,CRH PLC,NYSE,건설 자재
DAL,Delta Air Lines  Inc.,NYSE,항공사
OKE,ONEOK  Inc.,NYSE,
D,Dominion Energy  Inc.,NYSE,전력 유틸리티
NUE,Nucor Corporation,NYSE,철 및 강철
PSA,Public Storage,NYSE,특수 REITs
NKE,NIKE  Inc.,NYSE,제화
CTVA,Corteva  Inc.,NYSE,농화학제
CAH,Cardinal Health  Inc.,NYSE,제약
O,Realty Income Corporation,NYSE,상업용 REITs
SRE,Sempra,NYSE,복합 유틸리티
MT,ArcelorMittal SA ADR,NYSE,철 및 강철
DVN,Devon Energy Corporation,NYSE,"오일, 가스 탐사 및 생산"
CIEN,Ciena Corporation,NYSE,통신 및 네트워킹
EW,Edwards Lifesciences Corporation,NYSE,첨단 의료 장비 및 기술
BDX,Becton Dickinson and Co,NYSE,"의료 장비, 물품 및 유통"
A,Agilent Technologies Inc,NYSE,첨단 의료 장비 및 기술
WAB,Westinghouse Air Brake Technologies Corp,NYSE,중장비 및 차량
ROK,Rockwell Automation Inc,NYSE,전기 부품 및 장비
F,Ford Motor Co,NYSE,자동차 및 트럭 제조
STT,State Street Corporation,NYSE,투자 관리 및 펀드 운영
DEO,Diageo PLC ADR,NYSE,증류주 및 포도주
STM,STMicroelectronics N.V. ADR,NYSE,반도체
AU,Anglogold Ashanti PLC,NYSE,금
ETR,Entergy Corp,NYSE,전력 유틸리티
VMRK,Vivmark Residential,NYSE,주거용 REITs
VST,Vistra Corp.,NYSE,전력 유틸리티
VEEV,Veeva Systems Inc.,NYSE,첨단 의료 장비 및 기술
TEVA,Teva Pharmaceutical Industries Limited,NYSE,제약
ITUB,Itau Unibanco Holding SA ADR,NYSE,은행
FNV,Franco-Nevada Corporation,NYSE,금
FITB,Fifth Third Bancorp,NYSE,은행
HUM,Humana Inc.,NYSE,의료 관리
AZO,AutoZone  Inc.,NYSE,"자동차 차량, 부품 및 서비스 소매"
CLS,Celestica Inc.,NYSE,전자 장비 및 부품
CARR,Carrier Global Corporation,NYSE,전기 부품 및 장비
ABEV,Ambev SA ADR,NYSE,양조업
TWLO,Twilio Inc.,NYSE,소프트웨어
IQV,IQVIA Holdings Inc.,NYSE,생명 공학 및 의학 연구
XYZ,Block  Inc.,NYSE,경영 지원 서비스
LHX,L3Harris Technologies  Inc.,NYSE,항공우주 및 방위
VTR,Ventas  Inc.,NYSE,특수 REITs
INFY,Infosys Limited ADR,NYSE,IT 서비스 및 컨설팅
P,Everpure Inc,NYSE,컴퓨터 하드웨어
KB,KB Financial Group Inc. ADR,NYSE,은행
AMP,Ameriprise Financial Inc,NYSE,투자 관리 및 펀드 운영
SLF,Sun Life Financial Inc,NYSE,생명 및 건강 보험
WAT,Waters Corp,NYSE,첨단 의료 장비 및 기술
FERG,Ferguson Enterprises Inc,NYSE,건설 자재 및 비품
WDS,Woodside Energy Group Ltd ADR,NYSE,"오일, 가스 탐사 및 생산"
HMC,HONDA MOTOR CO.  LTD. ADR,NYSE,자동차 및 트럭 제조
IX,ORIX CORPORATION ADR,NYSE,다각적 투자 서비스
CMG,Chipotle Mexican Grill  Inc.,NYSE,레스토랑 및 바
HLN,Haleon PLC ADR,NYSE,제약
LYV,Live Nation Entertainment  Inc.,NYSE,엔터테인먼트 제작
PRU,Prudential Financial Inc,NYSE,생명 및 건강 보험
MSCI,MSCI Inc.,NYSE,전문 정보 서비스
AIG,American International Group  Inc.,NYSE,손해보험
WCN,Waste Connections  Inc.,NYSE,환경 서비스 및 장비
ARES,Ares Management Corporation,NYSE,투자 관리 및 펀드 운영
SYY,Sysco Corporation,NYSE,식품 소매 및 유통
ADM,Archer-Daniels-Midland Co,NYSE,식품 가공
DHI,D.R. Horton  Inc.,NYSE,주택 건설
ED,Consolidated Edison  Inc.,NYSE,전력 유틸리티
CCJ,Cameco Corporation,NYSE,우라늄
YUM,Yum! Brands  Inc.,NYSE,레스토랑 및 바
CBRE,CBRE Group  Inc.,NYSE,부동산 서비스
SHG,Shinhan Financial Group Co.  Ltd. ADR,NYSE,은행
CHT,Chunghwa Telecom Co Ltd ADR,NYSE,통합 통신 서비스
VIK,Viking Holdings Ltd,NYSE,여가 및 오락시설
KR,Kroger Co,NYSE,식품 소매 및 유통
UI,Ubiquiti Inc.,NYSE,통신 및 네트워킹
MLM,Martin Marietta Materials  Inc.,NYSE,건설 자재
TKO,TKO Group Holdings Inc,NYSE,엔터테인먼트 제작
KVUE,Kenvue Inc.,NYSE,개인 생활 필수 용품
EC,Ecopetrol SA ADR,NYSE,"오일, 가스 탐사 및 생산"
EL,Estee Lauder Companies Inc,NYSE,개인 생활 필수 용품
PEG,Public Service Enterprise Group Incorporated,NYSE,복합 유틸리티
NTR,Nutrien Ltd,NYSE,농화학제
EME,EMCOR Group  Inc.,NYSE,건설 및 엔지니어링
HIG,The Hartford Insurance Group  Inc.,NYSE,복합보험 및 중개인
IRM,Iron Mountain Inc,NYSE,특수 REITs
CCL,Carnival Corporation Ltd,NYSE,"호텔, 모텔 및 크루즈 라인"
WEC,WEC Energy Group  Inc.,NYSE,전력 유틸리티
RKT,Rocket Companies Inc,NYSE,소비자 대출
ALC,Alcon AG,NYSE,"의료 장비, 물품 및 유통"
GFI,Gold Fields Limited ADR,NYSE,금
RMD,ResMed Inc.,NYSE,첨단 의료 장비 및 기술
TECK,Teck Resources Ltd,NYSE,다각적 채굴
VMC,Vulcan Materials Co,NYSE,건설 자재
HSY,The Hershey Company,NYSE,식품 가공
VG,Venture Global  Inc.,NYSE,"오일, 가스 탐사 및 생산"
MTB,M&T Bank Corporation,NYSE,은행
PUK,Prudential plc ADR,NYSE,생명 및 건강 보험
CNC,Centene Corp,NYSE,의료 관리
EQT,EQT Corporation,NYSE,"오일, 가스 탐사 및 생산"
RJF,Raymond James Financial  Inc.,NYSE,은행
MTD,Mettler-Toledo International Inc.,NYSE,사무기기
RBLX,Roblox Corporation,NYSE,소프트웨어
BAP,Credicorp Ltd,NYSE,은행
JBL,Jabil Inc.,NYSE,전자 장비 및 부품
SUNB,Sunbelt Rentals Holdings Inc,NYSE,경영 지원 서비스
CQP,Cheniere Energy Partners Units,NYSE,오일 및 가스 수송 서비스
IR,Ingersoll Rand Inc,NYSE,산업용 기계 및 장비
ZTS,Zoetis Inc,NYSE,제약
NMR,Nomura Holdings  Inc. ADR,NYSE,투자 은행 및 중개 서비스
KGC,Kinross Gold Corporation,NYSE,금
CCI,Crown Castle Inc,NYSE,특수 REITs
HPQ,HP Inc,NYSE,컴퓨터 하드웨어
TDY,Teledyne Technologies Inc,NYSE,전자 장비 및 부품
TS,Tenaris SA ADR,NYSE,오일 관련 서비스 및 장비
EXR,Extra Space Storage Inc.,NYSE,특수 REITs
AEE,Ameren Corporation,NYSE,복합 유틸리티
RDDT,Reddit  Inc.,NYSE,온라인 서비스
FTS,Fortis Inc.,NYSE,전력 유틸리티
PCG,PG&E Corp,NYSE,전력 유틸리티
KHC,The Kraft Heinz Company,NYSE,식품 가공
CFG,Citizens Financial Group Inc,NYSE,은행
WSM,Williams-Sonoma Inc,NYSE,가정용 가구 소매
FTI,TechnipFMC PLC,NYSE,오일 관련 서비스 및 장비
HAL,Halliburton Company,NYSE,오일 관련 서비스 및 장비
ATO,Atmos Energy Corporation,NYSE,천연가스 유틸리티
DG,Dollar General Corp,NYSE,할인점
Q,Qnity Electronics  Inc.,NYSE,반도체
WST,West Pharmaceutical Services  Inc.,NYSE,"의료 장비, 물품 및 유통"
NVT,nVent Electric PLC,NYSE,전기 부품 및 장비
PBA,Pembina Pipeline Corporation,NYSE,오일 및 가스 수송 서비스
ATI,ATI Inc.,NYSE,항공우주 및 방위
AWK,American Water Works Company  Inc.,NYSE,수자원 유틸리티
DGX,Quest Diagnostics Inc,NYSE,의료 시설 및 서비스
CPAY,Corpay  Inc.,NYSE,경영 지원 서비스
SN,SharkNinja  Inc.,NYSE,"가전제품, 도구 및 가정 용품"
DTE,DTE Energy Company,NYSE,전력 유틸리티
VICI,VICI Properties Inc,NYSE,특수 REITs
DOV,Dover Corp,NYSE,산업용 기계 및 장비
WRB,W. R. Berkley Corporation,NYSE,손해보험
FE,FirstEnergy Corp,NYSE,전력 유틸리티
LH,Labcorp Holdings Inc.,NYSE,의료 시설 및 서비스
CPNG,Coupang  Inc.,NYSE,백화점
QSR,Restaurant Brands International Inc.,NYSE,레스토랑 및 바
PPL,PPL Corp,NYSE,복합 유틸리티
LVS,Las Vegas Sands Corp.,NYSE,카지노 및 도박
OTIS,Otis Worldwide Corporation,NYSE,중전기장비
CNP,CenterPoint Energy  Inc.,NYSE,복합 유틸리티
ES,Eversource Energy,NYSE,전력 유틸리티
EXPD,Expeditors International of Washington Inc,NYSE,"배달, 우편, 항공 화물 및 육상 물류"
HUBB,Hubbell Inc,NYSE,전기 부품 및 장비
PHG,Koninklijke Philips N.V. ADR,NYSE,첨단 의료 장비 및 기술
RBRK,Rubrik  Inc.,NYSE,소프트웨어
IHG,InterContinental Hotels Group PLC ADR,NYSE,"호텔, 모텔 및 크루즈 라인"
XYL,Xylem Inc,NYSE,산업용 기계 및 장비
FMX,Fomento Economico Mexicano SAB de CV ADR,NYSE,식품 소매 및 유통
PPG,PPG Industries  Inc.,NYSE,상품 화학
SW,Smurfit WestRock PLC,NYSE,종이 포장재
SYF,Synchrony Financial,NYSE,소비자 대출
VLTO,Veralto Corp,NYSE,환경 서비스 및 장비
RF,Regions Financial Corporation,NYSE,은행
TPR,Tapestry  Inc.,NYSE,의류 및 액세서리 소매
TPL,Texas Pacific Land Corporation,NYSE,"오일, 가스 탐사 및 생산"
PS,Pershing Square Inc,NYSE,투자 관리 및 펀드 운영
CHD,Church & Dwight Co Inc,NYSE,가정용 제품
IOT,Samsara Inc.,NYSE,소프트웨어
AER,AerCap Holdings N.V.,NYSE,기업 금융 서비스
DRI,Darden Restaurants Inc,NYSE,레스토랑 및 바
PHM,PulteGroup  Inc.,NYSE,주택 건설
GPN,Global Payments Inc,NYSE,경영 지원 서비스
KEY,KeyCorp,NYSE,은행
L,Loews Corporation,NYSE,손해보험
IFF,International Flavors & Fragrances Inc.,NYSE,식품 가공
MKL,Markel Group Inc.,NYSE,손해보험
BSBR,Banco Santander Brasil SA ADR,NYSE,은행
RL,Ralph Lauren Corporation,NYSE,의류 및 액세서리
CRCL,Circle Internet Group  Inc,NYSE,핀테크
EIX,Edison International,NYSE,전력 유틸리티
XPO,XPO  Inc.,NYSE,지상 화물 및 물류
THC,Tenet Healthcare Corp,NYSE,의료 시설 및 서비스
BG,Bunge Global SA,NYSE,식품 가공
STE,STERIS plc,NYSE,"의료 장비, 물품 및 유통"
AMRZ,Amrize AG,NYSE,건설 자재
PKG,Packaging Corp of America,NYSE,종이 포장재
BRO,Brown & Brown Inc,NYSE,복합보험 및 중개인
LUV,Southwest Airlines Co,NYSE,항공사
SNX,TD SYNNEX Corporation,NYSE,컴퓨터 하드웨어
BCH,Banco de Chile ADR,NYSE,은행
OMC,Omnicom Group Inc,NYSE,광고 및 마케팅
AXIA,Axia Energia SA ADR,NYSE,전력 유틸리티
NRG,NRG Energy Inc,NYSE,전력 유틸리티
CW,Curtiss-Wright Corporation,NYSE,항공우주 및 방위
USFD,US Foods Holding Corp.,NYSE,식품 소매 및 유통
DOW,Dow Inc.,NYSE,상품 화학
CMS,CMS Energy Corporation,NYSE,복합 유틸리티
YPF,YPF SA ADR,NYSE,"오일, 가스 정제 및 마케팅"
RS,Reliance  Inc.,NYSE,철 및 강철
AMCR,Amcor PLC,NYSE,용기(종이 제외) 및 포장재
BEKE,KE Holdings Inc. ADR,NYSE,부동산 서비스
STZ,Constellation Brands  Inc.,NYSE,양조업
CRS,Carpenter Technology Corporation,NYSE,철 및 강철
DINO,HF Sinclair Corporation,NYSE,"오일, 가스 정제 및 마케팅"
BCE,BCE Inc,NYSE,통합 통신 서비스
PAAS,Pan American Silver Corp.,NYSE,다각적 채굴
SNA,Snap-On Inc,NYSE,산업용 기계 및 장비
NI,NiSource Inc.,NYSE,복합 유틸리티
WF,Woori Financial Group Inc ADR,NYSE,은행
SBS,Companhia de Saneamento Basico do Estado de Sao Paulo - SABESP ADR,NYSE,수자원 유틸리티
LYB,LyondellBasell Industries N.V.,NYSE,상품 화학
BBY,Best Buy Co.  Inc.,NYSE,컴퓨터 및 전자 제품 소매
WES,Western Midstream Partners Common Units,NYSE,통합 오일 및 가스
VIV,Telefonica Brasil SA ADR,NYSE,통합 통신 서비스
BR,Broadridge Financial Solutions Inc,NYSE,전문 정보 서비스
CDE,Coeur Mining  Inc.,NYSE,금
ITT,ITT Inc,NYSE,산업용 기계 및 장비
U,Unity Software Inc.,NYSE,소프트웨어
TSN,Tyson Foods Inc,NYSE,식품 가공
GFL,GFL Environmental Inc.,NYSE,환경 서비스 및 장비
PR,Permian Resources Corporation,NYSE,"오일, 가스 탐사 및 생산"
IP,International Paper Co,NYSE,종이 포장재
DD,DuPont de Nemours  Inc.,NYSE,특수 화학제
WCC,WESCO International  Inc.,NYSE,전기 부품 및 장비
CF,CF Industries Holdings Inc,NYSE,농화학제
IONQ,IonQ  Inc.,NYSE,컴퓨터 하드웨어
GPC,Genuine Parts Co,NYSE,"자동차, 트럭 및 오토바이 부품"
ESS,Essex Property Trust  Inc.,NYSE,주거용 REITs
GIS,General Mills Inc,NYSE,식품 가공
LEN,Lennar Corporation Class A,NYSE,주택 건설
MTZ,MasTec Inc,NYSE,건설 및 엔지니어링
PKX,POSCO Holdings Inc. ADR,NYSE,철 및 강철
RVTY,Revvity  Inc.,NYSE,첨단 의료 장비 및 기술
FIS,Fidelity National Information Services  Inc.,NYSE,핀테크
ZBH,Zimmer Biomet Holdings  Inc.,NYSE,"의료 장비, 물품 및 유통"
MGA,Magna International Inc.,NYSE,"자동차, 트럭 및 오토바이 부품"
IEX,IDEX Corporation,NYSE,산업용 기계 및 장비
BURL,Burlington Stores  Inc.,NYSE,의류 및 액세서리 소매
TOST,Toast  Inc.,NYSE,소프트웨어
HEI,HEICO Corporation,NYSE,항공우주 및 방위
DT,Dynatrace  Inc,NYSE,IT 서비스 및 컨설팅
APG,APi Group Corporation,NYSE,건설 및 엔지니어링
FTV,Fortive Corporation,NYSE,산업용 기계 및 장비
NVR,NVR  Inc.,NYSE,주택 건설
CLH,Clean Harbors Inc,NYSE,환경 서비스 및 장비
FDXF,FedEx Freight Holding Company Inc,NYSE,지상 화물 및 물류
WIT,Wipro Limited ADR,NYSE,IT 서비스 및 컨설팅
BEN,Franklin Templeton  Inc.,NYSE,투자 관리 및 펀드 운영
BIP,Brookfield Infrastructure Partners Units,NYSE,소비재 대기업
EFX,Equifax Inc.,NYSE,전문 정보 서비스
RGA,Reinsurance Group of America  Incorporated,NYSE,재보험
BMNR,BitMine Immersion Technologies  Inc.,NYSE,블록 체인 및 암호화폐
CNH,CNH Industrial N.V.,NYSE,중장비 및 차량
J,Jacobs Solutions Inc,NYSE,경영 지원 서비스
RBC,RBC Bearings Incorporated,NYSE,산업용 기계 및 장비
BSAC,Banco Santander Chile ADR,NYSE,은행
DOCN,DigitalOcean Holdings  Inc.,NYSE,IT 서비스 및 컨설팅
OVV,Ovintiv Inc.,NYSE,"오일, 가스 탐사 및 생산"
INVH,Invitation Homes Inc.,NYSE,주거용 REITs
LDOS,Leidos Holdings  Inc.,NYSE,IT 서비스 및 컨설팅
AS,Amer Sports Inc,NYSE,기타 전문 소매
FN,Fabrinet,NYSE,전자 장비 및 부품
ONTO,Onto Innovation Inc.,NYSE,반도체 장비 및 테스트
RBA,RB Global  Inc (Ontario),NYSE,온라인 서비스
SOLV,Solventum Corporation,NYSE,"의료 장비, 물품 및 유통"
H,Hyatt Hotels Corp,NYSE,"호텔, 모텔 및 크루즈 라인"
SUN,Sunoco Common Units,NYSE,"오일, 가스 정제 및 마케팅"
KIM,Kimco Realty Corp,NYSE,상업용 REITs
BALL,Ball Corp,NYSE,용기(종이 제외) 및 포장재
ZTO,ZTO Express (Cayman) Inc ADR,NYSE,"배달, 우편, 항공 화물 및 육상 물류"
CRBG,Corebridge Financial Inc,NYSE,생명 및 건강 보험
EMA,Emera Inc,NYSE,전력 유틸리티
WPC,W. P. Carey Inc.,NYSE,복합부동산 REITs
JHX,James Hardie Industries PLC,NYSE,건설 자재
ROL,Rollins Inc,NYSE,경영 지원 서비스
PFGC,Performance Food Group Company,NYSE,식품 소매 및 유통
CX,Cemex  S.A.B. de C.V. ADR,NYSE,건설 자재
LTM,LATAM Airlines Group S.A. ADR,NYSE,항공사
SGI,Somnigroup International Inc.,NYSE,가정용 가구
NLY,Annaly Capital Management  Inc.,NYSE,특수 REITs
OWL,Blue Owl Capital Inc.,NYSE,투자 관리 및 펀드 운영
PNFP,Pinnacle Financial Partners  Inc.,NYSE,은행
ARMK,Aramark,NYSE,레스토랑 및 바
CRL,Charles River Laboratories International  Inc.,NYSE,생명 공학 및 의학 연구
YUMC,Yum China Holdings Inc,NYSE,레스토랑 및 바
KEP,Korea Electric Power Corporation ADR,NYSE,전력 유틸리티
JLL,Jones Lang LaSalle Incorporated,NYSE,부동산 서비스
W,Wayfair Inc.,NYSE,백화점
OHI,Omega Healthcare Investors  Inc.,NYSE,특수 REITs
EG,Everest Group  Ltd.,NYSE,재보험
EQH,Equitable Holdings  Inc.,NYSE,다각적 투자 서비스
UNM,Unum Group,NYSE,생명 및 건강 보험
DOC,Healthpeak Properties  Inc,NYSE,특수 REITs
WY,Weyerhaeuser Company,NYSE,특수 REITs
MAA,Mid-America Apartment Communities Inc,NYSE,주거용 REITs
AGI,Alamos Gold Inc.,NYSE,금
SUI,Sun Communities Inc,NYSE,주거용 REITs
CACI,CACI International Inc,NYSE,IT 서비스 및 컨설팅
MLI,Mueller Industries Inc,NYSE,산업용 기계 및 장비
EMBJ,Embraer S.A. ADR,NYSE,항공우주 및 방위
SKM,SK Telecom Co.  Ltd. ADR,NYSE,무선 통신 서비스
SWK,Stanley Black & Decker  Inc.,NYSE,산업용 기계 및 장비
TU,Telus Corporation,NYSE,통합 통신 서비스
IVZ,Invesco Ltd,NYSE,투자 관리 및 펀드 운영
MAS,Masco Corporation,NYSE,건설 자재 및 비품
ULS,UL Solutions Inc,NYSE,경영 지원 서비스
RNR,RenaissanceRe Holdings Ltd.,NYSE,재보험
RCI,Rogers Communications Inc,NYSE,무선 통신 서비스
PAG,Penske Automotive Group Inc,NYSE,"자동차 차량, 부품 및 서비스 소매"
TXT,Textron Inc,NYSE,항공우주 및 방위
ALLE,Allegion PLC,NYSE,통신 및 네트워킹
TYL,Tyler Technologies  Inc.,NYSE,소프트웨어
AIZ,Assurant Inc,NYSE,손해보험
FLUT,Flutter Entertainment PLC,NYSE,카지노 및 도박
AVY,Avery Dennison Corp,NYSE,용기(종이 제외) 및 포장재
FICO,Fair Isaac Corporation,NYSE,소프트웨어
CSL,Carlisle Companies Incorporated,NYSE,건설 자재 및 비품
AEG,Aegon Ltd. ADR,NYSE,생명 및 건강 보험
GL,Globe Life Inc.,NYSE,생명 및 건강 보험
SJM,The J. M. Smucker Company,NYSE,식품 가공
STLA,Stellantis N.v,NYSE,자동차 및 트럭 제조
RPM,RPM International Inc,NYSE,상품 화학
TLK,Telkom Indonesia (Persero) Tbk PT ADR,NYSE,통합 통신 서비스
BWXT,BWX Technologies Inc,NYSE,항공우주 및 방위
PEN,Penumbra  Inc.,NYSE,"의료 장비, 물품 및 유통"
ALB,Albemarle Corp,NYSE,특수 화학제
TME,Tencent Music Entertainment Group ADR,NYSE,온라인 서비스
GGG,Graco Inc.,NYSE,산업용 기계 및 장비
GME,GameStop Corp.,NYSE,컴퓨터 및 전자 제품 소매
TOL,Toll Brothers Inc,NYSE,주택 건설
GIB,CGI Inc,NYSE,IT 서비스 및 컨설팅
BAX,Baxter International Inc.,NYSE,"의료 장비, 물품 및 유통"
MAIR,Madison Air Solutions Corp,NYSE,환경 서비스 및 장비
LII,Lennox International Inc.,NYSE,전기 부품 및 장비
BWA,BorgWarner Inc.,NYSE,"자동차, 트럭 및 오토바이 부품"
GNRC,Generac Holdings Inc.,NYSE,전기 부품 및 장비
AIT,Applied Industrial Technologies  Inc.,NYSE,산업용 기계 및 장비
DTM,DT Midstream  Inc.,NYSE,오일 및 가스 수송 서비스
CNA,CNA Financial Corp,NYSE,손해보험
QXO,QXO Inc,NYSE,건설 자재 및 비품
GDDY,GoDaddy Inc.,NYSE,IT 서비스 및 컨설팅
JBS,Jbs NV,NYSE,식품 가공
EHC,Encompass Health Corporation,NYSE,의료 시설 및 서비스
DKS,DICK'S Sporting Goods  Inc.,NYSE,기타 전문 소매
AHR,American Healthcare REIT  Inc.,NYSE,특수 REITs
FMS,Fresenius Medical Care AG ADR,NYSE,의료 시설 및 서비스
HBM,Hudbay Minerals Inc.,NYSE,특수 채굴 및 금속
WTS,Watts Water Technologies  Inc.,NYSE,산업용 기계 및 장비
CR,Crane Company,NYSE,산업용 기계 및 장비
MKC,McCormick & Co Non-Voting Ord Shs,NYSE,식품 가공
IT,Gartner  Inc.,NYSE,IT 서비스 및 컨설팅
TRU,TransUnion,NYSE,전문 정보 서비스
GWRE,Guidewire Software  Inc.,NYSE,소프트웨어
BJ,BJ's Wholesale Club Holdings  Inc.,NYSE,할인점
ARW,Arrow Electronics  Inc.,NYSE,반도체
CCK,Crown Holdings Inc,NYSE,용기(종이 제외) 및 포장재
ALLY,Ally Financial Inc,NYSE,소비자 대출
HL,Hecla Mining Co,NYSE,금 제외 귀금속 및 광물
FPS,Forgent Power Solutions  Inc.,NYSE,중전기장비
AFG,American Financial Group  Inc.,NYSE,손해보험
ELS,Equity LifeStyle Properties Inc,NYSE,주거용 REITs
SNN,Smith & Nephew PLC ADR,NYSE,"의료 장비, 물품 및 유통"
PNW,Pinnacle West Capital Corporation,NYSE,전력 유틸리티
FIG,Figma  Inc.,NYSE,소프트웨어
ELAN,Elanco Animal Health Incorporated,NYSE,제약
DVA,DaVita Inc,NYSE,의료 시설 및 서비스
WTRG,Essential Utilities Inc,NYSE,수자원 유틸리티
AA,Alcoa Corp,NYSE,알루미늄
HMY,Harmony Gold Mining Company Limited ADR,NYSE,금
HRL,Hormel Foods Corp,NYSE,식품 가공
FRO,Frontline PLC,NYSE,오일 및 가스 수송 서비스
AMH,American Homes 4 Rent,NYSE,주거용 REITs
FHN,First Horizon Corporation,NYSE,은행
MICC,The Magnum Ice Cream Company N.V.,NYSE,식품 가공
UDR,UDR  Inc.,NYSE,주거용 REITs
WSO,Watsco  Inc.,NYSE,전기 부품 및 장비
PINS,Pinterest  Inc.,NYSE,온라인 서비스
PAC,Grupo Aeroportuario del Pacifico SAB de CV ADR,NYSE,공항 운영 및 서비스
TX,Ternium SA ADR,NYSE,철 및 강철
DECK,Deckers Outdoor Corporation,NYSE,제화
AES,The AES Corporation,NYSE,전력 유틸리티
EGP,EastGroup Properties  Inc.,NYSE,상업용 REITs
SF,Stifel Financial Corp.,NYSE,투자 은행 및 중개 서비스
EVR,Evercore Inc.,NYSE,투자 은행 및 중개 서비스
SUZ,Suzano SA ADR,NYSE,종이 제품
JEF,Jefferies Financial Group Inc,NYSE,투자 은행 및 중개 서비스
HII,HUNTINGTON INGALLS INDUSTRIES  INC.,NYSE,항공우주 및 방위
RDY,Dr. Reddy's Laboratories Limited ADR,NYSE,제약
IAG,IAMGOLD Corp,NYSE,금
DDS,Dillard's  Inc.,NYSE,백화점
SCI,Service Corporation International,NYSE,개인 서비스
FNF,Fidelity National Financial Inc,NYSE,손해보험
KNX,Knight-Swift Transportation Holdings Inc.,NYSE,지상 화물 및 물류
RRX,Regal Rexnord Corporation,NYSE,전기 부품 및 장비
NYT,The New York Times Company,NYSE,소비자 출판
UHS,Universal Health Services  Inc.,NYSE,의료 시설 및 서비스
AR,Antero Resources Corporation,NYSE,"오일, 가스 탐사 및 생산"
HUBS,HubSpot  Inc.,NYSE,소프트웨어
AVTR,Avantor  Inc.,NYSE,"의료 장비, 물품 및 유통"
CIB,Grupo Cibest SA ADR,NYSE,은행
DCI,Donaldson Company  Inc.,NYSE,환경 서비스 및 장비
EGO,Eldorado Gold Corporation,NYSE,금
GMED,Globus Medical  Inc.,NYSE,"의료 장비, 물품 및 유통"
RTO,Rentokil Initial PLC ADR,NYSE,경영 지원 서비스
MOD,Modine Manufacturing Company,NYSE,"자동차, 트럭 및 오토바이 부품"
ONON,On Holding AG,NYSE,제화
MOH,Molina Healthcare Inc,NYSE,의료 관리
TFII,TFI International Inc.,NYSE,지상 화물 및 물류
PAYC,Paycom Software  Inc.,NYSE,소프트웨어
CLX,The Clorox Company,NYSE,가정용 제품
MSGS,Madison Square Garden Sports Corp.,NYSE,엔터테인먼트 제작
BXP,BXP  Inc.,NYSE,상업용 REITs
CPT,Camden Property Trust,NYSE,주거용 REITs
GKOS,Glaukos Corporation,NYSE,"의료 장비, 물품 및 유통"
PSO,Pearson PLC ADR,NYSE,소비자 출판
SSB,SouthState Bank Corp,NYSE,은행
ESTC,Elastic N.V.,NYSE,소프트웨어
FDS,FactSet Research Systems Inc.,NYSE,전문 정보 서비스
DAR,Darling Ingredients Inc.,NYSE,식품 가공
AM,Antero Midstream Corporation,NYSE,오일 및 가스 수송 서비스
WMS,Advanced Drainage Systems Inc,NYSE,건설 자재 및 비품
OSCR,Oscar Health  Inc.,NYSE,생명 및 건강 보험
EDU,New Oriental Education & Technology Group Inc. ADR,NYSE,기타 교육 서비스 제공
CFR,Cullen/Frost Bankers  Inc.,NYSE,은행
RYAN,Ryan Specialty Holdings  Inc.,NYSE,복합보험 및 중개인
AMG,Affiliated Managers Group  Inc.,NYSE,투자 관리 및 펀드 운영
OGE,OGE Energy Corp.,NYSE,전력 유틸리티
ALSN,Allison Transmission Holdings  Inc.,NYSE,중장비 및 차량
FRT,Federal Realty Investment Trust,NYSE,상업용 REITs
FLS,Flowserve Corporation,NYSE,산업용 기계 및 장비
AYI,Acuity Inc.,NYSE,건설 자재 및 비품
SQM,Sociedad Quimica y Minera de Chile SA ADR,NYSE,특수 화학제
MUSA,Murphy USA Inc.,NYSE,"오일, 가스 정제 및 마케팅"
OC,Owens Corning,NYSE,건설 자재 및 비품
ELPC,Companhia Paranaense de Energia ADR,NYSE,전력 유틸리티
XPEV,Xpeng Inc ADR,NYSE,자동차 및 트럭 제조
SNAP,Snap Inc,NYSE,소프트웨어
TTC,The Toro Company,NYSE,중장비 및 차량
PBF,PBF Energy Inc.,NYSE,"오일, 가스 정제 및 마케팅"
KT,KT Corporation ADR,NYSE,통합 통신 서비스
QGEN,QIAGEN N.V.,NYSE,생명 공학 및 의학 연구
ORI,Old Republic International Corporation,NYSE,손해보험
VMI,Valmont Industries  Inc.,NYSE,건설 및 엔지니어링
APTV,APTIV PLC,NYSE,자동차 및 트럭 제조
LTH,Life Time Group Holdings  Inc.,NYSE,여가 및 오락시설
ESI,Element Solutions Inc,NYSE,특수 화학제
HLI,Houlihan Lokey  Inc.,NYSE,투자 은행 및 중개 서비스
JXN,Jackson Financial Inc.,NYSE,복합보험 및 중개인
SSL,Sasol Limited ADR,NYSE,다각적 화학 산업
R,Ryder System  Inc.,NYSE,지상 화물 및 물류
AG,First Majestic Silver Corp.,NYSE,금 제외 귀금속 및 광물
BVN,Compania de Minas Buenaventura SAA ADR,NYSE,다각적 채굴
RRC,Range Resources Corporation,NYSE,"오일, 가스 탐사 및 생산"
CTRE,CareTrust REIT  Inc.,NYSE,특수 REITs
YMM,Full Truck Alliance Co. Ltd. ADR,NYSE,소프트웨어
VIRT,Virtu Financial Inc,NYSE,투자 은행 및 중개 서비스
VOYA,Voya Financial  Inc.,NYSE,다각적 투자 서비스
TIMB,TIM S.A. ADR,NYSE,통합 통신 서비스
NIO,NIO Inc. ADR,NYSE,자동차 및 트럭 제조
SPXC,SPX Technologies Inc,NYSE,산업용 기계 및 장비
BRX,Brixmor Property Group Inc,NYSE,상업용 REITs
PNR,Pentair PLC,NYSE,산업용 기계 및 장비
MHK,Mohawk Industries  Inc.,NYSE,가정용 가구
BEP,Brookfield Renewable Partners Non Voting Units,NYSE,전력 유틸리티
MP,MP Materials Corp.,NYSE,금 제외 귀금속 및 광물
PRI,Primerica  Inc.,NYSE,생명 및 건강 보험
BAH,Booz Allen Hamilton Holding Corporation,NYSE,IT 서비스 및 컨설팅
CUBE,CubeSmart,NYSE,특수 REITs
ADC,Agree Realty Corporation,NYSE,상업용 REITs
ARE,Alexandria Real Estate Equities  Inc,NYSE,상업용 REITs
S,SentinelOne Inc,NYSE,소프트웨어
NEU,NewMarket Corporation,NYSE,상품 화학
RHP,Ryman Hospitality Properties Inc,NYSE,특수 REITs
WAL,Western Alliance Bancorporation,NYSE,은행
BIO,Bio-Rad Laboratories  Inc. Class A,NYSE,"의료 장비, 물품 및 유통"
KNTK,Kinetik Holdings Inc.,NYSE,오일 및 가스 수송 서비스
DY,Dycom Industries Inc,NYSE,건설 및 엔지니어링
EAT,Brinker International Inc,NYSE,레스토랑 및 바
TKR,Timken Co,NYSE,산업용 기계 및 장비
ALV,Autoliv  Inc.,NYSE,"자동차, 트럭 및 오토바이 부품"
REXR,Rexford Industrial Realty  Inc.,NYSE,상업용 REITs
SM,SM Energy Co,NYSE,"오일, 가스 탐사 및 생산"
GAP,The Gap  Inc.,NYSE,의류 및 액세서리 소매
AGCO,AGCO Corporation,NYSE,중장비 및 차량
WLK,Westlake Corp,NYSE,상품 화학
PB,Prosperity Bancshares  Inc.,NYSE,은행
OSK,Oshkosh Corp,NYSE,중장비 및 차량
ZETA,Zeta Global Holdings Corp.,NYSE,소프트웨어
CNM,Core & Main Inc,NYSE,산업용 기계 및 장비
GIL,Gildan Activewear Inc.,NYSE,의류 및 액세서리
FR,First Industrial Realty Trust  Inc.,NYSE,상업용 REITs
NNN,NNN REIT  Inc.,NYSE,상업용 REITs
PCOR,Procore Technologies Inc,NYSE,소프트웨어
HNGE,Hinge Health  Inc.,NYSE,소프트웨어
UGP,Ultrapar Participacoes SA ADR,NYSE,"오일, 가스 정제 및 마케팅"
KMX,Carmax Inc,NYSE,"자동차 차량, 부품 및 서비스 소매"
MGM,MGM Resorts International,NYSE,카지노 및 도박
ZWS,Zurn Elkay Water Solutions Corp,NYSE,건설 자재 및 비품
LNC,Lincoln National Corp,NYSE,생명 및 건강 보험
HESM,Hess Midstream LP,NYSE,오일 및 가스 수송 서비스
ATR,AptarGroup  Inc.,NYSE,용기(종이 제외) 및 포장재
AOS,A. O. Smith Corporation,NYSE,전기 부품 및 장비
RAL,Ralliant Corporation,NYSE,산업용 기계 및 장비
UGI,UGI Corporation,NYSE,천연가스 유틸리티
ACM,AECOM,NYSE,건설 및 엔지니어링
LEVI,Levi Strauss & Co,NYSE,의류 및 액세서리
STN,Stantec Inc.,NYSE,건설 및 엔지니어링
IDA,IDACORP  Inc.,NYSE,전력 유틸리티
THG,The Hanover Insurance Group  Inc.,NYSE,손해보험
EMN,Eastman Chemical Co,NYSE,특수 화학제
KNSL,Kinsale Capital Group Inc,NYSE,손해보험
CHWY,Chewy Inc,NYSE,기타 전문 소매
VIST,Vista Energy  S.A.B. de C.V. ADR,NYSE,"오일, 가스 탐사 및 생산"
SBSW,Sibanye Stillwater Limited ADR,NYSE,금 제외 귀금속 및 광물
NFG,National Fuel Gas Company,NYSE,천연가스 유틸리티
ACA,Arcosa  Inc.,NYSE,건설 및 엔지니어링
SARO,StandardAero  Inc.,NYSE,항공우주 및 방위
VSXY,Victoria's Secret & Co.,NYSE,의류 및 액세서리 소매
ASR,Grupo Aeroportuario del Sureste SAB de CV ADR,NYSE,공항 운영 및 서비스
TRNO,Terreno Realty Corporation,NYSE,상업용 REITs
SSD,Simpson Manufacturing Co.  Inc.,NYSE,건설 자재 및 비품
HIMS,Hims & Hers Health  Inc.,NYSE,의료 시설 및 서비스
JAN,Janus Living Inc,NYSE,복합부동산 REITs
KEX,Kirby Corp,NYSE,해양 화물 및 물류
SOBO,South Bow Corporation,NYSE,오일 및 가스 수송 서비스
MSM,MSC Industrial Direct Co.  Inc.,NYSE,산업용 기계 및 장비
STAG,STAG Industrial  Inc.,NYSE,상업용 REITs
PRMB,Primo Brands Corp,NYSE,무알콜 음료
OKLO,Oklo Inc.,NYSE,전력 유틸리티
AXTA,Axalta Coating Systems Ltd.,NYSE,상품 화학
MOS,Mosaic Co,NYSE,농화학제
AXS,AXIS Capital Holdings Limited,NYSE,복합보험 및 중개인
CMC,Commercial Metals Co,NYSE,철 및 강철
ESE,ESCO Technologies Inc.,NYSE,산업용 기계 및 장비
MSA,Msa Safety Inc,NYSE,비즈니스 지원 용품
AWI,Armstrong World Industries  Inc.,NYSE,건설 자재 및 비품
FSS,Federal Signal Corp,NYSE,중장비 및 차량
BROS,Dutch Bros Inc.,NYSE,레스토랑 및 바
NCLH,Norwegian Cruise Line Holdings Ltd.,NYSE,"호텔, 모텔 및 크루즈 라인"
COMP,Compass Inc,NYSE,IT 서비스 및 컨설팅
PATH,UiPath Inc,NYSE,소프트웨어
PDI,PIMCO Dynamic Income Fund,NYSE,폐쇄형 펀드
TAL,TAL Education Group ADR,NYSE,기타 교육 서비스 제공
NOV,NOV Inc.,NYSE,오일 관련 서비스 및 장비
NE,Noble Corporation PLC,NYSE,오일 및 가스 시추
GTES,Gates Industrial Corporation Ltd,NYSE,산업용 기계 및 장비
ENS,EnerSys,NYSE,전기 부품 및 장비
CHE,Chemed Corporation,NYSE,의료 시설 및 서비스
PACS,PACS Group  Inc.,NYSE,의료 시설 및 서비스
MATX,Matson Inc,NYSE,해양 화물 및 물류
ETSY,Etsy  Inc.,NYSE,백화점
NPO,Enpro Inc.,NYSE,산업용 기계 및 장비
ICL,ICL Group Ltd.,NYSE,농화학제
TXNM,TXNM Energy Inc,NYSE,전력 유틸리티
CAG,Conagra Brands  Inc.,NYSE,식품 가공
LAD,Lithia Motors Inc,NYSE,"자동차 차량, 부품 및 서비스 소매"
FLR,Fluor Corp,NYSE,건설 및 엔지니어링
OR,OR Royalties Inc,NYSE,특수 채굴 및 금속
MTDR,Matador Resources Company,NYSE,"오일, 가스 탐사 및 생산"
TBBB,BBB Foods Inc.,NYSE,식품 소매 및 유통
OMF,OneMain Holdings  Inc.,NYSE,소비자 대출
TAP,Molson Coors Beverage Company Class B,NYSE,양조업
TFPM,Triple Flag Precious Metals Corp.,NYSE,금
HXL,Hexcel Corporation,NYSE,항공우주 및 방위
MAC,The Macerich Company,NYSE,상업용 REITs
VNO,Vornado Realty Trust,NYSE,상업용 REITs
CAVA,CAVA Group  Inc.,NYSE,레스토랑 및 바
DPC,DPC Holdings PLC,NYSE,특수 채굴 및 금속
CLF,Cleveland-Cliffs Inc,NYSE,철 및 강철
LB,LandBridge Company LLC,NYSE,"오일, 가스 탐사 및 생산"
RNG,RingCentral Inc,NYSE,소프트웨어
FAF,First American Financial Corp,NYSE,손해보험
INGM,Ingram Micro Holding Corporation,NYSE,IT 서비스 및 컨설팅
ANDG,Andersen Group Inc,NYSE,투자 관리 및 펀드 운영
BLDR,Builders FirstSource Inc,NYSE,건설 자재 및 비품
NXE,NexGen Energy Ltd.,NYSE,우라늄
OGC,OceanaGold Corp,NYSE,금
HR,Healthcare Realty Trust Inc,NYSE,특수 REITs
FNB,FNB Corp,NYSE,은행
BLCO,Bausch + Lomb Corp,NYSE,"의료 장비, 물품 및 유통"
ST,Sensata Technologies Holding PLC,NYSE,전자 장비 및 부품
IFS,Intercorp Financial Services Inc,NYSE,은행
JOBY,Joby Aviation  Inc.,NYSE,항공우주 및 방위
TEX,Terex Corporation,NYSE,중장비 및 차량
CWEN,Clearway Energy Inc,NYSE,민자 발전 사업
VIPS,Vipshop Holdings Limited ADR,NYSE,온라인 서비스
GATX,GATX Corporation,NYSE,기업 금융 서비스
ECG,Everus Construction Group  Inc.,NYSE,건설 및 엔지니어링
INGR,Ingredion Inc,NYSE,식품 가공
CMBT,CMB.TECH NV,NYSE,오일 및 가스 수송 서비스
PL,Planet Labs PBC,NYSE,항공우주 및 방위
ELF,e.l.f. Beauty  Inc.,NYSE,개인 생활 필수 용품
M,Macy's Inc,NYSE,백화점
SWX,Southwest Gas Holdings  Inc.,NYSE,천연가스 유틸리티
GGB,Gerdau SA ADR,NYSE,철 및 강철
RIG,Transocean Ltd.,NYSE,오일 및 가스 시추
ENIC,Enel Chile SA ADR,NYSE,전력 유틸리티
LEA,Lear Corporation,NYSE,"자동차, 트럭 및 오토바이 부품"
LUMN,Lumen Technologies  Inc.,NYSE,통합 통신 서비스
SGHC,SGHC Limited,NYSE,카지노 및 도박
LOAR,Loar Holdings Inc.,NYSE,항공우주 및 방위
WEX,WEX Inc.,NYSE,경영 지원 서비스
LW,Lamb Weston Holdings  Inc.,NYSE,식품 가공
STVN,Stevanato Group SpA,NYSE,"의료 장비, 물품 및 유통"
ANF,Abercrombie & Fitch Co.,NYSE,의류 및 액세서리 소매
SEI,Solaris Energy Infrastructure  Inc.,NYSE,오일 관련 서비스 및 장비
PJT,PJT Partners Inc.,NYSE,투자 은행 및 중개 서비스
YOU,CLEAR Secure  Inc.,NYSE,소프트웨어
KOF,Coca-Cola Femsa SAB de CV ADR,NYSE,무알콜 음료
HOMB,Home BancShares Inc,NYSE,은행
ACI,Albertsons Companies  Inc.,NYSE,식품 소매 및 유통
ORA,Ormat Technologies Inc,NYSE,전력 유틸리티
GBCI,Glacier Bancorp Inc,NYSE,은행
MTRN,Materion Corporation,NYSE,다각적 채굴
EPAM,EPAM Systems  Inc.,NYSE,IT 서비스 및 컨설팅
BXSL,Blackstone Secured Lending Fund,NYSE,투자 관리 및 펀드 운영
SNDR,Schneider National  Inc.,NYSE,지상 화물 및 물류
EPRT,Essential Properties Realty Trust  Inc.,NYSE,복합부동산 REITs
MGY,Magnolia Oil & Gas Corp,NYSE,"오일, 가스 탐사 및 생산"
SXT,Sensient Technologies Corporation,NYSE,특수 화학제
VFC,VF Corp,NYSE,의류 및 액세서리
DLB,Dolby Laboratories  Inc.,NYSE,소프트웨어
JBTM,JBT Marel Corporation,NYSE,산업용 기계 및 장비
MCY,Mercury General Corporation,NYSE,손해보험
G,Genpact Limited,NYSE,경영 지원 서비스
RYN,Rayonier Inc.,NYSE,특수 REITs
INSW,International Seaways  Inc.,NYSE,오일 및 가스 수송 서비스
VAL,Valaris Ltd,NYSE,오일 및 가스 시추
AUB,Atlantic Union Bankshares Corporation,NYSE,은행
ASB,Associated Banc-Corp,NYSE,은행
CPA,Copa Holdings  S.A.,NYSE,항공사
KGS,Kodiak Gas Services Inc,NYSE,오일 관련 서비스 및 장비
BIRK,Birkenstock Holding PLC,NYSE,제화
BKH,Black Hills Corp,NYSE,복합 유틸리티
JMKE,Jersey Mike's Subs Inc,NYSE,레스토랑 및 바
ABCB,Ameris Bancorp,NYSE,은행
WPP,WPP PLC ADR,NYSE,광고 및 마케팅
WH,Wyndham Hotels & Resorts  Inc.,NYSE,"호텔, 모텔 및 크루즈 라인"
AROC,Archrock  Inc.,NYSE,오일 관련 서비스 및 장비
MUR,Murphy Oil Corp,NYSE,"오일, 가스 탐사 및 생산"
BB,BlackBerry Limited,NYSE,소프트웨어
AGX,Argan  Inc.,NYSE,건설 및 엔지니어링
MTG,MGIC Investment Corporation,NYSE,손해보험
TFX,Teleflex Incorporated,NYSE,"의료 장비, 물품 및 유통"
WFG,West Fraser Timber Co. Ltd.,NYSE,임업 및 목재 제품
POR,Portland General Electric Co,NYSE,전력 유틸리티
EXP,Eagle Materials Inc,NYSE,건설 자재
BLSH,Bullish,NYSE,블록 체인 및 암호화폐
BEPC,Brhc Holdings Ltd,NYSE,전력 유틸리티
BBUC,Brookfield Business Holdings Corp,NYSE,소비재 대기업
AN,AutoNation  Inc.,NYSE,"자동차 차량, 부품 및 서비스 소매"
ESNT,Essent Group Ltd.,NYSE,손해보험
OBDC,Blue Owl Capital Corp,NYSE,투자 관리 및 펀드 운영
BETA,BETA Technologies  Inc.,NYSE,항공우주 및 방위
GVA,Granite Construction Incorporated,NYSE,건설 및 엔지니어링
MAIN,Main Street Capital Corp,NYSE,투자 은행 및 중개 서비스
NJR,New Jersey Resources Corp,NYSE,천연가스 유틸리티
CVI,CVR Energy Inc,NYSE,"오일, 가스 정제 및 마케팅"
IBP,Installed Building Products  Inc.,NYSE,건설 및 엔지니어링
GXO,GXO Logistics  Inc.,NYSE,"배달, 우편, 항공 화물 및 육상 물류"
RLI,RLI Corp,NYSE,손해보험
MANE,Veradermics  Incorporated,NYSE,제약
MBGL,Mobility Global Inc,NYSE,경영 지원 서비스
DOCS,Doximity  Inc.,NYSE,소프트웨어
NIQ,NIQ Global Intelligence PLC,NYSE,광고 및 마케팅
HRB,H & R Block Inc,NYSE,개인 서비스
STWD,Starwood Property Trust Inc (Maryland),NYSE,특수 REITs
VSH,Vishay Intertechnology Inc,NYSE,반도체
WHD,Cactus  Inc.,NYSE,오일 관련 서비스 및 장비
HAFN,Hafnia Limited,NYSE,오일 및 가스 수송 서비스
AX,Axos Financial  Inc.,NYSE,은행
CNO,CNO Financial Group  Inc.,NYSE,생명 및 건강 보험
MTN,Vail Resorts  Inc.,NYSE,여가 및 오락시설
OUT,OUTFRONT Media Inc.,NYSE,특수 REITs
KRG,Kite Realty Group Trust,NYSE,상업용 REITs
FND,Floor & Decor Holdings  Inc.,NYSE,주택 개조 제품 및 서비스 소매
CE,Celanese Corp,NYSE,특수 화학제
RITM,Rithm Capital Corp.,NYSE,특수 REITs
FLG,Flagstar Bank NA,NYSE,은행
BYD,Boyd Gaming Corporation,NYSE,카지노 및 도박
SPHR,Sphere Entertainment Co.,NYSE,여가 및 오락시설
SON,Sonoco Products Company,NYSE,종이 포장재
GOLF,Acushnet Holdings Corp,NYSE,오락용 제품
GHC,Graham Holdings Co,NYSE,"초, 중, 고등 교육기관"
MDA,MDA Space Ltd.,NYSE,항공우주 및 방위
HAE,Haemonetics Corp,NYSE,"의료 장비, 물품 및 유통"
WTM,White Mountains Insurance Group  Ltd.,NYSE,손해보험
RSI,Rush Street Interactive  Inc.,NYSE,카지노 및 도박
CSW,CSW Industrials  Inc.,NYSE,건설 및 엔지니어링
KLAR,Klarna Group PLC,NYSE,소프트웨어
PIPR,Piper Sandler Companies,NYSE,투자 은행 및 중개 서비스
SKY,Champion Homes Inc,NYSE,주택 건설
HCC,Warrior Met Coal Inc,NYSE,철 및 강철
HGTY,Hagerty Inc,NYSE,손해보험
CNX,CNX Resources Corporation,NYSE,"오일, 가스 탐사 및 생산"
CHH,Choice Hotels International  Inc.,NYSE,"호텔, 모텔 및 크루즈 라인"
BOX,Box Inc,NYSE,소프트웨어
HASI,HA Sustainable Infrastructure Capital Inc,NYSE,투자 관리 및 펀드 운영
CUZ,Cousins Properties Inc,NYSE,상업용 REITs
FBIN,Fortune Brands Innovations  Inc.,NYSE,건설 자재 및 비품
UNF,UniFirst Corporation,NYSE,경영 지원 서비스
OGS,ONE Gas  Inc.,NYSE,천연가스 유틸리티
LPX,Louisiana-Pacific Corporation,NYSE,임업 및 목재 제품
CRC,California Resources Corporation,NYSE,"오일, 가스 탐사 및 생산"
MC,Moelis & Company,NYSE,투자 은행 및 중개 서비스
SR,Spire Inc,NYSE,천연가스 유틸리티
OTF,Blue Owl Technology Finance Corp,NYSE,투자 관리 및 펀드 운영
KVYO,Klaviyo  Inc.,NYSE,소프트웨어
ADT,ADT Inc,NYSE,통신 및 네트워킹
TREX,Trex Company  Inc.,NYSE,건설 자재 및 비품
KBR,KBR Inc,NYSE,IT 서비스 및 컨설팅
AMTM,Amentum Holdings  Inc.,NYSE,건설 및 엔지니어링
NNI,Nelnet  Inc.,NYSE,소비자 대출
HHH,Howard Hughes Holdings Inc,NYSE,"부동산 임대, 개발 및 운영"
BIPC,Brookfield Infrastructure Corp,NYSE,천연가스 유틸리티
PSN,Parsons Corp,NYSE,항공우주 및 방위
DK,Delek US Holdings Inc,NYSE,"오일, 가스 정제 및 마케팅"
CON,Concentra Group Holdings Parent Inc,NYSE,의료 시설 및 서비스
SFBS,ServisFirst Bancshares Inc,NYSE,은행
OII,Oceaneering International Inc,NYSE,오일 관련 서비스 및 장비
TKC,Turkcell Iletisim Hizmetleri AS ADR,NYSE,통합 통신 서비스
TPC,Tutor Perini Corporation,NYSE,건설 및 엔지니어링
CNK,Cinemark Holdings Inc,NYSE,여가 및 오락시설
ALK,Alaska Air Group Inc,NYSE,항공사
MRP,Millrose Properties Inc,NYSE,"부동산 임대, 개발 및 운영"
PRM,Perimeter Solutions  Inc.,NYSE,특수 화학제
EPR,Epr Properties,NYSE,복합부동산 REITs
KRMN,Karman Holdings Inc,NYSE,항공우주 및 방위
ITGR,Integer Holdings Corp,NYSE,첨단 의료 장비 및 기술
ARX,Accelerant Holdings,NYSE,온라인 서비스
CNR,Core Natural Resources  Inc.,NYSE,석탄
CRGY,Crescent Energy Company,NYSE,"오일, 가스 탐사 및 생산"
CGAU,Centerra Gold Inc.,NYSE,금
VNT,Vontier Corporation,NYSE,전자 장비 및 부품
PAM,Pampa Energia SA ADR,NYSE,전력 유틸리티
BDC,Belden Inc.,NYSE,통신 및 네트워킹
GFF,Griffon Corporation,NYSE,건설 자재 및 비품
FHI,Federated Hermes Inc,NYSE,투자 관리 및 펀드 운영
BMA,Banco Macro SA ADR,NYSE,은행
CAAP,Corporacion America Airports SA,NYSE,공항 운영 및 서비스
STNG,Scorpio Tankers Inc.,NYSE,오일 및 가스 수송 서비스
OPLN,OPENLANE  Inc.,NYSE,"자동차 차량, 부품 및 서비스 소매"
HRI,Herc Holdings Inc.,NYSE,경영 지원 서비스
ALH,Alliance Laundry Holdings Inc.,NYSE,산업용 기계 및 장비
BC,Brunswick Corp,NYSE,오락용 제품
ENVA,Enova International  Inc.,NYSE,소비자 대출
BCO,The Brink's Company,NYSE,경영 지원 서비스
CVSA,Covista Inc.,NYSE,기타 교육 서비스 제공
MTH,Meritage Homes Corp,NYSE,주택 건설
ESAB,ESAB Corp,NYSE,산업용 기계 및 장비
PARR,Par Pacific Holdings  Inc.,NYSE,"오일, 가스 정제 및 마케팅"
AIR,AAR CORP.,NYSE,항공우주 및 방위
RDN,Radian Group Inc.,NYSE,손해보험
AZZ,AZZ Inc,NYSE,철 및 강철
TDW,Tidewater Inc.,NYSE,오일 관련 서비스 및 장비
FBP,First BanCorp,NYSE,은행
UCB,United Community Banks Inc,NYSE,은행
PRIM,Primoris Services Corporation,NYSE,건설 및 엔지니어링
GEO,The GEO Group  Inc.,NYSE,경영 지원 서비스
COLD,Americold Realty Trust Inc,NYSE,상업용 REITs
BWLP,BW LPG Ltd,NYSE,오일 및 가스 수송 서비스
CBT,Cabot Corp,NYSE,특수 화학제
SITE,SiteOne Landscape Supply Inc,NYSE,다각적 산업용 제품 도매
SKT,Tanger Inc.,NYSE,상업용 REITs
SIG,Signet Jewelers Limited,NYSE,의류 및 액세서리 소매
BRC,Brady Corporation,NYSE,비즈니스 지원 용품
KFY,Korn Ferry,NYSE,고용 서비스
TDS,Telephone and Data Systems  Inc.,NYSE,무선 통신 서비스
MDU,MDU Resources Group  Inc.,NYSE,복합 유틸리티
AQN,Algonquin Power & Utilities Corp.,NYSE,복합 유틸리티
DX,Dynex Capital  Inc.,NYSE,특수 REITs
KRC,Kilroy Realty Corporation,NYSE,상업용 REITs
PAY,Paymentus Holdings Inc,NYSE,경영 지원 서비스
VVV,Valvoline Inc.,NYSE,개인 서비스
PHI,PLDT Inc. ADR,NYSE,통합 통신 서비스
ERO,Ero Copper Corp.,NYSE,특수 채굴 및 금속
ACHR,Archer Aviation Inc.,NYSE,항공우주 및 방위
TAC,TransAlta Corporation,NYSE,민자 발전 사업
APLE,Apple Hospitality REIT Inc,NYSE,특수 REITs
MSGE,Madison Square Garden Entertainment Corp,NYSE,엔터테인먼트 제작
CDP,Copt Defense Properties,NYSE,상업용 REITs
TNL,Travel + Leisure Co,NYSE,"호텔, 모텔 및 크루즈 라인"
BNL,Broadstone Net Lease  Inc.,NYSE,상업용 REITs
NVST,Envista Holdings Corporation,NYSE,"의료 장비, 물품 및 유통"
SUNC,SunocoCorp Units,NYSE,오일 및 가스 수송 서비스
RHI,Robert Half Inc,NYSE,고용 서비스
CNS,Cohen & Steers Inc,NYSE,투자 관리 및 펀드 운영
BFH,Bread Financial Holdings  Inc.,NYSE,소비자 대출
NP,Neptune Insurance Holdings Inc.,NYSE,복합보험 및 중개인
JOE,St Joe Co,NYSE,"부동산 임대, 개발 및 운영"
SKE,Skeena Resources Limited,NYSE,다각적 채굴
FCN,FTI Consulting  Inc.,NYSE,경영 지원 서비스
HP,Helmerich & Payne  Inc.,NYSE,오일 및 가스 시추
PSUS,Pershing Square USA Ltd,NYSE,폐쇄형 펀드
AVNT,Avient Corp,NYSE,특수 화학제
WT,WisdomTree  Inc.,NYSE,투자 관리 및 펀드 운영
SLGN,Silgan Holdings Inc.,NYSE,용기(종이 제외) 및 포장재
XXI,Twenty One Capital Inc,NYSE,블록 체인 및 암호화폐
BOOT,Boot Barn Holdings  Inc.,NYSE,의류 및 액세서리 소매
EE,Excelerate Energy  Inc.,NYSE,천연가스 유틸리티
DHT,DHT Holdings  Inc.,NYSE,오일 및 가스 수송 서비스
BILL,BILL Holdings  Inc.,NYSE,소프트웨어
DNP,DNP Select Income Fund Inc,NYSE,폐쇄형 펀드
WK,Workiva Inc.,NYSE,소프트웨어
CRK,Comstock Resources  Inc.,NYSE,"오일, 가스 탐사 및 생산"
MANU,Manchester United PLC,NYSE,여가 및 오락시설
USAC,USA Compression Partners Common Unit,NYSE,오일 관련 서비스 및 장비
OGN,Organon & Co.,NYSE,제약
LXP,LXP Industrial Trust,NYSE,상업용 REITs
ARIS,Aris Mining Corporation,NYSE,금
BMI,Badger Meter  Inc.,NYSE,산업용 기계 및 장비
THO,THOR Industries  Inc.,NYSE,오락용 제품
HG,Hamilton Insurance Group  Ltd.,NYSE,재보험
RNST,Renasant Corp,NYSE,은행
ATMU,Atmus Filtration Technologies Inc.,NYSE,"자동차, 트럭 및 오토바이 부품"
ZIM,ZIM Integrated Shipping Services Ltd,NYSE,해양 화물 및 물류
LAZ,Lazard  Inc.,NYSE,투자 관리 및 펀드 운영
VAC,Marriott Vacations Worldwide Corporation,NYSE,"호텔, 모텔 및 크루즈 라인"
MIR,Mirion Technologies  Inc.,NYSE,산업용 기계 및 장비
LMND,Lemonade Inc,NYSE,손해보험
WBI,WaterBridge Infrastructure LLC,NYSE,수자원 유틸리티
SLG,SL Green Realty Corp,NYSE,상업용 REITs
QTWO,Q2 Holdings Inc,NYSE,소프트웨어
KTB,Kontoor Brands  Inc.,NYSE,의류 및 액세서리
GPGI,GPGI Inc (Nevada),NYSE,경영 지원 서비스
WRBY,Warby Parker Inc.,NYSE,기타 전문 소매
IRT,Independence Realty Trust  Inc.,NYSE,주거용 REITs
PVH,PVH Corp.,NYSE,의류 및 액세서리
MHO,M/I Homes Inc,NYSE,주택 건설
NIC,Nicolet Bankshares Inc,NYSE,은행
SMR,Nuscale Power Corp,NYSE,전력 유틸리티
GNW,Genworth Financial Inc,NYSE,복합보험 및 중개인
RXO,RXO Inc,NYSE,지상 화물 및 물류
TNK,Teekay Tankers Ltd,NYSE,오일 및 가스 수송 서비스
ZGN,Ermenegildo Zegna NV,NYSE,의류 및 액세서리
SXI,Standex International Corp,NYSE,산업용 기계 및 장비
NATL,NCR Atleos Corporation,NYSE,경영 지원 서비스
LION,Lionsgate Studios Corp.,NYSE,엔터테인먼트 제작
FSM,Fortuna Mining Corp,NYSE,금
MIAX,Miami International Holdings  Inc.,NYSE,"금융, 상품 시장 운영 및 서비스 제공"
MWA,Mueller Water Products  Inc.,NYSE,산업용 기계 및 장비
RCUS,Arcus Biosciences  Inc.,NYSE,생명 공학 및 의학 연구
CSTM,Constellium SE,NYSE,알루미늄
HNI,HNI Corporation,NYSE,비즈니스 지원 용품
AWR,American States Water Company,NYSE,수자원 유틸리티
AAMI,Acadian Asset Management Inc.,NYSE,투자 관리 및 펀드 운영
AB,AllianceBernstein Holding Units,NYSE,투자 관리 및 펀드 운영
LRN,Stride Inc,NYSE,기타 교육 서비스 제공
NHI,National Health Investors  Inc.,NYSE,특수 REITs
ECO,Okeanis Eco Tankers Corp.,NYSE,오일 및 가스 수송 서비스
BBWI,Bath & Body Works  Inc.,NYSE,기타 전문 소매
ADX,Adams Diversified Equity Fund，Inc.,NYSE,폐쇄형 펀드
PFSI,PennyMac Financial Services  Inc.,NYSE,은행
POST,Post Holdings  Inc.,NYSE,식품 가공
CURB,Curbline Properties Corp.,NYSE,"부동산 임대, 개발 및 운영"
HIW,Highwoods Properties  Inc.,NYSE,상업용 REITs
ATKR,Atkore Inc.,NYSE,전기 부품 및 장비
CXW,CoreCivic  Inc.,NYSE,"부동산 임대, 개발 및 운영"
PLNT,Planet Fitness Inc,NYSE,여가 및 오락시설
VGNT,Versigent PLC,NYSE,"자동차, 트럭 및 오토바이 부품"
KN,Knowles Corporation,NYSE,전자 장비 및 부품
HTGC,Hercules Capital  Inc.,NYSE,투자 관리 및 펀드 운영
KEN,Kenon Holdings Ltd,NYSE,전력 유틸리티
CBU,Community Financial System Inc,NYSE,은행
CWEN.A,Clearway Energy Inc Class A,NYSE,민자 발전 사업
BTE,Baytex Energy Corp.,NYSE,"오일, 가스 탐사 및 생산"
ASH,Ashland Inc.,NYSE,다각적 화학 산업
PK,Park Hotels & Resorts Inc,NYSE,특수 REITs
BFAM,Bright Horizons Family Solutions Inc.,NYSE,개인 서비스
CPK,Chesapeake Utilities Corporation,NYSE,천연가스 유틸리티
ABG,Asbury Automotive Group Inc,NYSE,"자동차 차량, 부품 및 서비스 소매"
KAI,Kadant Inc,NYSE,산업용 기계 및 장비
DKL,Delek Logistics Partners Common Units,NYSE,오일 및 가스 수송 서비스
SII,Sprott Inc,NYSE,투자 관리 및 펀드 운영
SA,Seabridge Gold Inc.,NYSE,금
BSM,Black Stone Minerals Units,NYSE,"오일, 가스 탐사 및 생산"
FSK,FS KKR Capital Corp.,NYSE,폐쇄형 펀드
INFQ,Infleqtion Inc,NYSE,전자 장비 및 부품
NEA,Nuveen AMT-Free Quality Municipal Income Fund,NYSE,폐쇄형 펀드
BKU,BankUnited  Inc.,NYSE,은행
IMAX,IMAX Corporation,NYSE,엔터테인먼트 제작
CBZ,CBIZ  Inc.,NYSE,경영 지원 서비스
YETI,YETI Holdings  Inc.,NYSE,오락용 제품
AEO,American Eagle Outfitters  Inc.,NYSE,의류 및 액세서리 소매
BHE,Benchmark Electronics Inc,NYSE,전자 장비 및 부품
AGO,Assured Guaranty Ltd,NYSE,손해보험
LBRT,Liberty Energy Inc.,NYSE,오일 관련 서비스 및 장비
BTU,Peabody Energy Corp,NYSE,석탄
PII,Polaris Inc,NYSE,자동차 및 트럭 제조
LPL,LG Display Co Ltd ADR,NYSE,전자 장비 및 부품
AVA,Avista Corporation,NYSE,복합 유틸리티
DAN,Dana Inc,NYSE,"자동차, 트럭 및 오토바이 부품"
APAM,Artisan Partners Asset Management Inc,NYSE,투자 관리 및 펀드 운영
SMG,Scotts Miracle-Gro Co,NYSE,농화학제
AD,Array Digital Infrastructure Inc,NYSE,무선 통신 서비스
WOR,Worthington Enterprises  Inc.,NYSE,산업용 기계 및 장비
AAUC,Allied Gold Corporation,NYSE,금
PFS,Provident Financial Services Inc,NYSE,은행
EXG,Eaton Vance Tax-Managed Global Diversified Equity Income Closed Fund,NYSE,폐쇄형 펀드
GPI,Group 1 Automotive Inc,NYSE,"자동차 차량, 부품 및 서비스 소매"
KNF,Knife River Corp,NYSE,건설 자재
CWT,California Water Service Group,NYSE,수자원 유틸리티
TNET,TriNet Group  Inc.,NYSE,고용 서비스
FOUR,Shift4 Payments  Inc.,NYSE,경영 지원 서비스
LEU,Centrus Energy Corp.,NYSE,우라늄
VTMX,Vesta Real Estate Corporation SAB de CV ADR,NYSE,"부동산 임대, 개발 및 운영"
GRBK,Green Brick Partners  Inc.,NYSE,주택 건설
FG,F&G Annuities & Life Inc,NYSE,생명 및 건강 보험
IHS,IHS Holding Limited,NYSE,무선 통신 서비스
KBH,KB Home,NYSE,주택 건설
MNSO,MINISO Group Holding Ltd ADR,NYSE,백화점
SPNT,SIRIUSPOINT LTD.,NYSE,재보험
DAC,Danaos Corporation,NYSE,해양 화물 및 물류
ABM,ABM Industries Inc,NYSE,경영 지원 서비스
DNOW,DNOW Inc.,NYSE,산업용 기계 및 장비
SDRL,Seadrill Limited,NYSE,오일 및 가스 시추
MMS,Maximus  Inc.,NYSE,경영 지원 서비스
EFXT,Enerflex Ltd.,NYSE,오일 관련 서비스 및 장비
CWK,Cushman & Wakefield Ltd,NYSE,부동산 서비스
UTF,Cohen & Steers Infrastructure Fund Inc,NYSE,폐쇄형 펀드
REZI,Resideo Technologies  Inc.,NYSE,통신 및 네트워킹
WTTR,Select Water Solutions  Inc.,NYSE,오일 관련 서비스 및 장비
ROG,Rogers Corporation,NYSE,반도체
BANC,Banc of California  Inc.,NYSE,은행
TALO,Talos Energy Inc.,NYSE,"오일, 가스 탐사 및 생산"
BOH,Bank of Hawaii Corporation,NYSE,은행
KWR,Quaker Chemical Corp,NYSE,상품 화학
CXT,Crane NXT  Co.,NYSE,전자 장비 및 부품
UNFI,United Natural Foods Inc,NYSE,식품 소매 및 유통
HGV,Hilton Grand Vacations Inc.,NYSE,"호텔, 모텔 및 크루즈 라인"
EROC,ERock Inc,NYSE,중전기장비
TDC,Teradata Corporation,NYSE,IT 서비스 및 컨설팅
GRND,Grindr Inc,NYSE,소프트웨어
GPK,Graphic Packaging Holding Company,NYSE,종이 포장재
AMC,AMC Entertainment Holdings Inc,NYSE,여가 및 오락시설
FUL,H.B. Fuller Company,NYSE,특수 화학제
GPOR,Gulfport Energy Corporation,NYSE,"오일, 가스 탐사 및 생산"
CSQR,Csquare Inc,NYSE,경영 지원 서비스
BBAR,Banco BBVA Argentina SA ADR,NYSE,은행
RDW,Redwire Corporation,NYSE,항공우주 및 방위
HAYW,Hayward Holdings  Inc.,NYSE,산업용 기계 및 장비
AMBP,Ardagh Metal Packaging SA,NYSE,용기(종이 제외) 및 포장재
DCO,Ducommun Incorporated,NYSE,항공우주 및 방위
BCC,Boise Cascade Co,NYSE,건설 자재 및 비품
BKD,Brookdale Senior Living Inc,NYSE,의료 시설 및 서비스
MAN,ManpowerGroup Inc.,NYSE,고용 서비스
FBK,FB Financial Corporation,NYSE,은행
GRDN,Guardian Pharmacy Services  Inc.,NYSE,의약품 소매
AKR,Acadia Realty Trust,NYSE,상업용 REITs
JPC,Nuveen Preferred & Income Opportunities Fund,NYSE,폐쇄형 펀드
SPXX,Nuveen S&P 500 Dynamic Overwrite Closed End Fund,NYSE,폐쇄형 펀드
NMM,Navios Maritime Partners Units,NYSE,해양 화물 및 물류
HOG,Harley-Davidson  Inc.,NYSE,자동차 및 트럭 제조
EXK,Endeavour Silver Corp,NYSE,금 제외 귀금속 및 광물
CALY,Callaway Golf Co,NYSE,오락용 제품
SHAK,Shake Shack Inc,NYSE,레스토랑 및 바
MH,McGraw Hill  Inc.,NYSE,소비자 출판
TTAM,Titan America SA,NYSE,건설 자재 및 비품
CUBI,Customers Bancorp  Inc.,NYSE,은행
PAGS,PagSeguro Digital Ltd,NYSE,경영 지원 서비스
UE,Urban Edge Properties,NYSE,상업용 REITs
VIA,Via Transportation  Inc.,NYSE,소프트웨어
KD,Kyndryl Holdings  Inc.,NYSE,IT 서비스 및 컨설팅
GDV,Gabelli Dividend & Income Trust,NYSE,폐쇄형 펀드
ATHM,Autohome Inc ADR,NYSE,온라인 서비스
PTY,PIMCO Corporate & Income Opportunity Fund,NYSE,폐쇄형 펀드
NOG,Northern Oil and Gas  Inc.,NYSE,"오일, 가스 탐사 및 생산"
NGVT,Ingevity Corporation,NYSE,다각적 화학 산업
BNT,Brookfield Wealth Solutions Ltd,NYSE,투자 관리 및 펀드 운영
LCLN,Lincoln International Inc,NYSE,투자 관리 및 펀드 운영
FCPT,Four Corners Property Trust Inc,NYSE,상업용 REITs
BFLY,Butterfly Network  Inc.,NYSE,첨단 의료 장비 및 기술
SECZ,Securitize Corp,NYSE,"금융, 상품 시장 운영 및 서비스 제공"
NAD,Nuveen Quality Municipal Income Fund,NYSE,폐쇄형 펀드
LPG,Dorian LPG Ltd.,NYSE,오일 및 가스 수송 서비스
IVT,InvenTrust Properties Corp.,NYSE,상업용 REITs
AAP,Advance Auto Parts Inc,NYSE,"자동차 차량, 부품 및 서비스 소매"
KMT,Kennametal Inc.,NYSE,산업용 기계 및 장비
BBT,Beacon Financial Corporation,NYSE,은행
BKV,BKV Corporation,NYSE,"오일, 가스 탐사 및 생산"
NTB,Bank of NT Butterfield & Son Ltd,NYSE,은행
LTC,LTC Properties  Inc.,NYSE,특수 REITs
RH,RH,NYSE,가정용 가구 소매
FIGS,FIGS  Inc.,NYSE,의류 및 액세서리
KYN,Kayne Anderson Energy Infrastructure Fund Inc,NYSE,폐쇄형 펀드
COTY,Coty Inc,NYSE,개인 생활 필수 용품
NVG,Nuveen AMT-Free Municipal Credit Income Fund,NYSE,폐쇄형 펀드
RAMP,Liveramp Holdings Inc,NYSE,소프트웨어
PRLB,Proto Labs  Inc.,NYSE,산업용 기계 및 장비
HLIO,Helios Technologies Inc,NYSE,산업용 기계 및 장비
ETY,Eaton Vance Tax Managed Diversified Equity Income Closed Fund,NYSE,폐쇄형 펀드
PBI,Pitney Bowes Inc.,NYSE,사무기기
VVX,V2X  Inc.,NYSE,항공우주 및 방위
LC,LendingClub Corp,NYSE,소비자 대출
BKE,The Buckle  Inc.,NYSE,의류 및 액세서리 소매
SIND,Sinda Ltd,NYSE,다각적 채굴
BGSI,Boyd Group Services Inc,NYSE,개인 서비스
BHC,Bausch Health Companies Inc.,NYSE,제약
PHIN,PHINIA Inc.,NYSE,"자동차, 트럭 및 오토바이 부품"
PBH,Prestige Consumer Healthcare Inc.,NYSE,제약
CALX,Calix  Inc.,NYSE,통신 및 네트워킹
HCI,Hci Group Inc,NYSE,손해보험
HTH,Hilltop Holdings Inc.,NYSE,은행
AERO,Grupo Aeromexico SAB de CV ADR,NYSE,항공사
AMR,Alpha Metallurgical Resources  Inc.,NYSE,철 및 강철
STUB,Stubhub Holdings  Inc,NYSE,온라인 서비스
RVT,Royce Small-Cap Trust Inc,NYSE,폐쇄형 펀드
NZF,Nuveen Municipal Credit Income Fund,NYSE,폐쇄형 펀드
PEB,Pebblebrook Hotel Trust,NYSE,특수 REITs
OFG,OFG Bancorp,NYSE,은행
SSMR,Sunshine Silver Mining & Refining Co,NYSE,다각적 채굴
CDLR,Cadeler A/S ADR,NYSE,건설 및 엔지니어링
DV,DoubleVerify Holdings  Inc.,NYSE,소프트웨어
DRD,DRDGOLD Ltd ADR,NYSE,금
TRLV,Trulieve Cannabis Corp ( Delaware ),NYSE,의약품 소매
KSS,Kohl's Corporation,NYSE,백화점
MD,Pediatrix Medical Group Inc,NYSE,의료 시설 및 서비스
SHO,Sunstone Hotel Investors Inc,NYSE,특수 REITs
EVT,Eaton Vance Tax Advantaged Dividend Income Closed Fund,NYSE,폐쇄형 펀드
DBD,Diebold Nixdorf Inc,NYSE,통합 하드웨어 및 소프트웨어
RLX,RLX Technology Inc ADR,NYSE,담배
AADX,Applied Aerospace & Defense Inc,NYSE,항공우주 및 방위
CTOS,Custom Truck One Source  Inc.,NYSE,"자동차 차량, 부품 및 서비스 소매"
MPT,Medical Properties Trust  Inc.,NYSE,특수 REITs
UTZ,Utz Brands  Inc.,NYSE,식품 가공
PRGO,Perrigo Company PLC,NYSE,제약
FCF,First Commonwealth Financial Corp,NYSE,은행
CC,The Chemours Company,NYSE,다각적 화학 산업
MTX,Minerals Technologies Inc.,NYSE,특수 화학제
TRN,Trinity Industries Inc,NYSE,중장비 및 차량
LCII,LCI Industries,NYSE,"자동차, 트럭 및 오토바이 부품"
CTRI,Centuri Holdings Inc,NYSE,건설 및 엔지니어링
BSTZ,BlackRock Science and Technology Term Closed End Fund,NYSE,폐쇄형 펀드
BHVN,Biohaven Ltd.,NYSE,생명 공학 및 의학 연구
INSP,Inspire Medical Systems  Inc.,NYSE,"의료 장비, 물품 및 유통"
WLY,John Wiley & Sons  Inc. Class A,NYSE,소비자 출판
WHR,Whirlpool Corporation,NYSE,"가전제품, 도구 및 가정 용품"
IDT,IDT Corporation,NYSE,통합 통신 서비스
SFL,SFL Corporation Ltd.,NYSE,오일 및 가스 수송 서비스
GEF,Greif Inc Class A,NYSE,용기(종이 제외) 및 포장재
ATEN,A10 Networks  Inc.,NYSE,소프트웨어
GRC,The Gorman-Rupp Company,NYSE,산업용 기계 및 장비
NUVB,Nuvation Bio Inc.,NYSE,생명 공학 및 의학 연구
NWN,Northwest Natural Holding Company,NYSE,천연가스 유틸리티
ARR,ARMOUR Residential REIT  Inc.,NYSE,특수 REITs
PLGO,Pelagos Insurance Capital Ltd,NYSE,손해보험
ASAN,Asana  Inc.,NYSE,소프트웨어
BXMT,Blackstone Mortgage Trust Inc,NYSE,특수 REITs
NMZ,Nuveen Municipal High Income Opportunity Closed Fund,NYSE,폐쇄형 펀드
AGM,Federal Agricultural Mortgage Corporation Class C,NYSE,기업 금융 서비스
CCU,Compania Cervecerias Unidas SA ADR,NYSE,양조업
AVEX,AEVEX Corp,NYSE,항공우주 및 방위
GNL,Global Net Lease Inc,NYSE,상업용 REITs
SAH,Sonic Automotive Inc,NYSE,"자동차 차량, 부품 및 서비스 소매"
GOF,Guggenheim Strategic Opportunities Mutual Fund,NYSE,폐쇄형 펀드
UWMC,UWM Holdings Corporation,NYSE,소비자 대출
INVX,Innovex International Inc,NYSE,오일 관련 서비스 및 장비
ALG,Alamo Group Inc.,NYSE,중장비 및 차량
STDN,Standard Nuclear Inc,NYSE,상품 화학
VOYG,Voyager Technologies  Inc.,NYSE,항공우주 및 방위
WU,The Western Union Company,NYSE,경영 지원 서비스
NGL,NGL Energy Partners Units,NYSE,"오일, 가스 정제 및 마케팅"
BRSL,Brightstar Lottery PLC,NYSE,카지노 및 도박
TY,Tri Continental Closed Fund,NYSE,폐쇄형 펀드
CEPU,Central Puerto S.A. ADR,NYSE,민자 발전 사업
DAO,Youdao Inc ADR,NYSE,광고 및 마케팅
SPB,Spectrum Brands Holdings  Inc.,NYSE,"가전제품, 도구 및 가정 용품"
AVAL,Grupo Aval Acciones y Valores S.A. ADR,NYSE,은행
TIC,TIC Solutions Inc,NYSE,경영 지원 서비스
BOBS,Bob's Discount Furniture  Inc,NYSE,할인점
HMN,Horace Mann Educators Corp,NYSE,손해보험
WMK,Weis Markets  Inc.,NYSE,식품 소매 및 유통
SNDA,Sonida Senior Living  Inc.,NYSE,의료 시설 및 서비스
TGS,Transportadora de Gas del Sur SA ADR,NYSE,통합 오일 및 가스
GAB,Gabelli Equity Trust Inc,NYSE,폐쇄형 펀드
WKC,World Kinect Corporation,NYSE,"오일, 가스 정제 및 마케팅"
NTST,NETSTREIT Corp.,NYSE,상업용 REITs
WS,Worthington Steel Inc,NYSE,철 및 강철
BPRE,Bluerock Private Real Estate Closed End Fund,NYSE,폐쇄형 펀드
MHD,BlackRock MuniHoldings Fund，Inc.,NYSE,폐쇄형 펀드
EPAC,Enerpac Tool Group Corp.,NYSE,산업용 기계 및 장비
SMA,SmartStop Self Storage REIT Inc,NYSE,특수 REITs
NSP,Insperity  Inc.,NYSE,고용 서비스
USA,Liberty All Star Equity Closed Fund,NYSE,폐쇄형 펀드
CMRE,Costamare Inc.,NYSE,해양 화물 및 물류
XPRO,Expro Ltd,NYSE,오일 관련 서비스 및 장비
ACVA,ACV Auctions Inc.,NYSE,온라인 서비스
AI,C3.ai  Inc.,NYSE,소프트웨어
OLN,Olin Corp,NYSE,상품 화학
VSTS,Vestis Corporation,NYSE,개인 서비스
ETG,Eaton Vance Tax Advantaged Global Dividend Income Closed Fund,NYSE,폐쇄형 펀드
ATS,ATS Corporation,NYSE,산업용 기계 및 장비
GTY,Getty Realty Corp.,NYSE,상업용 REITs
NBHC,National Bank Holdings Corp,NYSE,은행
BXDC,Blackstone Digital Infrastructure Trust Inc,NYSE,특수 REITs
VET,Vermilion Energy Inc.,NYSE,통합 오일 및 가스
ETV,Eaton Vance Tax Managed Buy Write Opportunities Closed Fund,NYSE,폐쇄형 펀드
NUV,Nuveen Municipal Value Fund Inc,NYSE,폐쇄형 펀드
DCOM,Dime Community Bancshares  Inc.,NYSE,은행
BST,BlackRock Science and Technology Trust,NYSE,폐쇄형 펀드
DXC,DXC Technology Company,NYSE,IT 서비스 및 컨설팅
TSLX,Sixth Street Specialty Lending  Inc.,NYSE,폐쇄형 펀드
PDO,PIMCO Dynamic Income Opportunities Fund,NYSE,폐쇄형 펀드
CCS,Century Communities Inc,NYSE,주택 건설
MNR,Mach Natural Resources Units,NYSE,"오일, 가스 탐사 및 생산"
BLX,Bladex Inc,NYSE,기업 금융 서비스
AIN,Albany International Corp,NYSE,산업용 기계 및 장비
SAM,The Boston Beer Company  Inc.,NYSE,양조업
RLJ,RLJ Lodging Trust,NYSE,특수 REITs
GEL,Genesis Energy Units Class A,NYSE,오일 및 가스 수송 서비스
CTS,CTS Corp,NYSE,전자 장비 및 부품
STEW,SRH Total Return Fund，Inc,NYSE,폐쇄형 펀드
LOB,Live Oak Bancshares  Inc.,NYSE,은행
NAT,Nordic American Tankers Ltd,NYSE,오일 및 가스 수송 서비스
XHR,Xenia Hotels & Resorts  Inc.,NYSE,특수 REITs
BY,Byline Bancorp Inc,NYSE,은행
FLNG,FLEX LNG Ltd.,NYSE,오일 및 가스 수송 서비스
BDJ,BlackRock Enhanced Equity Dividend Trust,NYSE,폐쇄형 펀드
TRIN,Trinity Capital Inc,NYSE,투자 관리 및 펀드 운영
CBL,CBL & Associates Properties  Inc.,NYSE,상업용 REITs
AMBQ,Ambiq Micro  Inc.,NYSE,반도체
KRP,Kimbell Royalty Partners LP Units,NYSE,통합 오일 및 가스
FLOC,Flowco Holdings Inc.,NYSE,오일 관련 서비스 및 장비
TR,Tootsie Roll Industries  Inc.,NYSE,식품 가공
NEXA,Nexa Resources SA,NYSE,특수 채굴 및 금속
OBK,Origin Bancorp Inc,NYSE,은행
EVTC,Evertec Inc,NYSE,경영 지원 서비스
CPRI,Capri Holdings Ltd,NYSE,의류 및 액세서리 소매
DEI,Douglas Emmett  Inc.,NYSE,상업용 REITs
NAC,Nuveen California Quality Municipal Income Fund,NYSE,폐쇄형 펀드
GIC,Global Industrial Company,NYSE,다각적 산업용 제품 도매
GENI,Genius Sports Ltd,NYSE,온라인 서비스
GSL,Global Ship Lease  Inc.,NYSE,해양 화물 및 물류
TGLS,Tecnoglass Holdings Inc.,NYSE,건설 자재 및 비품
GLP,Global Partners Units,NYSE,"오일, 가스 정제 및 마케팅"
SOMN,Southern Units,NYSE,전력 유틸리티
WWW,Wolverine World Wide  Inc.,NYSE,제화
HE,Hawaiian Electric Industries  Inc.,NYSE,전력 유틸리티
TEO,Telecom Argentina SA ADR,NYSE,통합 통신 서비스
SBH,Sally Beauty Holdings  Inc.,NYSE,기타 전문 소매
HYT,BlackRock Corporate High Yield Fund，Inc.,NYSE,폐쇄형 펀드
EFC,Ellington Financial Inc.,NYSE,특수 REITs
STC,Stewart Information Services Corp,NYSE,손해보험
RVLV,Revolve Group  Inc.,NYSE,백화점
KOS,Kosmos Energy Ltd.,NYSE,"오일, 가스 탐사 및 생산"
GAM,General American Investors Closed Fund,NYSE,폐쇄형 펀드
AESI,Atlas Energy Solutions Inc.,NYSE,건설 자재
GLOB,GLOBANT S.A.,NYSE,IT 서비스 및 컨설팅
MQY,BlackRock MuniYield Quality Fund，Inc.,NYSE,폐쇄형 펀드
ARCO,Arcos Dorados Holdings Inc.,NYSE,레스토랑 및 바
WOLF,Wolfspeed Inc,NYSE,반도체
HAWK,HawkEye 360 Inc,NYSE,무선 통신 서비스
HUN,Huntsman Corp,NYSE,다각적 화학 산업
KMPR,Kemper Corporation,NYSE,손해보험
DXYZ,Destiny Tech100 Closed End Fund,NYSE,폐쇄형 펀드
PRKS,United Parks & Resorts Inc.,NYSE,여가 및 오락시설
PBT,Permian Basin Royalty Units,NYSE,"오일, 가스 탐사 및 생산"
RQI,Cohen & Steers Quality Income Realty Fund Inc,NYSE,폐쇄형 펀드
ENR,Energizer Holdings Inc,NYSE,전기 부품 및 장비
AGRO,Adecoagro S.A.,NYSE,식품 가공
ARDT,Ardent Health Inc,NYSE,의료 시설 및 서비스
BCAT,BlackRock Capital Allocation Term Closed End Fund,NYSE,폐쇄형 펀드
IIPR,Innovative Industrial Properties Inc,NYSE,상업용 REITs
NOMD,Nomad Foods Limited,NYSE,식품 가공
REX,REX American Resources Corporation,NYSE,재생 가능 연료
AZUL,Azul SA ADR,NYSE,항공사
NRP,Natural Resource Partners Units,NYSE,석탄
TFIN,Triumph Financial  Inc.,NYSE,은행
LYNX,Lyntris Inc.,NYSE,항공우주 및 방위
NVGS,Navigator Holdings Ltd.,NYSE,오일 및 가스 수송 서비스
MBC,MasterBrand  Inc.,NYSE,건설 자재 및 비품
HOS,Hornbeck Offshore Services  Inc.,NYSE,오일 관련 서비스 및 장비
TEN,Tsakos Energy Navigation Ltd,NYSE,오일 및 가스 수송 서비스
SVV,Savers Value Village  Inc.,NYSE,기타 전문 소매
SCL,Stepan Co,NYSE,특수 화학제
AMPX,Amprius Technologies Inc,NYSE,전기 부품 및 장비
DMC,Del Monte Corporation,NYSE,어업 및 농업
SID,Companhia Siderurgica Nacional SA ADR,NYSE,철 및 강철
NFJ,Virtus Dividend  Interest & Prem Str Fd,NYSE,폐쇄형 펀드
NMAX,Newsmax Inc.,NYSE,방송
BTT,BlackRock Municipal 2030 Target Term Trust,NYSE,폐쇄형 펀드
AMN,AMN Healthcare Services  Inc.,NYSE,의료 시설 및 서비스
FMC,FMC Corp,NYSE,농화학제
CNMD,Conmed Corp,NYSE,"의료 장비, 물품 및 유통"
LUXE,LuxExperience BV ADR,NYSE,온라인 서비스
ECAT,BlackRock ESG Capital Allocation Term Closed End Fund,NYSE,투자 관리 및 펀드 운영
ADIG,ADI Global Distribution Inc.,NYSE,전자 장비 및 부품
GFR,Greenfire Resources Ltd.,NYSE,"오일, 가스 탐사 및 생산"
PRSU,Pursuit Attractions and Hospitality  Inc.,NYSE,여가 및 오락시설
EFOR,Everforth  Inc.,NYSE,IT 서비스 및 컨설팅
AGL,agilon health  inc.,NYSE,의료 시설 및 서비스
ARLO,Arlo Technologies  Inc.,NYSE,통신 및 네트워킹
UMH,UMH Properties Inc,NYSE,주거용 REITs
FOR,Forestar Group Inc,NYSE,건설 및 엔지니어링
ODC,Oil-Dri Corporation of America,NYSE,개인 생활 필수 용품
COUR,Coursera  Inc.,NYSE,온라인 서비스
UAN,CVR Partners Units,NYSE,농화학제
AAT,American Assets Trust  Inc.,NYSE,복합부동산 REITs
LSPD,Lightspeed Commerce Inc.,NYSE,소프트웨어
XZO,Exzeo Group Inc,NYSE,손해보험
SLVM,Sylvamo Corp,NYSE,종이 제품
ADNT,Adient PLC,NYSE,"자동차, 트럭 및 오토바이 부품"
USPH,US Physical Therapy Inc,NYSE,의료 시설 및 서비스
HLF,Herbalife Ltd,NYSE,식품 가공
BBAI,BigBear.ai Holdings  Inc.,NYSE,IT 서비스 및 컨설팅
ALX,Alexander's Inc,NYSE,상업용 REITs
OPY,Oppenheimer Holdings Inc.,NYSE,투자 은행 및 중개 서비스
TK,Teekay Corp Ltd,NYSE,오일 및 가스 수송 서비스
RES,RPC Inc,NYSE,오일 관련 서비스 및 장비
EPC,Edgewell Personal Care Company,NYSE,개인 생활 필수 용품
GOLD,Gold.com Inc,NYSE,특수 채굴 및 금속
DCH,Dauch Corp,NYSE,"자동차, 트럭 및 오토바이 부품"
GBX,The Greenbrier Companies  Inc.,NYSE,중장비 및 차량
NBXG,Neuberger Next Gen Connectivity Fund Inc.,NYSE,폐쇄형 펀드
PRG,PROG Holdings Inc,NYSE,핀테크
ASIC,Ategrity Specialty Insurance Company Holdings,NYSE,손해보험
RYZ,Ryerson Holding Corporation,NYSE,철 및 강철
MUC,BlackRock MuniHoldings California Quality Fd，Inc.,NYSE,폐쇄형 펀드
TV,Grupo Televisa  S.A.B. ADR,NYSE,방송
BHLB,Berkshire Hills Bancorp Inc,NYSE,은행
VTOL,Bristow Group Inc.,NYSE,항공사
WD,Walker & Dunlop Inc,NYSE,은행
FOIL,Londian Wason New Energy Tech Inc ADR,NYSE,전기 부품 및 장비
DOLE,Dole PLC,NYSE,어업 및 농업
BORR,Borr Drilling Limited,NYSE,오일 및 가스 시추
JFR,Nuveen Floating Rate Income Closed Fund,NYSE,폐쇄형 펀드
CCO,Clear Channel Outdoor Holdings Inc,NYSE,광고 및 마케팅
HQH,abrdn Healthcare Investors,NYSE,폐쇄형 펀드
YSS,York Space Systems Inc,NYSE,항공우주 및 방위
PD,PagerDuty  Inc.,NYSE,소프트웨어
LZB,La-Z-Boy Inc,NYSE,가정용 가구
NBR,Nabors Industries Ltd.,NYSE,오일 및 가스 시추
MYI,BlackRock MuniYield Quality Fund III，Inc.,NYSE,폐쇄형 펀드
FLO,Flowers Foods Inc,NYSE,식품 가공
TPB,Turning Point Brands  Inc.,NYSE,담배
UVE,Universal Insurance Holdings Inc,NYSE,손해보험
CYD,China Yuchai International Ltd,NYSE,"자동차, 트럭 및 오토바이 부품"
ASBH,American Savings Bank NA,NYSE,은행
DFIN,Donnelley Financial Solutions  Inc.,NYSE,전문 정보 서비스
MYE,Myers Industries Inc,NYSE,용기(종이 제외) 및 포장재
UHAL,U-Haul Holding Company,NYSE,지상 화물 및 물류
HZO,MarineMax Inc,NYSE,오락용 제품
TBN,Tamboran Resources Corp,NYSE,"오일, 가스 탐사 및 생산"
CRI,Carter's  Inc.,NYSE,의류 및 액세서리 소매
CXM,Sprinklr  Inc.,NYSE,소프트웨어
MSDL,Morgan Stanley Direct Lending Fund,NYSE,투자 관리 및 펀드 운영
TNC,Tennant Company,NYSE,산업용 기계 및 장비
DSL,DoubleLine Income Solutions Fd,NYSE,폐쇄형 펀드
GNK,Genco Shipping & Trading Limited,NYSE,해양 화물 및 물류
LNN,Lindsay Corporation,NYSE,중장비 및 차량
TE,T1 Energy Inc.,NYSE,전기 부품 및 장비
EOS,Eaton Vance Enhanced Equity Income II Closed Fund,NYSE,폐쇄형 펀드
AMTB,Amerant Bancorp Inc.,NYSE,은행
PDM,Piedmont Realty Trust  Inc.,NYSE,상업용 REITs
AORT,Artivion  Inc.,NYSE,"의료 장비, 물품 및 유통"
BOW,Bowhead Specialty Holdings Inc.,NYSE,손해보험
LADR,Ladder Capital Corp,NYSE,특수 REITs
AMRC,Ameresco Inc,NYSE,재생 가능 에너지 장비 및 서비스
DEA,Easterly Government Properties Inc,NYSE,상업용 REITs
IRS,IRSA Inversiones y Representaciones SA ADR,NYSE,"부동산 임대, 개발 및 운영"
SPH,Suburban Propane Partners Common Units,NYSE,"오일, 가스 정제 및 마케팅"
FUN,Six Flags Entertainment Corp,NYSE,여가 및 오락시설
MUX,McEwen Inc,NYSE,다각적 채굴
PUMP,ProPetro Holding Corp.,NYSE,오일 관련 서비스 및 장비
MCB,Metropolitan Bank Holding Corp,NYSE,은행
MMI,Marcus & Millichap Inc,NYSE,부동산 서비스
ECVT,Ecovyst Inc.,NYSE,다각적 화학 산업
CDRE,Cadre Holdings Inc,NYSE,항공우주 및 방위
LOMA,Loma Negra Compania Industrial Argentina SA ADR,NYSE,건설 자재
ORC,Orchid Island Capital Inc,NYSE,특수 REITs
AOD,abrdn Total Dynamic Dividend Mutual Fund,NYSE,폐쇄형 펀드
CLVT,Clarivate PLC,NYSE,전문 정보 서비스
FTK,Flotek Industries Inc,NYSE,특수 화학제
VCX,Fundrise Innovation Fund  LLC,NYSE,폐쇄형 펀드
NPK,National Presto Industries Inc,NYSE,항공우주 및 방위
SG,Sweetgreen  Inc.,NYSE,레스토랑 및 바
TDOC,Teladoc Health Inc,NYSE,의료 시설 및 서비스
ENOV,Enovis Corporation,NYSE,"의료 장비, 물품 및 유통"
DLX,Deluxe Corporation,NYSE,상업 인쇄 서비스
CII,BlackRock Enhanced Large Cap Core Closed End Fund,NYSE,폐쇄형 펀드
LU,Lufax Holding Ltd ADR,NYSE,기업 금융 서비스
BTX,BlackRock Technology and Private Equity Term Trust,NYSE,폐쇄형 펀드
RSKD,Riskified Ltd,NYSE,소프트웨어
BMEZ,BlackRock Health Sciences Term Closed End Fund,NYSE,폐쇄형 펀드
FSCO,FS Credit Opportunities Corp.,NYSE,폐쇄형 펀드
TUYA,Tuya Inc. ADR,NYSE,소프트웨어
UVV,Universal Corporation,NYSE,담배
PPLC,Ppl Units,NYSE,복합 유틸리티
ETW,Eaton Vance Tax Managed Global Buy Write Opportunities Closed Fund,NYSE,폐쇄형 펀드
UTI,Universal Technical Institute  Inc.,NYSE,전문 및 비즈니스 교육
CPAC,Cementos Pacasmayo SAA ADR,NYSE,건설 자재
PDS,Precision Drilling Corp(Calgary),NYSE,오일 및 가스 시추
ASA,ASA Gold And Precious Metals Limited,NYSE,폐쇄형 펀드
GSBD,Goldman Sachs BDC  Inc.,NYSE,기업 금융 서비스
GHM,Graham Corp,NYSE,산업용 기계 및 장비
SBR,Sabine Royalty Units,NYSE,"오일, 가스 탐사 및 생산"
YELP,Yelp Inc.,NYSE,온라인 서비스
EMO,ClearBridge Energy Midstream Opportunity Closed End Fund,NYSE,폐쇄형 펀드
ANRO,Alto Neuroscience Inc,NYSE,생명 공학 및 의학 연구
UAA,Under Armour Inc Class A,NYSE,의류 및 액세서리
XIFR,XPLR Infrastructure LP,NYSE,전력 유틸리티
HRTG,Heritage Insurance Holdings Inc,NYSE,손해보험
FUBO,FuboTV Inc.,NYSE,온라인 서비스
TYG,Tortoise Energy Infrastructure Closed Fund,NYSE,폐쇄형 펀드
SB,Safe Bulkers  Inc.,NYSE,해양 화물 및 물류
EQBK,Equity Bancshares Inc,NYSE,은행
NPKI,NPK International Inc.,NYSE,오일 관련 서비스 및 장비
VPG,Vishay Precision Group  Inc.,NYSE,산업용 기계 및 장비
DFH,Dream Finders Homes Inc (Texas),NYSE,주택 건설
FPF,First Trust Intermediate Duration Preferred & Inc,NYSE,폐쇄형 펀드
PTA,Cohen & Steers Tax-Adv Pref Secs and Inc Fund,NYSE,
LAC,Lithium Americas Corp.,NYSE,특수 채굴 및 금속
STK,Columbia Seligman Premium Technology Growth Fund,NYSE,폐쇄형 펀드
DEC,Diversified Energy Co,NYSE,"오일, 가스 탐사 및 생산"
VYX,NCR Voyix Corporation,NYSE,IT 서비스 및 컨설팅
NXDR,Nextdoor Holdings  Inc.,NYSE,온라인 서비스
KFRC,Kforce Inc.,NYSE,고용 서비스
KODK,Eastman Kodak Co,NYSE,사무기기
FET,Forum Energy Technologies Inc,NYSE,오일 관련 서비스 및 장비
BV,BrightView Holdings  Inc.,NYSE,환경 서비스 및 장비
UTL,Unitil Corp,NYSE,복합 유틸리티
CMP,Compass Minerals International  Inc.,NYSE,다각적 화학 산업
RHLD,Resolute Holdings Management  Inc,NYSE,경영 지원 서비스
CPF,Central Pacific Financial Corp,NYSE,은행
TDAY,USA TODAY Co Inc,NYSE,소비자 출판
AGBK,Agi Inc,NYSE,소비자 대출
PXED,Phoenix Education Partners  Inc.,NYSE,"초, 중, 고등 교육기관"
CSR,Centerspace,NYSE,주거용 REITs
IBTA,Ibotta  Inc.,NYSE,온라인 서비스
PDX,PIMCO Dynamic Income Strategy Fund,NYSE,폐쇄형 펀드
PLOW,Douglas Dynamics Inc,NYSE,중장비 및 차량
BCX,BlackRock Resources And Commodities Strategy Trust,NYSE,폐쇄형 펀드
LAR,Lithium Argentina AG,NYSE,특수 채굴 및 금속
BBDC,Barings BDC Inc,NYSE,폐쇄형 펀드
UA,Under Armour Inc Class C,NYSE,의류 및 액세서리
SBSI,Southside Bancshares Inc,NYSE,은행
RNP,Cohen & Steers REIT & Preferred & Income Fund Inc,NYSE,폐쇄형 펀드
BRBR,BellRing Brands  Inc.,NYSE,식품 가공
BBN,BlackRock Taxable Municipal Bond Trust,NYSE,폐쇄형 펀드
BZH,Beazer Homes USA  Inc.,NYSE,주택 건설
XTND,Xtend AI Robotics  Inc,NYSE,
FSSL,FS Specialty Lending Close End Fund,NYSE,기업 금융 서비스
KRO,Kronos Worldwide  Inc.,NYSE,상품 화학
VRTS,Virtus Investment Partners  Inc.,NYSE,투자 관리 및 펀드 운영
ANGX,Angel Studios  Inc.,NYSE,엔터테인먼트 제작
BKSY,BlackSky Technology Inc.,NYSE,항공우주 및 방위
BW,Babcock & Wilcox Enterprises  Inc.,NYSE,중전기장비
BTGO,BitGo Holdings Inc,NYSE,경영 지원 서비스
TTI,TETRA Technologies  Inc.,NYSE,오일 관련 서비스 및 장비
BTZ,BlackRock Credit Allocation Income Trust,NYSE,폐쇄형 펀드
OI,O-I Glass  Inc.,NYSE,용기(종이 제외) 및 포장재
ACEL,Accel Entertainment  Inc.,NYSE,카지노 및 도박
NX,Quanex Building Products Corp,NYSE,건설 자재 및 비품
OGG,Osisko Gold Group Inc,NYSE,금
KOP,Koppers Holdings Inc,NYSE,상품 화학
BUR,Burford Capital Ltd,NYSE,투자 관리 및 펀드 운영
MCS,Marcus Corp,NYSE,여가 및 오락시설
EIG,Employers Holdings  Inc.,NYSE,손해보험
AIO,Virtus Artificial Intelligence and Technology Opportunities Fund,NYSE,폐쇄형 펀드
SMBK,SmartFinancial Inc,NYSE,은행
NXP,Nuveen Select Tax-Free Income Portfolio,NYSE,폐쇄형 펀드
SAFE,Safehold Inc,NYSE,복합부동산 REITs
AWF,AllianceBernstein Global High Income Closed Fund,NYSE,폐쇄형 펀드
KBDC,Kayne Anderson BDC Inc,NYSE,폐쇄형 펀드
SMP,Standard Motor Products Inc,NYSE,"자동차, 트럭 및 오토바이 부품"
JMIA,Jumia Technologies AG ADR,NYSE,온라인 서비스
DNA,Ginkgo Bioworks Holdings  Inc.,NYSE,생명 공학 및 의학 연구
MYN,BlackRock MuniYield New York Quality Fund，Inc.,NYSE,폐쇄형 펀드
PML,PIMCO Municipal Income Fund II,NYSE,폐쇄형 펀드
CODI,Compass Diversified Holdings,NYSE,투자 지주 회사
CVLG,Covenant Logistics Group Inc,NYSE,지상 화물 및 물류
HSHP,Himalaya Shipping Ltd,NYSE,해양 화물 및 물류
RPC,Ridgepost Capital Inc,NYSE,투자 관리 및 펀드 운영
RERE,ATRenew Inc ADR,NYSE,백화점
CAPL,CrossAmerica Partners Common Units,NYSE,"오일, 가스 정제 및 마케팅"
YALA,Yalla Group Limited ADR,NYSE,온라인 서비스
EOI,Eaton Vance Enhanced Equity Income Closed Fund,NYSE,폐쇄형 펀드
HIPO,Hippo Holdings Inc.,NYSE,손해보험
PCN,PIMCO Corporate & Income Strategy Fund,NYSE,폐쇄형 펀드
NRK,Nuveen New York AMT-Free Quality Municipal Inc Fd,NYSE,폐쇄형 펀드
SXC,SunCoke Energy Inc,NYSE,철 및 강철
INR,Infinity Natural Resources Inc,NYSE,"오일, 가스 탐사 및 생산"
CIM,Chimera Investment Corporation,NYSE,특수 REITs
ARI,Apollo Commercial Real Estate Finance Inc,NYSE,특수 REITs
MFA,MFA Financial  Inc.,NYSE,특수 REITs
ABX,Abacus Global Management Inc,NYSE,복합보험 및 중개인
MTUS,Metallus Inc,NYSE,철 및 강철
HTD,John Hancock Tax Advantaged Dividend Income Closed Fund,NYSE,폐쇄형 펀드
NABL,N-Able Inc,NYSE,소프트웨어
MTW,Manitowoc Company Inc,NYSE,중장비 및 차량
DQ,Daqo New Energy Corp ADR,NYSE,재생 가능 에너지 장비 및 서비스
SKYH,Sky Harbour Group Corporation,NYSE,공항 운영 및 서비스
PEO,Adams Natural Resources Fund，Inc.,NYSE,폐쇄형 펀드
CTO,CTO Realty Growth Inc,NYSE,상업용 REITs
PHK,PIMCO High Income Fund,NYSE,폐쇄형 펀드
VLRS,Controladora Vuela Compania de Aviacion SAB de CV ADR,NYSE,항공사
THQ,abrdn Healthcare Opportunities Fund,NYSE,폐쇄형 펀드
ASC,Ardmore Shipping Corp,NYSE,오일 및 가스 수송 서비스
MNTN,MNTN  Inc.,NYSE,광고 및 마케팅
RVI,Robinhood Ventures Fund I,NYSE,
TXO,TXO Partners Units,NYSE,"오일, 가스 탐사 및 생산"
HTB,HomeTrust Bancshares Inc,NYSE,은행
WLKP,Westlake Chemical Partners Units,NYSE,상품 화학
WGO,Winnebago Industries  Inc.,NYSE,오락용 제품
BFS,Saul Centers Inc,NYSE,상업용 REITs
FINV,FinVolution Group ADR,NYSE,핀테크
LUCK,Lucky Strike Entertainment Corp,NYSE,여가 및 오락시설
RMT,Royce Micro Cap Closed Fund,NYSE,폐쇄형 펀드
BH,Biglari Holdings Inc Class B,NYSE,레스토랑 및 바
NRGV,Energy Vault Holdings  Inc.,NYSE,전기 부품 및 장비
ABR,Arbor Realty Trust  Inc.,NYSE,특수 REITs
FFC,Flaherty Crumrine Preferred and Income Securities Mutual Fund  Incorporated,NYSE,폐쇄형 펀드
BCSF,Bain Capital Specialty Finance Inc,NYSE,투자 관리 및 펀드 운영
BTO,John Hancock Financial Opportunities Fund,NYSE,폐쇄형 펀드
REF,Reformation Inc.,NYSE,의류 및 액세서리 소매
TCBX,Third Coast Bancshares Inc,NYSE,은행
LXU,LSB Industries  Inc.,NYSE,다각적 화학 산업
VTS,Vitesse Energy Inc,NYSE,"오일, 가스 탐사 및 생산"
JQC,Nuveen Credit Strategies Income Closed Fund,NYSE,폐쇄형 펀드
NGVC,Natural Grocers by Vitamin Cottage Inc,NYSE,기타 전문 소매
GDOT,Green Dot Corporation,NYSE,소비자 대출
MEGI,NYLIM CBRE Global Infrstrctr Megatrends Term Fd,NYSE,폐쇄형 펀드
ESRT,Empire State Realty Trust  Inc.,NYSE,상업용 REITs
NIE,Virtus Equity And Convertible Income Fund,NYSE,폐쇄형 펀드
BALY,Bally's Corporation,NYSE,카지노 및 도박
PSTL,Postal Realty Trust  Inc.,NYSE,상업용 REITs
PMT,PennyMac Mortgage Investment Trust,NYSE,특수 REITs
PFLT,PennantPark Floating Rate Capital Ltd,NYSE,폐쇄형 펀드
SMWB,Similarweb Ltd.,NYSE,소프트웨어
RGR,Sturm  Ruger & Company  Inc.,NYSE,오락용 제품
EVC,Entravision Communications Corp,NYSE,방송
GPRK,GeoPark Ltd,NYSE,"오일, 가스 탐사 및 생산"
EVEX,Eve Holding  Inc.,NYSE,항공우주 및 방위
MG,Mistras Group Inc,NYSE,통합 오일 및 가스
CNNE,Cannae Holdings Inc,NYSE,레스토랑 및 바
SOC,Sable Offshore Corp.,NYSE,"오일, 가스 탐사 및 생산"
BUI,BlackRock Utilities Infrastructure & Power Oppty,NYSE,폐쇄형 펀드
OFRM,Once Upon A Farm PBC,NYSE,식품 가공
BWMX,Betterware de Mexico SAPI de CV,NYSE,백화점
IVR,Invesco Mortgage Capital Inc,NYSE,특수 REITs
BOE,BlackRock Enhanced Global Dividend Closed End Fund,NYSE,폐쇄형 펀드
DLY,DoubleLine Yield Opportunities Fund,NYSE,폐쇄형 펀드
INN,Summit Hotel Properties  Inc.,NYSE,특수 REITs
PKE,Park Aerospace Corp,NYSE,항공우주 및 방위
BIT,BlackRock Multi-Sector Income Trust,NYSE,폐쇄형 펀드
PHR,Phreesia  Inc.,NYSE,소프트웨어
YEXT,Yext  Inc.,NYSE,온라인 서비스
MATV,Mativ Holdings  Inc.,NYSE,상품 화학
RA,Brookfield Real Assets Income Closed Fund,NYSE,폐쇄형 펀드
TROX,Tronox Holdings PLC,NYSE,특수 화학제
HPP,Hudson Pacific Properties  Inc.,NYSE,상업용 REITs
UAMY,United States Antimony Corp,NYSE,특수 채굴 및 금속
PAXS,PIMCO Access Income Fund,NYSE,폐쇄형 펀드
CLDT,Chatham Lodging Trust,NYSE,특수 REITs
SUPV,Grupo Supervielle S.A. ADR,NYSE,은행
PFN,Pimco Income Strategy II Closed Fund,NYSE,폐쇄형 펀드
SMC,Summit Midstream Corp,NYSE,오일 및 가스 수송 서비스
WDI,Western Asset Diversified Income Fund,NYSE,폐쇄형 펀드
ASGI,abrdn Global Infrastructure Income Fund,NYSE,폐쇄형 펀드
AHRT,AH Realty Trust  Inc,NYSE,복합부동산 REITs
VTEX,VTEX,NYSE,소프트웨어
EVAC,EQV Ventures Acquisition Corp II,NYSE,투자 지주 회사
BCSS,Bain Capital GSS Investment Corp,NYSE,투자 지주 회사
MUJ,BlackRock MuniHoldings New Jersey Quality Fd，Inc.,NYSE,폐쇄형 펀드
DDD,3D Systems Corp,NYSE,전자 장비 및 부품
MLR,Miller Industries Inc,NYSE,"자동차, 트럭 및 오토바이 부품"
EGY,VAALCO Energy Inc,NYSE,"오일, 가스 탐사 및 생산"
IGR,CBRE Global Real Estate Income Closed End Fund,NYSE,폐쇄형 펀드
WEAV,Weave Communications  Inc,NYSE,소프트웨어
NKX,Nuveen California AMT-Free Quality Municipal In Fd,NYSE,폐쇄형 펀드
VEL,Velocity Financial Inc,NYSE,소비자 대출
BHK,BlackRock Core Bond Closed Fund,NYSE,폐쇄형 펀드
JBGS,JBG SMITH Properties,NYSE,상업용 REITs
MAX,MediaAlpha  Inc.,NYSE,온라인 서비스
TWN,Taiwan Fund Inc.,NYSE,폐쇄형 펀드
DSU,BlackRock Debt Strategies Fund，Inc.,NYSE,폐쇄형 펀드
WHK,Whitehawk Minerals Corp,NYSE,통합 오일 및 가스
PDT,John Hancock Premium Dividend Fund,NYSE,폐쇄형 펀드
GRNT,Granite Ridge Resources  Inc.,NYSE,"오일, 가스 탐사 및 생산"
BME,BlackRock Health Sciences Trust,NYSE,폐쇄형 펀드
EBF,Ennis Inc,NYSE,상업 인쇄 서비스
HOV,Hovnanian Enterprises  Inc.,NYSE,주택 건설
PAR,PAR Technology Corporation,NYSE,사무기기
HQL,abrdn Life Sciences Investors,NYSE,폐쇄형 펀드
GOTU,Gaotu Techedu Inc. ADR,NYSE,기타 교육 서비스 제공
HY,Hyster-Yale Inc,NYSE,중장비 및 차량
IIIN,Insteel Industries Inc,NYSE,건설 자재 및 비품
OOMA,Ooma  Inc.,NYSE,통합 통신 서비스
VMO,Invesco Municipal Opportunity Trust,NYSE,폐쇄형 펀드
HKD,AMTD Digital Inc ADR,NYSE,소프트웨어
LDP,Cohen & Steers Ltd Dur Pref and Income Fund Inc,NYSE,폐쇄형 펀드
BXC,BlueLinx Holdings Inc.,NYSE,건설 자재 및 비품
ACP,abrdn Income Credit Strategies Mutual Fund,NYSE,폐쇄형 펀드
JBI,Janus International Group  Inc.,NYSE,건설 자재 및 비품
NCDL,Nuveen Churchill Direct Lending Corp,NYSE,투자 관리 및 펀드 운영
ENHA,Enhanced Group Inc,NYSE,여가 및 오락시설
AEXA,American Exceptionalism Acquisition Corp A,NYSE,투자 지주 회사
NVRI,Enviri Corp (Delaware),NYSE,환경 서비스 및 장비
ETJ,Eaton Vance Risk Managed Diversified Equity Income Closed Fund,NYSE,폐쇄형 펀드
CARS,Cars.com Inc,NYSE,온라인 서비스
EROK,EagleRock Land LLC,NYSE,"오일, 가스 탐사 및 생산"
EMD,Western Asset Emerging Markets Debt Fund,NYSE,폐쇄형 펀드
NOAH,Noah Holdings Limited ADR,NYSE,투자 관리 및 펀드 운영
RYAM,Rayonier Advanced Materials Inc.,NYSE,특수 화학제
WTI,W&T Offshore  Inc.,NYSE,"오일, 가스 탐사 및 생산"
NDMO,Nuveen Dynamic Municipal Opportunities Fund,NYSE,
MSIF,MSC Income Fund Inc,NYSE,기업 금융 서비스
MOV,Movado Group Inc,NYSE,의류 및 액세서리
FBRT,Franklin Bsp Realty Trust  Inc.,NYSE,특수 REITs
CMDB,Costamare Bulkers Holdings Ltd,NYSE,해양 화물 및 물류
ETD,Ethan Allen Interiors Inc.,NYSE,가정용 가구
THW,abrdn World Healthcare Fund,NYSE,폐쇄형 펀드
HUYA,HUYA Inc ADR,NYSE,온라인 서비스
GMRS,GMR Solutions Inc,NYSE,의료 시설 및 서비스
UHT,Universal Health Realty Income Trust,NYSE,특수 REITs
GLAS,Glass House Brands Inc,NYSE,의약품 소매
CWH,Camping World Holdings Inc,NYSE,"자동차 차량, 부품 및 서비스 소매"
SDHC,Smith Douglas Homes Corp,NYSE,주택 건설
HBB,Hamilton Beach Brands Holding Company,NYSE,"가전제품, 도구 및 가정 용품"
OPFI,OppFi Inc,NYSE,소프트웨어
GUT,Gabelli Utility Trust,NYSE,폐쇄형 펀드
BGY,BlackRock Enhanced International Dividend Closed End Fund,NYSE,폐쇄형 펀드
AVK,Advent Convertible and Income Fund,NYSE,폐쇄형 펀드
NMCO,Nuveen Municipal Credit Opportunities Fund,NYSE,폐쇄형 펀드
NPB,Northpointe Bancshares Inc,NYSE,은행
WNC,Wabash National Corporation,NYSE,중장비 및 차량
BGB,Blackstone Strategic Credit 2027 Term Fund,NYSE,폐쇄형 펀드
NWAX,New America Acquisition I Corp,NYSE,투자 지주 회사
SD,SandRidge Energy Inc,NYSE,"오일, 가스 탐사 및 생산"
AAC,Ares Acquisition Corporation III,NYSE,투자 지주 회사
NXRT,NexPoint Residential Trust Inc,NYSE,주거용 REITs
JKS,JinkoSolar Holding Co.  Ltd. ADR,NYSE,재생 가능 에너지 장비 및 서비스
ETO,Eaton Vance Tax Advantaged Global Dividend Opportunities Closed Fund,NYSE,폐쇄형 펀드
MMT,Aberdeen Multimarket Income Fund,NYSE,폐쇄형 펀드
CSV,Carriage Services Inc,NYSE,개인 서비스
IIM,Invesco Value Municipal Income Closed Fund,NYSE,폐쇄형 펀드
MEI,Methode Electronics  Inc.,NYSE,전자 장비 및 부품
FPI,Farmland Partners Inc,NYSE,특수 REITs
KRSP,Rice Acquisition Corp 3,NYSE,투자 지주 회사
AII,American Integrity Insurance Group Inc,NYSE,손해보험
BDN,Brandywine Realty Trust,NYSE,상업용 REITs
MMU,Western Asset Managed Municipals Fund,NYSE,폐쇄형 펀드
RWT,Redwood Trust  Inc.,NYSE,특수 REITs
BRSP,BrightSpire Capital  Inc.,NYSE,특수 REITs
IGD,Voya Global Equity Dividend & Premium Opportunity Closed Fund,NYSE,폐쇄형 펀드
NMAI,Nuveen Multi-Asset Income Fund,NYSE,폐쇄형 펀드
MFM,Aberdeen Municipal Income Fund,NYSE,폐쇄형 펀드
WIW,Western Asset Inflation Linked Opportunities Income Closed End Fund,NYSE,폐쇄형 펀드
MUA,BlackRock MuniAssets Fund，Inc.,NYSE,폐쇄형 펀드
TRTX,TPG RE Finance Trust Inc,NYSE,특수 REITs
OLP,One Liberty Properties Inc,NYSE,상업용 REITs
OIS,Oil States International  Inc.,NYSE,오일 관련 서비스 및 장비
QUAD,Quad/Graphics Inc,NYSE,상업 인쇄 서비스
ONT,Onterris  Inc.,NYSE,환경 서비스 및 장비
VKQ,Invesco Municipal Trust,NYSE,폐쇄형 펀드
VGM,Invesco Trust For Inv Grade Munis,NYSE,투자 관리 및 펀드 운영
FTHY,First Trust High Yield Opportunities 2027 Term Closed End Fd,NYSE,폐쇄형 펀드
DDL,Dingdong (Cayman) Ltd ADR,NYSE,온라인 서비스
GUG,Guggenheim Active Allocation CEF,NYSE,뮤추얼 펀드
LXFR,Luxfer Holdings PLC,NYSE,산업용 기계 및 장비
DPG,Duff & Phelps Utility and Infrastructure Fund Inc,NYSE,폐쇄형 펀드
EDN,Empresa Distribuidora y Comercializadora Norte SA ADR,NYSE,전력 유틸리티
IFN,Aberdeen India Fund,NYSE,폐쇄형 펀드
ECC,Eagle Point Credit Company Inc,NYSE,폐쇄형 펀드
XRN,Chiron Real Estate Inc,NYSE,특수 REITs
IQI,Invesco Quality Municipal Income Closed Fund,NYSE,폐쇄형 펀드
ASPN,Aspen Aerogels  Inc.,NYSE,특수 화학제
SPIR,Spire Global  Inc.,NYSE,무선 통신 서비스
SPCE,Virgin Galactic Holdings Inc,NYSE,항공우주 및 방위
GHY,PGIM Global High Yield Fund，Inc,NYSE,폐쇄형 펀드
ETB,Eaton Vance Tax Managed Buy Write Income Closed Fund,NYSE,폐쇄형 펀드
BLW,BlackRock Limited Duration Income Trust,NYSE,폐쇄형 펀드
ZKH,ZKH Group Ltd ADR,NYSE,다각적 산업용 제품 도매
CLB,Core Laboratories Inc.,NYSE,경영 지원 서비스
VVR,Invesco Senior Income Trust,NYSE,폐쇄형 펀드
FFA,First Trust Enhanced Equity Income Closed Fund,NYSE,폐쇄형 펀드
VCV,Invesco California Value Muni Inc Tr,NYSE,폐쇄형 펀드
TRC,Tejon Ranch Co,NYSE,"부동산 임대, 개발 및 운영"
TWI,Titan International Inc,NYSE,"자동차, 트럭 및 오토바이 부품"
VHI,Valhi Inc,NYSE,특수 화학제
PCQ,PIMCO California Municipal Income Fund,NYSE,폐쇄형 펀드
IPI,Intrepid Potash Inc,NYSE,농화학제
AVBC,Avidia Bancorp Inc,NYSE,은행
BGR,BlackRock Energy and Resources Closed Fund,NYSE,폐쇄형 펀드
ASIX,AdvanSix Inc.,NYSE,특수 화학제
WLYB,John Wiley & Sons  Inc. Class B,NYSE,소비자 출판
CBAN,Colony Bankcorp Inc,NYSE,은행
KIO,KKR Income Opportunities Fund,NYSE,폐쇄형 펀드
GNE,Genie Energy Ltd,NYSE,전력 유틸리티
CAL,Caleres Inc,NYSE,의류 및 액세서리 소매
NBB,Nuveen Taxable Municipal Income Fund,NYSE,폐쇄형 펀드
GTN,Gray Media Inc,NYSE,방송
NPFD,Nuveen Variable Rate Preferred Income Closed End Fund,NYSE,폐쇄형 펀드
NGS,Natural Gas Services Group  Inc.,NYSE,오일 관련 서비스 및 장비
CINT,CI&T Inc.,NYSE,소프트웨어
CLBR,Colombier Acquisition Corp III,NYSE,투자 지주 회사
FVR,FrontView REIT  Inc.,NYSE,복합부동산 REITs
CHCT,Community Healthcare Trust Inc,NYSE,특수 REITs
MAGN,Magnera Corporation,NYSE,직물 및 가죽제품
MVF,BlackRock MuniVest Fund，Inc.,NYSE,폐쇄형 펀드
CYH,Community Health Systems Inc,NYSE,의료 시설 및 서비스
BNED,Barnes & Noble Education Inc,NYSE,기타 전문 소매
NXG,NXG NextGen Infrastructure Income Fund,NYSE,폐쇄형 펀드
FINS,Angel Oak Financial Strategies Income Term Trust,NYSE,폐쇄형 펀드
HVT,Haverty Furniture Companies Inc,NYSE,가정용 가구 소매
NMG,Nouveau Monde Graphite Inc,NYSE,특수 채굴 및 금속
EVH,Evolent Health  Inc.,NYSE,첨단 의료 장비 및 기술
SI,Shoulder Innovations  Inc.,NYSE,"의료 장비, 물품 및 유통"
FCBM,First Carolina Financial Services Inc,NYSE,은행
ISD,PGIM High Yield Bond Fund，Inc,NYSE,폐쇄형 펀드
TCI,Transcontinental Realty Investors Inc,NYSE,"부동산 임대, 개발 및 운영"
JRI,Nuveen Real Asset Income and Growth Fund,NYSE,폐쇄형 펀드
ACCO,ACCO Brands Corp,NYSE,비즈니스 지원 용품
HPS,John Hancock Preferred Income III Closed Fund,NYSE,폐쇄형 펀드
EQV.U,EQV Ventures Acquisition Units,NYSE,투자 지주 회사
MEC,Mayville Engineering Company Inc,NYSE,"자동차, 트럭 및 오토바이 부품"
OPTU,Optimum Communications Inc,NYSE,통합 통신 서비스
SDHY,PGIM Short Duration High Yield Opportunities Fund,NYSE,폐쇄형 펀드
HPI,John Hancock Preferred Income Closed Fund,NYSE,폐쇄형 펀드
MZYX,Mozayyx Acquisition Corp,NYSE,투자 지주 회사
SOR,Source Capital Beneficial Interest,NYSE,폐쇄형 펀드
FRA,BlackRock Floating Rate Income Strategies Fd，Inc.,NYSE,폐쇄형 펀드
CPS,Cooper-Standard Holdings Inc.,NYSE,"자동차, 트럭 및 오토바이 부품"
HTT,High Templar Tech Ltd ADR,NYSE,지상 및 해상 여객 운송
GCO,Genesco Inc,NYSE,의류 및 액세서리 소매
EVN,Eaton Vance Municipal Income Trust,NYSE,폐쇄형 펀드
BOC,Boston Omaha Corp,NYSE,광고 및 마케팅
AUNA,Auna SA,NYSE,의료 시설 및 서비스
FCRS,FutureCrest Acquisition Corp,NYSE,투자 지주 회사
HFRO,Highland Opportunities and Income Fund,NYSE,폐쇄형 펀드
OXM,Oxford Industries Inc,NYSE,의류 및 액세서리
ALUB,Alussa Energy Acquisition Corp. II,NYSE,투자 지주 회사
MCI,Barings Corporate Investors,NYSE,폐쇄형 펀드
KREF,KKR Real Estate Finance Trust Inc,NYSE,특수 REITs
JILL,JJill Inc,NYSE,의류 및 액세서리 소매
CTEV,Claritev Corp,NYSE,경영 지원 서비스
JOF,Japan Smaller Capitalization Closed Fund,NYSE,폐쇄형 펀드
SOUL,Soulpower Acquisition Corp,NYSE,투자 지주 회사
PACK,Ranpak Holdings Corp.,NYSE,종이 포장재
RNGR,Ranger Energy Services Inc,NYSE,오일 관련 서비스 및 장비
GOOS,Canada Goose Holdings Inc.,NYSE,의류 및 액세서리
DIN,Dine Brands Global  Inc.,NYSE,레스토랑 및 바
BKKT,Bakkt Inc,NYSE,블록 체인 및 암호화폐
SBXE,SilverBox Corp V,NYSE,투자 지주 회사
BMNP,Bitmine Immersion Technologies Perpetual 9 5 Prf Shs Ser A,NYSE,블록 체인 및 암호화폐
KNOP,KNOT Offshore Partners Common Units,NYSE,오일 및 가스 수송 서비스
FOF,Cohen & Steers Closed End Opportunity Closed Fund,NYSE,폐쇄형 펀드
LEO,BNY Mellon Strategic Municipals Inc,NYSE,폐쇄형 펀드
ORN,Orion Group Holdings Inc,NYSE,건설 및 엔지니어링
LND,BrasilAgro - Companhia Brasileira de Propriedades Agricolas ADR,NYSE,어업 및 농업
CION,Cion Investment Corp,NYSE,투자 관리 및 펀드 운영
PFL,Pimco Income Strategy Closed Fund,NYSE,폐쇄형 펀드
GBAB,Guggenheim Taxable Muni Bd & Inv Grade Dbt Trust,NYSE,폐쇄형 펀드
DSX,Diana Shipping Inc,NYSE,해양 화물 및 물류
NCV,Virtus Convertible And Income Fund,NYSE,폐쇄형 펀드
NL,NLI Holdings Inc,NYSE,산업용 기계 및 장비
EDD,Morgan Stanley Emerging Mrkt Domestic Debt Fd Inc,NYSE,폐쇄형 펀드
CVEO,Civeo Corp,NYSE,"부동산 임대, 개발 및 운영"
EBS,Emergent BioSolutions Inc.,NYSE,제약
LZM,Lifezone Metals Ltd,NYSE,특수 채굴 및 금속
SCD,LMP Capital & Income Fund,NYSE,폐쇄형 펀드
FPH,Five Point Holdings  LLC,NYSE,"부동산 임대, 개발 및 운영"
NPWR,NET Power Inc.,NYSE,전력 유틸리티
EMF,Templeton Emerging Markets Closed Fund,NYSE,폐쇄형 펀드
JGH,Nuveen Global High Income Fund,NYSE,폐쇄형 펀드
NAN,Nuveen New York Quality Municipal Income Fund,NYSE,폐쇄형 펀드
MIY,BlackRock MuniYield Michigan Quality Fund，Inc.,NYSE,폐쇄형 펀드
NOA,North American Construction Group Ltd,NYSE,오일 관련 서비스 및 장비
ASG,Liberty All Star Growth Closed Fund,NYSE,폐쇄형 펀드
JACS,Jackson Acquisition Co II,NYSE,투자 지주 회사
AWP,abrdn Global Premier Properties Mutual Fund,NYSE,폐쇄형 펀드
HIX,Western Asset High Income Fund II Inc,NYSE,폐쇄형 펀드
OEC,Orion SA,NYSE,특수 화학제
KTF,DWS Municipal Income Trust,NYSE,폐쇄형 펀드
SAC,Safeguard Acquisition Corp,NYSE,투자 지주 회사
MLP,Maui Land & Pineapple Company Inc,NYSE,"부동산 임대, 개발 및 운영"
LVWR,LiveWire Group  Inc.,NYSE,오락용 제품
PPT,Franklin Premier Income Trust,NYSE,투자 관리 및 펀드 운영
BGT,BlackRock Floating Rate Income Closed Fund,NYSE,폐쇄형 펀드
COSO,CoastalSouth Bancshares Inc,NYSE,은행
FTW,Presidio Production Co,NYSE,"오일, 가스 탐사 및 생산"
MTAL,Metals Acquisition Corp II,NYSE,투자 지주 회사
RAC,Rithm Acquisition Corp,NYSE,투자 지주 회사
HIO,Western Asset High Income Opportunity Closed Fund,NYSE,폐쇄형 펀드
FVRR,Fiverr International Ltd,NYSE,온라인 서비스
ZH,Zhihu Inc ADR,NYSE,온라인 서비스
BKT,BlackRock Income Trust，Inc.,NYSE,폐쇄형 펀드
DBI,Designer Brands Inc.,NYSE,의류 및 액세서리 소매
CLW,Clearwater Paper Corp,NYSE,종이 제품
BBW,Build-A-Bear Workshop  Inc.,NYSE,기타 전문 소매
VII,Viking Acquisition Corp II,NYSE,투자 지주 회사
EFR,Eaton Vance Senior Floating Rate Closed Fund,NYSE,폐쇄형 펀드
AGD,abrdn Global Dynamic Dividend Mutual Fund,NYSE,폐쇄형 펀드
BRW,Saba Capital Income & Opportunities Fund,NYSE,폐쇄형 펀드
PINE,Alpine Income Property Trust Inc,NYSE,상업용 REITs
PSBD,Palmer Square Capital BDC Inc,NYSE,폐쇄형 펀드
CBNA,Chain Bridge Bancorp Inc,NYSE,은행
JENA,Jena Acquisition Corp II,NYSE,투자 지주 회사
ZTR,Virtus Total Return Fund Inc.,NYSE,투자 관리 및 펀드 운영
QLEP,Quantum Leap Acquisition Corp,NYSE,투자 지주 회사
EVMN,Evommune  Inc.,NYSE,생명 공학 및 의학 연구
MXF,Mexico Closed Fund,NYSE,폐쇄형 펀드
PSFE,Paysafe Ltd,NYSE,핀테크
SEG,Seaport Entertainment Group Inc,NYSE,여가 및 오락시설
MTNE,CH4 Natural Solutions Corp,NYSE,투자 지주 회사
XFLT,XAI Floating Rate Alternative Income Trust Closed End Fund,NYSE,폐쇄형 펀드
NREF,NexPoint Real Estate Finance  Inc.,NYSE,상업용 REITs
JPI,Nuveen Preferred Securities and Income Opptys Fund,NYSE,폐쇄형 펀드
HPF,John Hancock Preferred Income II Closed Fund,NYSE,폐쇄형 펀드
TEI,Templeton Emerging Markets Income Closed Fund,NYSE,투자 관리 및 펀드 운영
KPET,KPET Ultra Paceline Corp,NYSE,투자 지주 회사
ZIP,Ziprecruiter Inc,NYSE,고용 서비스
JCE,Nuveen Core Equity Alpha Closed Fund,NYSE,폐쇄형 펀드
AIV,Apartment Investment and Management Co,NYSE,주거용 REITs
WDH,Waterdrop Inc. ADR,NYSE,복합보험 및 중개인
HLLY,Holley Inc.,NYSE,"자동차, 트럭 및 오토바이 부품"
RFMZ,RiverNorth Flexible Municipal Income Fund II Inc.,NYSE,폐쇄형 펀드
EFT,Eaton Vance Floating Rate Income Closed Fund,NYSE,폐쇄형 펀드
FTRA,FutureCorp Space Acquisition 1,NYSE,투자 지주 회사
SAMO,Samos Energy Acquisition Corp,NYSE,
PAII,Pyrophyte Acquisition Corp II,NYSE,투자 지주 회사
NCA,Nuveen California Municipal Value Fund,NYSE,폐쇄형 펀드
RFI,Cohen Steers Total Return Realty Closed Fund,NYSE,폐쇄형 펀드
RIV,RiverNorth Opportunities Fund Inc,NYSE,폐쇄형 펀드
TBI,TrueBlue Inc,NYSE,고용 서비스
RM,Regional Management Corp,NYSE,소비자 대출
NXDT,NexPoint Diversified Real Estate Trust,NYSE,복합부동산 REITs
NC,NACCO Industries Inc,NYSE,석탄
EOD,Allspring Global Dividend Opportunity Mutual Fund,NYSE,폐쇄형 펀드
ARDC,Ares Dynamic Credit Allocation Fund Inc,NYSE,폐쇄형 펀드
KWY,Kingsway Corp,NYSE,손해보험
OIA,Invesco Muni Income Opportunities Trust,NYSE,폐쇄형 펀드
TSI,TCW Strategic Income Closed Fund,NYSE,폐쇄형 펀드
KF,Korea Closed Fund,NYSE,폐쇄형 펀드
AFB,AllianceBernstein National Municipal Income Fund,NYSE,폐쇄형 펀드
CHPT,ChargePoint Holdings Inc,NYSE,전기 부품 및 장비
XPER,Xperi Inc,NYSE,소프트웨어
NCZ,Virtus Convertible and Income Fund II,NYSE,폐쇄형 펀드
DBL,DoubleLine Opportunistic Credit Fund,NYSE,폐쇄형 펀드
SAR,Saratoga Investment Corp,NYSE,투자 관리 및 펀드 운영
USNA,USANA Health Sciences Inc,NYSE,식품 가공
LAW,CS Disco  Inc.,NYSE,소프트웨어
MIN,Aberdeen Intermediate Income Fund,NYSE,폐쇄형 펀드
NPCT,Nuveen Core Plus Impact Fund,NYSE,폐쇄형 펀드
BGH,Barings Global Short Duration High Yield Fund,NYSE,폐쇄형 펀드
TVC,Tennessee Valley Authority Power Bonds 1998 Series D due 01 June 2028,NYSE,전력 유틸리티
ARL,American Realty Investors Inc,NYSE,"부동산 임대, 개발 및 운영"
YSG,Yatsen Holding Ltd ADR,NYSE,개인 생활 필수 용품
SRV,NXG Cushing Midstream Energy Closed End Fund,NYSE,폐쇄형 펀드
DSM,BNY Mellon Strategic Municipal Bond Fund Inc,NYSE,폐쇄형 펀드
MSB,Mesabi Trust,NYSE,철 및 강철
PNAQ,Pinnacle Acquisition Corporation,NYSE,
MMD,NYLIM MacKay DefinedTerm Muni Opport Fd,NYSE,폐쇄형 펀드
IVAI,Ives Ultra AI Opportunities Inc,NYSE,폐쇄형 펀드
TVE,Tennessee Valley Authority Power Bonds 1999 Series A due May 1 2029 (Putable,NYSE,전력 유틸리티
ACV,Virtus Diversified Income And Convertible Fund,NYSE,폐쇄형 펀드
FCT,First Trust Senior Floating Rate Income Fund II,NYSE,폐쇄형 펀드
BRT,BRT Apartments Corp,NYSE,주거용 REITs
PMO,Franklin Municipal Opportunities Trust,NYSE,투자 관리 및 펀드 운영
BAK,Braskem S.A. ADR,NYSE,상품 화학
MCR,MFS Charter Income Trust,NYSE,폐쇄형 펀드
RMM,RiverNorth Managed Duration Muni Income Fd Inc,NYSE,폐쇄형 펀드
TDF,Templeton Dragon Closed Fund,NYSE,폐쇄형 펀드
PHT,Pioneer High Income Fund，Inc.,NYSE,폐쇄형 펀드
BLND,Blend Labs  Inc.,NYSE,소프트웨어
TG,Tredegar Corp,NYSE,알루미늄
ALIT,Alight Inc,NYSE,소프트웨어
EOT,Eaton Vance National Municipal Opportunities Closed Fund,NYSE,폐쇄형 펀드
RCS,PIMCO Strategic Income Fund Inc,NYSE,투자 관리 및 펀드 운영
NUW,Nuveen AMT-Free Municipal Value Fund,NYSE,폐쇄형 펀드
CAF,Morgan Stanley China A Share Closed Fund,NYSE,폐쇄형 펀드
ONIT,Onity Group Inc,NYSE,은행
CURV,Torrid Holdings Inc,NYSE,의류 및 액세서리 소매
COPL,Copley Acquisition Corp,NYSE,투자 지주 회사
BGS,B&G Foods Inc,NYSE,식품 가공
PMM,Franklin Managed Municipal Income Trust,NYSE,투자 관리 및 펀드 운영
RLTY,Cohen & Steers Real Estate Opps and Income Fund,NYSE,폐쇄형 펀드
BIII,Black Spade Acquisition III Co,NYSE,투자 지주 회사
AMWL,American Well Corporation,NYSE,의료 시설 및 서비스
IRAB,Iris Acquisition II Corp,NYSE,투자 지주 회사
BRCC,BRC Inc,NYSE,식품 가공
SMRT,SmartRent Inc,NYSE,통합 하드웨어 및 소프트웨어
FF,FutureFuel Corp,NYSE,재생 가능 연료
SES,SES AI Corporation,NYSE,전기 부품 및 장비
XPOF,Xponential Fitness  Inc.,NYSE,여가 및 오락시설
LGI,Lazard Global Total Return & Income Closed Fund,NYSE,폐쇄형 펀드
DGAC,Disciplined Growth Acquisition Corp,NYSE,투자 지주 회사
NUS,Nu Skin Enterprises  Inc.,NYSE,개인 생활 필수 용품
KLC,Kindercare Learning Companies Inc,NYSE,개인 서비스
SMHI,SEACOR Marine Holdings Inc,NYSE,오일 및 가스 수송 서비스
VACI,Viking Acquisition Corp I,NYSE,투자 지주 회사
FOA,Finance of America Companies Inc,NYSE,투자 관리 및 펀드 운영
PSF,Cohen & Steers Select Preferred and Income Fd Inc,NYSE,폐쇄형 펀드
MBI,MBIA Inc,NYSE,손해보험
EAF,GrafTech International Ltd,NYSE,전기 부품 및 장비
PNNT,PennantPark Investment Corporation,NYSE,폐쇄형 펀드
SABA,Saba Capital Income & Opportunities Fund II,NYSE,투자 관리 및 펀드 운영
JRS,Nuveen Real Estate Income Closed Fund,NYSE,폐쇄형 펀드
ACRE,Ares Commercial Real Estate Corp,NYSE,특수 REITs
EIC,Eagle Point Income Company Closed End Fund,NYSE,폐쇄형 펀드
SCM,Stellus Capital Investment Corp,NYSE,폐쇄형 펀드
DDT,Dillards Capital Trust I 7.50% Capital Securities Exp 01 Aug 2038,NYSE,기업 금융 서비스
CNF,CNFinance Holdings Ltd ADR,NYSE,기업 금융 서비스
FIRY,Firy Inc,NYSE,온라인 서비스
DHX,DHI Group Inc,NYSE,고용 서비스
MHI,Pioneer Municipal High Income Fund，Inc.,NYSE,폐쇄형 펀드
VLN,Valens Semiconductor Ltd,NYSE,반도체
DLNG,Dynagas LNG Partners Common Units,NYSE,오일 및 가스 수송 서비스
IIF,Morgan Stanley India Investment Closed Fund,NYSE,폐쇄형 펀드
XYF,X Financial ADR,NYSE,핀테크
BEBE,TGE Value Creative Solutions Corp,NYSE,투자 지주 회사
LDI,loanDepot  Inc.,NYSE,소비자 대출
ETSS,Energy Transition Special Opportunities,NYSE,투자 지주 회사
ALTG,Alta Equipment Group Inc,NYSE,산업용 기계 및 장비
AIIA,AI Infrastructure Acquisition Corp,NYSE,투자 지주 회사
TPVG,Triplepoint Venture Growth BDC Corp,NYSE,투자 관리 및 펀드 운영
PERF,Perfect Corp.,NYSE,소프트웨어
RVII,Robinhood Ventures Fund II,NYSE,
GCTS,GCT Semiconductor Holding Inc,NYSE,반도체
MSC,Studio City International Holdings Ltd ADR,NYSE,카지노 및 도박
MAV,Pioneer Municipal High Income Advantage Fund，Inc.,NYSE,폐쇄형 펀드
FC,Franklin Covey Co.,NYSE,전문 및 비즈니스 교육
MIO,Pioneer Municipal High Income Opportnts Fund，Inc.,NYSE,폐쇄형 펀드
RC,Ready Capital Corp,NYSE,특수 REITs
ETX,Eaton Vance Municipal Income 2028 Term Trust,NYSE,폐쇄형 펀드
SRI,Stoneridge Inc,NYSE,"자동차, 트럭 및 오토바이 부품"
GGT,Gabelli Multimedia Trust Inc,NYSE,폐쇄형 펀드
VPV,Invesco Pennsylvania Value Municipal Income Trust,NYSE,폐쇄형 펀드
OSG,Octave Specialty Group Inc,NYSE,손해보험
IDE,Voya Infrastructure Industrials & Materials Fund,NYSE,폐쇄형 펀드
AP,Ampco-Pittsburgh Corp,NYSE,철 및 강철
MITT,TPG Mortgage Investment Trust Inc,NYSE,특수 REITs
NPV,Nuveen Virginia Quality Municipal Income Fund,NYSE,투자 관리 및 펀드 운영
WHG,Westwood Holdings Group Inc,NYSE,투자 관리 및 펀드 운영
WIA,Western Asset Inflation Linked Income Closed End Fund,NYSE,폐쇄형 펀드
BWIV,Blue Water Acquisition Corp IV,NYSE,투자 지주 회사
FT,Franklin Universal Closed Fund,NYSE,폐쇄형 펀드
SITC,SITE Centers Corp.,NYSE,상업용 REITs
CMTG,Claros Mortgage Trust Inc,NYSE,특수 REITs
CHN,China Closed Fund,NYSE,폐쇄형 펀드
CIA,Citizens Inc,NYSE,생명 및 건강 보험
AMPY,Amplify Energy Corp.,NYSE,"오일, 가스 탐사 및 생산"
GF,New Germany Fund Inc.,NYSE,폐쇄형 펀드
SPMC,Sound Point Meridian Capital Inc,NYSE,폐쇄형 펀드
DMB,BNY Mellon Municipal Bond Infrastructure Fund In,NYSE,폐쇄형 펀드
OPP,RiverNorth/DoubleLine Strategic Opportunity Fund,NYSE,폐쇄형 펀드
SJT,San Juan Basin Royalty Units,NYSE,"오일, 가스 탐사 및 생산"
AOMR,Angel Oak Mortgage REIT  Inc.,NYSE,은행
BSL,Blackstone Senior Floating Rate 2027 Term Fund,NYSE,폐쇄형 펀드
UIS,Unisys Corporation,NYSE,IT 서비스 및 컨설팅
MPV,Barings Participation Investors,NYSE,폐쇄형 펀드
EHI,Western Asset Global High Income Fund,NYSE,폐쇄형 펀드
FLC,Flaherty Crumrine Total Return Mutual Fund  Incorporated,NYSE,폐쇄형 펀드
VBF,Invesco Bond Fd,NYSE,폐쇄형 펀드
SAGU,Shreya Acquisition Group,NYSE,투자 지주 회사
DHF,BNY Mellon High Yield Strategies Fund,NYSE,폐쇄형 펀드
QRED,QuasarEdge Acquisition Corp,NYSE,투자 지주 회사
WENC,West Enclave Merger Corp,NYSE,투자 지주 회사
EDF,Virtus Stone Harbor Emerging Markets Income Fund,NYSE,폐쇄형 펀드
GLED,GalaxyEdge Acquisition Corp,NYSE,투자 지주 회사
JELD,JELD-WEN Holding Inc,NYSE,건설 자재 및 비품
SRFM,Surf Air Mobility Inc.,NYSE,항공사
WPAC,White Pearl Acquisition Corp,NYSE,투자 지주 회사
OCAC,Ocean Capital Acquisition Corp,NYSE,투자 지주 회사
SSTK,Shutterstock  Inc.,NYSE,온라인 서비스
ADCT,ADC Therapeutics SA,NYSE,생명 공학 및 의학 연구
HGLB,Highland Global Allocation Fund,NYSE,폐쇄형 펀드
ELME,Elme Communities,NYSE,주거용 REITs
EARN,Ellington Credit Closed End Fund,NYSE,폐쇄형 펀드
OWLT,Owlet Inc,NYSE,첨단 의료 장비 및 기술
TRAK,ReposiTrak Inc,NYSE,소프트웨어
IGA,Voya Global Advantage & Premium Opportunity Fund,NYSE,폐쇄형 펀드
ACR,ACRES Commercial Realty Corp.,NYSE,특수 REITs
TRAD,APEX Tech Acquisition Inc,NYSE,투자 지주 회사
NNY,Nuveen New York Municipal Value Fund,NYSE,투자 관리 및 펀드 운영
GNT,GAMCO Natural Resources Gold & Income Trust,NYSE,폐쇄형 펀드
NLOP,Net Lease Office Properties,NYSE,상업용 REITs
PNI,PIMCO New York Municipal Income Fund II,NYSE,폐쇄형 펀드
PIM,Franklin Master Intermediate Income Trust,NYSE,투자 관리 및 펀드 운영
ONL,Orion Properties Inc.,NYSE,상업용 REITs
PLUN,Plutonian Acquisition Corp II,NYSE,투자 지주 회사
TLYS,Tillys Inc,NYSE,의류 및 액세서리 소매
XFLH,XFLH Capital Corp,NYSE,투자 지주 회사
SPE,Special Opportunities Fund，Inc.,NYSE,폐쇄형 펀드
PFD,Flaherty Crumrine Preferred and Income Mutual Fund  Incorporated,NYSE,폐쇄형 펀드
GRX,Gabelli Healthcare & WellnessRx Trust,NYSE,폐쇄형 펀드
DOUG,Douglas Elliman Inc,NYSE,부동산 서비스
SKLZ,Skillz Inc,NYSE,온라인 서비스
MX,Magnachip Semiconductor Corp,NYSE,반도체
VTN,Invesco Trust For Inv Grade NY Munis,NYSE,투자 관리 및 펀드 운영
MSD,Morgan Stanley Emerging Markets Debt Closed Fund,NYSE,폐쇄형 펀드
NAZ,Nuveen Arizona Quality Municipal Income Fund,NYSE,폐쇄형 펀드
COOK,Traeger  Inc.,NYSE,"가전제품, 도구 및 가정 용품"
BMN,BlackRock 2037 Municipal Target Term Trust,NYSE,
OTAI,Starlink Ai Acquisition Corp,NYSE,투자 지주 회사
GHI,Greystone Housing Impact Investors Units,NYSE,은행
BGX,Blackstone Long Short Credit Income Fund,NYSE,폐쇄형 펀드
MHF,Western Asset Municipal High Income Fund,NYSE,폐쇄형 펀드
EVG,Eaton Vance Short Duration Diversified Income Closed Fund,NYSE,폐쇄형 펀드
IHD,Voya Emerging Markets High Dividend Equity Fund,NYSE,폐쇄형 펀드
HEQ,John Hancock Diversified Income Fund,NYSE,폐쇄형 펀드
TISI,Team Inc,NYSE,경영 지원 서비스
VECA,Vernal Capital Acquisition Corp,NYSE,투자 지주 회사
MED,Medifast Inc,NYSE,식품 가공
HYI,Western Asset High Yield Opportunity Fund Inc.,NYSE,폐쇄형 펀드
MPA,BlackRock MuniYield Pennsylvania Quality Closed Fund,NYSE,폐쇄형 펀드
LANV,Lanvin Group Holdings Ltd,NYSE,의류 및 액세서리 소매
PHD,Pioneer Floating Rate Fund，Inc.,NYSE,폐쇄형 펀드
CEE,Central and Eastern Europe Fund Inc,NYSE,폐쇄형 펀드
YCY,AA Mission Acquisition Corp. II,NYSE,투자 지주 회사
UFI,Unifi Inc,NYSE,직물 및 가죽제품
JHS,John Hancock Income Securities Closed Fund,NYSE,폐쇄형 펀드
AXR,AMREP Corp,NYSE,건설 및 엔지니어링
AKA,AKA Brands Holding Corp,NYSE,의류 및 액세서리 소매
WEA,Western Asset Premier Bond Closed Fund,NYSE,폐쇄형 펀드
UP,Wheels Up Experience Inc.,NYSE,항공사
BWG,BrandywineGLOBAL Global Income Opptys Fd Inc,NYSE,폐쇄형 펀드
GGZ,Gabelli Global Small and Mid Cap Value Closed Fund,NYSE,폐쇄형 펀드
BHR,Braemar Hotels & Resorts Inc,NYSE,특수 REITs
PFO,Flaherty Crumrine Preferred and Income Opportunity Mutual Fund  Incorporated,NYSE,폐쇄형 펀드
NMI,Nuveen Municipal Income Fund Inc,NYSE,폐쇄형 펀드
RMMZ,RiverNorth Managed Duration Muni Income Fd II Inc.,NYSE,폐쇄형 펀드
MCN,XAI Madison Equity Premium Income Closed End Fund,NYSE,폐쇄형 펀드
PAI,Western Asset Investment Grade Income Closed End Fund Inc,NYSE,뮤추얼 펀드
DMO,Western Asset Mortgage Opportunity Fund,NYSE,폐쇄형 펀드
NIM,Nuveen Select Maturities Municipal Fund,NYSE,폐쇄형 펀드
JHI,John Hancock Investors Closed Fund,NYSE,폐쇄형 펀드
NMT,Nuveen Massachusetts Quality Municipal Income Fund,NYSE,투자 관리 및 펀드 운영
NRDY,Nerdy Inc.,NYSE,온라인 서비스
CANG,Cango Inc,NYSE,블록 체인 및 암호화폐
GHG,GreenTree Hospitality Group Ltd ADR,NYSE,"호텔, 모텔 및 크루즈 라인"
VATE,Innovate Corp,NYSE,건설 및 엔지니어링
EVTL,Vertical Aerospace Ltd.,NYSE,항공우주 및 방위
SOL,Emeren Group Ltd ADR,NYSE,건설 및 엔지니어링
SBI,Western Asset Intermediate Muni Fund,NYSE,폐쇄형 펀드
DAVA,Endava PLC ADR,NYSE,IT 서비스 및 컨설팅
PCF,High Income Securities Fund,NYSE,투자 관리 및 펀드 운영
CHMI,Cherry Hill Mortgage Investment Corporation,NYSE,특수 REITs
IGI,Western Asset Investment Grade Opps Trust Inc.,NYSE,폐쇄형 펀드
IAE,Voya Asia Pacific High Dividend Equity Income Fund,NYSE,폐쇄형 펀드
PGP,PIMCO Global StocksPLUS & Income Fund,NYSE,폐쇄형 펀드
RGT,Royce Global Trust Inc,NYSE,폐쇄형 펀드
ZVIA,Zevia PBC,NYSE,무알콜 음료
SRG,Seritage Growth Properties,NYSE,"부동산 임대, 개발 및 운영"
RMI,RiverNorth Opportunistic Municipal Income Fund Inc,NYSE,폐쇄형 펀드
JLS,Nuveen Mortgage and Income Fund,NYSE,폐쇄형 펀드
GDL,GDL Fund,NYSE,폐쇄형 펀드
CMCM,Cheetah Mobile Inc ADR,NYSE,소프트웨어
MGF,Aberdeen Government Markets Income Fund,NYSE,폐쇄형 펀드
EVF,Eaton Vance Senior Income Closed Fund,NYSE,폐쇄형 펀드
TSQ,Townsquare Media Inc,NYSE,광고 및 마케팅
CMU,MFS High Yield Municipal Trust,NYSE,폐쇄형 펀드
GCV,Gabelli Convertible and Income Securities Mutual Fund,NYSE,폐쇄형 펀드
RPT,Rithm Property Trust Inc,NYSE,상업용 REITs
YRD,Yiren Digital Ltd ADR,NYSE,소비자 대출
CHGG,Chegg Inc,NYSE,전문 정보 서비스
DTF,DTF Tax-Free Income 2028 Term Fund Inc.,NYSE,폐쇄형 펀드
SRL,Scully Royalty Ltd,NYSE,채굴 지원 서비스 및 장비
RFM,RiverNorth Flexible Municipal Income Fund Inc.,NYSE,폐쇄형 펀드
NRT,North European Oil Royalty Units,NYSE,"오일, 가스 탐사 및 생산"
FMN,Federated Hermes Premier Municipal Income Closed End Fund,NYSE,폐쇄형 펀드
BARK,Bark Inc,NYSE,기타 전문 소매
VGI,Virtus Global Multi-Sector Income Fund,NYSE,폐쇄형 펀드
TGE,Generation Essentials Group,NYSE,경영 지원 서비스
SWZ,Total Return Securities Fund,NYSE,투자 관리 및 펀드 운영
SLQT,Selectquote  Inc,NYSE,복합보험 및 중개인
GDO,Western Asset Global Corporate Opportunity Fd Inc.,NYSE,폐쇄형 펀드
EEA,The European Equity Fund Inc,NYSE,폐쇄형 펀드
CRT,Cross Timbers Royalty Units,NYSE,"오일, 가스 탐사 및 생산"
RFL,Rafael Holdings Inc,NYSE,제약
DMA,Destra Multi-Alternative Fund,NYSE,
WBX,Wallbox NV,NYSE,전기 부품 및 장비
CABO,Cable One Inc,NYSE,통합 통신 서비스
NMS,Nuveen Minnesota Quality Municipal Income Fund,NYSE,폐쇄형 펀드
PCM,PCM Fund Inc,NYSE,폐쇄형 펀드
PEW,GrabAGun Digital Holdings Inc,NYSE,기타 전문 소매
PVL,Permianville Royalty Unit,NYSE,"오일, 가스 탐사 및 생산"
PDCC,Pearl Diver Credit Company Inc,NYSE,폐쇄형 펀드
PGZ,Principal Real Estate Income Fund,NYSE,폐쇄형 펀드
VLT,Invesco High Income Trust II,NYSE,투자 관리 및 펀드 운영
IH,iHuman Inc ADR,NYSE,소프트웨어
VOC,VOC Energy Units,NYSE,통합 오일 및 가스
SPME,Sound Point Meridian Capital 7 875 Prf Shs Series B Due 2030,NYSE,폐쇄형 펀드
LITB,LightInthebox Holding Co.  Ltd ADR,NYSE,의류 및 액세서리
MXE,Mexico Equity and Income Closed Fund,NYSE,폐쇄형 펀드
ANVS,Annovis Bio Inc,NYSE,생명 공학 및 의학 연구
BGSF,BGSF  Inc.,NYSE,고용 서비스
SKIL,Skillsoft Corp,NYSE,전문 및 비즈니스 교육
JMM,Nuveen Multi-Market Income Fund,NYSE,폐쇄형 펀드
AVD,American Vanguard Corporation,NYSE,중장비 및 차량
CCIF,Carlyle Credit Income Fund,NYSE,폐쇄형 펀드
CLPR,Clipper Realty Inc.,NYSE,주거용 REITs
RSF,RiverNorth Capital and Income Interval Fund,NYSE,폐쇄형 펀드
CATO,Cato Corp,NYSE,의류 및 액세서리 소매
FMY,First Trust Mortgage Income Fund,NYSE,폐쇄형 펀드
GROV,Grove Collaborative Holdings Inc,NYSE,온라인 서비스
ACH,Accendra Health  Inc.,NYSE,"의료 장비, 물품 및 유통"
SQNS,Sequans Communications SA ADR,NYSE,반도체
KTN,Structured Products 8.205% Credit-Enhanced Corporate-Backed Trust Securities,NYSE,기업 금융 서비스
GPMT,Granite Point Mortgage Trust Inc.,NYSE,특수 REITs
STEM,Stem  Inc.,NYSE,재생 가능 에너지 장비 및 서비스
STG,Sunlands Technology Group ADR,NYSE,기타 교육 서비스 제공
EIIA,Eagle Point Institutional Income 8 125 Term Prf Shs Series A,NYSE,폐쇄형 펀드
PDPA,Pearl Diver Credit 8 00 PRF Series A,NYSE,폐쇄형 펀드
ZEPP,Zepp Health Corp ADR,NYSE,전화 및 소형 장치
PYT,Merrill Lynch Depositor PPLUS Floating Rate TRUPS Series GSC-2,NYSE,기업 금융 서비스
AMTD,AMTD IDEA Group ADR,NYSE,경영 지원 서비스
SPRU,Spruce Power Holding Corp,NYSE,전력 유틸리티
KTH,Structured Products 8% Corporate-Backed Trust Securities Certificates by PECO,NYSE,투자 은행 및 중개 서비스
LFT,Lument Finance Trust Inc,NYSE,특수 REITs
CIF,MFS Intermediate High Income Fund,NYSE,폐쇄형 펀드
SST,System1  Inc.,NYSE,IT 서비스 및 컨설팅
NOM,Nuveen Missouri Quality Municipal Income Fund,NYSE,폐쇄형 펀드
LOCL,Local Bounti Corp,NYSE,어업 및 농업
JBK,Lehman 3.50% Adjustable Corporate Backed Trust Certificates Goldman Sachs,NYSE,투자 관리 및 펀드 운영
PRT,PermRock Royalty Units,NYSE,"오일, 가스 탐사 및 생산"
FEDU,Four Seasons Education Cayman Inc ADR,NYSE,"초, 중, 고등 교육기관"
CFND,C1 Fund Inc,NYSE,투자 관리 및 펀드 운영
NYC,American Strategic Investment Co,NYSE,부동산 서비스
BHV,BlackRock Virginia Municipal Bond Closed Fund,NYSE,폐쇄형 펀드
PSQH,PSQ Holdings Inc,NYSE,소프트웨어
FENG,Phoenix New Media Ltd ADR,NYSE,광고 및 마케팅
GJP,STRATS SM Trust for Dominion Resources Securities Certificate Series 2005-6,NYSE,기업 금융 서비스
AHT,Ashford Hospitality Trust Inc,NYSE,특수 REITs
MOGU,Mogu Inc ADR,NYSE,온라인 서비스
CCM,Concord Medical Services Holdings Ltd ADR,NYSE,의료 시설 및 서비스
EQS,EQUUS Total Return Inc,NYSE,폐쇄형 펀드
SOS,Sos Ltd,NYSE,투자 은행 및 중개 서비스
GJH,STRATS SM Untd States Cell 6.375 Structured Repackaged Aset Backed Securits,NYSE,기업 금융 서비스
MVO,MV Oil Trust Units,NYSE,"오일, 가스 탐사 및 생산"
GWH,ESS Tech  Inc.,NYSE,전기 부품 및 장비
ATHS,Athene Holding 7 250 Fixed Rate Reset Junior Subordinated Debentures Due 2064,NYSE,연금
MTR,Mesa Royalty Trust,NYSE,"오일, 가스 탐사 및 생산"
IPB,Merrill Lynch Depositor Certificates Series 2003 1 Exp 15 May 2033,NYSE,기업 금융 서비스
AFGB,American Financial Group 5 875 Subordinated Debentures Exp 2059,NYSE,손해보험
AFGD,American Financial Group 5 625 Subordinated Debenture,NYSE,손해보험
AEFC,Aegon Funding Company 5 10 Subordinated Notes due 2049,NYSE,생명 및 건강 보험
AFGC,American Financial Group 5 125 Subordinated Debentures due 2059,NYSE,손해보험
CCZ,Comcast Holdings ZONES 2 Exchangeable Subor Debentures Exp 15 Nov 2029,NYSE,방송
DUKB,Duke Energy Corporation 5.625% Junior Subordinated Debentures Exp 15 Sep 2078,NYSE,전력 유틸리티
GJS,Strats Sm Trust For Goldman Sachs Group Securities Certificates Series 2006-2,NYSE,기업 금융 서비스
GJR,STRATS SM Floating Rate Structured Repackaged Asset Backed Gamble Securities,NYSE,기업 금융 서비스
GJT,STRATS SM Trust for Allstate Securities Certificates Series 2006-3,NYSE,기업 금융 서비스
EAI,Entergy Arkansas First Mortgage Bonds 4.875 Series Exp 01 Sept 2066,NYSE,전력 유틸리티
DTW,Dte Energy Company 5 25 Junior Subordinated Debentures due 2077 Series E,NYSE,전력 유틸리티
ENJ,Entergy Orleans 5% Mortgage Bonds Series Exp 01 Dec 2052,NYSE,전력 유틸리티
ELC,Entergy Louisiana Collateral Mortgage Bonds 4.875 Series Exp 01 Sept 2066,NYSE,전력 유틸리티
EMP,Entergy Mississippi 4.90 First Mortgage Bonds Exp 1 Oct 2066,NYSE,전력 유틸리티
SFB,Stifel Financial 5 20 Senior Notes Exp 15th Oct 2047,NYSE,투자 은행 및 중개 서비스
RCB,Ready Capital 6 20 Senior Notes due 2026,NYSE,특수 REITs
GJO,STRATS SM Wal-Mart 4.65 Floating Rate STRATS Certificates Series 2005-4,NYSE,기업 금융 서비스
UZD,Array Digital Infrtre 6 250 Senior Notes due 2069,NYSE,무선 통신 서비스
DTB,DTE Energy 4 375 Junior Subordinated Debentures Series G due 2080,NYSE,전력 유틸리티
AFGE,American Financial Group 4 500 Subordinated Debentures due 2060,NYSE,손해보험
UZE,Array Digital Infrtre 5 500 Senior Notes due 2070,NYSE,무선 통신 서비스
UZF,Array Digital Infrtre 5 500 Senior Notes Due 2070,NYSE,무선 통신 서비스
DTG,DTE Energy 2021 4 375 Junior Subordinated Debentures Series E,NYSE,전력 유틸리티
KMPB,Kemper 5 875 Fixed Rate Reset Junior Subordinated Debentures due 2062,NYSE,손해보험
RZC,Reinsurance Group of America 7 125 Fixed Rate Reset Subordinated Debentures due,NYSE,재보험
PMTU,PennyMac Mortgage Investment 8 50 Senior Notes due 2028,NYSE,특수 REITs
FGN,F&G Annuities And Life 7 950 Senior Notes due 2053,NYSE,생명 및 건강 보험
MFAN,MFA Financial 8 875 Senior Notes due 2029,NYSE,특수 REITs
RWTN,Redwood Trust 9 125 Senior Notes Due 2029,NYSE,특수 REITs
MITN,TPG Mortgage Investment Trust 9 500 Senior Notes Due 2029,NYSE,특수 REITs
MFAO,MFA Financial 9 00 Senior Notes due 2029,NYSE,특수 REITs
MITP,TPG Mortgage Investment Trust 9 500 Senior Notes Due 2029,NYSE,특수 REITs
CIMN,Chimera Investment 9 00 Senior Notes due 2029,NYSE,특수 REITs
RWTO,Redwood Trust 9 00 Senior Notes Due 2029,NYSE,특수 REITs
AOMN,Angel Oak Mortgage REIT 9.500 Senior Notes due 2029,NYSE,은행
CIMO,Chimera Investment 9 250 Senior Notes due 2029,NYSE,특수 REITs
RCD,Ready Capital 9.00% Senior Notes due 2029,NYSE,특수 REITs
RWTP,Redwood Trust 9 125 Senior Notes Due 2030,NYSE,특수 REITs
PMTV,PennyMac Mortgage Investment Trust 9 00 Senior Notes due 2030,NYSE,특수 REITs
TWOD,Two Harbors Investment 9 375 Senior Notes due 2030,NYSE,특수 REITs
AOMD,Angel Oak Mortgage Reit 9 750 Senior Notes Due 2030,NYSE,은행
PMTW,Pennymac Mortgage Investment 9 00 Senior Notes Due 2030,NYSE,특수 REITs
CIMP,Chimera Investment 8 875 Senior Notes due 2030,NYSE,특수 REITs
DTK,DTE Energy Company 2025 6 25 Junior Subordinated Debentures Series H,NYSE,전력 유틸리티
ABXL,Abacus Global Management 9 875 Fixed Rate Senior Notes due 2028,NYSE,복합보험 및 중개인
RWTQ,Redwood 9 5 Senior Notes Due 2030,NYSE,특수 REITs
CTRA,Coterra Energy Inc,NYSE,"오일, 가스 탐사 및 생산"
DBRG,DigitalBridge Group Inc,NYSE,투자 관리 및 펀드 운영
SEMR,SEMrush Holdings Inc,NYSE,소프트웨어
PRA,Proassurance Corp,NYSE,손해보험
PRO,Pros Holdings Inc,NYSE,소프트웨어
WSR,Whitestone REIT,NYSE,상업용 REITs
KUKE,Kuke Music Holding Ltd ADR,NYSE,엔터테인먼트 제작
SBXD,SilverBox Corp IV,NYSE,투자 지주 회사
RWTS,Redwood 9 75 Senior Notes Due 2031,NYSE,특수 REITs
CTGG,Qwest 6 500 Senior Notes due 2051,NYSE,통합 통신 서비스
CTHH,Qwest 6 750 Senior Notes due 2052,NYSE,통합 통신 서비스
TPTS,Terra Property Trust 7 Senior Secured Notes due 2029,NYSE,복합부동산 REITs
QVCD,QVC 6.375% Senior Secured Notes Exp 13 Sep 2067,NYSE,온라인 서비스
QVCC,QVC 6.250 Senior Secured Notes due 2068,NYSE,온라인 서비스
VYLR,Vylor Inc.,NYSE,어업 및 농업
