date,ticker,name,market,close,volume,ma50,ma150,ma200,low_52w,high_52w,pct_above_low,pct_below_high,rs_rating,rs_line_up,cond1,cond2,cond3,cond4,cond5,cond6,cond7,cond8,pass_count,pass_all,base_label
20260928,BRCC,BRC Inc,NYSE,9.05,99700.0,4.61,2.27,1.96,0.6,10.3,1408.3,12.1,99.0,True,True,True,True,True,True,True,True,True,8,True,베이스 없음
20260909,CYCN,Cyclerion Therapeutics Inc,NASDAQ,23.52,435847.0,4.55,3.18,2.76,1.03,26.88,2190.2,12.5,99.0,True,True,True,True,True,True,True,True,True,8,True,베이스 없음
20260928,GAME,GameSquare Holdings Inc,NASDAQ,3.11,54700.0,1.75,0.84,0.73,0.24,3.85,1223.4,19.2,99.0,True,True,True,True,True,True,True,True,True,8,True,1 형성중
20260928,TJGC,TJGC Group Ltd,NASDAQ,28.54,201100.0,8.8,5.52,4.89,1.46,30.69,1853.5,7.0,99.0,True,True,True,True,True,True,True,True,True,8,True,베이스 없음
20260928,ANL,Adlai Nortye Group Ltd ADR,NASDAQ,15.4,63500.0,14.01,11.91,10.0,0.88,17.25,1652.0,10.7,98.0,True,True,True,True,True,True,True,True,True,8,True,2 형성중
20260928,BUUU,BUUU Group Ltd,NASDAQ,43.48,67500.0,31.64,21.85,18.68,5.7,52.91,662.8,17.8,98.0,True,True,True,True,True,True,True,True,True,8,True,베이스 없음
20260928,CDNA,CareDx  Inc.,NASDAQ,64.6,1081400.0,47.85,30.35,27.69,13.95,65.5,363.1,1.4,98.0,True,True,True,True,True,True,True,True,True,8,True,1a차
20260928,CYPH,Cypherpunk Technologies Inc,NASDAQ,3.31,26325000.0,1.65,1.1,1.06,0.33,4.19,903.0,21.0,98.0,True,True,True,True,True,True,True,True,True,8,True,1 형성중
20260928,HLP,Hongli Group Inc,NASDAQ,2.39,176300.0,1.42,1.03,1.03,0.34,2.48,598.8,3.6,98.0,True,True,True,True,True,True,True,True,True,8,True,베이스 없음
20260928,INCR,InterCure Ltd,NASDAQ,5.09,2100.0,2.98,1.58,1.44,0.68,6.1,648.5,16.6,98.0,True,True,True,True,True,True,True,True,True,8,True,2 형성중
20260928,IOVA,Iovance Biotherapeutics Inc,NASDAQ,10.99,12216900.0,7.53,5.13,4.49,1.76,11.17,524.4,1.6,98.0,True,True,True,True,True,True,True,True,True,8,True,1a차
20260928,KOD,Kodiak Sciences Inc.,NASDAQ,89.92,38463100.0,39.5,36.99,34.15,10.94,95.77,721.9,6.1,98.0,True,True,True,True,True,True,True,True,True,8,True,베이스 없음
20260928,LFT,Lument Finance Trust Inc,NYSE,5.61,67800.0,2.1,1.48,1.46,0.58,6.94,867.2,19.1,98.0,True,True,True,True,True,True,True,True,True,8,True,1 형성중
20260928,MRNA,Moderna  Inc.,NASDAQ,197.28,13312200.0,112.82,73.85,65.1,22.28,202.67,785.5,2.7,98.0,True,True,True,True,True,True,True,True,True,8,True,3a차
20260928,QMCO,Quantum Corp,NASDAQ,31.4,1604000.0,19.85,12.27,10.96,4.19,33.0,649.4,4.8,98.0,True,True,True,True,True,True,True,True,True,8,True,1a차
20260928,SAIH,SAIHEAT Ltd,NASDAQ,31.7,13700.0,22.11,14.2,12.74,5.9,33.0,437.3,3.9,98.0,True,True,True,True,True,True,True,True,True,8,True,1a차
20260928,TWST,Twist Bioscience Corporation,NASDAQ,179.6,2196800.0,127.04,84.47,73.36,23.3,187.87,670.8,4.4,98.0,True,True,True,True,True,True,True,True,True,8,True,4a차
20260928,TXG,10x Genomics  Inc.,NASDAQ,88.5,3368900.0,60.91,37.8,33.04,11.16,89.95,693.0,1.6,98.0,True,True,True,True,True,True,True,True,True,8,True,2c차
20260928,ABCL,AbCellera Biologics Inc.,NASDAQ,13.92,7794200.0,9.85,6.48,5.77,2.74,14.23,407.1,2.2,97.0,True,True,True,True,True,True,True,True,True,8,True,2a차
20260928,ABSI,Absci Corp,NASDAQ,9.49,3251500.0,8.79,6.53,5.7,2.24,12.06,323.7,21.3,97.0,False,True,True,True,True,True,True,True,True,8,True,2 형성중
20260928,AGEN,Agenus Inc,NASDAQ,9.43,2764000.0,7.38,4.84,4.48,2.71,9.71,248.0,2.9,97.0,True,True,True,True,True,True,True,True,True,8,True,1a차
20260928,AMD,Advanced Micro Devices  Inc.,NASDAQ,607.87,21995500.0,506.96,415.81,366.68,157.05,638.95,287.1,4.9,97.0,True,True,True,True,True,True,True,True,True,8,True,3b차
20260928,BAND,Bandwidth Inc.,NASDAQ,61.01,715900.0,52.04,43.84,36.44,12.5,79.08,388.1,22.9,97.0,True,True,True,True,True,True,True,True,True,8,True,1a차
20260928,BDSX,Biodesix Inc,NASDAQ,30.42,204700.0,25.12,18.92,16.42,5.26,31.97,478.3,4.8,97.0,True,True,True,True,True,True,True,True,True,8,True,4a차
20260901,CRNX,Crinetics Pharmaceuticals  Inc.,NASDAQ,84.95,8182078.0,74.84,51.12,50.44,30.25,85.01,180.8,0.1,97.0,False,True,True,True,True,True,True,True,True,8,True,베이스 없음
20260424,DAWN,Day One Biopharmaceuticals Inc,NASDAQ,21.53,0.0,18.42,12.09,10.8,5.64,21.53,282.1,0.0,97.0,False,True,True,True,True,True,True,True,True,8,True,2a차
20260928,DELL,Dell Technologies Inc,NYSE,543.43,6845700.0,478.66,339.21,284.94,110.22,595.51,393.0,8.7,97.0,True,True,True,True,True,True,True,True,True,8,True,1a차
20260928,DRTS,Alpha Tau Medical Ltd,NASDAQ,15.04,397400.0,13.97,10.63,9.56,3.43,15.79,338.5,4.7,97.0,True,True,True,True,True,True,True,True,True,8,True,4a차
20260928,ETON,Eton Pharmaceuticals Inc,NASDAQ,59.18,390300.0,53.34,36.17,31.13,14.27,66.37,314.7,10.8,97.0,True,True,True,True,True,True,True,True,True,8,True,3 형성중
20260928,IGR,CBRE Global Real Estate Income Fund,NYSE,11.73,406297.0,7.15,5.48,5.26,4.15,13.66,182.7,14.2,97.0,True,True,True,True,True,True,True,True,True,8,True,1 형성중
20260928,IMMX,Immix Biopharma  Inc.,NASDAQ,11.47,995600.0,11.44,10.08,9.04,1.98,15.1,479.3,24.0,97.0,True,True,True,True,True,True,True,True,True,8,True,4 형성중
20260928,INTC,Intel Corp,NASDAQ,116.03,111220000.0,99.47,91.56,79.58,32.89,142.35,252.8,18.5,97.0,False,True,True,True,True,True,True,True,True,8,True,4 형성중
20260928,LITE,Lumentum Holdings Inc.,NASDAQ,921.32,4432800.0,859.59,834.32,729.36,144.52,1085.68,537.5,15.1,97.0,True,True,True,True,True,True,True,True,True,8,True,4a차
20260928,MU,Micron Technology  Inc.,NASDAQ,1053.98,22137600.0,945.72,770.81,665.11,155.18,1255.0,579.2,16.0,97.0,False,True,True,True,True,True,True,True,True,8,True,5 형성중
20260928,OABI,OmniAb Inc,NASDAQ,4.74,674900.0,3.6,2.5,2.35,1.3,5.43,264.6,12.7,97.0,True,True,True,True,True,True,True,True,True,8,True,2 형성중
20260928,OMER,Omeros Corporation,NASDAQ,19.43,991700.0,16.04,13.01,12.79,4.06,21.24,378.6,8.5,97.0,True,True,True,True,True,True,True,True,True,8,True,베이스 없음
20260928,PLSE,Pulse Biosciences Inc,NASDAQ,52.32,374400.0,45.0,30.41,26.85,12.56,58.9,316.6,11.2,97.0,True,True,True,True,True,True,True,True,True,8,True,3a차
20260928,RCEL,AVITA Medical Inc,NASDAQ,11.67,208100.0,8.45,5.75,5.26,3.22,12.23,262.4,4.6,97.0,True,True,True,True,True,True,True,True,True,8,True,2 형성중
20260928,RNG,RingCentral Inc,NYSE,76.13,1378900.0,64.39,47.91,43.07,24.14,81.9,215.4,7.0,97.0,True,True,True,True,True,True,True,True,True,8,True,1b차
20260928,RVMD,Revolution Medicines  Inc.,NASDAQ,201.74,1814500.0,200.22,158.56,142.74,42.18,224.31,378.3,10.1,97.0,True,True,True,True,True,True,True,True,True,8,True,3 형성중
20260928,SILC,Silicom Ltd,NASDAQ,51.09,131300.0,43.8,36.98,31.84,13.34,53.21,283.0,4.0,97.0,True,True,True,True,True,True,True,True,True,8,True,3 형성중
20260928,STX,Seagate Technology Holdings PLC,NASDAQ,921.51,3402300.0,851.58,732.55,635.72,209.0,1145.0,340.9,19.5,97.0,False,True,True,True,True,True,True,True,True,8,True,3 형성중
20260928,TOP,TOP Financial Group Ltd,NASDAQ,15.13,77700.0,13.26,8.02,7.33,3.06,17.4,394.4,13.0,97.0,True,True,True,True,True,True,True,True,True,8,True,베이스 없음
20260928,VNCE,Vince Holding Corp,NASDAQ,10.82,335400.0,7.09,5.19,4.7,1.95,12.99,454.9,16.7,97.0,True,True,True,True,True,True,True,True,True,8,True,2b차
20260928,AMWL,American Well Corporation,NYSE,13.44,92100.0,12.44,8.95,7.9,3.71,14.19,262.3,5.3,96.0,True,True,True,True,True,True,True,True,True,8,True,1 형성중
20260903,APGE,Apogee Therapeutics  Inc.,NASDAQ,135.07,0.0,134.13,97.77,91.97,35.39,135.09,281.7,0.0,96.0,False,True,True,True,True,True,True,True,True,8,True,1a차
20260928,ASX,ASE Technology Holding Co.  Ltd. ADR,NYSE,43.79,6657700.0,38.49,33.75,29.97,10.93,45.52,300.6,3.8,96.0,True,True,True,True,True,True,True,True,True,8,True,4 형성중
20260928,BFLY,Butterfly Network  Inc.,NYSE,9.15,3870900.0,8.16,6.12,5.53,1.86,10.05,390.6,9.0,96.0,True,True,True,True,True,True,True,True,True,8,True,3a차
20260928,CLMT,Calumet  Inc.,NASDAQ,52.61,951300.0,48.99,38.38,34.28,17.42,59.87,202.0,12.1,96.0,True,True,True,True,True,True,True,True,True,8,True,3 형성중
20260928,COHU,Cohu  Inc.,NASDAQ,66.07,641400.0,53.44,47.93,42.8,18.67,74.6,253.9,11.4,96.0,False,True,True,True,True,True,True,True,True,8,True,3 형성중
20260928,CRWD,CrowdStrike Holdings  Inc.,NASDAQ,259.25,8944100.0,213.75,163.37,150.76,85.68,263.86,202.6,1.7,96.0,True,True,True,True,True,True,True,True,True,8,True,1b차
20260928,ECO,Okeanis Eco Tankers Corp.,NYSE,79.17,561100.0,67.01,56.74,52.08,27.74,87.31,185.4,9.3,96.0,True,True,True,True,True,True,True,True,True,8,True,3 형성중
20260928,FET,Forum Energy Technologies Inc,NYSE,82.99,105400.0,75.39,62.27,57.29,25.07,87.42,231.0,5.1,96.0,False,True,True,True,True,True,True,True,True,8,True,4 형성중
20260928,HBB,Hamilton Beach Brands Holding Company,NYSE,37.6,99700.0,29.82,22.96,21.72,13.64,38.35,175.6,2.0,96.0,True,True,True,True,True,True,True,True,True,8,True,2 형성중
20260928,HELP,Cybin Inc.,NASDAQ,12.59,985900.0,11.21,7.3,7.26,3.76,15.15,234.8,16.9,96.0,True,True,True,True,True,True,True,True,True,8,True,베이스 없음
20260928,HPE,Hewlett Packard Enterprise Company,NYSE,62.63,15021800.0,54.28,40.51,36.1,19.84,65.65,215.7,4.6,96.0,True,True,True,True,True,True,True,True,True,8,True,1a차
20260928,ILMN,Illumina Inc,NASDAQ,271.9,2979300.0,211.92,167.42,159.57,88.0,277.95,209.0,2.2,96.0,True,True,True,True,True,True,True,True,True,8,True,2b차
20260928,IMOS,ChipMOS Technologies Inc ADR,NASDAQ,71.58,94900.0,57.17,52.99,48.31,18.69,78.35,283.0,8.6,96.0,True,True,True,True,True,True,True,True,True,8,True,4 형성중
20260928,MRVI,Maravai LifeSciences Holdings Inc,NASDAQ,7.63,1410800.0,7.02,5.17,4.75,2.54,9.42,199.8,19.0,96.0,True,True,True,True,True,True,True,True,True,8,True,3 형성중
20260928,MRVL,Marvell Technology  Inc.,NASDAQ,251.9,16869500.0,221.83,190.24,163.33,70.69,329.88,256.3,23.6,96.0,False,True,True,True,True,True,True,True,True,8,True,2 형성중
20260928,NCEW,New Century Logistics (BVI) Ltd,NASDAQ,17.63,0.0,17.18,15.37,13.16,2.8,20.83,529.6,15.4,96.0,False,True,True,True,True,True,True,True,True,8,True,1 형성중
20260928,NNBR,NN Inc,NASDAQ,3.72,1616900.0,3.56,2.74,2.41,1.1,4.48,238.2,17.0,96.0,True,True,True,True,True,True,True,True,True,8,True,2 형성중
20260928,OKTA,Okta  Inc.,NASDAQ,202.18,3625000.0,158.91,116.38,109.35,62.66,212.5,222.7,4.9,96.0,True,True,True,True,True,True,True,True,True,8,True,1a차
20260928,PAYS,Paysign Inc,NASDAQ,12.72,549900.0,11.83,8.02,7.15,3.08,14.43,313.0,11.9,96.0,False,True,True,True,True,True,True,True,True,8,True,2 형성중
20260928,PBF,PBF Energy Inc.,NYSE,74.39,2464400.0,70.33,52.4,47.09,25.62,82.61,190.4,10.0,96.0,True,True,True,True,True,True,True,True,True,8,True,3a차
20260928,RLYB,Rallybio Corp,NASDAQ,17.05,16100.0,16.66,13.64,11.58,3.67,17.57,364.6,3.0,96.0,True,True,True,True,True,True,True,True,True,8,True,2a차
20260928,SIMO,Silicon Motion Technology Corporation ADR,NASDAQ,278.07,413400.0,256.45,225.84,196.97,79.76,355.0,248.6,21.7,96.0,False,True,True,True,True,True,True,True,True,8,True,3 형성중
20260928,SMTC,Semtech Corporation,NASDAQ,174.78,2741500.0,141.82,126.17,114.46,57.5,190.64,204.0,8.3,96.0,True,True,True,True,True,True,True,True,True,8,True,2a차
20260928,TKNO,Alpha Teknova  Inc.,NASDAQ,9.2,222500.0,6.8,4.77,4.44,1.91,9.47,381.7,2.9,96.0,True,True,True,True,True,True,True,True,True,8,True,2a차
20260928,TWLO,Twilio Inc.,NYSE,286.98,2730400.0,228.38,187.24,172.35,98.44,304.75,191.5,5.8,96.0,True,True,True,True,True,True,True,True,True,8,True,2a차
20260928,UMC,United Microelectronics Corp ADR,NYSE,23.85,7090800.0,20.61,17.45,15.41,6.97,28.96,242.2,17.6,96.0,False,True,True,True,True,True,True,True,True,8,True,3 형성중
20260928,ABLV,Able View Global Inc,NASDAQ,1.665,417200.0,0.93,0.88,0.85,0.54,1.7,208.3,2.1,95.0,True,True,True,True,True,True,True,True,True,8,True,베이스 없음
20260928,ACHV,Achieve Life Sciences  Inc.,NASDAQ,7.75,1301100.0,7.3,5.58,5.36,2.62,8.61,195.8,10.0,95.0,True,True,True,True,True,True,True,True,True,8,True,2 형성중
20260928,AMC,AMC Entertainment Holdings Inc,NYSE,3.29,72557900.0,2.61,1.92,1.83,0.93,3.4,253.8,3.2,95.0,True,True,True,True,True,True,True,True,True,8,True,베이스 없음
20260928,AYA,Aya Gold & Silver Inc (Quebec),NASDAQ,26.53,1457800.0,25.64,20.52,19.45,8.59,30.67,208.8,13.5,95.0,False,True,True,True,True,True,True,True,True,8,True,3 형성중
20260928,CPIX,Cumberland Pharmaceuticals Inc,NASDAQ,7.72,30300.0,7.34,5.54,5.15,1.85,9.28,317.3,16.8,95.0,False,True,True,True,True,True,True,True,True,8,True,2 형성중
20260928,CRSR,Corsair Gaming Inc,NASDAQ,13.5,736400.0,12.01,8.89,8.09,4.48,14.98,201.3,9.9,95.0,True,True,True,True,True,True,True,True,True,8,True,3 형성중
20260928,DINO,HF Sinclair Corporation,NYSE,106.19,2519600.0,97.61,76.0,69.67,45.71,118.39,132.3,10.3,95.0,True,True,True,True,True,True,True,True,True,8,True,3 형성중
20260928,ECOR,electroCore  Inc.,NASDAQ,11.03,114300.0,8.92,7.79,7.27,4.41,12.7,150.1,13.1,95.0,True,True,True,True,True,True,True,True,True,8,True,1a차
20260928,GH,Guardant Health  Inc.,NASDAQ,177.33,1318500.0,163.07,127.38,122.14,58.74,183.51,201.9,3.4,95.0,True,True,True,True,True,True,True,True,True,8,True,1a차
20260928,GLBS,Globus Maritime Limited,NASDAQ,3.5,267700.0,3.45,2.63,2.39,1.01,4.06,246.5,13.8,95.0,False,True,True,True,True,True,True,True,True,8,True,3 형성중
20260928,HQI,Hirequest Inc,NASDAQ,19.73,29700.0,15.67,13.02,12.35,7.38,20.84,167.3,5.3,95.0,True,True,True,True,True,True,True,True,True,8,True,1b차
20260928,HZO,MarineMax Inc,NYSE,52.37,703000.0,46.68,36.31,33.99,21.42,52.56,144.5,0.4,95.0,True,True,True,True,True,True,True,True,True,8,True,1a차
20260928,IRDM,Iridium Communications Inc.,NASDAQ,48.33,1454800.0,47.77,41.87,36.25,15.65,57.18,208.8,15.5,95.0,False,True,True,True,True,True,True,True,True,8,True,2 형성중
20260928,KRT,Karat Packaging Inc,NASDAQ,53.24,134500.0,46.39,34.53,31.95,20.61,54.66,158.3,2.6,95.0,True,True,True,True,True,True,True,True,True,8,True,1b차
20260928,LCUT,Lifetime Brands Inc,NASDAQ,9.22,170900.0,8.9,7.49,6.56,2.9,10.17,217.9,9.3,95.0,False,True,True,True,True,True,True,True,True,8,True,2 형성중
20260928,MPC,Marathon Petroleum Corporation,NYSE,389.44,2656000.0,356.99,281.62,256.43,161.93,431.08,140.5,9.7,95.0,True,True,True,True,True,True,True,True,True,8,True,2 형성중
20260928,NEO,NeoGenomics  Inc.,NASDAQ,19.29,1299100.0,16.81,12.2,12.16,7.07,20.05,172.8,3.8,95.0,True,True,True,True,True,True,True,True,True,8,True,1a차
20260928,NTRA,Natera  Inc.,NASDAQ,411.77,1644300.0,318.21,250.39,244.99,157.43,417.38,161.6,1.3,95.0,True,True,True,True,True,True,True,True,True,8,True,1a차
20260928,P,Everpure Inc,NYSE,129.4,4596100.0,96.75,79.51,77.27,56.78,131.41,127.9,1.5,95.0,True,True,True,True,True,True,True,True,True,8,True,1a차
20260928,PANW,Palo Alto Networks  Inc.,NASDAQ,392.09,6008900.0,356.93,267.28,245.34,139.57,398.88,180.9,1.7,95.0,False,True,True,True,True,True,True,True,True,8,True,1a차
20260928,PSNL,Personalis  Inc.,NASDAQ,16.32,1669500.0,15.09,10.85,10.34,4.96,18.89,229.4,13.6,95.0,True,True,True,True,True,True,True,True,True,8,True,3 형성중
20260928,PUBM,PubMatic  Inc.,NASDAQ,18.41,839500.0,15.83,12.01,10.99,6.15,19.11,199.3,3.7,95.0,True,True,True,True,True,True,True,True,True,8,True,2a차
20260928,TBI,TrueBlue Inc,NYSE,9.63,160500.0,9.36,6.69,6.24,3.18,11.03,202.8,12.7,95.0,False,True,True,True,True,True,True,True,True,8,True,2 형성중
20260928,TISI,Team Inc,NYSE,28.47,29900.0,22.58,18.29,17.3,12.34,29.57,130.7,3.7,95.0,True,True,True,True,True,True,True,True,True,8,True,베이스 없음
20260928,VLO,Valero Energy Corp,NYSE,389.57,3560400.0,347.31,279.26,254.88,155.29,419.04,150.9,7.0,95.0,True,True,True,True,True,True,True,True,True,8,True,2a차
20260928,VSXY,Victoria's Secret & Co.,NYSE,88.29,2231700.0,84.97,68.03,65.54,25.09,102.46,251.9,13.8,95.0,False,True,True,True,True,True,True,True,True,8,True,2 형성중
20260928,XNCR,Xencor  Inc.,NASDAQ,25.6,1532300.0,23.58,16.31,15.68,10.24,30.61,150.0,16.4,95.0,True,True,True,True,True,True,True,True,True,8,True,1 형성중
20260928,ADPT,Adaptive Biotechnologies Corporation,NASDAQ,28.51,2639000.0,25.05,18.86,18.35,12.0,29.96,137.6,4.8,94.0,True,True,True,True,True,True,True,True,True,8,True,1a차
20260928,ALNT,Allient Inc,NASDAQ,114.41,156700.0,97.95,82.48,76.9,41.75,118.67,174.0,3.6,94.0,True,True,True,True,True,True,True,True,True,8,True,3 형성중
20260928,ANIK,Anika Therapeutics Inc,NASDAQ,20.68,143000.0,19.83,16.39,14.72,8.67,22.88,138.5,9.6,94.0,False,True,True,True,True,True,True,True,True,8,True,1a차
20260928,AOUT,American Outdoor Brands Inc,NASDAQ,17.08,103500.0,13.34,11.07,10.46,6.26,17.69,172.9,3.4,94.0,True,True,True,True,True,True,True,True,True,8,True,2a차
20260911,ATAI,AtaiBeckley Inc,NASDAQ,7.35,9546960.0,6.85,4.96,4.72,3.26,7.45,125.1,1.3,94.0,False,True,True,True,True,True,True,True,True,8,True,베이스 없음
20260928,CAKE,Cheesecake Factory Inc,NASDAQ,105.16,1413200.0,103.09,77.76,72.46,43.07,118.46,144.2,11.2,94.0,False,True,True,True,True,True,True,True,True,8,True,1 형성중
20260928,CORT,Corcept Therapeutics Incorporated,NASDAQ,115.63,1149000.0,110.82,74.89,69.21,28.66,126.38,303.5,8.5,94.0,True,True,True,True,True,True,True,True,True,8,True,1 형성중
20260928,CVI,CVR Energy Inc,NYSE,50.75,1203200.0,40.74,34.13,31.85,19.62,55.19,158.7,8.0,94.0,True,True,True,True,True,True,True,True,True,8,True,1a차
20260928,DHX,DHI Group Inc,NYSE,4.63,220600.0,4.3,3.54,3.12,1.44,5.19,221.5,10.8,94.0,True,True,True,True,True,True,True,True,True,8,True,2a차
20260928,FEIM,Frequency Electronics Inc,NASDAQ,82.49,345100.0,71.7,62.47,59.71,26.05,89.76,216.7,8.1,94.0,True,True,True,True,True,True,True,True,True,8,True,5b차
20260928,FIVN,Five9  Inc.,NASDAQ,34.66,1850100.0,31.34,23.4,22.27,13.29,40.0,160.8,13.4,94.0,True,True,True,True,True,True,True,True,True,8,True,2a차
20260928,FRO,Frontline PLC,NYSE,48.1,3353700.0,43.47,38.61,35.4,20.47,54.91,135.0,12.4,94.0,True,True,True,True,True,True,True,True,True,8,True,2b차
20260928,FTNT,Fortinet  Inc.,NASDAQ,176.33,2830800.0,161.77,128.09,116.23,73.55,181.36,139.7,2.8,94.0,True,True,True,True,True,True,True,True,True,8,True,1 형성중
20260928,INSW,International Seaways  Inc.,NYSE,108.31,678600.0,98.46,85.42,77.85,42.26,113.14,156.3,4.3,94.0,True,True,True,True,True,True,True,True,True,8,True,3a차
20260928,JRSH,Jerash Holdings (US) Inc,NASDAQ,5.9,139000.0,5.23,4.09,3.85,2.85,5.97,107.0,1.2,94.0,True,True,True,True,True,True,True,True,True,8,True,베이스 없음
20260928,LPG,Dorian LPG Ltd.,NYSE,54.36,696500.0,49.52,41.79,38.36,23.76,59.97,128.8,9.4,94.0,True,True,True,True,True,True,True,True,True,8,True,3 형성중
20260928,MTW,Manitowoc Company Inc,NYSE,22.17,441600.0,18.52,14.69,14.37,9.7,23.17,128.6,4.3,94.0,True,True,True,True,True,True,True,True,True,8,True,2a차
20260928,NAT,Nordic American Tankers Ltd,NYSE,7.79,4365500.0,6.93,6.07,5.54,3.06,8.33,154.6,6.5,94.0,True,True,True,True,True,True,True,True,True,8,True,2b차
20260928,NBIS,Nebius Group NV,NASDAQ,231.88,12710400.0,216.66,188.74,164.78,73.52,299.86,215.4,22.7,94.0,False,True,True,True,True,True,True,True,True,8,True,2 형성중
20260928,NEOG,Neogen Corporation,NASDAQ,13.72,7572600.0,11.66,10.15,9.85,5.1,14.18,169.0,3.2,94.0,True,True,True,True,True,True,True,True,True,8,True,1a차
20260928,PGEN,Precigen  Inc.,NASDAQ,7.81,3489000.0,6.75,5.06,4.89,2.99,8.26,161.2,5.5,94.0,True,True,True,True,True,True,True,True,True,8,True,3a차
20260928,PKOH,Park Ohio Holdings Corp,NASDAQ,47.44,110500.0,44.59,34.77,31.92,18.06,53.3,162.7,11.0,94.0,False,True,True,True,True,True,True,True,True,8,True,3 형성중
20260928,PXS,Pyxis Tankers Inc,NASDAQ,6.52,110400.0,5.59,4.76,4.36,2.56,8.3,154.7,21.4,94.0,True,True,True,True,True,True,True,True,True,8,True,2 형성중
20260928,RCMT,R C M Technologies Inc,NASDAQ,40.67,62000.0,35.57,28.43,26.31,17.26,43.09,135.6,5.6,94.0,True,True,True,True,True,True,True,True,True,8,True,베이스 없음
20260928,SOPH,SOPHiA GENETICS SA,NASDAQ,8.49,547700.0,7.49,5.84,5.61,3.37,8.98,152.0,5.5,94.0,True,True,True,True,True,True,True,True,True,8,True,2 형성중
20260928,STLN,Starling Oncology  Inc.,NASDAQ,6.64,919200.0,6.01,4.7,4.34,2.32,7.13,186.2,6.9,94.0,True,True,True,True,True,True,True,True,True,8,True,2b차
20260518,WLAC,Willow Lane Acquisition Corp,NASDAQ,18.83,0.0,13.88,12.61,12.2,10.11,21.0,86.3,10.3,94.0,True,True,True,True,True,True,True,True,True,8,True,베이스 없음
20260928,AAMI,Acadian Asset Management Inc.,NYSE,93.79,338600.0,89.88,74.02,68.29,41.47,98.3,126.2,4.6,93.0,True,True,True,True,True,True,True,True,True,8,True,3a차
20260429,ACLX,Arcellx Inc,NASDAQ,115.07,0.0,111.71,87.91,83.94,47.86,115.13,140.4,0.1,93.0,False,True,True,True,True,True,True,True,True,8,True,베이스 없음
20260928,BVS,Bioventus Inc.,NASDAQ,14.02,588700.0,13.47,10.88,10.12,6.26,15.89,124.1,11.8,93.0,True,True,True,True,True,True,True,True,True,8,True,2 형성중
20260928,CMBT,CMB.TECH NV,NYSE,19.05,705400.0,17.62,15.32,14.31,8.88,20.82,114.6,8.5,93.0,True,True,True,True,True,True,True,True,True,8,True,2b차
20260928,DDOG,Datadog Inc,NASDAQ,268.7,3464800.0,243.34,198.87,181.88,98.01,292.72,174.2,8.2,93.0,True,True,True,True,True,True,True,True,True,8,True,2 형성중
20260928,EHLD,Euroholdings Ltd,NASDAQ,12.115,4300.0,10.34,8.76,8.26,6.11,15.8,98.3,23.3,93.0,True,True,True,True,True,True,True,True,True,8,True,2 형성중
20260928,FLXS,Flexsteel Industries Inc,NASDAQ,87.53,90400.0,78.99,63.33,58.5,34.0,90.65,157.4,3.4,93.0,True,True,True,True,True,True,True,True,True,8,True,1a차
20260928,HAE,Haemonetics Corp,NYSE,105.79,472100.0,96.71,75.3,74.6,47.32,110.45,123.6,4.2,93.0,True,True,True,True,True,True,True,True,True,8,True,베이스 없음
20260928,HMR,Heidmar Maritime Holdings Corp,NASDAQ,1.72,116400.0,1.37,1.14,1.09,0.73,2.02,135.6,14.6,93.0,True,True,True,True,True,True,True,True,True,8,True,베이스 없음
20260928,HNGE,Hinge Health  Inc.,NYSE,92.45,1193200.0,87.3,65.66,60.02,30.08,96.66,207.3,4.4,93.0,True,True,True,True,True,True,True,True,True,8,True,1a차
20260928,HNST,The Honest Company  Inc.,NASDAQ,5.3,1643000.0,4.91,3.82,3.49,2.07,6.01,156.0,11.8,93.0,True,True,True,True,True,True,True,True,True,8,True,3 형성중
20260928,KNSA,Kiniksa Pharmaceuticals International  PLC,NASDAQ,76.1,562700.0,75.72,59.58,55.35,35.2,82.94,116.2,8.2,93.0,False,True,True,True,True,True,True,True,True,8,True,3a차
20260928,MASS,908 Devices Inc.,NASDAQ,11.66,287300.0,9.52,8.08,7.58,5.03,11.72,132.0,0.5,93.0,True,True,True,True,True,True,True,True,True,8,True,2 형성중
20260928,NET,Cloudflare  Inc.,NYSE,353.99,2821900.0,300.81,245.96,231.86,158.83,367.43,122.9,3.7,93.0,True,True,True,True,True,True,True,True,True,8,True,2 형성중
20260928,NSIT,Insight Enterprises Inc,NASDAQ,155.96,221400.0,146.24,109.03,102.72,63.62,168.5,145.1,7.4,93.0,True,True,True,True,True,True,True,True,True,8,True,베이스 없음
20260928,NTAP,NetApp Inc,NASDAQ,204.41,2947700.0,187.82,146.83,136.45,93.69,209.06,118.2,2.2,93.0,True,True,True,True,True,True,True,True,True,8,True,1a차
20260928,PSX,Phillips 66,NYSE,253.55,3596100.0,235.96,194.15,181.17,126.74,277.12,100.1,8.5,93.0,True,True,True,True,True,True,True,True,True,8,True,2a차
20260928,RBRK,Rubrik  Inc.,NYSE,113.09,2698300.0,92.92,72.72,71.23,42.25,116.1,167.7,2.6,93.0,True,True,True,True,True,True,True,True,True,8,True,2a차
20260928,RSKD,Riskified Ltd,NYSE,7.7,2526800.0,5.99,5.07,4.97,3.7,8.17,108.1,5.8,93.0,True,True,True,True,True,True,True,True,True,8,True,1a차
20260928,SSL,Sasol Limited ADR,NYSE,13.93,2336700.0,12.43,12.04,10.76,5.24,15.18,165.8,8.2,93.0,True,True,True,True,True,True,True,True,True,8,True,2a차
20260928,TER,Teradyne  Inc.,NASDAQ,401.3,2011900.0,370.58,360.7,330.7,131.4,487.91,205.4,17.8,93.0,False,True,True,True,True,True,True,True,True,8,True,5 형성중
20260928,TH,Target Hospitality Corp.,NASDAQ,19.3,1732200.0,17.78,15.69,13.7,5.97,21.73,223.3,11.2,93.0,False,True,True,True,True,True,True,True,True,8,True,3 형성중
20260928,TRLV,Trulieve Cannabis Corp.(Pre-Reincorporation),NYSE,12.34,1491300.0,10.33,8.76,8.53,4.62,13.28,167.3,7.1,93.0,True,True,True,True,True,True,True,True,True,8,True,1b차
20260928,WT,WisdomTree  Inc.,NYSE,24.06,2542400.0,22.47,19.0,17.83,10.69,25.53,125.1,5.8,93.0,True,True,True,True,True,True,True,True,True,8,True,1a차
20260928,XMTR,Xometry  Inc.,NASDAQ,103.14,806300.0,91.51,74.48,71.36,35.86,107.93,187.6,4.4,93.0,True,True,True,True,True,True,True,True,True,8,True,1b차
20260928,AMN,AMN Healthcare Services  Inc.,NYSE,34.26,341500.0,34.07,27.99,25.43,14.97,37.22,128.9,8.0,92.0,True,True,True,True,True,True,True,True,True,8,True,베이스 없음
20260928,AMRX,Amneal Pharmaceuticals  Inc.,NASDAQ,20.5,2775200.0,18.14,15.28,14.82,9.49,21.18,116.0,3.2,92.0,True,True,True,True,True,True,True,True,True,8,True,1a차
20260928,AVAH,Aveanna Healthcare Holdings Inc,NASDAQ,12.69,2034900.0,11.87,8.82,8.74,5.93,14.71,114.0,13.7,92.0,True,True,True,True,True,True,True,True,True,8,True,1 형성중
20260928,AVT,Avnet Inc,NASDAQ,101.45,1017500.0,92.51,82.01,75.22,44.25,104.58,129.3,3.0,92.0,True,True,True,True,True,True,True,True,True,8,True,2b차
20260928,BLFS,BioLife Solutions  Inc.,NASDAQ,39.15,1275700.0,34.74,26.94,26.23,17.86,39.76,119.2,1.5,92.0,True,True,True,True,True,True,True,True,True,8,True,베이스 없음
20260928,BWLP,BW LPG Ltd,NYSE,24.66,330500.0,23.32,20.28,18.79,11.72,26.47,110.4,6.8,92.0,True,True,True,True,True,True,True,True,True,8,True,2a차
20260928,CHEF,The Chefs' Warehouse  Inc.,NASDAQ,111.76,446200.0,108.25,86.68,80.97,53.2,117.62,110.1,5.0,92.0,True,True,True,True,True,True,True,True,True,8,True,베이스 없음
20260928,CODI,Compass Diversified Holdings,NYSE,11.2,467400.0,11.12,10.19,9.07,4.58,13.25,144.5,15.5,92.0,False,True,True,True,True,True,True,True,True,8,True,1 형성중
20260928,CRL,Charles River Laboratories International  Inc.,NYSE,294.59,900000.0,269.11,209.98,207.5,144.26,303.31,104.2,2.9,92.0,True,True,True,True,True,True,True,True,True,8,True,베이스 없음
20260928,CYRX,Cryoport  Inc.,NASDAQ,17.38,645800.0,15.95,13.25,12.35,7.61,17.98,128.4,3.3,92.0,True,True,True,True,True,True,True,True,True,8,True,2 형성중
20260928,FOSL,Fossil Group Inc,NASDAQ,6.02,426200.0,5.22,4.68,4.45,1.7,6.5,254.1,7.4,92.0,True,True,True,True,True,True,True,True,True,8,True,4 형성중
20260928,HALO,Halozyme Therapeutics  Inc.,NASDAQ,112.89,2236700.0,99.89,79.09,77.17,61.23,116.84,84.4,3.4,92.0,True,True,True,True,True,True,True,True,True,8,True,베이스 없음
20260928,HSHP,Himalaya Shipping Ltd,NYSE,17.33,411700.0,16.65,15.03,13.75,7.37,19.55,135.1,11.4,92.0,True,True,True,True,True,True,True,True,True,8,True,4 형성중
20260928,HTFL,Heartflow  Inc.,NASDAQ,49.92,821600.0,39.63,31.93,31.29,20.13,52.22,148.0,4.4,92.0,True,True,True,True,True,True,True,True,True,8,True,베이스 없음
20260928,LIND,Lindblad Expeditions Holdings  Inc.,NASDAQ,29.64,891600.0,29.39,23.73,21.89,11.37,35.0,160.7,15.3,92.0,False,True,True,True,True,True,True,True,True,8,True,4 형성중
20260928,MGNX,MacroGenics Inc,NASDAQ,4.06,1912800.0,4.06,3.71,3.21,1.29,5.08,214.7,20.1,92.0,False,True,True,True,True,True,True,True,True,8,True,3 형성중
20260928,MLAB,Mesa Laboratories  Inc.,NASDAQ,132.99,82200.0,115.89,102.82,98.19,63.48,138.6,109.5,4.0,92.0,True,True,True,True,True,True,True,True,True,8,True,1a차
20260928,MRX,Marex Group Ltd,NASDAQ,71.29,581100.0,69.24,57.65,53.15,27.91,79.11,155.4,9.9,92.0,False,True,True,True,True,True,True,True,True,8,True,2 형성중
20260928,MTRN,Materion Corporation,NYSE,261.99,206400.0,249.01,214.78,195.74,109.61,304.58,139.0,14.0,92.0,False,True,True,True,True,True,True,True,True,8,True,4 형성중
20260928,OBIO,Orchestra Biomed Holdings Inc,NASDAQ,5.89,177500.0,4.92,4.42,4.36,2.34,6.48,151.7,9.1,92.0,True,True,True,True,True,True,True,True,True,8,True,베이스 없음
20260928,PBT,Permian Basin Royalty Units,NYSE,32.77,68100.0,32.73,27.05,24.8,16.25,37.0,101.7,11.4,92.0,False,True,True,True,True,True,True,True,True,8,True,2a차
20260928,PBYI,Puma Biotechnology Inc,NASDAQ,9.82,245900.0,8.9,7.73,7.37,4.58,9.98,114.4,1.6,92.0,True,True,True,True,True,True,True,True,True,8,True,1c차
20260928,PRLB,Proto Labs  Inc.,NYSE,96.9,284700.0,83.11,72.93,68.65,45.1,97.8,114.9,0.9,92.0,True,True,True,True,True,True,True,True,True,8,True,4b차
20260928,RDI,Reading International Inc Class A,NASDAQ,1.97,60300.0,1.78,1.36,1.29,0.94,2.41,109.6,18.3,92.0,True,True,True,True,True,True,True,True,True,8,True,1 형성중
20260928,RVTY,Revvity  Inc.,NYSE,151.02,1478200.0,124.13,105.7,105.11,81.22,152.26,85.9,0.8,92.0,True,True,True,True,True,True,True,True,True,8,True,베이스 없음
20260928,SGMT,Sagimet Biosciences Inc.,NASDAQ,9.94,1345800.0,9.5,7.49,7.09,4.5,11.45,120.9,13.2,92.0,True,True,True,True,True,True,True,True,True,8,True,2 형성중
20260928,TBBB,BBB Foods Inc.,NYSE,53.54,697600.0,46.87,40.61,39.18,23.81,54.0,124.9,0.9,92.0,True,True,True,True,True,True,True,True,True,8,True,1a차
20260928,TEN,Tsakos Energy Navigation Ltd,NYSE,46.31,451000.0,42.88,40.05,36.34,20.5,53.84,125.9,14.0,92.0,True,True,True,True,True,True,True,True,True,8,True,4 형성중
20260928,TNK,Teekay Tankers Ltd,NYSE,95.71,312100.0,86.83,78.06,73.63,47.18,103.15,102.9,7.2,92.0,True,True,True,True,True,True,True,True,True,8,True,2a차
20260928,UGP,Ultrapar Participacoes SA ADR,NYSE,7.13,3120000.0,6.76,5.87,5.49,3.6,7.78,98.1,8.4,92.0,True,True,True,True,True,True,True,True,True,8,True,2b차
20260928,ZETA,Zeta Global Holdings Corp.,NYSE,28.99,5530600.0,27.39,21.5,20.96,14.36,32.81,101.8,11.6,92.0,False,True,True,True,True,True,True,True,True,8,True,1a차
20260928,AERT,Aeries Technology Inc,NASDAQ,7.225,25000.0,6.84,5.55,5.21,2.08,7.66,247.4,5.7,91.0,False,True,True,True,True,True,True,True,True,8,True,베이스 없음
20260928,ARW,Arrow Electronics  Inc.,NYSE,230.46,346900.0,214.02,194.64,177.38,101.79,237.33,126.4,2.9,91.0,False,True,True,True,True,True,True,True,True,8,True,2 형성중
20260928,BYFC,Broadway Financial Corp,NASDAQ,11.84,1500.0,11.37,9.64,9.12,5.51,12.35,114.9,4.1,91.0,False,True,True,True,True,True,True,True,True,8,True,1a차
20260928,CGAU,Centerra Gold Inc.,NYSE,21.76,1155300.0,20.9,18.66,18.11,9.78,24.32,122.5,10.5,91.0,True,True,True,True,True,True,True,True,True,8,True,1 형성중
20260928,CLDT,Chatham Lodging Trust,NYSE,13.33,369700.0,13.18,11.01,10.03,6.08,13.89,119.2,4.0,91.0,False,True,True,True,True,True,True,True,True,8,True,베이스 없음
20260928,CON,Concentra Group Holdings Parent Inc,NYSE,35.36,587800.0,33.79,27.91,26.25,18.55,36.71,90.7,3.7,91.0,True,True,True,True,True,True,True,True,True,8,True,베이스 없음
20260928,CURV,Torrid Holdings Inc,NYSE,2.4,147500.0,2.35,1.89,1.7,0.94,2.86,155.6,15.9,91.0,True,True,True,True,True,True,True,True,True,8,True,1a차
20260928,DGII,Digi International Inc.,NASDAQ,78.22,364300.0,73.29,64.03,59.2,34.41,86.84,127.3,9.9,91.0,False,True,True,True,True,True,True,True,True,8,True,3 형성중
20260928,FDMT,4D Molecular Therapeutics Inc,NASDAQ,14.56,1557400.0,13.08,10.92,10.36,6.96,16.93,109.2,14.0,91.0,True,True,True,True,True,True,True,True,True,8,True,2 형성중
20260928,FORR,Forrester Research Inc,NASDAQ,11.33,99000.0,11.32,8.28,8.07,4.88,12.75,132.2,11.1,91.0,False,True,True,True,True,True,True,True,True,8,True,1 형성중
20260928,GCT,Gigacloud Technology Inc,NASDAQ,52.62,459200.0,48.61,42.64,41.87,25.39,56.27,107.2,6.5,91.0,False,True,True,True,True,True,True,True,True,8,True,베이스 없음
20260928,GREEL,Vulcan Infrastructure and Power 8 50 Senior Notes due 2026,NASDAQ,25.3499,4715.0,24.81,22.3,21.56,9.18,25.35,176.0,0.0,91.0,True,True,True,True,True,True,True,True,True,8,True,2b차
20260928,IMAX,Imax Corp,NYSE,56.13,1394700.0,50.42,42.48,40.96,30.74,57.73,82.6,2.8,91.0,True,True,True,True,True,True,True,True,True,8,True,1a차
20260928,JILL,JJill Inc,NYSE,24.22,125500.0,20.16,16.15,15.99,10.4,25.0,132.8,3.1,91.0,True,True,True,True,True,True,True,True,True,8,True,베이스 없음
20260928,KELYA,Kelly Services Inc Class A,NASDAQ,16.54,230500.0,16.06,12.28,11.61,7.98,17.75,107.3,6.8,91.0,True,True,True,True,True,True,True,True,True,8,True,베이스 없음
20260928,MAKO,Mako Mining Corp,NASDAQ,9.43,235800.0,9.31,8.12,7.74,4.96,11.1,90.1,15.0,91.0,False,True,True,True,True,True,True,True,True,8,True,4 형성중
20260928,MATX,Matson Inc,NYSE,223.45,230200.0,219.06,192.33,179.92,86.97,240.87,156.9,7.2,91.0,True,True,True,True,True,True,True,True,True,8,True,2a차
20260928,MCS,Marcus Corp,NYSE,28.7,286600.0,28.01,22.07,20.45,12.85,32.42,123.3,11.5,91.0,False,True,True,True,True,True,True,True,True,8,True,3 형성중
20260928,MG,Mistras Group Inc,NYSE,21.59,294000.0,18.15,17.27,16.38,9.37,21.77,130.4,0.8,91.0,True,True,True,True,True,True,True,True,True,8,True,2a차
20260928,NMM,Navios Maritime Partners Units,NYSE,90.33,141700.0,84.74,75.27,70.55,43.02,95.0,110.0,4.9,91.0,True,True,True,True,True,True,True,True,True,8,True,2b차
20260928,OGN,Organon & Co.,NYSE,13.73,1989700.0,13.66,11.67,10.72,5.69,13.78,141.3,0.4,91.0,False,True,True,True,True,True,True,True,True,8,True,베이스 없음
20260928,PAYC,Paycom Software  Inc.,NYSE,220.58,483300.0,205.17,155.39,153.35,104.9,244.98,110.3,10.0,91.0,False,True,True,True,True,True,True,True,True,8,True,베이스 없음
20260928,PDEX,Pro-Dex Inc,NASDAQ,71.62,92300.0,64.5,58.38,53.9,23.47,77.0,205.2,7.0,91.0,True,True,True,True,True,True,True,True,True,8,True,3 형성중
20260928,PLPC,Preformed Line Products Co,NASDAQ,416.37,68200.0,402.24,351.42,323.85,184.02,504.69,126.3,17.5,91.0,False,True,True,True,True,True,True,True,True,8,True,4 형성중
20260928,PRCH,Porch Group  Inc.,NASDAQ,16.83,1492500.0,15.9,11.85,11.03,6.36,18.37,164.6,8.4,91.0,False,True,True,True,True,True,True,True,True,8,True,2 형성중
20260928,RDVT,Red Violet Inc,NASDAQ,78.61,151100.0,70.97,55.42,53.95,33.4,80.39,135.4,2.2,91.0,True,True,True,True,True,True,True,True,True,8,True,1a차
20260928,ROIV,Roivant Sciences Ltd,NASDAQ,36.98,6970800.0,36.48,32.04,29.81,14.59,42.5,153.5,13.0,91.0,True,True,True,True,True,True,True,True,True,8,True,2 형성중
20260928,SEPN,Septerna  Inc.,NASDAQ,39.74,338300.0,38.56,31.9,30.56,16.22,51.1,145.1,22.2,91.0,False,True,True,True,True,True,True,True,True,8,True,3 형성중
20260928,SN,SharkNinja  Inc.,NYSE,181.99,1576700.0,172.01,137.77,133.17,83.12,194.07,118.9,6.2,91.0,False,True,True,True,True,True,True,True,True,8,True,2 형성중
20260928,SNOW,Snowflake Inc.,NYSE,328.12,4523500.0,317.04,231.67,225.05,118.3,384.55,177.4,14.7,91.0,False,True,True,True,True,True,True,True,True,8,True,1a차
20260928,TRVG,Trivago NV ADR,NASDAQ,5.57,71000.0,5.55,4.22,3.88,2.59,6.8,115.1,18.1,91.0,True,True,True,True,True,True,True,True,True,8,True,4 형성중
20260610,VACH,Voyager Acquisition Corp,NASDAQ,17.1147,11505.0,11.89,11.12,10.95,8.4,18.16,103.7,5.8,91.0,True,True,True,True,True,True,True,True,True,8,True,베이스 없음
20260928,VCTR,Victory Capital Holdings  Inc.,NASDAQ,109.6,326600.0,108.43,88.58,83.48,57.03,123.24,92.2,11.1,91.0,False,True,True,True,True,True,True,True,True,8,True,1 형성중
20260928,WEST,Westrock Coffee Co,NASDAQ,8.25,263500.0,8.0,6.93,6.32,3.59,10.19,129.8,19.0,91.0,False,True,True,True,True,True,True,True,True,8,True,2 형성중
20260928,ZBRA,Zebra Technologies Corp,NASDAQ,371.87,638500.0,340.02,268.79,264.61,199.05,386.23,86.8,3.7,91.0,False,True,True,True,True,True,True,True,True,8,True,베이스 없음
20260928,ANET,Arista Networks  Inc.,NYSE,204.92,3467600.0,190.42,164.9,157.09,114.52,214.89,78.9,4.6,90.0,True,True,True,True,True,True,True,True,True,8,True,1a차
20260928,BHE,Benchmark Electronics Inc,NYSE,82.79,442200.0,77.76,75.15,68.83,35.91,100.41,130.5,17.5,90.0,False,True,True,True,True,True,True,True,True,8,True,3 형성중
20260928,CRT,Cross Timbers Royalty Units,NYSE,12.32,12300.0,10.83,10.32,9.81,7.07,13.15,74.3,6.3,90.0,True,True,True,True,True,True,True,True,True,8,True,베이스 없음
20260928,CVE,Cenovus Energy Incorporation,NYSE,31.1,7161300.0,30.99,27.95,25.62,15.63,34.16,99.0,9.0,90.0,True,True,True,True,True,True,True,True,True,8,True,2b차
20260928,DHT,DHT Holdings  Inc.,NYSE,21.9,3707900.0,19.82,18.54,17.3,10.83,23.56,102.2,7.0,90.0,True,True,True,True,True,True,True,True,True,8,True,2a차
20260928,EQNR,Equinor ASA ADR,NYSE,42.27,4813300.0,41.65,38.19,34.9,22.26,45.84,89.9,7.8,90.0,True,True,True,True,True,True,True,True,True,8,True,1a차
20260928,HUM,Humana Inc.,NYSE,389.63,1487500.0,386.82,307.34,290.22,163.11,428.88,138.9,9.2,90.0,True,True,True,True,True,True,True,True,True,8,True,1 형성중
20260928,KEYS,Keysight Technologies  Inc.,NYSE,359.74,862600.0,330.34,326.82,299.33,158.79,374.96,126.6,4.1,90.0,False,True,True,True,True,True,True,True,True,8,True,3 형성중
20260928,KF,Korea Closed Fund,NYSE,65.82,28733.0,62.76,61.33,56.43,29.61,81.94,122.3,19.7,90.0,False,True,True,True,True,True,True,True,True,8,True,3 형성중
20260928,NVEC,NVE Corp,NASDAQ,109.81,85500.0,108.64,92.86,86.37,57.21,135.0,91.9,18.7,90.0,False,True,True,True,True,True,True,True,True,8,True,2 형성중
20260928,NXPL,NextPlat Corp,NASDAQ,9.2,1700.0,7.91,6.57,6.48,3.4,11.1,170.6,17.1,90.0,True,True,True,True,True,True,True,True,True,8,True,베이스 없음
20260928,OPRT,Oportun Financial Corp,NASDAQ,8.28,642100.0,7.22,5.91,5.77,4.03,8.66,105.5,4.4,90.0,True,True,True,True,True,True,True,True,True,8,True,베이스 없음
20260928,S,SentinelOne Inc,NYSE,22.74,6400100.0,21.05,17.23,16.5,11.81,24.4,92.5,6.8,90.0,False,True,True,True,True,True,True,True,True,8,True,1a차
20260928,SB,Safe Bulkers Inc,NYSE,8.25,1485900.0,8.14,7.1,6.65,4.14,9.31,99.3,11.4,90.0,True,True,True,True,True,True,True,True,True,8,True,3 형성중
20260928,SHG,Shinhan Financial Group Co.  Ltd. ADR,NYSE,81.12,110800.0,76.55,69.11,66.32,47.05,85.57,72.4,5.2,90.0,True,True,True,True,True,True,True,True,True,8,True,베이스 없음
20260928,SMTI,Sanara Medtech Inc,NASDAQ,35.1,95100.0,33.08,24.82,24.25,16.05,35.34,118.7,0.7,90.0,True,True,True,True,True,True,True,True,True,8,True,베이스 없음
20260928,TGTX,TG Therapeutics  Inc.,NASDAQ,56.19,1442300.0,53.65,44.3,40.73,26.76,59.3,110.0,5.2,90.0,False,True,True,True,True,True,True,True,True,8,True,2 형성중
20260928,TRMD,Torm PLC,NASDAQ,35.42,1788700.0,32.03,30.26,28.33,19.3,38.73,83.5,8.5,90.0,True,True,True,True,True,True,True,True,True,8,True,3 형성중
20260928,TWIN,Twin Disc Inc,NASDAQ,26.46,84600.0,23.94,20.11,19.35,13.06,26.67,102.6,0.8,90.0,True,True,True,True,True,True,True,True,True,8,True,1c차
20260928,TWN,Taiwan Fund Inc.,NYSE,102.1,38402.0,95.51,87.47,79.99,51.37,108.83,98.8,6.2,90.0,True,True,True,True,True,True,True,True,True,8,True,2 형성중
20260928,VBNK,Versabank,NASDAQ,22.55,172400.0,20.69,18.62,17.82,11.25,25.05,100.4,10.0,90.0,True,True,True,True,True,True,True,True,True,8,True,2c차
20260928,APA,APA Corporation,NASDAQ,42.33,8029300.0,40.88,37.94,34.92,21.63,47.44,95.7,10.8,89.0,True,True,True,True,True,True,True,True,True,8,True,2a차
20260928,BRKR,Bruker Corporation,NASDAQ,63.28,2593900.0,58.6,49.77,48.89,30.09,65.3,110.3,3.1,89.0,True,True,True,True,True,True,True,True,True,8,True,1 형성중
20260928,BTBD,Bt Brands Inc,NASDAQ,1.89,8000.0,1.43,1.42,1.42,1.03,2.48,83.5,23.8,89.0,True,True,True,True,True,True,True,True,True,8,True,베이스 없음
20260928,CMDB,Costamare Bulkers Holdings Ltd,NYSE,22.04,66900.0,20.55,18.47,17.96,12.29,24.76,79.3,11.0,89.0,True,True,True,True,True,True,True,True,True,8,True,2 형성중
20260928,CNXN,PC Connection Inc,NASDAQ,89.7,94800.0,82.83,71.43,68.57,54.97,90.54,63.2,0.9,89.0,True,True,True,True,True,True,True,True,True,8,True,베이스 없음
20260928,DAC,Danaos Corporation,NYSE,153.28,81700.0,147.17,130.26,122.6,83.56,163.63,83.4,6.3,89.0,True,True,True,True,True,True,True,True,True,8,True,2b차
20260928,DCTH,Delcath Systems Inc,NASDAQ,15.81,238300.0,15.28,12.3,11.73,8.12,17.42,94.7,9.2,89.0,False,True,True,True,True,True,True,True,True,8,True,1 형성중
20260928,DDD,3D Systems Corp,NYSE,3.52,1357100.0,3.25,2.81,2.64,1.7,4.12,107.1,14.6,89.0,False,True,True,True,True,True,True,True,True,8,True,베이스 없음
20260928,DSX,Diana Shipping Inc,NYSE,2.8,721800.0,2.63,2.5,2.38,1.57,3.2,78.3,12.5,89.0,True,True,True,True,True,True,True,True,True,8,True,1 형성중
20260928,DXPE,DXP Enterprises  Inc.,NASDAQ,191.43,162100.0,182.59,162.97,153.23,84.04,208.0,127.8,8.0,89.0,False,True,True,True,True,True,True,True,True,8,True,2 형성중
20260928,FROG,JFrog Ltd.,NASDAQ,88.81,1560500.0,88.68,70.77,67.71,34.05,104.83,160.8,15.3,89.0,False,True,True,True,True,True,True,True,True,8,True,1 형성중
20260928,GSAT,Globalstar  Inc.,NASDAQ,82.34,609900.0,81.89,77.35,73.61,33.9,84.85,142.9,3.0,89.0,False,True,True,True,True,True,True,True,True,8,True,1a차
20260928,HAFN,Hafnia Limited,NYSE,9.13,2747000.0,8.28,7.95,7.44,5.17,10.12,76.6,9.8,89.0,True,True,True,True,True,True,True,True,True,8,True,2 형성중
20260928,HBIO,Harvard Bioscience Inc,NASDAQ,7.98,32300.0,7.15,6.27,6.26,3.8,9.4,110.0,15.1,89.0,True,True,True,True,True,True,True,True,True,8,True,베이스 없음
20260928,HFBL,Home Federal Bancorp Inc of Louisiana,NASDAQ,25.0,3300.0,24.34,20.97,20.18,13.7,28.0,82.5,10.7,89.0,True,True,True,True,True,True,True,True,True,8,True,1b차
20260928,IBTA,Ibotta  Inc.,NYSE,40.07,249200.0,36.0,32.73,30.02,19.1,43.43,109.8,7.7,89.0,True,True,True,True,True,True,True,True,True,8,True,베이스 없음
20260928,LGND,Ligand Pharmaceuticals Incorporated,NASDAQ,314.1,239600.0,291.74,254.03,238.89,163.45,326.63,92.2,3.8,89.0,True,True,True,True,True,True,True,True,True,8,True,2 형성중
20260928,LILA,Liberty Latin America Ltd. Class A,NASDAQ,8.49,416100.0,8.39,6.63,6.28,4.58,8.98,85.4,5.5,89.0,True,True,True,True,True,True,True,True,True,8,True,1a차
20260928,MSBI,Midland States Bancorp Inc,NASDAQ,33.17,192300.0,33.05,28.3,26.81,14.24,35.1,132.9,5.5,89.0,False,True,True,True,True,True,True,True,True,8,True,1a차
20260928,MTLS,Materialise NV ADR,NASDAQ,8.58,324500.0,7.05,6.23,6.08,4.78,8.61,79.5,0.3,89.0,True,True,True,True,True,True,True,True,True,8,True,1a차
20260928,ORMP,Oramed Pharmaceuticals Inc,NASDAQ,4.75,110400.0,4.56,4.1,3.88,2.09,5.47,127.3,13.2,89.0,True,True,True,True,True,True,True,True,True,8,True,3 형성중
20260928,SENEB,Seneca Foods Corporation Class B,NASDAQ,187.42,0.0,181.95,156.73,146.25,103.07,208.53,81.8,10.1,89.0,True,True,True,True,True,True,True,True,True,8,True,4 형성중
20260928,TGT,Target Corp,NYSE,158.43,3394300.0,153.7,134.57,127.27,83.44,170.75,89.9,7.2,89.0,True,True,True,True,True,True,True,True,True,8,True,베이스 없음
20260928,VIR,Vir Biotechnology  Inc.,NASDAQ,10.51,1369900.0,9.97,9.64,8.91,4.82,11.94,118.3,12.0,89.0,True,True,True,True,True,True,True,True,True,8,True,2b차
20260928,WTTR,Select Water Solutions  Inc.,NYSE,20.18,1920200.0,20.05,17.89,16.35,9.28,22.55,117.3,10.5,89.0,False,True,True,True,True,True,True,True,True,8,True,2b차
20260928,AMCX,AMC Global Media Inc.,NASDAQ,12.03,734600.0,11.69,9.63,9.39,6.47,12.93,85.9,7.0,88.0,True,True,True,True,True,True,True,True,True,8,True,베이스 없음
20260928,ATKR,Atkore Inc.,NYSE,94.6,2031900.0,89.5,77.1,74.64,53.75,94.72,76.0,0.1,88.0,True,True,True,True,True,True,True,True,True,8,True,1a차
20260928,BZH,Beazer Homes USA  Inc.,NYSE,33.36,1335000.0,33.15,26.99,26.04,17.83,34.54,87.1,3.4,88.0,True,True,True,True,True,True,True,True,True,8,True,베이스 없음
20260928,CMTV,Community Bancorp,NASDAQ,41.42,26100.0,40.55,38.45,35.82,22.4,43.76,84.9,5.3,88.0,False,True,True,True,True,True,True,True,True,8,True,베이스 없음
20260928,DIOD,Diodes Incorporated,NASDAQ,96.37,465500.0,92.21,91.73,83.04,42.28,125.99,127.9,23.5,88.0,False,True,True,True,True,True,True,True,True,8,True,3 형성중
20260928,FCX,Freeport-McMoRan Inc,NYSE,71.96,8876600.0,69.53,65.04,62.99,35.15,80.24,104.7,10.3,88.0,True,True,True,True,True,True,True,True,True,8,True,2 형성중
20260928,HBM,Hudbay Minerals Inc,NYSE,26.87,5133300.0,26.18,24.82,24.25,13.84,32.15,94.1,16.4,88.0,True,True,True,True,True,True,True,True,True,8,True,1 형성중
20260928,HPQ,HP Inc,NYSE,31.32,13271100.0,29.92,24.23,23.47,17.56,36.22,78.4,13.5,88.0,True,True,True,True,True,True,True,True,True,8,True,1 형성중
20260928,ITGR,Integer Holdings Corp,NYSE,126.38,1527300.0,120.03,99.01,94.76,62.0,126.8,103.8,0.3,88.0,True,True,True,True,True,True,True,True,True,8,True,베이스 없음
20260928,KB,KB Financial Group Inc. ADR,NYSE,127.17,125400.0,122.55,111.85,107.29,77.44,133.29,64.2,4.6,88.0,True,True,True,True,True,True,True,True,True,8,True,2a차
20260928,KRO,Kronos Worldwide  Inc.,NYSE,8.13,322100.0,7.8,6.91,6.52,4.08,9.17,99.3,11.3,88.0,False,True,True,True,True,True,True,True,True,8,True,2 형성중
20260928,LILAK,Liberty Latin America Ltd. Class C,NASDAQ,8.39,881000.0,8.32,6.64,6.3,4.61,8.91,82.2,5.9,88.0,True,True,True,True,True,True,True,True,True,8,True,1a차
20260928,MGNI,Magnite  Inc.,NASDAQ,23.4,2135000.0,22.75,17.27,16.64,10.82,26.84,116.3,12.8,88.0,False,True,True,True,True,True,True,True,True,8,True,1a차
20260928,MSGS,Madison Square Garden Sports Corp.,NYSE,416.34,290300.0,397.16,364.24,340.99,207.9,438.93,100.3,5.1,88.0,True,True,True,True,True,True,True,True,True,8,True,베이스 없음
20260928,NTWK,NetSol Technologies Inc,NASDAQ,5.37,363500.0,4.26,4.05,3.82,2.73,5.75,96.7,6.6,88.0,True,True,True,True,True,True,True,True,True,8,True,1b차
20260928,ROKU,Roku  Inc.,NASDAQ,152.67,1787000.0,152.21,128.59,122.09,78.53,159.89,94.4,4.5,88.0,False,True,True,True,True,True,True,True,True,8,True,베이스 없음
20260928,SAFT,Safety Insurance Group Inc,NASDAQ,103.57,96900.0,100.41,82.56,81.37,67.04,103.88,54.5,0.3,88.0,True,True,True,True,True,True,True,True,True,8,True,베이스 없음
20260928,SANM,Sanmina Corporation,NASDAQ,220.06,431100.0,201.42,197.5,187.21,110.44,288.68,99.3,23.8,88.0,False,True,True,True,True,True,True,True,True,8,True,1 형성중
20260928,SFL,SFL Corporation Ltd.,NYSE,12.83,1020800.0,12.4,11.54,10.8,6.73,13.98,90.6,8.2,88.0,True,True,True,True,True,True,True,True,True,8,True,1b차
20260928,SND,Smart Sand Inc,NASDAQ,5.255,199600.0,4.89,4.87,4.73,2.03,5.92,158.9,11.2,88.0,True,True,True,True,True,True,True,True,True,8,True,3 형성중
20260928,TEVA,Teva Pharmaceutical Industries Limited ADR,NYSE,38.88,4305000.0,36.15,33.81,33.45,18.21,40.79,113.5,4.7,88.0,True,True,True,True,True,True,True,True,True,8,True,1b차
20260928,TK,Teekay Corp Ltd,NYSE,13.98,555500.0,12.66,12.35,11.73,7.8,14.93,79.2,6.4,88.0,True,True,True,True,True,True,True,True,True,8,True,베이스 없음
20260928,TSAT,Telesat Corp,NASDAQ,47.39,114700.0,46.08,44.81,41.06,23.01,61.54,106.0,23.0,88.0,False,True,True,True,True,True,True,True,True,8,True,1 형성중
20260928,TX,Ternium SA ADR,NYSE,54.47,266600.0,53.57,46.87,45.44,33.01,58.73,65.0,7.3,88.0,True,True,True,True,True,True,True,True,True,8,True,1c차
20260928,VTRS,Viatris Inc.,NASDAQ,18.27,12377000.0,16.92,15.82,15.17,9.43,18.39,93.7,0.7,88.0,True,True,True,True,True,True,True,True,True,8,True,2b차
20260928,WEYS,WEYCO Group Inc,NASDAQ,47.14,46800.0,43.68,37.67,36.17,27.25,48.73,73.0,3.3,88.0,True,True,True,True,True,True,True,True,True,8,True,베이스 없음
20260928,ARX,Accelerant Holdings,NYSE,19.74,904600.0,17.15,14.58,14.5,9.18,19.9,115.0,0.8,87.0,True,True,True,True,True,True,True,True,True,8,True,베이스 없음
20260928,ASML,ASML Holding N.V. ADR,NASDAQ,1771.41,1368800.0,1719.08,1610.43,1525.3,935.41,1999.96,89.4,11.4,87.0,False,True,True,True,True,True,True,True,True,8,True,3 형성중
20260928,BOTJ,Bank of The James Financial Group Inc,NASDAQ,27.21,59400.0,27.18,24.23,22.91,14.44,29.79,88.4,8.7,87.0,False,True,True,True,True,True,True,True,True,8,True,베이스 없음
20260928,CHCI,Comstock Holding Companies Inc,NASDAQ,19.53,50300.0,17.86,16.41,15.24,10.14,22.07,92.6,11.5,87.0,True,True,True,True,True,True,True,True,True,8,True,1 형성중
20260928,DDI,DoubleDown Interactive Co Ltd ADR,NASDAQ,13.09,448100.0,12.38,10.99,10.43,8.1,13.28,61.6,1.4,87.0,True,True,True,True,True,True,True,True,True,8,True,베이스 없음
20260928,DT,Dynatrace  Inc,NYSE,57.84,6947400.0,50.02,42.8,42.26,31.64,59.41,82.8,2.6,87.0,True,True,True,True,True,True,True,True,True,8,True,베이스 없음
20260928,HELE,Helen of Troy Ltd,NASDAQ,29.16,433500.0,28.43,24.16,22.95,13.85,30.68,110.5,5.0,87.0,False,True,True,True,True,True,True,True,True,8,True,2 형성중
20260928,MFG,Mizuho Financial Group  Inc. ADR,NYSE,11.05,2516100.0,10.66,9.48,9.19,6.09,11.49,81.4,3.8,87.0,True,True,True,True,True,True,True,True,True,8,True,2a차
20260928,MOG.B,Moog Inc Class B,NYSE,397.4,200.0,392.9,360.75,341.15,201.04,450.0,97.7,11.7,87.0,False,True,True,True,True,True,True,True,True,8,True,자료 부족
20260928,MRK,Merck & Co Inc,NYSE,148.69,7624100.0,140.39,125.66,121.67,77.58,156.92,91.7,5.2,87.0,True,True,True,True,True,True,True,True,True,8,True,2a차
20260928,MSGE,Madison Square Garden Entertainment Corp,NYSE,81.77,367000.0,78.92,70.57,67.32,41.65,90.41,96.3,9.6,87.0,False,True,True,True,True,True,True,True,True,8,True,3 형성중
20260928,NMAX,Newsmax Inc.,NYSE,10.9,558100.0,9.77,8.03,7.92,5.11,13.18,113.3,17.3,87.0,True,True,True,True,True,True,True,True,True,8,True,베이스 없음
20260928,NTNX,Nutanix  Inc.,NASDAQ,68.7,1817500.0,64.3,51.17,49.93,34.01,78.45,102.0,12.4,87.0,True,True,True,True,True,True,True,True,True,8,True,베이스 없음
20260928,OPY,Oppenheimer Holdings Inc.,NYSE,119.8,84100.0,115.56,104.56,98.17,63.81,125.88,87.7,4.8,87.0,True,True,True,True,True,True,True,True,True,8,True,2a차
20260928,ORIC,ORIC Pharmaceuticals  Inc.,NASDAQ,13.27,1515600.0,12.74,11.03,10.76,7.23,14.93,83.5,11.1,87.0,False,True,True,True,True,True,True,True,True,8,True,2 형성중
20260928,PBR,Petroleo Brasileiro ADR Reptg 2,NYSE,20.65,18484800.0,19.36,19.11,17.67,11.43,22.24,80.7,7.1,87.0,True,True,True,True,True,True,True,True,True,8,True,1 형성중
20260928,PEB,Pebblebrook Hotel Trust,NYSE,18.73,1920000.0,18.45,16.12,15.06,9.99,19.93,87.5,6.0,87.0,False,True,True,True,True,True,True,True,True,8,True,1a차
20260928,PLXS,Plexus Corp,NASDAQ,264.96,161900.0,253.59,247.37,229.21,132.03,307.06,100.7,13.7,87.0,False,True,True,True,True,True,True,True,True,8,True,2 형성중
20260928,SCCO,Southern Copper Corp,NYSE,202.63,907400.0,194.71,185.83,181.62,112.06,221.67,80.8,8.6,87.0,True,True,True,True,True,True,True,True,True,8,True,베이스 없음
20260928,SU,Suncor Energy Inc (Canada),NYSE,68.77,4185300.0,66.45,63.44,59.78,37.77,72.06,82.1,4.6,87.0,True,True,True,True,True,True,True,True,True,8,True,2a차
20260928,VEON,VEON Ltd ADR,NASDAQ,69.41,114600.0,60.31,54.74,54.35,42.6,75.0,62.9,7.5,87.0,True,True,True,True,True,True,True,True,True,8,True,베이스 없음
20260928,VRNS,Varonis Systems  Inc.,NASDAQ,47.925,1750900.0,44.61,34.48,33.66,19.7,63.9,143.3,25.0,87.0,True,True,True,True,True,True,True,True,True,8,True,1a차
20260928,WF,Woori Financial Group Inc ADR,NYSE,79.26,99700.0,71.96,67.86,66.65,48.83,84.71,62.3,6.4,87.0,True,True,True,True,True,True,True,True,True,8,True,베이스 없음
20260928,ASC,Ardmore Shipping Corp,NYSE,18.15,934800.0,17.53,16.75,15.57,10.31,20.03,76.0,9.4,86.0,True,True,True,True,True,True,True,True,True,8,True,2 형성중
20260928,AVIR,Atea Pharmaceuticals  Inc.,NASDAQ,5.2,238400.0,5.17,5.11,4.77,2.78,6.45,87.1,19.4,86.0,True,True,True,True,True,True,True,True,True,8,True,베이스 없음
20260928,CBNA,Chain Bridge Bancorp Inc,NYSE,47.48,15800.0,46.08,40.04,38.8,28.1,49.71,69.0,4.5,86.0,False,True,True,True,True,True,True,True,True,8,True,1a차
20260928,CNK,Cinemark Holdings Inc,NYSE,38.38,2526700.0,35.77,31.28,29.48,21.6,39.07,77.7,1.8,86.0,True,True,True,True,True,True,True,True,True,8,True,1a차
20260928,EOLS,Evolus Inc,NASDAQ,7.96,478200.0,7.64,6.32,6.14,3.86,9.31,106.2,14.5,86.0,False,True,True,True,True,True,True,True,True,8,True,1 형성중
20260928,FFIV,F5  Inc.,NASDAQ,435.56,468500.0,408.27,364.91,340.73,223.76,461.91,94.7,5.7,86.0,True,True,True,True,True,True,True,True,True,8,True,1a차
20260928,JCTC,Jewett-Cameron Trading Company Ltd,NASDAQ,2.95,1000.0,2.86,2.28,2.24,1.54,3.82,91.6,22.8,86.0,True,True,True,True,True,True,True,True,True,8,True,베이스 없음
20260928,KGEI,Kolibri Global Energy Inc,NASDAQ,6.43,240700.0,5.87,5.39,5.0,3.35,6.94,91.9,7.3,86.0,True,True,True,True,True,True,True,True,True,8,True,베이스 없음
20260928,LQDT,Liquidity Services Inc,NASDAQ,43.33,163600.0,41.32,36.74,35.44,21.67,44.09,100.0,1.7,86.0,True,True,True,True,True,True,True,True,True,8,True,1b차
20260928,MUFG,Mitsubishi UFJ Financial Group  Inc. ADR,NYSE,23.37,2251800.0,22.75,20.06,19.41,14.62,24.26,59.8,3.7,86.0,True,True,True,True,True,True,True,True,True,8,True,2a차
20260928,OSPN,OneSpan Inc.,NASDAQ,17.88,592400.0,16.34,13.69,13.32,10.07,18.48,77.6,3.2,86.0,True,True,True,True,True,True,True,True,True,8,True,베이스 없음
20260928,PNTG,The Pennant Group  Inc.,NASDAQ,40.9,461300.0,39.57,35.44,33.98,22.26,42.74,83.8,4.3,86.0,True,True,True,True,True,True,True,True,True,8,True,1d차
20260928,SBFG,SB Financial Group Inc,NASDAQ,29.99,9125.0,27.85,24.07,23.56,18.16,32.93,65.1,8.9,86.0,True,True,True,True,True,True,True,True,True,8,True,베이스 없음
20260928,SCSC,ScanSource  Inc.,NASDAQ,57.78,119500.0,56.01,47.18,45.41,33.76,66.78,71.1,13.5,86.0,True,True,True,True,True,True,True,True,True,8,True,1a차
20260928,SSRM,SSR Mining Inc.,NASDAQ,33.84,2093500.0,33.0,30.83,29.14,18.19,39.43,86.0,14.2,86.0,True,True,True,True,True,True,True,True,True,8,True,1 형성중
20260928,TECK,Teck Resources Ltd,NYSE,65.16,3276100.0,64.92,60.59,58.32,38.0,72.56,71.5,10.2,86.0,True,True,True,True,True,True,True,True,True,8,True,2b차
20260928,THC,Tenet Healthcare Corp,NYSE,257.93,541500.0,255.49,215.54,211.98,157.58,283.05,63.7,8.9,86.0,False,True,True,True,True,True,True,True,True,8,True,1 형성중
20260928,WCC,WESCO International  Inc.,NYSE,364.67,677800.0,348.03,329.06,316.23,203.4,385.37,79.3,5.4,86.0,False,True,True,True,True,True,True,True,True,8,True,2 형성중
20260928,ZD,Ziff Davis Inc,NASDAQ,55.68,554600.0,55.12,47.91,44.77,22.45,60.48,148.0,7.9,86.0,True,True,True,True,True,True,True,True,True,8,True,1a차
20260928,ZIM,ZIM Integrated Shipping Services Ltd,NYSE,28.39,4962600.0,27.43,26.56,25.41,12.33,30.96,130.3,8.3,86.0,True,True,True,True,True,True,True,True,True,8,True,2a차
20260928,AMTB,Amerant Bancorp Inc.,NYSE,29.3,324500.0,28.87,24.98,24.01,15.62,30.6,87.6,4.2,85.0,True,True,True,True,True,True,True,True,True,8,True,1a차
20260928,BIO,Bio-Rad Laboratories  Inc. Class A,NYSE,377.69,258700.0,358.86,307.31,306.14,236.73,396.23,59.5,4.7,85.0,True,True,True,True,True,True,True,True,True,8,True,베이스 없음
20260928,ENTG,Entegris Inc,NASDAQ,150.63,1968400.0,139.87,138.45,130.62,67.97,186.94,121.6,19.4,85.0,False,True,True,True,True,True,True,True,True,8,True,1 형성중
20260928,GPRK,GeoPark Ltd,NYSE,10.68,1551700.0,10.33,9.8,9.28,5.75,13.13,85.7,18.7,85.0,True,True,True,True,True,True,True,True,True,8,True,1c차
20260902,HLX,Helix Energy Solutions Group Inc,NYSE,10.6,3861889.0,9.57,9.47,8.81,6.03,10.75,75.8,1.4,85.0,True,True,True,True,True,True,True,True,True,8,True,1b차
20260928,ING,ING Groep N.V. ADR,NYSE,36.38,2091300.0,35.35,31.19,30.59,23.64,37.52,53.9,3.0,85.0,True,True,True,True,True,True,True,True,True,8,True,베이스 없음
20260928,KN,Knowles Corporation,NYSE,37.24,543000.0,36.32,33.79,31.36,20.57,42.93,81.0,13.3,85.0,False,True,True,True,True,True,True,True,True,8,True,2 형성중
20260928,MEOH,Methanex Corp,NASDAQ,59.78,520200.0,57.63,56.89,53.87,32.0,66.75,86.8,10.4,85.0,True,True,True,True,True,True,True,True,True,8,True,베이스 없음
20260928,NVT,nVent Electric PLC,NYSE,160.5,2093300.0,157.06,149.2,139.12,93.22,184.64,72.2,13.1,85.0,False,True,True,True,True,True,True,True,True,8,True,2 형성중
20260928,QRVO,Qorvo  Inc.,NASDAQ,116.3,1248700.0,100.33,92.13,89.99,74.92,121.09,55.2,4.0,85.0,True,True,True,True,True,True,True,True,True,8,True,베이스 없음
20260928,RAL,Ralliant Corporation,NYSE,69.96,967900.0,67.2,58.33,56.29,37.27,75.41,87.7,7.2,85.0,False,True,True,True,True,True,True,True,True,8,True,1 형성중
20260928,SMFG,Sumitomo Mitsui Financial Group  Inc. ADR,NYSE,26.43,1335900.0,25.93,23.36,22.72,15.18,27.62,74.1,4.3,85.0,True,True,True,True,True,True,True,True,True,8,True,2a차
20260928,STNG,Scorpio Tankers Inc.,NYSE,83.19,962100.0,79.87,77.74,72.98,48.93,90.05,70.0,7.6,85.0,True,True,True,True,True,True,True,True,True,8,True,2b차
20260928,SWKS,Skyworks Solutions  Inc.,NASDAQ,87.59,3357200.0,72.19,66.66,65.44,51.93,92.8,68.7,5.6,85.0,True,True,True,True,True,True,True,True,True,8,True,베이스 없음
20260928,TALO,Talos Energy Inc.,NYSE,16.46,2096200.0,16.11,15.07,14.22,8.96,18.73,83.6,12.1,85.0,True,True,True,True,True,True,True,True,True,8,True,2a차
20260928,TITN,Titan Machinery Inc,NASDAQ,23.47,122700.0,20.68,19.87,19.12,13.21,26.9,77.7,12.8,85.0,True,True,True,True,True,True,True,True,True,8,True,2 형성중
20260928,TSM,Taiwan Semiconductor Manufacturing Company Limited ADR,NYSE,452.88,7867600.0,421.27,402.77,383.91,266.82,479.0,69.7,5.5,85.0,False,True,True,True,True,True,True,True,True,8,True,3 형성중
20260928,UEIC,Universal Electronics Inc,NASDAQ,5.27,40000.0,4.85,4.4,4.23,2.69,5.99,95.9,12.0,85.0,True,True,True,True,True,True,True,True,True,8,True,1a차
20260928,ARTW,Art's Way Manufacturing Co Inc,NASDAQ,3.15,4200.0,2.77,2.59,2.54,2.05,4.17,53.7,24.5,84.0,True,True,True,True,True,True,True,True,True,8,True,1 형성중
20260928,BBVA,Banco Bilbao Vizcaya Argentaria SA ADR,NYSE,28.8,2173400.0,28.18,24.59,24.41,17.9,29.64,60.9,2.8,84.0,True,True,True,True,True,True,True,True,True,8,True,2a차
20260928,BWFG,Bankwell Financial Group Inc,NASDAQ,66.16,61200.0,66.03,56.72,54.58,40.45,69.59,63.6,4.9,84.0,False,True,True,True,True,True,True,True,True,8,True,1b차
20260928,CRGY,Crescent Energy Company,NYSE,12.98,5673300.0,12.76,12.19,11.4,7.68,15.47,69.0,16.1,84.0,True,True,True,True,True,True,True,True,True,8,True,1 형성중
20260928,DE,Deere & Co,NYSE,689.59,798800.0,642.04,604.24,583.1,433.0,721.1,59.3,4.4,84.0,True,True,True,True,True,True,True,True,True,8,True,베이스 없음
20260928,E,Eni SpA ADR,NYSE,55.62,366400.0,54.31,52.81,49.5,34.03,58.0,63.4,4.1,84.0,True,True,True,True,True,True,True,True,True,8,True,1 형성중
20260928,EPC,Edgewell Personal Care Company,NYSE,28.29,748300.0,27.96,23.88,22.63,15.73,29.95,79.8,5.5,84.0,True,True,True,True,True,True,True,True,True,8,True,1 형성중
20260928,EXPD,Expeditors International of Washington Inc,NYSE,188.58,738800.0,183.85,163.68,161.78,112.95,194.59,67.0,3.1,84.0,True,True,True,True,True,True,True,True,True,8,True,2b차
20260928,FMAO,Farmers & Merchants Bancorp Inc,NASDAQ,34.96,74400.0,34.14,29.62,28.84,22.77,36.12,53.5,3.2,84.0,False,True,True,True,True,True,True,True,True,8,True,베이스 없음
20260928,GRMN,Garmin Ltd.,NYSE,294.05,699200.0,283.6,256.29,244.39,186.67,314.28,57.5,6.4,84.0,False,True,True,True,True,True,True,True,True,8,True,2 형성중
20260928,HBT,HBT Financial Inc,NASDAQ,35.9,119700.0,35.66,30.95,30.02,22.36,37.51,60.6,4.3,84.0,False,True,True,True,True,True,True,True,True,8,True,1a차
20260928,LFUS,Littelfuse  Inc.,NASDAQ,429.21,178800.0,423.7,411.42,382.58,233.36,500.57,83.9,14.3,84.0,False,True,True,True,True,True,True,True,True,8,True,3 형성중
20260928,LSCC,Lattice Semiconductor Corporation,NASDAQ,124.03,1421000.0,121.63,120.51,111.22,60.5,157.01,105.0,21.0,84.0,False,True,True,True,True,True,True,True,True,8,True,4 형성중
20260928,PK,Park Hotels & Resorts Inc,NYSE,15.72,4941000.0,15.18,13.1,12.6,9.84,16.2,59.8,3.0,84.0,True,True,True,True,True,True,True,True,True,8,True,베이스 없음
20260928,PRE,Prenetics Global Ltd,NASDAQ,22.76,74300.0,21.54,19.59,19.08,11.36,27.24,100.3,16.4,84.0,True,True,True,True,True,True,True,True,True,8,True,4 형성중
20260928,PYPD,PolyPid Ltd,NASDAQ,5.31,75800.0,4.88,4.68,4.61,3.06,5.73,73.5,7.3,84.0,True,True,True,True,True,True,True,True,True,8,True,베이스 없음
20260928,SLAB,Silicon Laboratories Inc.,NASDAQ,221.03,137200.0,218.94,215.24,200.58,115.51,222.49,91.4,0.7,84.0,False,True,True,True,True,True,True,True,True,8,True,베이스 없음
20260928,SLDE,Slide Insurance Holdings  Inc.,NASDAQ,22.86,598400.0,22.59,19.79,19.24,13.26,26.74,72.4,14.5,84.0,True,True,True,True,True,True,True,True,True,8,True,1 형성중
20260928,TXN,Texas Instruments Inc,NASDAQ,278.31,4911900.0,271.4,262.85,246.33,152.73,334.03,82.2,16.7,84.0,False,True,True,True,True,True,True,True,True,8,True,1 형성중
20260928,WST,West Pharmaceutical Services  Inc.,NYSE,375.65,562300.0,351.21,313.67,299.97,223.83,386.0,67.8,2.7,84.0,True,True,True,True,True,True,True,True,True,8,True,1 형성중
20260928,XRX,Xerox Holdings Corp,NASDAQ,3.26,1378500.0,3.1,2.56,2.51,1.19,3.97,173.9,17.9,84.0,False,True,True,True,True,True,True,True,True,8,True,1b차
20260928,AAPL,Apple Inc.,NASDAQ,338.4,32724700.0,321.93,295.47,288.07,243.42,345.34,39.0,2.0,83.0,True,True,True,True,True,True,True,True,True,8,True,1b차
20260928,ACA,Arcosa  Inc.,NYSE,146.53,1106400.0,145.35,130.11,126.29,89.03,146.92,64.6,0.3,83.0,False,True,True,True,True,True,True,True,True,8,True,베이스 없음
20260928,AII,American Integrity Insurance Group Inc,NYSE,24.98,116000.0,23.52,20.19,19.98,16.19,27.0,54.3,7.5,83.0,True,True,True,True,True,True,True,True,True,8,True,베이스 없음
20260928,AMG,Affiliated Managers Group  Inc.,NYSE,368.13,502700.0,362.57,327.03,321.12,230.1,392.92,60.0,6.3,83.0,True,True,True,True,True,True,True,True,True,8,True,1a차
20260928,AMGN,Amgen Inc,NASDAQ,418.13,2761800.0,404.41,368.96,362.05,269.77,447.03,55.0,6.5,83.0,True,True,True,True,True,True,True,True,True,8,True,2 형성중
20260928,ANGO,AngioDynamics  Inc.,NASDAQ,15.54,495600.0,15.23,12.72,12.42,9.39,16.29,65.5,4.6,83.0,False,True,True,True,True,True,True,True,True,8,True,베이스 없음
20260928,ASIC,Ategrity Specialty Insurance Company Holdings,NYSE,26.57,85500.0,25.67,22.53,21.66,16.35,28.96,62.5,8.3,83.0,True,True,True,True,True,True,True,True,True,8,True,베이스 없음
20260928,BIIB,Biogen Inc.,NASDAQ,228.69,1316600.0,213.16,198.75,194.0,135.39,230.49,68.9,0.8,83.0,True,True,True,True,True,True,True,True,True,8,True,1c차
20260928,BWIN,The Baldwin Insurance Group  Inc.,NASDAQ,31.82,2947800.0,29.9,24.64,24.17,15.88,32.7,100.4,2.7,83.0,True,True,True,True,True,True,True,True,True,8,True,베이스 없음
20260928,CRON,Cronos Group Inc.,NASDAQ,3.41,1133800.0,3.14,2.82,2.79,2.28,3.61,49.6,5.5,83.0,True,True,True,True,True,True,True,True,True,8,True,베이스 없음
20260928,DRH,Diamondrock Hospitality Co,NASDAQ,12.64,2217700.0,12.54,11.29,10.81,7.48,13.79,69.0,8.3,83.0,False,True,True,True,True,True,True,True,True,8,True,2 형성중
20260928,DXCM,Dexcom Inc,NASDAQ,86.68,3340600.0,85.05,73.59,72.55,54.11,92.59,60.2,6.4,83.0,False,True,True,True,True,True,True,True,True,8,True,1 형성중
20260928,EXEL,Exelixis Inc,NASDAQ,58.37,1278700.0,55.64,50.36,48.67,33.76,59.72,72.9,2.3,83.0,True,True,True,True,True,True,True,True,True,8,True,1a차
20260928,FRHC,Freedom Holding Corp,NASDAQ,174.37,112600.0,160.59,149.17,143.52,107.98,178.0,61.5,2.0,83.0,True,True,True,True,True,True,True,True,True,8,True,1b차
20260928,GIC,Global Industrial Company,NYSE,42.32,185600.0,38.58,34.12,33.29,26.4,42.49,60.3,0.4,83.0,True,True,True,True,True,True,True,True,True,8,True,베이스 없음
20260928,HRTG,Heritage Insurance Holdings Inc,NYSE,33.26,169100.0,32.44,27.99,27.72,20.48,36.5,62.4,8.9,83.0,True,True,True,True,True,True,True,True,True,8,True,베이스 없음
20260928,IDT,IDT Corporation,NYSE,69.56,326600.0,67.27,57.66,55.77,45.72,72.12,52.1,3.6,83.0,True,True,True,True,True,True,True,True,True,8,True,베이스 없음
20260928,INCY,Incyte Corp,NASDAQ,124.82,1429400.0,123.25,107.72,106.25,81.09,132.6,53.9,5.9,83.0,True,True,True,True,True,True,True,True,True,8,True,1b차
20260928,JAKK,JAKKS Pacific Inc,NASDAQ,25.25,89000.0,25.05,22.89,21.64,14.87,27.22,69.8,7.2,83.0,False,True,True,True,True,True,True,True,True,8,True,2 형성중
20260928,JOYY,JOYY Inc. ADR,NASDAQ,80.59,228200.0,75.12,66.63,66.32,54.24,81.26,48.6,0.8,83.0,True,True,True,True,True,True,True,True,True,8,True,베이스 없음
20260928,MSGM,Motorsport Games Inc,NASDAQ,4.42,62000.0,4.31,4.25,4.03,2.1,5.56,110.0,20.5,83.0,False,True,True,True,True,True,True,True,True,8,True,4 형성중
20260928,NDSN,Nordson Corporation,NASDAQ,331.32,351500.0,311.49,291.79,284.82,220.47,339.12,50.3,2.3,83.0,True,True,True,True,True,True,True,True,True,8,True,1a차
20260928,PLBC,Plumas Bancorp,NASDAQ,62.34,37949.0,61.86,55.81,53.89,39.8,64.0,56.6,2.6,83.0,False,True,True,True,True,True,True,True,True,8,True,1a차
20260928,RUSHB,Rush Enterprises  Inc. Class B,NASDAQ,55.09,106200.0,52.26,47.88,45.94,31.8,57.38,73.2,4.0,83.0,True,True,True,True,True,True,True,True,True,8,True,1b차
20260928,SAIC,Science Applications International Corp,NASDAQ,130.93,260600.0,125.45,108.75,106.94,81.08,142.66,61.5,8.2,83.0,True,True,True,True,True,True,True,True,True,8,True,1a차
20260928,SCL,Stepan Co,NYSE,63.92,116900.0,62.54,55.28,55.01,41.82,68.0,52.8,6.0,83.0,False,True,True,True,True,True,True,True,True,8,True,베이스 없음
20260928,STK,Columbia Seligman Premium Technology Growth Fund,NYSE,51.99,69316.0,51.35,48.49,46.01,32.5,58.46,60.0,11.1,83.0,False,True,True,True,True,True,True,True,True,8,True,2 형성중
20260928,SXC,SunCoke Energy Inc,NYSE,9.64,872700.0,9.48,8.05,7.94,5.52,10.68,74.6,9.7,83.0,True,True,True,True,True,True,True,True,True,8,True,2 형성중
20260928,SXT,Sensient Technologies Corporation,NYSE,128.88,250600.0,128.58,113.87,109.31,82.6,138.82,56.0,7.2,83.0,False,True,True,True,True,True,True,True,True,8,True,1a차
20260928,BBY,Best Buy Co.  Inc.,NYSE,89.91,2665200.0,87.46,73.97,72.62,55.1,96.53,63.2,6.9,82.0,True,True,True,True,True,True,True,True,True,8,True,1a차
20260928,BNS,The Bank of Nova Scotia,NYSE,92.75,1031500.0,90.54,81.99,80.06,62.98,95.72,47.3,3.1,82.0,True,True,True,True,True,True,True,True,True,8,True,1a차
20260928,CNH,CNH Industrial N.V.,NYSE,13.26,11046300.0,11.89,11.15,11.04,9.0,14.46,47.3,8.3,82.0,True,True,True,True,True,True,True,True,True,8,True,2 형성중
20260626,CWEN.A,Clearway Energy Inc Class A,NYSE,40.43,0.0,40.2,36.73,34.95,26.36,41.41,53.4,2.4,82.0,False,True,True,True,True,True,True,True,True,8,True,1a차
20260928,CZFS,Citizens Financial Services Inc,NASDAQ,80.44,51800.0,79.93,70.1,68.04,52.35,84.65,53.7,5.0,82.0,False,True,True,True,True,True,True,True,True,8,True,1a차
20260928,DSGR,Distribution Solutions Group  Inc.,NASDAQ,35.0,213100.0,34.75,29.57,29.5,19.02,35.06,84.0,0.2,82.0,True,True,True,True,True,True,True,True,True,8,True,베이스 없음
20260928,EGY,VAALCO Energy Inc,NYSE,5.76,973100.0,5.76,5.7,5.33,3.36,6.72,71.2,14.3,82.0,True,True,True,True,True,True,True,True,True,8,True,1a차
20260928,IOSP,Innospec Inc,NASDAQ,97.88,284700.0,91.63,82.29,81.96,65.51,100.48,49.4,2.6,82.0,True,True,True,True,True,True,True,True,True,8,True,베이스 없음
20260928,JXN,Jackson Financial Inc.,NYSE,131.81,853400.0,130.89,116.14,115.23,89.67,140.9,47.0,6.5,82.0,False,True,True,True,True,True,True,True,True,8,True,베이스 없음
20260928,KFFB,Kentucky First Federal Bancorp,NASDAQ,5.64,5300.0,5.6,4.95,4.85,2.97,6.45,89.9,12.6,82.0,True,True,True,True,True,True,True,True,True,8,True,2 형성중
20260928,LEGH,Legacy Housing Corp (Texas),NASDAQ,29.12,92100.0,27.87,24.31,23.46,18.28,31.34,59.3,7.1,82.0,True,True,True,True,True,True,True,True,True,8,True,베이스 없음
20260928,MSM,MSC Industrial Direct Co.  Inc.,NYSE,122.14,520300.0,121.94,109.9,104.32,78.8,130.46,55.0,6.4,82.0,False,True,True,True,True,True,True,True,True,8,True,1a차
20260928,NVDA,NVIDIA Corporation,NASDAQ,228.86,141544300.0,216.5,204.61,199.69,164.27,236.54,39.3,3.2,82.0,True,True,True,True,True,True,True,True,True,8,True,1a차
20260928,PRTH,Priority Technology Holdings Inc,NASDAQ,7.77,1439900.0,6.11,5.88,5.82,4.44,7.91,75.0,1.8,82.0,True,True,True,True,True,True,True,True,True,8,True,베이스 없음
20260928,SHEL,Shell PLC ADR,NYSE,96.47,7533939.0,91.97,88.12,84.76,68.62,99.16,40.6,2.7,82.0,True,True,True,True,True,True,True,True,True,8,True,베이스 없음
20260928,VOD,Vodafone Group PLC ADR,NASDAQ,16.58,2348300.0,16.28,15.38,15.03,11.12,17.71,49.1,6.4,82.0,True,True,True,True,True,True,True,True,True,8,True,베이스 없음
20260928,WAB,Westinghouse Air Brake Technologies Corp,NYSE,292.37,789500.0,289.09,269.56,259.62,186.06,306.64,57.1,4.7,82.0,False,True,True,True,True,True,True,True,True,8,True,1a차
20260928,ATLO,Ames National Corp,NASDAQ,31.79,15900.0,31.39,29.46,28.29,19.56,32.86,62.5,3.3,81.0,False,True,True,True,True,True,True,True,True,8,True,베이스 없음
20260928,BOW,Bowhead Specialty Holdings Inc.,NYSE,33.8,157300.0,33.0,28.24,27.69,21.21,35.07,59.4,3.6,81.0,True,True,True,True,True,True,True,True,True,8,True,1a차
20260928,BSVN,Bank7 Corp,NASDAQ,56.02,40200.0,52.29,46.63,45.85,38.29,57.68,46.3,2.9,81.0,True,True,True,True,True,True,True,True,True,8,True,베이스 없음
20260928,CFFI,C&F Financial Corp,NASDAQ,94.69,147000.0,88.33,79.68,78.21,64.71,97.07,46.3,2.5,81.0,True,True,True,True,True,True,True,True,True,8,True,1c차
20260928,CPAC,Cementos Pacasmayo SAA ADR,NYSE,12.16,37800.0,12.12,11.24,10.99,6.25,12.74,94.6,4.6,81.0,False,True,True,True,True,True,True,True,True,8,True,3 형성중
20260928,DV,DoubleVerify Holdings  Inc.,NYSE,13.4,2236100.0,12.74,11.16,11.03,7.64,13.65,75.4,1.8,81.0,True,True,True,True,True,True,True,True,True,8,True,1a차
20260928,FSEA,First Seacoast Bancorp Inc,NASDAQ,17.25,67500.0,17.09,15.45,14.8,11.08,17.25,55.8,0.0,81.0,False,True,True,True,True,True,True,True,True,8,True,베이스 없음
20260928,JNJ,Johnson & Johnson,NYSE,271.95,7185600.0,265.05,247.1,240.34,175.91,281.07,54.6,3.2,81.0,True,True,True,True,True,True,True,True,True,8,True,1a차
20260928,NEU,NewMarket Corporation,NYSE,912.44,112300.0,879.99,759.41,741.69,580.03,981.66,57.3,7.1,81.0,False,True,True,True,True,True,True,True,True,8,True,1a차
20260928,NMR,Nomura Holdings  Inc. ADR,NYSE,10.02,623500.0,9.98,8.91,8.89,6.71,10.94,49.3,8.4,81.0,True,True,True,True,True,True,True,True,True,8,True,베이스 없음
20260928,NVGS,Navigator Holdings Ltd.,NYSE,22.92,327000.0,22.17,21.4,20.57,14.08,25.48,62.8,10.0,81.0,True,True,True,True,True,True,True,True,True,8,True,2 형성중
20260928,RBKB,Rhinebeck Bancorp Inc,NASDAQ,12.69,71400.0,12.62,11.9,11.17,6.74,13.23,88.4,4.1,81.0,False,True,True,True,True,True,True,True,True,8,True,베이스 없음
20260928,RGA,Reinsurance Group of America  Incorporated,NYSE,252.97,499400.0,244.27,221.83,217.72,178.21,257.81,42.0,1.9,81.0,True,True,True,True,True,True,True,True,True,8,True,1a차
20260928,ROG,Rogers Corporation,NYSE,136.64,142700.0,130.93,129.74,121.8,75.14,169.0,81.8,19.1,81.0,False,True,True,True,True,True,True,True,True,8,True,2 형성중
20260928,TTE,TotalEnergies SE,NYSE,90.34,2129000.0,88.32,86.8,82.36,57.39,94.17,57.4,4.1,81.0,True,True,True,True,True,True,True,True,True,8,True,2 형성중
20260928,XOM,Exxonmobil Holdings Corp,NYSE,162.52,12809500.0,159.54,153.55,148.02,110.39,176.41,47.2,7.9,81.0,True,True,True,True,True,True,True,True,True,8,True,1 형성중
20260928,ARGX,argenx SE ADR,NASDAQ,972.25,264700.0,947.71,853.6,849.17,661.85,1072.75,46.9,9.4,80.0,True,True,True,True,True,True,True,True,True,8,True,2 형성중
20260928,BATRA,Liberty Media Liberty Braves Ord Shs  Series A,NASDAQ,59.61,56900.0,55.85,53.4,50.98,41.5,59.61,43.6,0.0,80.0,True,True,True,True,True,True,True,True,True,8,True,베이스 없음
20260928,BATRK,Liberty Media Liberty Braves Ord Shs Series C,NASDAQ,54.29,473100.0,51.31,48.95,46.74,37.76,54.86,43.8,1.0,80.0,False,True,True,True,True,True,True,True,True,8,True,1 형성중
20260928,BPRN,Princeton Bancorp Inc,NASDAQ,43.47,41900.0,42.21,37.76,37.28,29.7,44.1,46.4,1.4,80.0,True,True,True,True,True,True,True,True,True,8,True,1a차
20260928,CAC,Camden National Corp,NASDAQ,57.4,87500.0,57.16,52.11,50.7,35.0,60.59,64.0,5.3,80.0,False,True,True,True,True,True,True,True,True,8,True,1a차
20260928,CVX,Chevron Corporation,NYSE,206.37,9501800.0,201.46,192.2,185.53,146.49,217.78,40.9,5.2,80.0,True,True,True,True,True,True,True,True,True,8,True,베이스 없음
20260928,DGX,Quest Diagnostics Inc,NYSE,237.62,1030800.0,235.6,211.29,204.75,171.18,248.84,38.8,4.5,80.0,True,True,True,True,True,True,True,True,True,8,True,베이스 없음
20260928,GBTG,Global Business Travel Group  Inc.,NYSE,9.5,3879900.0,9.45,8.18,7.91,4.96,9.54,91.7,0.4,80.0,False,True,True,True,True,True,True,True,True,8,True,베이스 없음
20260928,HURC,Hurco Companies Inc,NASDAQ,21.99,25700.0,21.97,19.27,18.56,14.5,24.49,51.7,10.2,80.0,False,True,True,True,True,True,True,True,True,8,True,1 형성중
20260928,IFF,International Flavors & Fragrances Inc.,NYSE,85.72,1844700.0,83.15,77.5,75.84,59.14,89.32,44.9,4.0,80.0,True,True,True,True,True,True,True,True,True,8,True,1a차
20260928,KIDS,OrthoPediatrics Corp,NASDAQ,22.58,157900.0,22.43,19.22,18.84,14.42,26.74,56.6,15.6,80.0,False,True,True,True,True,True,True,True,True,8,True,1 형성중
20260928,NKSH,National Bankshares Inc,NASDAQ,42.56,33200.0,41.01,37.91,37.24,27.0,43.31,57.6,1.7,80.0,True,True,True,True,True,True,True,True,True,8,True,2a차
20260928,NPK,National Presto Industries Inc,NYSE,146.28,105800.0,141.21,136.49,131.69,91.28,158.17,60.3,7.5,80.0,True,True,True,True,True,True,True,True,True,8,True,베이스 없음
20260928,NXDT,NexPoint Diversified Real Estate Trust,NYSE,5.23,142000.0,5.21,4.98,4.79,2.55,5.95,105.1,12.1,80.0,True,True,True,True,True,True,True,True,True,8,True,1d차
20260928,PANL,Pangaea Logistics Solutions Ltd.,NASDAQ,8.01,303500.0,7.87,7.68,7.67,4.54,9.39,76.4,14.7,80.0,True,True,True,True,True,True,True,True,True,8,True,베이스 없음
20260928,PFG,Principal Financial Group Inc,NASDAQ,114.64,1372200.0,113.53,104.25,101.06,77.9,121.18,47.2,5.4,80.0,True,True,True,True,True,True,True,True,True,8,True,1a차
20260928,SABR,Sabre Corporation,NASDAQ,2.1,4854500.0,2.07,1.82,1.69,0.81,2.5,159.3,16.0,80.0,False,True,True,True,True,True,True,True,True,8,True,1a차
20260928,APLE,Apple Hospitality REIT Inc,NYSE,16.35,2022300.0,16.14,14.66,14.03,10.85,17.28,50.7,5.4,79.0,False,True,True,True,True,True,True,True,True,8,True,1 형성중
20260928,COKE,Coca-Cola Consolidated Inc,NASDAQ,193.57,486000.0,189.68,189.63,181.52,113.76,219.65,70.2,11.9,79.0,True,True,True,True,True,True,True,True,True,8,True,베이스 없음
20260928,ECBK,ECB Bancorp Inc,NASDAQ,21.23,13100.0,20.63,19.03,18.65,14.83,21.55,43.2,1.5,79.0,True,True,True,True,True,True,True,True,True,8,True,베이스 없음
20260928,EMF,Templeton Emerging Markets Closed Fund,NYSE,22.24,36501.0,22.0,21.29,20.59,16.07,24.7,38.4,10.0,79.0,False,True,True,True,True,True,True,True,True,8,True,2 형성중
20260928,GILD,Gilead Sciences  Inc.,NASDAQ,152.21,5076500.0,141.61,137.17,136.03,108.46,157.29,40.3,3.2,79.0,True,True,True,True,True,True,True,True,True,8,True,베이스 없음
20260928,LXP,LXP Industrial Trust,NYSE,60.91,1209500.0,60.75,54.19,53.12,44.0,61.61,38.4,1.1,79.0,True,True,True,True,True,True,True,True,True,8,True,베이스 없음
20260928,MLR,Miller Industries Inc,NYSE,54.03,79600.0,54.02,49.42,47.17,35.72,59.7,51.3,9.5,79.0,False,True,True,True,True,True,True,True,True,8,True,베이스 없음
20260928,NTCT,NetScout Systems  Inc.,NASDAQ,39.41,542400.0,39.11,37.19,34.86,25.2,45.28,56.4,13.0,79.0,False,True,True,True,True,True,True,True,True,8,True,2 형성중
20260928,PBFS,Pioneer Bancorp Inc,NASDAQ,17.72,11400.0,17.61,15.92,15.45,12.64,19.42,40.2,8.8,79.0,False,True,True,True,True,True,True,True,True,8,True,2a차
20260928,PRSU,Pursuit Attractions and Hospitality  Inc.,NYSE,49.65,142300.0,49.24,45.13,42.65,32.03,56.52,55.0,12.2,79.0,False,True,True,True,True,True,True,True,True,8,True,1 형성중
20260427,SEMR,SEMrush Holdings Inc,NYSE,12.0,2796600.0,11.92,10.61,9.99,6.56,12.01,83.0,0.1,79.0,False,True,True,True,True,True,True,True,True,8,True,1a차
20260928,TLX,Telix Pharmaceuticals Limited ADR,NASDAQ,11.62,850100.0,11.33,10.26,9.61,6.28,13.11,85.0,11.4,79.0,False,True,True,True,True,True,True,True,True,8,True,1 형성중
20260928,WTBA,West Bancorporation Inc,NASDAQ,28.96,64600.0,28.59,25.84,25.29,19.03,30.33,52.2,4.5,79.0,False,True,True,True,True,True,True,True,True,8,True,1a차
20260928,ZYME,Zymeworks Inc.,NASDAQ,27.12,638800.0,25.87,25.33,25.08,15.81,31.34,71.5,13.5,79.0,True,True,True,True,True,True,True,True,True,8,True,1 형성중
20260928,BAP,Credicorp Ltd,NYSE,385.95,197100.0,383.17,358.04,348.25,230.45,413.25,67.5,6.6,78.0,False,True,True,True,True,True,True,True,True,8,True,1a차
20260928,BDX,Becton Dickinson and Co,NYSE,183.83,1878500.0,177.44,161.98,161.86,127.59,193.07,44.1,4.8,78.0,True,True,True,True,True,True,True,True,True,8,True,베이스 없음
20260928,BTX,BlackRock Technology and Private Equity Term Trust,NYSE,8.86,365300.0,8.67,8.12,7.76,6.13,9.44,44.5,6.1,78.0,False,True,True,True,True,True,True,True,True,8,True,1 형성중
20260928,FBLA,FB Bancorp  Inc.,NASDAQ,16.45,55200.0,15.78,14.62,14.24,11.66,16.48,41.1,0.2,78.0,True,True,True,True,True,True,True,True,True,8,True,베이스 없음
20260928,FCFS,Firstcash Holdings Inc (Texas),NASDAQ,216.95,309600.0,214.89,211.79,201.07,146.08,238.93,48.5,9.2,78.0,False,True,True,True,True,True,True,True,True,8,True,2a차
20260928,IEX,IDEX Corporation,NYSE,231.15,651700.0,229.04,215.46,209.59,158.19,243.8,46.1,5.2,78.0,False,True,True,True,True,True,True,True,True,8,True,1a차
20260928,LLY,Eli Lilly and Company,NYSE,1184.78,1971200.0,1177.61,1076.69,1070.14,712.05,1292.65,66.4,8.3,78.0,False,True,True,True,True,True,True,True,True,8,True,1 형성중
20260928,MKTW,MarketWise Inc,NASDAQ,19.79,16600.0,19.1,17.71,17.16,13.49,22.83,46.7,13.3,78.0,True,True,True,True,True,True,True,True,True,8,True,2 형성중
20260928,NL,NLI Holdings Inc,NYSE,7.0,18300.0,6.46,6.2,6.14,5.04,8.6,38.9,18.6,78.0,True,True,True,True,True,True,True,True,True,8,True,1a차
20260928,OSUR,OraSure Technologies Inc,NASDAQ,3.95,848200.0,3.78,3.58,3.34,2.08,4.58,89.9,13.8,78.0,False,True,True,True,True,True,True,True,True,8,True,베이스 없음
20260928,RCBC,River City Bank,NASDAQ,50.58,57385.0,49.4,44.64,44.3,38.2,54.57,32.4,7.3,78.0,True,True,True,True,True,True,True,True,True,8,True,1a차
20260928,USCB,USCB Financial Holdings Inc,NASDAQ,22.65,61400.0,22.37,20.16,19.94,16.36,23.89,38.4,5.2,78.0,True,True,True,True,True,True,True,True,True,8,True,베이스 없음
20260928,AME,AMETEK Inc,NYSE,251.67,1408400.0,242.88,233.32,229.11,179.24,261.16,40.4,3.6,77.0,False,True,True,True,True,True,True,True,True,8,True,1a차
20260928,BBCP,Concrete Pumping Holdings Inc,NASDAQ,9.9,144600.0,9.81,8.86,8.3,5.56,12.19,78.2,18.8,77.0,False,True,True,True,True,True,True,True,True,8,True,2 형성중
20260928,BGR,BlackRock Energy and Resources Closed Fund,NYSE,17.12,282036.0,16.9,16.29,15.8,12.92,17.87,32.5,4.2,77.0,True,True,True,True,True,True,True,True,True,8,True,베이스 없음
20260928,BP,BP PLC ADR,NYSE,44.43,7516600.0,43.71,43.17,41.4,32.72,48.27,35.8,8.0,77.0,True,True,True,True,True,True,True,True,True,8,True,베이스 없음
20260928,CVLT,Commvault Systems  Inc.,NASDAQ,148.08,640800.0,137.98,116.17,114.92,71.75,196.88,106.4,24.8,77.0,False,True,True,True,True,True,True,True,True,8,True,1 형성중
20260928,EFSI,Eagle Financial Services Inc,NASDAQ,45.91,28378.0,42.99,39.7,39.63,31.44,48.17,46.0,4.7,77.0,True,True,True,True,True,True,True,True,True,8,True,베이스 없음
20260928,EHC,Encompass Health Corporation,NYSE,124.02,991100.0,119.5,109.08,107.84,92.77,127.99,33.7,3.1,77.0,True,True,True,True,True,True,True,True,True,8,True,베이스 없음
20260928,JCI,Johnson Controls International PLC,NYSE,148.89,3048700.0,145.22,141.65,136.81,104.49,157.06,42.5,5.2,77.0,False,True,True,True,True,True,True,True,True,8,True,1b차
20260814,LC,LendingClub Corp,NYSE,19.57,853700.0,17.94,17.3,17.29,12.64,21.67,54.9,9.7,77.0,True,True,True,True,True,True,True,True,True,8,True,1 형성중
20260928,LSBK,Lake Shore Bancorp Inc,NASDAQ,18.13,19000.0,17.46,16.42,16.1,12.5,19.08,45.0,5.0,77.0,True,True,True,True,True,True,True,True,True,8,True,1a차
20260928,LTC,LTC Properties  Inc.,NYSE,43.09,550400.0,41.24,39.27,38.49,33.64,43.6,28.1,1.2,77.0,True,True,True,True,True,True,True,True,True,8,True,베이스 없음
20260928,OPK,OPKO Health  Inc.,NASDAQ,1.63,1608600.0,1.46,1.32,1.32,0.98,1.74,66.3,6.6,77.0,True,True,True,True,True,True,True,True,True,8,True,베이스 없음
20260928,POWW,Outdoor Holding Company,NASDAQ,2.27,392200.0,2.21,2.13,2.05,1.4,2.67,62.1,15.0,77.0,False,True,True,True,True,True,True,True,True,8,True,1c차
20260928,TAK,Takeda Pharmaceutical Company Limited ADR,NYSE,18.9,2063000.0,17.92,17.3,17.07,12.99,19.1,45.5,1.0,77.0,True,True,True,True,True,True,True,True,True,8,True,베이스 없음
20260928,VOC,VOC Energy Units,NYSE,3.44,50500.0,3.28,3.23,3.15,2.63,3.84,30.8,10.4,77.0,True,True,True,True,True,True,True,True,True,8,True,베이스 없음
20260928,VRTX,Vertex Pharmaceuticals Incorporated,NASDAQ,527.67,823500.0,514.03,475.1,471.78,377.02,560.25,40.0,5.8,77.0,True,True,True,True,True,True,True,True,True,8,True,1 형성중
20260928,AFCG,Advanced Flower Capital Inc,NASDAQ,3.59,99000.0,3.18,3.03,2.93,2.06,4.2,74.3,14.5,76.0,True,True,True,True,True,True,True,True,True,8,True,베이스 없음
20260928,BGC,Bgc Group Inc,NASDAQ,11.77,2567200.0,11.61,11.01,10.52,8.27,12.89,42.3,8.7,76.0,False,True,True,True,True,True,True,True,True,8,True,1b차
20260928,CDRO,Codere Online Luxembourg SA,NASDAQ,9.81,10000.0,9.17,9.03,8.74,5.18,10.26,89.4,4.4,76.0,False,True,True,True,True,True,True,True,True,8,True,1 형성중
20260928,CZNC,Citizens & Northern Corp,NASDAQ,25.56,69400.0,25.38,23.3,22.92,18.87,26.37,35.5,3.1,76.0,False,True,True,True,True,True,True,True,True,8,True,베이스 없음
20260928,ETN,Eaton Corporation PLC,NYSE,431.41,2367400.0,419.67,401.33,386.97,311.92,478.0,38.3,9.7,76.0,False,True,True,True,True,True,True,True,True,8,True,2 형성중
20260928,FDBC,Fidelity D&D Bancorp Inc,NASDAQ,54.84,9900.0,53.92,48.96,48.05,39.87,56.9,37.5,3.6,76.0,True,True,True,True,True,True,True,True,True,8,True,베이스 없음
20260928,PAYO,Payoneer Global Inc,NASDAQ,7.14,2600700.0,7.12,6.0,5.94,4.08,7.19,75.0,0.7,76.0,False,True,True,True,True,True,True,True,True,8,True,베이스 없음
20260928,PBHC,Pathfinder Bancorp Inc (MARYLAND),NASDAQ,17.2,500.0,16.5,14.92,14.68,12.06,18.3,42.6,6.0,76.0,True,True,True,True,True,True,True,True,True,8,True,베이스 없음
20260928,PETZ,TDH Holdings Inc,NASDAQ,1.39,3200.0,1.32,1.21,1.17,0.81,1.82,71.6,23.8,76.0,False,True,True,True,True,True,True,True,True,8,True,1 형성중
20260928,QNBC,QNB Corp,NASDAQ,45.64,23796.0,44.39,42.9,41.18,34.0,46.0,34.2,0.8,76.0,False,True,True,True,True,True,True,True,True,8,True,베이스 없음
20260928,VABK,Virginia National Bankshares Corp,NASDAQ,48.91,11300.0,46.86,43.48,42.83,37.31,50.0,31.1,2.2,76.0,True,True,True,True,True,True,True,True,True,8,True,베이스 없음
20260928,VLGEA,Village Super Market Inc,NASDAQ,46.11,38200.0,43.62,42.81,41.24,30.08,48.21,53.3,4.4,76.0,True,True,True,True,True,True,True,True,True,8,True,1 형성중
20260928,AUC,ATIF Holdings Ltd,NASDAQ,9.28,6900.0,7.26,7.19,7.13,4.14,10.88,124.2,14.7,75.0,True,True,True,True,True,True,True,True,True,8,True,Stage2 아님
20260928,EGBN,Eagle Bancorp  Inc.,NASDAQ,28.45,316500.0,27.94,26.86,26.09,15.03,29.29,89.3,2.9,75.0,False,True,True,True,True,True,True,True,True,8,True,1a차
20260928,HSTM,HealthStream  Inc.,NASDAQ,29.14,144600.0,28.73,25.15,24.41,19.5,31.11,49.4,6.3,75.0,True,True,True,True,True,True,True,True,True,8,True,베이스 없음
20260928,JOF,Japan Smaller Capitalization Closed Fund,NYSE,12.65,33105.0,12.17,11.66,11.57,9.94,12.85,27.3,1.6,75.0,True,True,True,True,True,True,True,True,True,8,True,베이스 없음
20260504,LNKB,LINKBANCORP Inc,NASDAQ,8.69,0.0,8.58,8.16,7.92,6.55,9.59,32.7,9.4,75.0,False,True,True,True,True,True,True,True,True,8,True,1 형성중
20260928,SPNT,SIRIUSPOINT LTD.,NYSE,24.83,600800.0,24.29,23.13,22.58,17.39,26.5,42.8,6.3,75.0,True,True,True,True,True,True,True,True,True,8,True,3d차
20260928,ABBV,AbbVie Inc.,NYSE,266.28,4421300.0,257.26,232.87,230.62,190.75,269.39,39.6,1.2,74.0,True,True,True,True,True,True,True,True,True,8,True,베이스 없음
20260928,AUDC,AudioCodes Ltd,NASDAQ,10.55,157000.0,9.91,9.24,9.04,6.95,10.86,51.8,2.9,74.0,True,True,True,True,True,True,True,True,True,8,True,베이스 없음
20260928,DVN,Devon Energy Corporation,NYSE,46.73,9408700.0,46.67,46.19,44.36,31.47,52.71,48.5,11.3,74.0,True,True,True,True,True,True,True,True,True,8,True,베이스 없음
20260928,KPRX,Kiora Pharmaceuticals  Inc.,NASDAQ,2.67,6700.0,2.6,2.46,2.38,1.76,2.95,51.3,9.5,74.0,False,True,True,True,True,True,True,True,True,8,True,베이스 없음
20260928,LARK,Landmark Bancorp Inc,NASDAQ,31.95,8400.0,31.91,29.1,28.64,23.57,34.6,35.6,7.7,74.0,False,True,True,True,True,True,True,True,True,8,True,베이스 없음
20260928,LXFR,Luxfer Holdings PLC,NYSE,17.28,186400.0,17.11,15.66,15.4,11.26,19.45,53.5,11.2,74.0,False,True,True,True,True,True,True,True,True,8,True,1 형성중
20260928,NWFL,Norwood Financial Corp,NASDAQ,33.9,53700.0,33.85,31.47,30.97,23.82,35.48,42.3,4.5,74.0,False,True,True,True,True,True,True,True,True,8,True,1a차
20260928,PM,Philip Morris International Inc,NYSE,193.76,3910500.0,190.12,179.57,176.96,142.11,207.76,36.3,6.7,74.0,True,True,True,True,True,True,True,True,True,8,True,베이스 없음
20260928,TXO,TXO Partners Units,NYSE,14.27,117100.0,14.08,13.16,12.72,10.12,15.58,41.0,8.4,74.0,True,True,True,True,True,True,True,True,True,8,True,베이스 없음
20260928,BCAL,California Bancorp,NASDAQ,21.59,139000.0,21.47,19.77,19.55,15.85,22.41,36.2,3.7,73.0,False,True,True,True,True,True,True,True,True,8,True,베이스 없음
20260928,CLST,Catalyst Bancorp Inc,NASDAQ,17.784,300.0,17.45,16.67,16.41,13.15,20.5,35.2,13.2,73.0,True,True,True,True,True,True,True,True,True,8,True,베이스 없음
20260928,CRD.B,Crawford & Co Class B,NYSE,11.93,21400.0,11.55,10.56,10.56,8.78,13.59,35.9,12.2,73.0,False,True,True,True,True,True,True,True,True,8,True,베이스 없음
20260928,FNV,Franco-Nevada Corporation,NYSE,245.81,783800.0,244.13,238.49,236.98,181.5,285.67,35.4,14.0,73.0,True,True,True,True,True,True,True,True,True,8,True,1 형성중
20260928,MBBC,Marathon Bancorp Inc,NASDAQ,15.122,1300.0,15.07,14.55,14.04,10.32,15.79,46.5,4.2,73.0,False,True,True,True,True,True,True,True,True,8,True,1a차
20260928,PRAA,PRA Group Inc,NASDAQ,20.05,533500.0,18.96,17.98,17.28,10.25,22.55,95.6,11.1,73.0,False,True,True,True,True,True,True,True,True,8,True,1b차
20260928,SOTK,Sono-Tek Corp,NASDAQ,5.1,65000.0,5.06,4.83,4.64,3.4,6.24,50.0,18.3,73.0,False,True,True,True,True,True,True,True,True,8,True,베이스 없음
20260928,UTMD,Utah Medical Products Inc,NASDAQ,74.49,31400.0,71.39,68.04,66.07,53.66,76.89,38.8,3.1,73.0,True,True,True,True,True,True,True,True,True,8,True,1c차
20260928,WOR,Worthington Enterprises  Inc.,NYSE,60.87,395900.0,57.72,55.51,55.36,45.01,67.54,35.2,9.9,73.0,True,True,True,True,True,True,True,True,True,8,True,1 형성중
20260928,BHV,BlackRock Virginia Municipal Bond Closed Fund,NYSE,12.61,5670.0,12.61,11.8,11.52,10.04,15.15,25.6,16.8,72.0,False,True,True,True,True,True,True,True,True,8,True,베이스 없음
20260928,CRD.A,Crawford & Co Class A,NYSE,12.6,93500.0,12.45,11.17,11.13,8.89,13.9,41.7,9.4,72.0,False,True,True,True,True,True,True,True,True,8,True,2 형성중
20260928,DMLP,Dorchester Minerals Units,NASDAQ,28.33,88200.0,28.21,27.44,26.49,20.85,30.54,35.9,7.2,72.0,True,True,True,True,True,True,True,True,True,8,True,1 형성중
20260928,IAE,Voya Asia Pacific High Dividend Equity Income Fund,NYSE,8.85,73059.0,8.73,8.36,8.21,7.04,9.27,25.7,4.5,72.0,False,True,True,True,True,True,True,True,True,8,True,베이스 없음
20260928,NSTS,NSTS Bancorp Inc,NASDAQ,14.13,4600.0,13.95,13.26,13.03,10.72,14.17,31.8,0.3,72.0,False,True,True,True,True,True,True,True,True,8,True,베이스 없음
20260928,DBRG,DigitalBridge Group Inc,NYSE,15.98,3897900.0,15.91,15.69,15.52,8.94,16.0,78.7,0.1,71.0,False,True,True,True,True,True,True,True,True,8,True,1a차
20260928,IHD,Voya Emerging Markets High Dividend Equity Fund,NYSE,7.64,50832.0,7.51,7.3,7.14,5.93,8.14,28.8,6.1,71.0,False,True,True,True,True,True,True,True,True,8,True,1a차
20260928,IHG,InterContinental Hotels Group PLC ADR,NYSE,161.11,162300.0,158.17,152.07,149.13,117.29,175.89,37.4,8.4,71.0,False,True,True,True,True,True,True,True,True,8,True,2 형성중
20260928,PFBC,Preferred Bank,NASDAQ,109.02,172900.0,105.17,98.62,97.45,81.5,112.26,33.8,2.9,71.0,False,True,True,True,True,True,True,True,True,8,True,베이스 없음
20260928,UNM,Unum Group,NYSE,91.12,1334900.0,91.05,84.29,82.34,69.02,96.77,32.0,5.8,71.0,False,True,True,True,True,True,True,True,True,8,True,베이스 없음
20260928,EBF,Ennis Inc,NYSE,22.41,218200.0,21.72,21.2,20.67,16.3,22.94,37.5,2.3,70.0,True,True,True,True,True,True,True,True,True,8,True,1a차
20260928,FAST,Fastenal Company,NASDAQ,50.49,6644700.0,49.41,46.88,46.02,38.97,52.92,29.6,4.6,70.0,False,True,True,True,True,True,True,True,True,8,True,베이스 없음
20260928,GNE,Genie Energy Ltd,NYSE,16.0,74900.0,15.01,14.39,14.32,12.69,16.55,26.1,3.3,70.0,True,True,True,True,True,True,True,True,True,8,True,베이스 없음
20260928,NBBK,NB Bancorp Inc,NASDAQ,22.56,287500.0,22.54,21.36,21.25,16.84,23.47,34.0,3.9,70.0,False,True,True,True,True,True,True,True,True,8,True,베이스 없음
20260928,RILYG,BRC Group Holdings 5 00 Senior Notes due 2026,NASDAQ,24.72,14250.0,24.62,24.01,23.32,15.42,24.86,60.3,0.6,70.0,False,True,True,True,True,True,True,True,True,8,True,1a차
20260928,SHO,Sunstone Hotel Investors Inc,NYSE,11.3,1850200.0,11.25,10.58,10.22,8.69,12.07,30.0,6.4,70.0,False,True,True,True,True,True,True,True,True,8,True,1 형성중
20260928,TTC,The Toro Company,NYSE,97.07,592300.0,95.84,94.72,92.86,67.64,105.19,43.5,7.7,70.0,False,True,True,True,True,True,True,True,True,8,True,베이스 없음
20260928,V,Visa Inc.,NYSE,367.74,6381000.0,367.72,336.95,336.79,293.89,385.57,25.1,4.6,70.0,True,True,True,True,True,True,True,True,True,8,True,베이스 없음
20260928,ALP,Alpha Compute Corp,NASDAQ,5.3,46000.0,1.52,0.71,0.72,0.1,13.8,5478.9,61.6,99.0,True,True,False,True,True,True,False,True,True,6,False,Stage2 아님
20260928,BANL,CBL International Ltd,NASDAQ,4.465,16000.0,7.39,2.79,2.19,0.27,16.19,1578.6,72.4,99.0,False,True,True,True,True,True,False,True,False,6,False,1 형성중
20260928,BYND,Beyond Meat  Inc.,NASDAQ,8.52,1550900.0,9.98,3.83,3.1,0.5,18.51,1604.0,54.0,99.0,False,True,True,True,True,True,False,True,False,6,False,1 형성중
20260928,CCG,Cheche Group Inc,NASDAQ,9.92,42200.0,13.92,5.07,4.01,0.34,18.16,2775.4,45.4,99.0,False,True,True,True,True,True,False,True,False,6,False,2 형성중
20260928,CTSO,Cytosorbents Corp,NASDAQ,4.02,14300.0,1.93,1.02,0.93,0.3,7.44,1240.0,46.0,99.0,True,True,True,True,True,True,False,True,True,7,False,1 형성중
20260928,CURX,Curanex Pharmaceuticals Inc,NASDAQ,5.035,20500.0,3.47,1.4,1.14,0.18,6.8,2712.8,26.0,99.0,True,True,True,True,True,True,False,True,True,7,False,Stage2 아님
20260928,CXAI,CXApp Inc,NASDAQ,2.53,31200.0,3.18,1.19,0.97,0.11,9.45,2286.8,73.2,99.0,False,True,True,True,True,True,False,True,False,6,False,베이스 없음
20260928,DFNS,T3 Defense Inc,NASDAQ,7.21,271200.0,20.2,7.15,6.2,0.04,91.0,17066.7,92.1,99.0,False,True,True,True,True,True,False,True,False,6,False,1 형성중
20260928,GAUZ,Gauzy Ltd,NASDAQ,5.89,55100.0,2.02,1.09,1.07,0.23,8.52,2460.9,30.9,99.0,True,True,True,True,True,True,False,True,True,7,False,Stage2 아님
20260928,GOSS,Gossamer Bio  Inc.,NASDAQ,11.52,516400.0,3.01,1.21,1.59,0.11,12.54,10005.3,8.1,99.0,True,True,False,True,True,True,True,True,True,7,False,베이스 없음
20260928,GRML,Greenland Mines Ltd,NASDAQ,11.85,8923900.0,3.12,1.28,1.04,0.16,18.21,7496.2,34.9,99.0,True,True,True,True,True,True,False,True,True,7,False,2 형성중
20260928,GTBP,GT Biopharma Inc,NASDAQ,6.8,34900.0,2.44,1.09,0.98,0.22,11.98,2961.7,43.2,99.0,True,True,True,True,True,True,False,True,True,7,False,1 형성중
20260928,IMCC,IM Cannabis Corp,NASDAQ,2.48,319000.0,1.08,0.62,0.81,0.09,8.65,2783.7,71.3,99.0,True,True,False,True,True,True,False,True,True,6,False,Stage2 아님
20260928,IMMP,Immutep Ltd ADR,NASDAQ,4.84,48853.0,0.45,0.65,1.2,0.26,5.36,1786.9,9.7,99.0,True,True,False,False,False,True,True,True,True,5,False,베이스 없음
20260928,MGRT,Mega Fortune Co Ltd,NASDAQ,118.0,4800.0,102.62,80.14,61.79,3.9,170.0,2925.6,30.6,99.0,True,True,True,True,True,True,False,True,True,7,False,Stage2 아님
20260928,NFE,New Fortress Energy Inc.,NASDAQ,6.48,321600.0,2.74,1.36,1.34,0.23,16.9,2716.2,61.7,99.0,True,True,True,True,True,True,False,True,True,7,False,베이스 없음
20260928,NRDY,Nerdy Inc.,NYSE,8.49,14200.0,7.78,3.18,2.65,0.73,12.8,1063.0,33.6,99.0,False,True,True,True,True,True,False,True,True,7,False,1 형성중
20260928,NXL,Nexalin Technology Inc,NASDAQ,4.27,5700.0,2.42,1.11,1.08,0.3,7.79,1300.0,45.2,99.0,True,True,True,True,True,True,False,True,True,7,False,1 형성중
20260928,QH,Quhuo Ltd,NASDAQ,3.88,14800.0,4.41,3.39,2.8,0.02,12.81,22723.5,69.7,99.0,False,True,True,True,True,True,False,True,False,6,False,Stage2 아님
20260928,SFWL,SHENGFENG DEVELOPMENT Ltd,NASDAQ,8.9,4800.0,3.34,1.71,1.52,0.56,12.0,1475.2,25.8,99.0,True,True,True,True,True,True,False,True,True,7,False,베이스 없음
20260928,TANH,Tantech Holdings Ltd,NASDAQ,17.5,53300.0,6.19,2.41,2.05,0.2,29.84,8597.8,41.4,99.0,True,True,True,True,True,True,False,True,True,7,False,1 형성중
20260928,TRIB,Trinity Biotech PLC ADR,NASDAQ,6.72,2400.0,9.6,3.61,2.92,0.31,14.17,2067.7,52.6,99.0,False,True,True,True,True,True,False,True,False,6,False,1 형성중
20260928,AEHL,Antelope Enterprise Holdings Ltd,NASDAQ,8.23,54800.0,5.68,2.87,4.15,0.27,26.16,2948.1,68.5,98.0,True,True,False,False,True,True,False,True,True,5,False,1 형성중
20260928,AEMD,Aethlon Medical Inc,NASDAQ,6.38,141100.0,2.86,2.22,2.33,0.53,9.5,1103.8,32.8,98.0,True,True,False,False,True,True,False,True,True,5,False,Stage2 아님
20260928,AGL,agilon health  inc.,NYSE,79.53,211800.0,94.34,69.29,56.54,7.48,133.04,963.2,40.2,98.0,False,True,True,True,True,True,False,True,False,6,False,1 형성중
20260928,AXTI,AXT  Inc.,NASDAQ,73.67,6995100.0,65.99,72.12,59.02,4.0,143.16,1741.8,48.5,98.0,False,True,True,True,False,True,False,True,True,6,False,2 형성중
20260928,BIAF,bioAffinity Technologies Inc,NASDAQ,7.41,481000.0,4.03,2.64,2.29,0.32,20.35,2180.0,63.6,98.0,True,True,True,True,True,True,False,True,True,7,False,1 형성중
20260928,BRTX,BioRestorative Therapies Inc,NASDAQ,2.31,49400.0,0.95,0.51,0.63,0.14,3.23,1521.1,28.5,98.0,True,True,False,True,True,True,False,True,True,6,False,1 형성중
20260928,BTLN,Brightline Interactive  Inc.,NASDAQ,5.25,66754.0,0.96,0.76,0.8,0.42,6.56,1150.0,20.0,98.0,True,True,False,False,True,True,True,True,True,6,False,Stage2 아님
20260928,BVC,BitVentures Ltd,NASDAQ,12.03,88700.0,13.08,10.87,9.79,0.7,18.0,1618.6,33.2,98.0,False,True,True,True,True,True,False,True,False,6,False,3 형성중
20260928,CHGA,Change Agents Corp,NASDAQ,1.98,88600.0,1.12,0.76,0.92,0.21,4.72,842.9,58.0,98.0,True,True,False,False,True,True,False,True,True,5,False,Stage2 아님
20260928,CLGN,Collplant Biotechnologies Ltd,NASDAQ,3.87,31200.0,1.5,0.79,0.94,0.26,4.78,1365.9,19.0,98.0,True,True,False,True,True,True,True,True,True,7,False,Stage2 아님
20260928,CSAI,Cloudastructure Inc,NASDAQ,2.61,1532300.0,4.24,1.76,1.54,0.18,10.2,1391.4,74.4,98.0,False,True,True,True,True,True,False,True,False,6,False,Stage2 아님
20260928,DBGI,Digital Brands Group Inc,NASDAQ,4.75,115200.0,10.13,4.45,5.79,0.26,30.93,1741.1,84.6,98.0,False,False,False,False,True,True,False,True,False,3,False,Stage2 아님
20260928,DCX,Digital Currency X Technology Inc,NASDAQ,6.17,112500.0,0.83,1.56,2.35,0.05,609.6,13430.7,99.0,98.0,True,True,False,False,False,True,False,True,True,4,False,Stage2 아님
20260928,DKI,DarkIris Inc,NASDAQ,2.6,18600.0,3.58,3.0,2.36,0.28,11.8,812.3,78.0,98.0,False,False,True,True,True,True,False,True,False,5,False,Stage2 아님
20260928,DLXY,Delixy Holdings Ltd,NASDAQ,2.41,1863415.0,0.51,0.58,0.66,0.34,7.0,608.8,65.6,98.0,True,True,False,False,False,True,False,True,True,4,False,Stage2 아님
20260928,DUKR,DUKE Robotics Corp,NASDAQ,5.39,5700.0,5.44,6.63,5.05,0.18,14.2,2962.5,62.0,98.0,False,False,True,True,False,True,False,True,False,4,False,2 형성중
20260928,EDRY,EuroDry Ltd,NASDAQ,51.82,168100.0,43.98,28.83,25.02,11.94,73.07,333.8,29.1,98.0,True,True,True,True,True,True,False,True,True,7,False,3 형성중
20260928,EPOW,E-Power Inc,NASDAQ,5.2,25000.0,1.23,0.88,0.88,0.26,7.66,1899.2,32.1,98.0,True,True,False,True,True,True,False,True,True,6,False,1 형성중
20260928,FBGL,FBS Global Ltd,NASDAQ,4.3,41200.0,0.52,0.59,0.67,0.32,4.3,1223.1,0.0,98.0,True,True,False,False,False,True,True,True,True,5,False,Stage2 아님
20260928,FFAI,Faraday Future Intelligent Electric Inc,NASDAQ,1.41,17914600.0,3.93,1.53,1.39,0.12,21.3,1126.1,93.4,98.0,False,False,True,True,True,True,False,True,False,5,False,Stage2 아님
20260928,GLMD,Galmed Pharmaceuticals Ltd,NASDAQ,3.63,3889.0,3.04,1.42,1.27,0.41,5.45,783.2,33.4,98.0,True,True,True,True,True,True,False,True,True,7,False,1 형성중
20260928,IPDN,Professional Diversity Network Inc,NASDAQ,3.89,159600.0,1.04,0.94,1.05,0.1,7.7,3743.9,49.5,98.0,True,True,False,True,False,True,False,True,True,5,False,1 형성중
20260928,JUNS,Jupiter Neurosciences Inc,NASDAQ,2.51,53000.0,3.9,1.52,1.36,0.07,17.92,3435.2,86.0,98.0,False,True,True,True,True,True,False,True,False,6,False,Stage2 아님
20260928,LGVN,Longeveron Inc,NASDAQ,2.63,97000.0,2.48,1.37,1.17,0.48,7.6,453.7,65.4,98.0,True,True,True,True,True,True,False,True,True,7,False,베이스 없음
20260928,MSGY,Masonglory Ltd,NASDAQ,3.13,9229700.0,1.96,0.98,1.36,0.23,22.2,1243.3,85.9,98.0,True,True,False,True,True,True,False,True,True,6,False,Stage2 아님
20260928,MXL,MaxLinear  Inc.,NASDAQ,90.0,3286500.0,72.01,63.02,51.86,12.77,128.3,604.8,29.9,98.0,True,True,True,True,True,True,False,True,True,7,False,1 형성중
20260928,NRSN,Neurosense Therapeutics Ltd,NASDAQ,5.1,61500.0,1.86,1.14,1.08,0.25,7.5,1940.0,32.0,98.0,True,True,True,True,True,True,False,True,True,7,False,1 형성중
20260928,NVX,NOVONIX Ltd ADR,NASDAQ,2.69,16500.0,1.41,0.93,0.97,0.37,3.86,629.0,30.3,98.0,True,True,False,True,True,True,False,True,True,6,False,Stage2 아님
20260928,PRPL,Purple Innovation Inc,NASDAQ,2.43,15600.0,5.36,2.14,1.78,0.28,10.0,774.1,75.7,98.0,False,True,True,True,True,True,False,True,False,6,False,1 형성중
20260928,REAX,Real Remax Group  Inc.,NASDAQ,16.03,636800.0,9.41,4.59,4.34,1.55,27.85,934.2,42.4,98.0,True,True,True,True,True,True,False,True,True,7,False,1 형성중
20260928,RFAI,RF Acquisition Corp II,NASDAQ,37.0,21200.0,25.55,15.82,14.56,8.94,73.0,313.9,49.3,98.0,True,True,True,True,True,True,False,True,True,7,False,1 형성중
20260928,SLS,Sellas Life Sciences Group Inc,NASDAQ,11.59,3752700.0,12.37,8.92,7.59,1.39,15.88,733.8,27.0,98.0,False,True,True,True,True,True,False,True,False,6,False,4 형성중
20260928,SMXT,SolarMax Technology Inc,NASDAQ,2.28,8700.0,1.92,1.01,0.97,0.29,4.78,678.2,52.3,98.0,False,True,True,True,True,True,False,True,True,7,False,Stage2 아님
20260928,SNDK,SanDisk Corporation,NASDAQ,1712.89,6632000.0,1523.92,1346.01,1115.38,94.39,2354.39,1714.7,27.2,98.0,False,True,True,True,True,True,False,True,True,7,False,3 형성중
20260928,SVRN,Oceanpal Inc,NASDAQ,52.055,273000.0,12.24,9.89,12.53,3.12,61.45,1568.4,15.3,98.0,True,True,False,False,False,True,True,True,True,5,False,Stage2 아님
20260928,TNMG,TNL Mediagene,NASDAQ,4.39,30300.0,1.41,1.32,1.81,0.31,12.28,1330.0,64.3,98.0,True,True,False,False,False,True,False,True,True,4,False,1a차
20260928,TNON,Tenon Medical Inc,NASDAQ,2.86,191000.0,4.16,1.83,1.6,0.12,17.84,2188.0,84.0,98.0,False,True,True,True,True,True,False,True,False,6,False,Stage2 아님
20260928,VEEA,Veea Inc,NASDAQ,2.86,170300.0,1.38,0.83,0.77,0.17,8.88,1560.9,67.8,98.0,True,True,True,True,True,True,False,True,True,7,False,1 형성중
20260928,WCT,Wellchange Holdings Co Ltd,NASDAQ,7.94,1096100.0,2.93,2.57,4.04,0.38,21.4,1989.5,62.9,98.0,True,True,False,False,False,True,False,True,True,4,False,Stage2 아님
20260928,AEHR,Aehr Test Systems,NASDAQ,98.49,2106700.0,95.17,81.83,67.79,18.7,147.4,426.7,33.2,97.0,False,True,True,True,True,True,False,True,True,7,False,5 형성중
20260928,AGPU,Axe Compute Inc,NASDAQ,12.15,162900.0,9.74,6.58,6.19,1.03,32.1,1079.6,62.1,97.0,True,True,True,True,True,True,False,True,True,7,False,Stage2 아님
20260928,ANRO,Alto Neuroscience Inc,NYSE,26.66,587000.0,30.84,25.57,23.4,3.77,37.48,607.2,28.9,97.0,False,True,True,True,True,True,False,True,False,6,False,4 형성중
20260928,ANTX,AN2 Therapeutics Inc,NASDAQ,5.01,318500.0,5.46,4.51,3.67,1.0,7.19,401.0,30.3,97.0,False,True,True,True,True,True,False,True,False,6,False,2 형성중
20260928,ASBP,Aspire Biopharma Holdings Inc,NASDAQ,8.5,55900.0,7.92,4.73,4.27,0.11,18.76,7627.3,54.7,97.0,True,True,True,True,True,True,False,True,True,7,False,2 형성중
20260928,ATEX,Anterix Inc.,NASDAQ,81.75,188800.0,90.05,68.73,57.82,17.58,113.0,365.0,27.7,97.0,False,True,True,True,True,True,False,True,False,6,False,3 형성중
20260928,CHRN,Chronoscale Corp,NASDAQ,19.815,92800.0,21.24,16.92,14.7,3.5,30.0,466.1,33.9,97.0,False,True,True,True,True,True,False,True,False,6,False,4 형성중
20260928,CLYM,Climb Bio Inc,NASDAQ,11.74,811000.0,14.14,11.22,9.54,1.54,18.33,662.3,36.0,97.0,False,True,True,True,True,True,False,True,False,6,False,4 형성중
20260928,CPOP,Pop Culture Group Co Ltd,NASDAQ,4.93,31700.0,1.23,2.29,2.77,0.23,26.1,2002.3,81.1,97.0,True,True,False,False,False,True,False,True,True,4,False,Stage2 아님
20260928,ERAS,Erasca  Inc.,NASDAQ,14.13,3597300.0,17.31,15.69,13.68,1.78,24.28,696.1,41.8,97.0,False,False,True,True,True,True,False,True,False,5,False,1 형성중
20260928,ETS,Elite Express Holding Inc,NASDAQ,1.64,131300.0,1.23,0.82,0.74,0.39,2.75,320.5,40.4,97.0,True,True,True,True,True,True,False,True,True,7,False,1 형성중
20260928,FIRY,Firy Inc,NYSE,12.51,203800.0,9.99,7.42,6.63,2.23,20.0,461.0,37.4,97.0,True,True,True,True,True,True,False,True,True,7,False,2 형성중
20260928,IZM,ICZOOM Group Inc,NASDAQ,1.26,50200.0,0.45,0.46,0.71,0.21,2.73,507.5,53.8,97.0,True,True,False,False,False,True,False,True,True,4,False,1a차
20260928,MAAS,Maase Inc,NASDAQ,17.95,647800.0,16.89,12.26,10.55,2.85,24.9,529.8,27.9,97.0,False,True,True,True,True,True,False,True,True,7,False,3c차
20260928,MBAI,Mbody Ai Ltd,NASDAQ,4.02,17000.0,5.57,2.9,2.61,0.97,10.21,314.4,60.6,97.0,False,True,True,True,True,True,False,True,False,6,False,1 형성중
20260928,MTC,MMTEC Inc,NASDAQ,5.3,10600.0,4.0,4.66,4.32,0.25,9.1,2011.6,41.7,97.0,True,True,True,True,False,True,False,True,True,6,False,1 형성중
20260928,MYSZ,My Size Inc,NASDAQ,1.63,46100.0,1.92,1.01,0.95,0.36,4.28,352.8,61.9,97.0,False,True,True,True,True,True,False,True,False,6,False,Stage2 아님
20260928,NWGL,CL Workshop Group Ltd ADR,NASDAQ,1.34,27200.0,0.75,0.78,0.9,0.19,1.98,601.6,32.3,97.0,True,True,False,True,False,True,False,True,True,5,False,Stage2 아님
20260928,NXTT,Next Technology Holding Inc,NASDAQ,5.24,30000.0,10.33,4.64,4.95,0.06,104.0,9093.0,95.0,97.0,False,True,False,False,True,True,False,True,False,4,False,Stage2 아님
20260928,OESX,Orion Energy Systems Inc,NASDAQ,30.46,47700.0,20.35,13.37,13.95,7.84,31.32,288.5,2.7,97.0,True,True,False,True,True,True,True,True,True,7,False,베이스 없음
20260928,OMH,Ohmyhome Ltd,NASDAQ,2.45,43900.0,1.41,1.25,1.18,0.23,3.75,965.2,34.7,97.0,True,True,True,True,True,True,False,True,True,7,False,Stage2 아님
20260928,ONFO,Onfolio Holdings Inc,NASDAQ,1.06,2277600.0,1.47,0.93,0.87,0.04,6.6,2485.4,83.9,97.0,False,True,True,True,True,True,False,True,False,6,False,베이스 없음
20260928,ORKA,Oruka Therapeutics Inc,NASDAQ,84.19,923300.0,96.53,72.87,62.56,14.89,115.52,465.4,27.1,97.0,False,True,True,True,True,True,False,True,False,6,False,4 형성중
20260928,SWVL,Swvl Holdings Corp,NASDAQ,4.35,86800.0,2.91,2.0,2.0,1.3,8.48,234.6,48.7,97.0,True,True,False,True,True,True,False,True,True,6,False,1 형성중
20260928,SYRE,Spyre Therapeutics Inc,NASDAQ,85.79,1045400.0,97.02,77.18,66.24,15.49,110.18,453.8,22.1,97.0,False,True,True,True,True,True,True,True,False,7,False,2 형성중
20260928,THH,TryHard Holdings Ltd,NASDAQ,1.68,24900.0,1.65,0.79,3.17,0.19,55.05,784.2,96.9,97.0,False,False,False,False,False,True,False,True,True,3,False,Stage2 아님
20260928,UCAR,U Power Ltd,NASDAQ,4.328,11400.0,2.09,2.72,5.89,0.38,21.9,1038.9,80.2,97.0,True,False,False,False,False,True,False,True,True,3,False,Stage2 아님
20260928,VBIO,Valion Bio Inc,NASDAQ,2.7,219900.0,1.43,1.13,1.32,0.4,5.6,575.2,51.8,97.0,True,True,False,False,True,True,False,True,True,5,False,Stage2 아님
20260928,VICR,Vicor Corporation,NASDAQ,285.1,695800.0,214.55,236.83,211.98,47.56,382.65,499.5,25.5,97.0,False,True,True,True,False,True,False,True,True,6,False,베이스 없음
20260928,AMLX,Amylyx Pharmaceuticals  Inc.,NASDAQ,29.85,977000.0,28.13,19.64,18.1,10.83,41.14,175.6,27.4,96.0,True,True,True,True,True,True,False,True,True,7,False,1 형성중
20260928,APPS,Digital Turbine  Inc.,NASDAQ,11.22,2871600.0,10.82,7.51,6.87,2.74,15.34,309.5,26.9,96.0,False,True,True,True,True,True,False,True,True,7,False,3 형성중
20260928,ASST,Strive Inc,NASDAQ,29.0,7237300.0,19.61,15.27,15.28,7.02,54.8,313.1,47.1,96.0,True,True,False,True,True,True,False,True,True,6,False,Stage2 아님
20260928,BBGI,Beasley Broadcast Group Inc,NASDAQ,14.59,60800.0,19.74,16.23,13.51,3.14,29.3,364.6,50.2,96.0,False,False,True,True,True,True,False,True,False,5,False,2 형성중
20260928,BE,Bloom Energy Corporation,NYSE,262.87,15522000.0,230.63,229.35,203.72,66.62,351.28,294.6,25.2,96.0,False,True,True,True,True,True,False,True,True,7,False,2 형성중
20260928,CIIT,Tianci International Inc,NASDAQ,2.715,15900.0,3.15,2.06,2.37,0.26,7.14,944.2,62.0,96.0,False,True,False,False,True,True,False,True,False,4,False,Stage2 아님
20260928,CNET,ZW Data Action Technologies Inc,NASDAQ,2.04,756200.0,1.33,0.98,1.03,0.57,2.87,257.9,28.9,96.0,True,True,False,False,True,True,False,True,True,5,False,1a차
20260928,CUE,Cue Biopharma  Inc.,NASDAQ,27.45,237700.0,29.39,22.98,19.82,4.98,45.5,451.2,39.7,96.0,False,True,True,True,True,True,False,True,False,6,False,2 형성중
20260928,DFTX,Definium Therapeutics Inc,NASDAQ,38.41,2994400.0,41.66,30.65,26.76,9.53,49.7,303.0,22.7,96.0,False,True,True,True,True,True,True,True,False,7,False,4 형성중
20260928,DOCN,DigitalOcean Holdings  Inc.,NYSE,136.29,1814500.0,124.51,119.53,103.33,33.68,187.5,304.6,27.3,96.0,False,True,True,True,True,True,False,True,True,7,False,4 형성중
20260928,GRAL,Grail Inc,NASDAQ,132.63,1109300.0,79.29,64.9,72.87,41.5,134.42,219.6,1.3,96.0,True,True,False,False,True,True,True,True,True,6,False,베이스 없음
20260928,IBRX,Immunitybio Inc,NASDAQ,8.52,10395300.0,7.85,7.91,7.06,1.95,12.43,336.9,31.5,96.0,True,True,True,True,False,True,False,True,True,6,False,베이스 없음
20260928,MAGH,Magnitude International Ltd,NASDAQ,6.76,0.0,6.76,6.76,6.66,0.99,6.94,582.8,2.6,96.0,False,False,True,True,False,True,True,True,False,5,False,자료 부족
20260928,MAMK,MaxsMaking Inc,NASDAQ,13.0,0.0,13.0,13.0,13.0,1.9,14.3,583.9,9.1,96.0,False,False,False,True,False,True,True,True,False,4,False,자료 부족
20260928,NTRB,Nutriband Inc,NASDAQ,8.23,282600.0,4.69,4.01,4.14,2.8,9.18,193.9,10.4,96.0,True,True,False,True,True,True,True,True,True,7,False,베이스 없음
20260928,NUAI,New Era Energy & Digital Inc,NASDAQ,6.96,7451400.0,5.48,5.01,4.94,1.47,9.44,373.5,26.3,96.0,True,True,True,True,True,True,False,True,True,7,False,베이스 없음
20260928,NVCT,Nuvectis Pharma Inc,NASDAQ,20.81,137900.0,21.51,14.73,13.12,5.55,29.28,275.0,28.9,96.0,False,True,True,True,True,True,False,True,False,6,False,3 형성중
20260928,QTTB,Q32 Bio Inc.,NASDAQ,9.23,983000.0,13.86,10.2,8.56,1.79,23.57,415.4,60.8,96.0,False,False,True,True,True,True,False,True,False,5,False,4 형성중
20260928,RCON,Recon Technology Ltd,NASDAQ,1.34,147300.0,8.57,3.38,2.88,0.03,90.0,4366.7,98.5,96.0,False,False,True,True,True,True,False,True,False,5,False,베이스 없음
20260928,ROMA,Roma Green Finance Ltd,NASDAQ,8.52,800.0,9.09,7.27,6.0,1.16,11.77,634.5,27.6,96.0,False,True,True,True,True,True,False,True,False,6,False,2 형성중
20260928,RXT,Rackspace Technology Inc,NASDAQ,3.79,3038600.0,3.86,3.61,2.92,0.39,8.6,864.4,55.9,96.0,False,True,True,True,True,True,False,True,False,6,False,1 형성중
20260717,SKLZ,Skillz Inc,NYSE,8.3,66066.0,7.76,5.22,5.68,2.23,20.0,272.2,58.5,96.0,True,True,False,True,True,True,False,True,True,6,False,1 형성중
20260928,WDC,Western Digital Corp,NASDAQ,453.23,7268700.0,473.81,449.29,393.23,105.42,799.87,329.9,43.3,96.0,False,True,True,True,True,True,False,True,False,6,False,4 형성중
20260928,XHG,XChange TEC.INC ADR,NASDAQ,2.27,11200.0,2.41,1.43,1.3,0.65,7.23,249.2,68.6,96.0,False,True,True,True,True,True,False,True,False,6,False,Stage2 아님
20260928,AMBQ,Ambiq Micro  Inc.,NYSE,68.3,278000.0,64.27,56.95,50.42,22.12,91.61,208.8,25.4,95.0,False,True,True,True,True,True,False,True,True,7,False,베이스 없음
20260928,AP,Ampco-Pittsburgh Corp,NYSE,8.88,72400.0,8.62,9.11,8.25,1.75,12.81,407.4,30.7,95.0,False,False,True,True,False,True,False,True,True,5,False,3 형성중
20260928,ARCT,Arcturus Therapeutics Holdings Inc,NASDAQ,14.46,824600.0,11.0,8.75,8.34,5.5,24.17,162.9,40.2,95.0,True,True,True,True,True,True,False,True,True,7,False,1 형성중
20260928,BLZE,Backblaze Inc,NASDAQ,13.54,1345400.0,14.87,9.66,8.41,3.26,23.99,315.2,43.6,95.0,False,True,True,True,True,True,False,True,False,6,False,2 형성중
20260928,CJMB,Callan JMB Inc,NASDAQ,2.28,96500.0,2.06,1.44,1.53,0.65,5.61,250.8,59.4,95.0,False,True,False,False,True,True,False,True,True,5,False,Stage2 아님
20260928,CSTE,Caesarstone Ltd,NASDAQ,2.87,26200.0,2.8,1.97,1.98,0.56,3.84,412.5,25.3,95.0,False,True,False,True,True,True,False,True,True,6,False,3 형성중
20260928,ENTX,Entera Bio Ltd,NASDAQ,2.69,340900.0,2.87,1.83,1.78,0.91,4.2,195.6,36.0,95.0,False,True,True,True,True,True,False,True,False,6,False,1 형성중
20260928,EVC,Entravision Communications Corp,NYSE,7.28,1281600.0,9.23,7.43,6.34,1.95,13.74,273.3,47.0,95.0,False,False,True,True,True,True,False,True,False,5,False,3 형성중
20260928,FATE,Fate Therapeutics Inc,NASDAQ,2.38,1145400.0,2.51,2.05,1.82,0.95,3.23,150.5,26.3,95.0,False,True,True,True,True,True,False,True,False,6,False,2 형성중
20260928,FORM,FormFactor Inc,NASDAQ,130.97,1332400.0,112.6,118.14,106.55,34.8,160.27,276.4,18.3,95.0,False,True,True,True,False,True,True,True,True,7,False,4 형성중
20260928,FSLY,Fastly  Inc.,NASDAQ,24.92,5085400.0,23.84,22.61,19.65,7.74,34.82,222.2,28.4,95.0,False,True,True,True,True,True,False,True,True,7,False,1 형성중
20260928,FTH,Faeth Therapeutics  Inc,NASDAQ,27.77,195600.0,31.66,27.71,23.48,7.45,42.14,272.8,34.1,95.0,False,True,True,True,True,True,False,True,False,6,False,2 형성중
20260928,HHS,Harte Hanks Inc,NASDAQ,4.6,16900.0,3.51,2.9,2.94,2.0,4.67,130.0,1.5,95.0,True,True,False,True,True,True,True,True,True,7,False,1a차
20260928,HOWL,Werewolf Therapeutics Inc,NASDAQ,0.93,699300.0,0.69,0.64,0.65,0.27,2.38,244.4,60.9,95.0,True,True,False,False,True,True,False,True,True,5,False,베이스 없음
20260928,ICHR,Ichor Holdings  Ltd.,NASDAQ,59.42,615400.0,64.89,66.74,57.09,14.06,113.58,322.6,47.7,95.0,False,False,True,True,False,True,False,True,False,4,False,베이스 없음
20260928,IRD,Opus Genetics Inc,NASDAQ,5.05,1161400.0,4.19,4.42,3.93,1.5,7.07,236.7,28.6,95.0,True,True,True,True,False,True,False,True,True,6,False,1 형성중
20260928,LQDA,Liquidia Corporation,NASDAQ,73.67,1195300.0,75.75,59.45,53.91,21.15,93.61,248.3,21.3,95.0,False,True,True,True,True,True,True,True,False,7,False,4 형성중
20260928,OPAD,Offerpad Solutions Inc,NASDAQ,3.27,16200.0,4.16,2.68,2.33,0.57,7.05,473.7,53.6,95.0,False,True,True,True,True,True,False,True,False,6,False,Stage2 아님
20260928,OPTX,Syntec Optics Holdings  Inc,NASDAQ,7.09,212800.0,7.62,8.62,7.55,1.18,14.92,500.8,52.5,95.0,False,False,True,True,False,True,False,True,False,4,False,베이스 없음
20260928,PENG,Penguin Solutions Inc,NASDAQ,54.98,1337400.0,53.53,45.25,38.88,16.04,89.86,242.8,38.8,95.0,False,True,True,True,True,True,False,True,True,7,False,2 형성중
20260928,PRAX,Praxis Precision Medicines  Inc.,NASDAQ,285.65,436700.0,334.5,321.94,315.84,46.99,392.7,507.9,27.3,95.0,False,False,True,True,True,True,False,True,False,5,False,베이스 없음
20260928,PSIG,PS International Group Ltd,NASDAQ,4.58,1137800.0,2.11,4.98,4.91,1.03,12.0,344.7,61.8,95.0,False,False,True,False,False,True,False,True,True,4,False,베이스 없음
20260928,QXL,Quantum X Labs Inc,NASDAQ,4.61,47500.0,4.76,3.86,3.3,0.96,7.7,380.0,40.1,95.0,False,True,True,True,True,True,False,True,False,6,False,Stage2 아님
20260928,RLAY,Relay Therapeutics  Inc.,NASDAQ,17.69,1843500.0,19.18,15.58,13.74,4.32,21.27,309.5,16.8,95.0,False,True,True,True,True,True,True,True,False,7,False,3 형성중
20260928,SDGR,Schrodinger Inc,NASDAQ,29.5,2130100.0,19.98,15.57,15.71,10.94,31.59,169.5,6.6,95.0,True,True,False,True,True,True,True,True,True,7,False,베이스 없음
20260928,SGHT,Sight Sciences  Inc.,NASDAQ,9.27,468500.0,7.39,5.52,5.88,3.19,9.34,190.6,0.7,95.0,True,True,False,True,True,True,True,True,True,7,False,베이스 없음
20260928,SKYE,Skye Bioscience  Inc.,NASDAQ,1.61,51000.0,1.14,0.88,0.9,0.26,4.99,531.4,67.7,95.0,True,True,False,True,True,True,False,True,True,6,False,1 형성중
20260928,TEAM,Atlassian Corp,NASDAQ,178.54,3658500.0,156.01,105.78,111.92,56.01,200.0,218.8,10.7,95.0,True,True,False,True,True,True,True,True,True,7,False,베이스 없음
20260928,UZX,Linkage Global Inc,NASDAQ,1.37,48700.0,0.36,0.7,0.95,0.07,3.1,1810.7,55.8,95.0,True,True,False,False,False,True,False,True,True,4,False,Stage2 아님
20260928,ACRS,Aclaris Therapeutics  Inc.,NASDAQ,5.43,2429100.0,5.76,4.78,4.4,1.74,6.6,212.1,17.7,94.0,False,True,True,True,True,True,True,True,False,7,False,5 형성중
20260928,ALAB,Astera Labs  Inc.,NASDAQ,351.31,4069500.0,305.98,262.93,237.13,97.89,499.48,258.9,29.7,94.0,False,True,True,True,True,True,False,True,True,7,False,1 형성중
20260928,ASTC,Astrotech Corp,NASDAQ,7.64,63400.0,7.42,8.07,6.93,1.92,68.85,297.9,88.9,94.0,False,False,True,True,False,True,False,True,True,5,False,베이스 없음
20260928,ATRC,AtriCure  Inc.,NASDAQ,58.41,1161800.0,47.09,35.19,36.01,25.36,61.7,130.3,5.3,94.0,True,True,False,True,True,True,True,True,True,7,False,베이스 없음
20260928,BOLD,Boundless Bio  Inc.,NASDAQ,2.61,142200.0,2.75,1.94,1.75,0.96,3.16,171.6,17.5,94.0,False,True,True,True,True,True,True,True,False,7,False,2 형성중
20260928,BRR,ProCap Financial Inc,NASDAQ,3.91,952705.0,2.38,2.15,2.37,1.31,10.57,198.5,63.0,94.0,True,True,False,False,True,True,False,True,True,5,False,Stage2 아님
20260928,CADL,Candel Therapeutics Inc,NASDAQ,11.19,770800.0,11.35,8.52,7.84,4.35,14.0,157.2,20.1,94.0,False,True,True,True,True,True,True,True,False,7,False,2 형성중
20260928,CALC,CalciMedica Inc,NASDAQ,1.68,26600.0,1.34,1.23,2.03,0.46,7.2,264.7,76.7,94.0,True,False,False,False,False,True,False,True,True,3,False,베이스 없음
20260928,CMPS,Compass Pathways PLC ADR,NASDAQ,13.23,1782100.0,13.3,10.76,9.78,4.88,15.87,171.1,16.6,94.0,False,True,True,True,True,True,True,True,False,7,False,2 형성중
20260928,DK,Delek US Holdings Inc,NYSE,67.47,2395400.0,68.9,52.96,47.5,25.85,82.27,161.0,18.0,94.0,False,True,True,True,True,True,True,True,False,7,False,4 형성중
20260928,ENGS,Energys Group Ltd,NASDAQ,2.96,961700.0,2.78,1.93,1.68,0.57,12.48,419.3,76.3,94.0,False,True,True,True,True,True,False,True,True,7,False,Stage2 아님
20260928,INBX,Inhibrx Biosciences Inc,NASDAQ,101.71,188100.0,100.11,94.37,90.51,28.16,155.29,261.2,34.5,94.0,True,True,True,True,True,True,False,True,True,7,False,1 형성중
20260928,KOPN,Kopin Corp,NASDAQ,4.75,2712800.0,4.41,3.95,3.61,1.81,6.61,162.4,28.1,94.0,False,True,True,True,True,True,False,True,True,7,False,2 형성중
20260928,MAN,ManpowerGroup Inc.,NYSE,57.02,1090200.0,57.09,39.55,37.36,25.15,63.45,126.7,10.1,94.0,False,True,True,True,True,True,True,True,False,7,False,1 형성중
20260928,MBX,MBX Biosciences  Inc.,NASDAQ,57.54,439500.0,63.4,45.41,42.75,12.94,72.64,344.7,20.8,94.0,False,True,True,True,True,True,True,True,False,7,False,2 형성중
20260928,MNTK,Montauk Renewables Inc,NASDAQ,2.8,1155200.0,2.02,1.65,1.66,1.07,3.04,161.7,7.9,94.0,True,True,False,True,True,True,True,True,True,7,False,Stage2 아님
20260928,NCPL,Netcapital Inc,NASDAQ,1.08,1778800.0,0.53,0.54,0.59,0.21,2.75,421.7,60.7,94.0,True,True,False,False,False,True,False,True,True,4,False,Stage2 아님
20260928,NDLS,Noodles & Co,NASDAQ,13.45,56400.0,14.84,11.92,10.32,3.57,19.0,276.8,29.2,94.0,False,True,True,True,True,True,False,True,False,6,False,4 형성중
20260928,OFAL,OFA Group,NASDAQ,0.537,4907200.0,0.72,0.52,0.53,0.08,3.79,547.0,85.8,94.0,False,True,False,False,True,True,False,True,False,4,False,Stage2 아님
20260928,RDIB,Reading International Inc Class B,NASDAQ,16.33,30450.0,12.09,10.45,10.76,8.0,24.0,104.1,32.0,94.0,True,True,False,True,True,True,False,True,True,6,False,1 형성중
20260928,SPRB,Spruce Biosciences  Inc.,NASDAQ,47.51,42400.0,50.85,54.49,60.46,7.26,240.0,554.4,80.2,94.0,False,False,False,False,False,True,False,True,False,2,False,베이스 없음
20260928,STIM,Neuronetics Inc,NASDAQ,2.555,933100.0,2.63,1.84,1.8,0.8,3.44,219.4,25.7,94.0,False,True,True,True,True,True,False,True,False,6,False,1 형성중
20260928,TNGX,Tango Therapeutics  Inc.,NASDAQ,24.3,2413400.0,25.33,23.82,20.58,6.69,34.39,263.2,29.3,94.0,False,True,True,True,True,True,False,True,False,6,False,4 형성중
20260928,TVTX,Travere Therapeutics  Inc.,NASDAQ,61.57,1234800.0,61.92,48.24,44.37,22.06,68.73,179.2,10.4,94.0,True,True,True,True,True,True,True,True,False,7,False,2 형성중
20260928,UCTT,Ultra Clean Holdings Inc,NASDAQ,78.07,606700.0,79.27,81.14,70.53,21.49,144.22,263.3,45.9,94.0,False,False,True,True,False,True,False,True,False,4,False,2 형성중
20260928,URGN,UroGen Pharma Ltd.,NASDAQ,40.9,1149100.0,43.89,32.1,29.45,15.86,50.81,157.9,19.5,94.0,False,True,True,True,True,True,True,True,False,7,False,2 형성중
20260928,VIAV,Viavi Solutions Inc.,NASDAQ,40.87,6715800.0,38.15,41.29,36.19,12.05,60.43,239.2,32.4,94.0,False,False,True,True,False,True,False,True,True,5,False,베이스 없음
20260928,VSTS,Vestis Corporation,NYSE,13.45,889000.0,13.85,11.69,10.51,4.08,16.9,229.3,20.4,94.0,False,True,True,True,True,True,True,True,False,7,False,1 형성중
20260928,XGN,Exagen Inc.,NASDAQ,8.48,231000.0,6.77,4.71,4.81,2.59,12.23,227.4,30.7,94.0,True,True,False,False,True,True,False,True,True,5,False,1 형성중
20260928,AAOI,Applied Optoelectronics  Inc.,NASDAQ,96.82,8137800.0,111.59,130.14,107.34,18.5,233.67,423.4,58.6,93.0,False,False,True,True,False,True,False,True,False,4,False,베이스 없음
20260928,AIFA,All in Futuretech Alliance Inc,NASDAQ,4.18,176900.0,2.69,2.48,2.38,1.51,6.0,177.6,30.3,93.0,True,True,True,True,True,True,False,True,True,7,False,1 형성중
20260928,ARM,ARM Holdings PLC ADR,NASDAQ,283.33,9046700.0,265.2,243.88,212.05,100.02,452.7,183.3,37.4,93.0,False,True,True,True,True,True,False,True,True,7,False,2 형성중
20260928,BB,BlackBerry Limited,NYSE,8.8,30500000.0,8.31,7.11,6.28,3.12,13.59,182.1,35.2,93.0,False,True,True,True,True,True,False,True,True,7,False,2 형성중
20260928,DMRA,Damora Therapeutics Inc (Pre-Reincorporation),NASDAQ,20.75,514900.0,28.29,26.35,26.32,3.5,38.33,492.9,45.9,93.0,False,False,True,True,True,True,False,True,False,5,False,베이스 없음
20260928,ELPW,eLong Power Holding Ltd,NASDAQ,3.03,194700.0,3.31,3.3,41.18,0.08,1221.6,3687.5,99.8,93.0,False,False,False,False,False,True,False,True,False,2,False,Stage2 아님
20260928,ELVN,Enliven Therapeutics  Inc.,NASDAQ,46.01,1284600.0,55.53,45.34,39.66,14.78,62.32,211.2,26.2,93.0,False,True,True,True,True,True,False,True,False,6,False,3 형성중
20260928,FGI,FGI Industries Ltd,NASDAQ,7.7,15200.0,6.85,5.75,5.87,3.14,19.93,145.2,61.4,93.0,False,True,False,True,True,True,False,True,True,6,False,Stage2 아님
20260928,FRD,Friedman Industries Inc,NASDAQ,39.42,56400.0,40.55,29.02,26.76,16.55,48.77,138.2,19.2,93.0,False,True,True,True,True,True,True,True,False,7,False,2 형성중
20260928,HWH,HWH International Inc,NASDAQ,2.57,32512.0,1.8,1.42,1.49,0.88,3.12,192.0,17.6,93.0,True,True,False,True,True,True,True,True,True,7,False,Stage2 아님
20260928,KELYB,Kelly Services Inc Class B,NASDAQ,22.59,13200.0,23.04,18.83,17.15,8.38,125.0,169.6,81.9,93.0,False,True,True,True,True,True,False,True,False,6,False,1a차
20260928,LBRX,LB Pharmaceuticals Inc,NASDAQ,37.89,534600.0,43.22,33.32,30.43,13.36,50.16,183.6,24.5,93.0,False,True,True,True,True,True,True,True,False,7,False,1 형성중
20260928,LVLU,Lulu's Fashion Lounge Holdings Inc,NASDAQ,11.64,10000.0,14.33,11.84,11.87,4.26,32.32,173.2,64.0,93.0,False,False,False,True,True,True,False,True,False,4,False,Stage2 아님
20260928,NESR,National Energy Services Reunited Corp.,NASDAQ,29.81,2351500.0,31.8,26.88,24.72,9.95,36.94,199.6,19.3,93.0,False,True,True,True,True,True,True,True,False,7,False,2 형성중
20260928,NUTX,Nutex Health Inc,NASDAQ,212.735,163500.0,182.96,144.55,146.43,83.99,224.28,153.3,5.1,93.0,True,True,False,True,True,True,True,True,True,7,False,1a차
20260928,NXXT,NextNRG Inc,NASDAQ,0.882,204700.0,0.43,0.45,0.63,0.14,2.88,521.1,69.4,93.0,True,True,False,False,False,True,False,True,True,4,False,Stage2 아님
20260928,OCC,Optical Cable Corp,NASDAQ,14.95,204600.0,14.64,13.09,11.18,4.02,27.98,271.9,46.6,93.0,False,True,True,True,True,True,False,True,True,7,False,2 형성중
20260928,OSCR,Oscar Health  Inc.,NYSE,29.65,4007300.0,30.68,23.74,21.57,10.69,34.48,177.4,14.0,93.0,False,True,True,True,True,True,True,True,False,7,False,1 형성중
20260928,PARR,Par Pacific Holdings  Inc.,NYSE,77.97,673100.0,79.2,65.3,58.61,33.21,87.72,134.8,11.1,93.0,False,True,True,True,True,True,True,True,False,7,False,4 형성중
20260928,PRLD,Prelude Therapeutics Incorporated,NASDAQ,3.91,496200.0,4.97,4.37,3.82,1.15,6.83,240.0,42.8,93.0,False,False,True,True,True,True,False,True,False,5,False,6 형성중
20260928,PYXS,Pyxis Oncology Inc,NASDAQ,2.9,368100.0,3.14,2.29,2.18,1.03,5.55,181.6,47.7,93.0,False,True,True,False,True,True,False,True,False,5,False,3 형성중
20260928,REPL,Replimune Group  Inc.,NASDAQ,12.56,1966400.0,12.85,8.95,8.82,1.5,16.33,737.3,23.1,93.0,False,True,True,True,True,True,True,True,False,7,False,1 형성중
20260928,SLN,Silence Therapeutics PLC ADR,NASDAQ,11.2,710700.0,12.65,8.93,8.08,4.19,17.58,167.3,36.3,93.0,False,True,True,True,True,True,False,True,False,6,False,3 형성중
20260928,TGHL,Growhub Ltd,NASDAQ,0.795,58700.0,0.84,0.57,0.53,0.27,2.48,194.4,67.9,93.0,False,True,True,True,True,True,False,True,False,6,False,Stage2 아님
20260928,TMCI,Treace Medical Concepts  Inc.,NASDAQ,4.48,169600.0,4.5,3.23,3.03,1.17,7.08,282.9,36.7,93.0,True,True,True,True,True,True,False,True,False,6,False,1 형성중
20260928,TSEM,Tower Semiconductor Ltd.,NASDAQ,226.04,1829900.0,225.76,216.61,194.01,66.3,319.94,240.9,29.3,93.0,False,True,True,True,True,True,False,True,True,7,False,3 형성중
20260928,UFI,Unifi Inc,NYSE,6.67,111600.0,6.86,5.01,4.7,2.96,8.47,125.3,21.3,93.0,True,True,True,True,True,True,True,True,False,7,False,2 형성중
20260928,UTZ,UTZ Brands Inc,NYSE,14.25,735600.0,13.9,9.76,9.87,6.78,14.32,110.2,0.5,93.0,True,True,False,True,True,True,True,True,True,7,False,1a차
20260928,VREX,Varex Imaging Corporation,NASDAQ,18.46,441600.0,16.19,12.75,12.83,9.09,18.63,103.1,0.9,93.0,True,True,False,True,True,True,True,True,True,7,False,베이스 없음
20260928,VSAT,Viasat Inc,NASDAQ,71.65,1317300.0,75.38,66.45,60.02,26.1,93.03,174.5,23.0,93.0,False,True,True,True,True,True,True,True,False,7,False,5 형성중
20260928,ACVA,ACV Auctions Inc.,NYSE,10.46,6822100.0,8.22,6.48,6.85,4.07,10.5,157.3,0.4,92.0,True,True,False,True,True,True,True,True,True,7,False,1b차
20260928,AMPL,Amplitude  Inc.,NASDAQ,13.3,972200.0,11.93,8.79,9.06,5.51,14.38,141.4,7.5,92.0,True,True,False,True,True,True,True,True,True,7,False,2 형성중
20260928,ANAB,AnaptysBio  Inc.,NASDAQ,50.8,412600.0,55.29,53.6,48.28,13.86,72.36,266.5,29.8,92.0,False,False,True,True,True,True,False,True,False,5,False,5 형성중
20260928,BNR,Burning Rock Biotech Limited ADR,NASDAQ,17.63,86300.0,10.89,14.06,17.22,6.79,41.72,159.6,57.7,92.0,True,True,False,False,False,True,False,True,True,4,False,베이스 없음
20260928,CBAT,CBAK Energy Technology Ltd,NASDAQ,1.13,923600.0,0.83,0.8,0.82,0.46,1.55,145.7,27.1,92.0,True,True,False,True,True,True,False,True,True,6,False,1 형성중
20260928,CRDL,Cardiol Therapeutics Inc,NASDAQ,1.69,614800.0,1.7,1.36,1.27,0.88,2.34,92.0,27.8,92.0,False,True,True,True,True,True,False,True,False,6,False,2 형성중
20260925,DHAI,DIH Holding US Inc,NASDAQ,0.0004,5996.0,0.01,0.01,0.01,0.0,5.62,300.0,100.0,92.0,False,False,True,False,False,True,False,True,False,3,False,Stage2 아님
20260928,EXFY,Expensify  Inc.,NASDAQ,2.15,1124600.0,2.21,1.5,1.49,0.69,2.81,211.1,23.5,92.0,False,True,True,True,True,True,True,True,False,7,False,2 형성중
20260928,FTK,Flotek Industries Inc,NYSE,28.43,303500.0,27.89,22.12,20.9,12.77,39.67,122.6,28.3,92.0,False,True,True,True,True,True,False,True,True,7,False,3 형성중
20260928,HCHL,Happy City Holdings Ltd,NASDAQ,3.96,0.0,3.96,2.72,2.95,0.8,5.0,395.0,20.8,92.0,False,True,False,True,True,True,True,True,False,6,False,자료 부족
20260928,HSCS,HeartSciences Inc,NASDAQ,4.43,99700.0,3.02,2.52,2.64,1.63,5.25,171.8,15.6,92.0,True,True,False,True,True,True,True,True,True,7,False,2 형성중
20260928,LFST,LifeStance Health Group  Inc.,NASDAQ,11.84,3043400.0,11.96,9.2,8.67,4.77,13.56,148.2,12.7,92.0,False,True,True,True,True,True,True,True,False,7,False,3 형성중
20260928,MEI,Methode Electronics  Inc.,NYSE,14.06,353400.0,15.29,11.72,10.68,4.88,20.38,188.1,31.0,92.0,False,True,True,True,True,True,False,True,False,6,False,1 형성중
20260928,MNOV,MediciNova Inc,NASDAQ,2.1,1617500.0,1.7,1.49,1.5,1.17,3.9,79.5,46.2,92.0,True,True,False,True,True,True,False,True,True,6,False,1 형성중
20260928,MRAM,Everspin Technologies Inc,NASDAQ,18.13,809800.0,16.29,17.75,16.1,7.35,51.5,146.7,64.8,92.0,False,True,True,True,False,True,False,True,True,6,False,베이스 없음
20260928,NIQ,NIQ Global Intelligence PLC,NYSE,17.58,824800.0,15.78,12.15,12.94,7.93,19.42,121.7,9.5,92.0,True,True,False,True,True,True,True,True,True,7,False,Stage2 아님
20260928,NXTC,NextCure Inc,NASDAQ,5.08,63200.0,6.1,7.45,8.68,1.55,15.74,227.7,67.7,92.0,False,False,False,False,False,True,False,True,False,2,False,베이스 없음
20260928,PACS,PACS Group  Inc.,NYSE,43.06,1101200.0,44.34,39.22,38.74,10.31,49.49,317.7,13.0,92.0,False,True,True,True,True,True,True,True,False,7,False,2 형성중
20260928,SATL,Satellogic Inc.,NASDAQ,6.05,5912900.0,4.93,5.69,5.05,1.25,12.0,382.1,49.6,92.0,True,True,True,True,False,True,False,True,True,6,False,베이스 없음
20260928,SITM,SiTime Corporation,NASDAQ,656.65,335400.0,602.7,571.75,521.89,243.68,901.81,169.5,27.2,92.0,False,True,True,True,True,True,False,True,True,7,False,2 형성중
20260928,STTK,Shattuck Labs Inc,NASDAQ,6.43,976900.0,6.95,6.39,5.75,1.7,8.33,278.2,22.8,92.0,False,True,True,True,True,True,True,True,False,7,False,1 형성중
20260928,TLYS,Tillys Inc,NYSE,4.47,362800.0,4.06,3.99,3.41,1.14,6.25,292.1,28.5,92.0,False,True,True,True,True,True,False,True,True,7,False,2 형성중
20260928,UPC,Universe Pharmaceuticals Inc,NASDAQ,4.8,28200.0,4.82,3.81,3.86,2.0,17.96,140.0,73.3,92.0,False,True,False,True,True,True,False,True,False,5,False,1 형성중
20260928,YDES,YD Bio Ltd,NASDAQ,7.11,507600.0,3.34,4.51,6.27,1.7,22.0,318.2,67.7,92.0,True,True,False,False,False,True,False,True,True,4,False,Stage2 아님
20260928,AVTR,Avantor  Inc.,NYSE,15.29,9436700.0,13.96,10.45,10.64,7.26,16.05,110.5,4.7,91.0,True,True,False,True,True,True,True,True,True,7,False,베이스 없음
20260928,CBZ,CBIZ  Inc.,NYSE,54.71,1202400.0,52.74,38.13,39.86,24.29,56.93,125.2,3.9,91.0,True,True,False,True,True,True,True,True,True,7,False,베이스 없음
20260928,CELU,Celularity Inc,NASDAQ,1.4,112200.0,1.07,1.03,1.1,0.56,2.55,150.0,45.1,91.0,True,True,False,False,False,True,False,True,True,4,False,Stage2 아님
20260928,ECPG,Encore Capital Group  Inc.,NASDAQ,96.49,214700.0,97.14,85.14,77.83,39.95,104.98,141.5,8.1,91.0,False,True,True,True,True,True,True,True,False,7,False,1a차
20260928,ERO,Ero Copper Corp.,NYSE,37.41,1183000.0,33.23,29.71,29.76,18.02,40.83,107.6,8.4,91.0,True,True,False,True,True,True,True,True,True,7,False,1 형성중
20260928,FCEL,Fuelcell Energy Inc,NASDAQ,16.14,4040500.0,18.93,16.16,14.15,5.71,37.88,182.7,57.4,91.0,False,False,True,True,True,True,False,True,False,5,False,1 형성중
20260928,FEAM,5E Advanced Materials  Inc.,NASDAQ,2.79,267500.0,1.65,1.65,2.01,0.9,7.5,210.0,62.8,91.0,True,True,False,False,False,True,False,True,True,4,False,Stage2 아님
20260928,FTRE,Fortrea Holdings Inc,NASDAQ,20.06,1339100.0,18.68,14.86,15.08,8.3,21.39,141.5,6.2,91.0,True,True,False,True,True,True,True,True,True,7,False,2a차
20260928,GTLB,GitLab Inc.,NASDAQ,46.21,5194500.0,41.91,31.07,32.12,18.73,55.55,146.7,16.8,91.0,True,True,False,True,True,True,True,True,True,7,False,베이스 없음
20260928,HUT,Hut 8 Corp,NASDAQ,92.71,2140600.0,93.79,87.9,79.15,31.67,140.8,192.7,34.2,91.0,False,True,True,True,True,True,False,True,False,6,False,4 형성중
20260928,IRWD,Ironwood Pharmaceuticals  Inc.,NASDAQ,4.12,1962600.0,4.15,3.91,3.99,1.26,5.78,227.0,28.7,91.0,True,True,False,True,True,True,False,True,False,5,False,베이스 없음
20260928,KOS,Kosmos Energy Ltd.,NYSE,2.58,17887600.0,2.68,2.66,2.31,0.84,3.34,207.1,22.8,91.0,True,False,True,True,True,True,True,True,False,6,False,2 형성중
20260928,NRIX,Nurix Therapeutics Inc,NASDAQ,23.67,1476400.0,25.22,19.96,19.47,8.22,28.23,188.1,16.2,91.0,False,True,True,True,True,True,True,True,False,7,False,1 형성중
20260928,PD,PagerDuty  Inc.,NYSE,14.48,1301100.0,12.35,9.26,9.69,5.7,16.91,154.0,14.4,91.0,True,True,False,False,True,True,True,True,True,6,False,1a차
20260928,PTGX,Protagonist Therapeutics  Inc.,NASDAQ,142.44,925500.0,144.56,118.37,110.02,62.24,160.81,128.9,11.4,91.0,False,True,True,True,True,True,True,True,False,7,False,4 형성중
20260928,RNXT,RenovoRx Inc,NASDAQ,1.55,876700.0,1.43,1.09,1.06,0.7,2.59,121.1,40.2,91.0,True,True,True,True,True,True,False,True,True,7,False,1 형성중
20260928,SENS,Senseonics Holdings Inc,NASDAQ,9.84,566600.0,7.86,6.88,6.9,4.79,11.58,105.4,15.0,91.0,True,True,False,True,True,True,True,True,True,7,False,1 형성중
20260928,USIO,Usio Inc,NASDAQ,2.35,123600.0,2.39,1.8,1.7,1.03,3.06,128.2,23.2,91.0,False,True,True,True,True,True,True,True,False,7,False,2 형성중
20260928,VSTM,Verastem Inc,NASDAQ,7.77,1260500.0,6.99,5.73,6.09,3.43,10.82,126.5,28.2,91.0,True,True,False,False,True,True,False,True,True,5,False,1 형성중
20260928,ALVO,Alvotech SA,NASDAQ,6.15,1435700.0,4.51,3.9,4.18,2.94,9.04,109.2,32.0,90.0,True,True,False,True,True,True,False,True,True,6,False,베이스 없음
20260928,AMAT,Applied Materials Inc,NASDAQ,486.76,5955300.0,490.75,461.25,421.54,196.2,739.67,148.1,34.2,90.0,False,True,True,True,True,True,False,True,False,6,False,2 형성중
20260928,AUGO,Aura Minerals Inc,NASDAQ,77.72,1158000.0,75.58,76.09,71.87,29.11,110.32,167.0,29.6,90.0,True,True,True,True,False,True,False,True,True,6,False,Stage2 아님
20260928,BNC,CEA Industries Inc,NASDAQ,5.63,1002000.0,3.59,3.14,3.78,1.84,12.0,206.8,53.1,90.0,True,True,False,False,False,True,False,True,True,4,False,베이스 없음
20260928,BWEN,Broadwind Inc,NASDAQ,4.22,101800.0,4.46,3.6,3.47,1.88,5.7,124.5,26.0,90.0,False,True,True,True,True,True,False,True,False,6,False,3 형성중
20260928,CAI,Caris Life Sciences  Inc.,NASDAQ,31.75,3916200.0,23.14,19.75,21.16,14.19,33.66,123.7,5.7,90.0,True,True,False,True,True,True,True,True,True,7,False,Stage2 아님
20260928,CBRL,Cracker Barrel Old Country Store Inc,NASDAQ,53.73,1253200.0,53.75,41.25,38.4,24.85,60.26,116.2,10.8,90.0,False,True,True,True,True,True,True,True,False,7,False,1 형성중
20260928,DAO,Youdao Inc ADR,NYSE,14.58,22900.0,15.9,12.78,12.14,8.38,18.94,74.0,23.0,90.0,False,True,True,True,True,True,True,True,False,7,False,2 형성중
20260928,DNTH,Dianthus Therapeutics Inc,NASDAQ,87.83,652700.0,105.94,91.4,79.92,32.22,117.88,172.6,25.5,90.0,False,False,True,True,True,True,False,True,False,5,False,4 형성중
20260803,EMPG,Empro Group Inc,NASDAQ,17.36,0.0,17.36,17.36,17.36,5.11,18.14,239.7,4.3,90.0,False,False,False,True,False,True,True,True,False,4,False,자료 부족
20260928,EWTX,Edgewise Therapeutics  Inc.,NASDAQ,39.79,2595900.0,42.7,36.96,34.37,14.25,48.5,179.2,18.0,90.0,False,True,True,True,True,True,True,True,False,7,False,3 형성중
20260928,FRNM,Freenome  Inc.,NASDAQ,16.19,255900.0,13.56,12.04,12.38,9.95,17.5,62.7,7.5,90.0,True,True,False,True,True,True,True,True,True,7,False,Stage2 아님
20260928,GCTK,GlucoTrack Inc,NASDAQ,1.8,492700.0,1.4,1.45,2.39,0.29,14.14,519.2,87.3,90.0,True,False,False,False,False,True,False,True,True,3,False,베이스 없음
20260928,IDAI,T Stamp Inc,NASDAQ,3.13,27900.0,2.83,2.48,2.77,1.17,5.28,167.5,40.7,90.0,True,True,False,False,True,True,False,True,True,5,False,2 형성중
20260928,IPSC,Century Therapeutics  Inc.,NASDAQ,1.67,409000.0,2.01,2.2,2.04,0.44,3.04,283.9,45.1,90.0,False,False,True,True,False,True,False,True,False,4,False,베이스 없음
20260928,KFRC,Kforce Inc.,NYSE,51.28,146900.0,55.75,44.27,41.31,24.49,61.68,109.4,16.9,90.0,False,True,True,True,True,True,True,True,False,7,False,2 형성중
20260928,LRCX,Lam Research Corporation,NASDAQ,314.47,8902500.0,304.84,292.58,271.0,125.02,438.5,151.5,28.3,90.0,False,True,True,True,True,True,False,True,True,7,False,3 형성중
20260928,MT,ArcelorMittal SA ADR,NYSE,69.85,1553700.0,72.26,64.77,61.56,35.63,79.68,96.0,12.3,90.0,False,True,True,True,True,True,True,True,False,7,False,3 형성중
20260928,NTSK,Netskope  Inc.,NASDAQ,17.85,4676200.0,14.8,11.86,12.9,7.66,24.98,132.9,28.5,90.0,True,True,False,False,True,True,False,True,True,5,False,Stage2 아님
20260928,OII,Oceaneering International Inc,NYSE,45.84,538300.0,49.1,41.37,38.08,22.02,54.25,108.2,15.5,90.0,False,True,True,True,True,True,True,True,False,7,False,4 형성중
20260928,ONTO,Onto Innovation Inc.,NYSE,288.74,395800.0,281.01,269.97,250.0,118.97,386.46,142.7,25.3,90.0,False,True,True,True,True,True,False,True,True,7,False,4 형성중
20260928,OOMA,Ooma  Inc.,NYSE,21.18,436100.0,21.63,18.22,16.57,9.79,26.19,116.3,19.1,90.0,True,True,True,True,True,True,True,True,False,7,False,2 형성중
20260928,OUST,Ouster  Inc.,NASDAQ,40.9,3614000.0,38.69,33.76,31.04,16.4,63.79,149.4,35.9,90.0,False,True,True,True,True,True,False,True,True,7,False,3 형성중
20260928,PMTS,CPI Card Group Inc,NASDAQ,24.79,160000.0,25.2,19.56,18.19,10.81,31.25,129.3,20.7,90.0,False,True,True,True,True,True,True,True,False,7,False,2 형성중
20260928,QLYS,Qualys  Inc.,NASDAQ,173.83,600600.0,170.35,125.72,126.84,74.51,201.54,133.3,13.7,90.0,False,True,False,True,True,True,True,True,True,7,False,2 형성중
20260928,RRGB,Red Robin Gourmet Burgers Inc,NASDAQ,7.46,158000.0,8.21,5.74,5.29,2.46,10.95,203.3,31.9,90.0,False,True,True,True,True,True,False,True,False,6,False,2 형성중
20260928,SHIP,Seanergy Maritime Holdings Corp,NASDAQ,16.42,477200.0,17.21,15.41,14.11,7.66,19.22,114.4,14.6,90.0,False,True,True,True,True,True,True,True,False,7,False,4 형성중
20260928,SMWB,Similarweb Ltd.,NYSE,7.59,506700.0,7.97,5.13,5.34,2.22,9.75,241.9,22.2,90.0,False,True,False,True,True,True,True,True,False,6,False,2 형성중
20260928,SRZN,Surrozen  Inc.,NASDAQ,29.64,409700.0,22.02,25.22,24.4,11.39,37.83,160.2,21.6,90.0,True,True,True,True,False,True,True,True,True,7,False,1a차
20260928,TEM,Tempus AI  Inc.,NASDAQ,85.08,6276700.0,60.02,54.07,56.3,40.77,104.32,108.7,18.4,90.0,True,True,False,False,True,True,True,True,True,6,False,1a차
20260928,TLIH,Ten-League International Holdings Ltd,NASDAQ,5.78,0.0,5.77,4.28,4.22,2.2,8.5,162.7,32.0,90.0,True,True,True,True,True,True,False,True,True,7,False,Stage2 아님
20260928,VSH,Vishay Intertechnology Inc,NYSE,32.23,2208200.0,33.36,34.42,30.15,11.77,69.47,173.8,53.6,90.0,False,False,True,True,False,True,False,True,False,4,False,1 형성중
20260928,WTI,W&T Offshore  Inc.,NYSE,3.58,3830600.0,3.72,3.56,3.15,1.5,5.08,138.7,29.5,90.0,False,True,True,True,True,True,False,True,False,6,False,3 형성중
20260928,ACMR,ACM Research  Inc.,NASDAQ,75.95,836600.0,77.38,71.1,66.01,28.46,127.19,166.9,40.3,89.0,False,True,True,True,True,True,False,True,False,6,False,5 형성중
20260928,ANF,Abercrombie & Fitch Co.,NYSE,134.18,1258800.0,120.64,98.22,100.71,65.45,155.22,105.0,13.6,89.0,True,True,False,True,True,True,True,True,True,7,False,1 형성중
20260928,AXGN,AxoGen  Inc.,NASDAQ,43.36,885500.0,45.47,40.59,38.63,15.27,52.91,184.0,18.0,89.0,False,True,True,True,True,True,True,True,False,7,False,4 형성중
20260928,BJRI,BJ's Restaurants Inc,NASDAQ,60.02,271300.0,64.86,50.67,48.53,28.46,74.6,110.9,19.5,89.0,False,True,True,True,True,True,True,True,False,7,False,2 형성중
20260928,BNAI,Brand Engagement Network Inc,NASDAQ,5.97,131300.0,11.31,22.48,20.21,1.18,86.28,405.9,93.1,89.0,False,False,True,True,False,True,False,True,False,4,False,베이스 없음
20260928,CLOV,Clover Health Investments  Corp.,NASDAQ,4.33,3330500.0,4.42,3.58,3.29,1.58,5.59,174.1,22.5,89.0,False,True,True,True,True,True,True,True,False,7,False,1 형성중
20260928,CNC,Centene Corp,NYSE,62.53,5152000.0,65.04,55.53,52.22,31.63,69.62,97.7,10.2,89.0,False,True,True,True,True,True,True,True,False,7,False,1 형성중
20260928,DAR,Darling Ingredients Inc.,NYSE,60.59,2140300.0,63.64,60.24,55.56,29.15,69.98,107.9,13.4,89.0,False,True,True,True,True,True,True,True,False,7,False,1a차
20260928,ESTC,Elastic N.V.,NYSE,87.94,1914100.0,79.33,62.59,64.65,42.05,102.42,109.1,14.1,89.0,True,True,False,True,True,True,True,True,True,7,False,1 형성중
20260928,FLEX,Flex Ltd,NASDAQ,113.04,2347500.0,115.25,109.95,98.53,53.07,166.86,113.0,32.3,89.0,False,True,True,True,True,True,False,True,False,6,False,2 형성중
20260928,FWDI,Forward Industries Inc,NASDAQ,8.05,1735200.0,5.57,4.87,5.31,3.48,30.75,131.3,73.8,89.0,True,True,False,False,True,True,False,True,True,5,False,베이스 없음
20260928,GEO,The GEO Group  Inc.,NYSE,30.22,2584300.0,31.17,24.73,22.63,12.51,33.15,141.6,8.8,89.0,False,True,True,True,True,True,True,True,False,7,False,베이스 없음
20260928,GPRO,GoPro Inc,NASDAQ,1.33,10289400.0,0.94,0.94,1.03,0.57,2.73,133.3,51.3,89.0,True,True,False,False,False,True,False,True,True,4,False,1 형성중
20260928,IQV,IQVIA Holdings Inc.,NYSE,270.97,1595000.0,247.78,200.31,204.8,154.5,277.4,75.4,2.3,89.0,True,True,False,True,True,True,True,True,True,7,False,베이스 없음
20260928,KLIC,Kulicke and Soffa Industries Inc,NASDAQ,91.68,488200.0,89.13,90.39,81.95,35.02,135.8,161.8,32.5,89.0,False,True,True,True,False,True,False,True,True,6,False,3 형성중
20260928,LEDS,SemiLEDs Corp,NASDAQ,2.26,14000.0,2.16,1.84,1.82,1.01,3.62,123.8,37.6,89.0,True,True,True,False,True,True,False,True,True,6,False,1 형성중
20260928,LINK,Interlink Electronics Inc,NASDAQ,5.93,228100.0,5.12,4.18,4.04,2.66,10.1,122.9,41.3,89.0,True,True,True,True,True,True,False,True,True,7,False,1c차
20260928,PHOE,Phoenix Asia Holdings Ltd,NASDAQ,18.95,20400.0,21.43,18.56,18.31,8.19,133.12,131.4,85.8,89.0,False,True,True,True,True,True,False,True,False,6,False,Stage2 아님
20260928,PTEN,Patterson-UTI Energy Inc,NASDAQ,10.85,6503200.0,11.32,10.84,9.9,5.1,13.39,112.7,19.0,89.0,True,True,True,True,True,True,True,True,False,7,False,2 형성중
20260928,RGEN,Repligen Corporation,NASDAQ,194.09,1567100.0,165.37,138.18,142.92,100.99,198.87,92.2,2.4,89.0,True,True,False,True,True,True,True,True,True,7,False,2 형성중
20260928,RIGL,Rigel Pharmaceuticals  Inc.,NASDAQ,49.36,180900.0,43.61,35.52,36.39,24.95,52.24,97.8,5.5,89.0,True,True,False,True,True,True,True,True,True,7,False,1a차
20260928,RYOJ,rYojbaba Co Ltd,NASDAQ,3.7,13300.0,4.63,3.26,3.23,1.56,11.43,137.2,67.6,89.0,False,True,True,True,True,True,False,True,False,6,False,Stage2 아님
20260928,SBET,Sharplink Inc,NASDAQ,9.5,6990900.0,7.63,6.9,7.42,4.46,19.54,113.0,51.4,89.0,True,True,False,False,True,True,False,True,True,5,False,Stage2 아님
20260928,SMCI,Super Micro Computer Inc,NASDAQ,41.78,29422700.0,35.38,32.1,31.83,19.48,58.78,114.5,28.9,89.0,True,True,True,True,True,True,False,True,True,7,False,베이스 없음
20260928,TELA,TELA Bio Inc,NASDAQ,1.23,171800.0,0.86,0.82,0.87,0.5,1.6,145.5,23.1,89.0,True,True,False,False,False,True,True,True,True,5,False,베이스 없음
20260928,VEEE,Twin Vee PowerCats Co (Nevada),NASDAQ,13.69,26500.0,12.57,10.64,22.71,4.16,127.65,229.1,89.3,89.0,True,False,False,False,False,True,False,True,True,3,False,Stage2 아님
20260928,VEEV,Veeva Systems Inc.,NYSE,279.96,1371800.0,241.74,195.73,199.92,148.05,310.5,89.1,9.8,89.0,True,True,False,True,True,True,True,True,True,7,False,베이스 없음
20260928,VRA,Vera Bradley Inc,NASDAQ,4.15,322900.0,3.53,3.53,3.28,1.39,4.58,198.6,9.4,89.0,True,True,True,True,False,True,True,True,True,7,False,베이스 없음
20260928,WHLRP,Wheeler Real Estate Investment Trust Series B Conv Prf Shs,NASDAQ,8.76,1200.0,9.35,8.29,7.59,3.34,12.08,162.0,27.5,89.0,False,True,True,True,True,True,False,True,False,6,False,2 형성중
20260928,WPP,WPP PLC ADR,NYSE,25.57,283000.0,24.17,19.71,20.05,14.81,27.78,72.7,8.0,89.0,False,True,False,True,True,True,True,True,True,7,False,1 형성중
20260928,YMT,Yimutian Inc ADR,NASDAQ,1.77,15075300.0,1.08,2.45,7.62,0.16,33.3,992.6,94.7,89.0,True,False,False,False,False,True,False,True,True,3,False,Stage2 아님
20260928,ARTV,Artiva Biotherapeutics Inc,NASDAQ,7.05,437500.0,10.33,8.92,7.77,2.71,14.53,160.1,51.5,88.0,False,False,True,True,True,True,False,True,False,5,False,베이스 없음
20260928,ATI,ATI Inc.,NYSE,180.67,1565500.0,202.25,178.63,164.85,75.02,243.57,140.8,25.8,88.0,False,True,True,True,True,True,False,True,False,6,False,3 형성중
20260928,BEEP,Mobile Infrastructure Corp,NASDAQ,2.83,21700.0,2.52,2.26,2.42,1.29,3.78,119.4,25.1,88.0,True,True,False,False,True,True,False,True,True,5,False,베이스 없음
20260928,CBLL,CeriBell  Inc.,NASDAQ,24.51,216700.0,21.98,19.95,20.29,10.85,25.63,125.9,4.4,88.0,True,True,False,True,True,True,True,True,True,7,False,베이스 없음
20260928,CSTL,Castle Biosciences  Inc.,NASDAQ,35.93,228400.0,31.29,26.2,29.17,17.72,44.28,102.7,18.9,88.0,True,True,False,False,True,True,True,True,True,6,False,베이스 없음
20260928,CURR,CURRENC Group Inc,NASDAQ,3.11,76700.0,3.39,3.11,2.77,1.31,5.08,137.0,38.8,88.0,False,True,True,True,True,True,False,True,False,6,False,2 형성중
20260928,DCO,Ducommun Incorporated,NYSE,169.04,134900.0,179.91,156.88,144.68,84.76,210.39,99.4,19.7,88.0,False,True,True,True,True,True,True,True,False,7,False,3 형성중
20260928,DFDV,DeFi Development Corp (Nevada),NASDAQ,5.575,2041400.0,4.12,3.9,4.29,2.44,18.28,128.5,69.5,88.0,True,True,False,False,False,True,False,True,True,4,False,2 형성중
20260928,DGXX,Digi Power X Inc,NASDAQ,4.22,3015800.0,3.91,4.34,3.94,1.86,9.2,126.9,54.1,88.0,False,False,True,True,False,True,False,True,True,5,False,1 형성중
20260928,EC,Ecopetrol SA ADR,NYSE,16.7,2704800.0,17.0,15.21,14.21,8.57,18.38,94.9,9.1,88.0,False,True,True,True,True,True,True,True,False,7,False,2b차
20260928,GCTS,GCT Semiconductor Holding Inc,NYSE,2.18,1428800.0,2.02,1.94,1.76,0.96,3.93,128.3,44.5,88.0,False,True,True,True,True,True,False,True,True,7,False,베이스 없음
20260928,GKOS,Glaukos Corporation,NYSE,158.56,1317200.0,170.81,139.89,133.61,73.16,191.62,116.7,17.3,88.0,False,True,True,True,True,True,True,True,False,7,False,1 형성중
20260928,HIMX,Himax Technologies  Inc. ADR,NASDAQ,13.96,758200.0,13.76,13.54,12.22,6.85,25.09,103.8,44.4,88.0,False,True,True,True,True,True,False,True,True,7,False,1 형성중
20260928,ICCC,ImmuCell Corp,NASDAQ,9.88,4500.0,10.36,9.06,8.36,4.52,12.1,118.6,18.3,88.0,False,True,True,True,True,True,True,True,False,7,False,2 형성중
20260928,IFRX,InflaRx NV,NASDAQ,1.82,426400.0,1.99,1.76,1.57,0.8,2.95,128.1,38.3,88.0,False,True,True,True,True,True,False,True,False,6,False,1 형성중
20260928,KYMR,Kymera Therapeutics  Inc.,NASDAQ,112.0,723700.0,114.53,97.07,92.44,51.46,130.05,117.6,13.9,88.0,False,True,True,True,True,True,True,True,False,7,False,3 형성중
20260928,MYE,Myers Industries Inc,NYSE,31.48,268100.0,32.28,26.62,25.04,15.54,37.45,102.6,15.9,88.0,False,True,True,True,True,True,True,True,False,7,False,2 형성중
20260928,NAKA,Nakamoto Inc,NASDAQ,9.72,132800.0,6.61,7.04,9.06,3.33,53.2,191.9,81.7,88.0,True,True,False,False,False,True,False,True,True,4,False,Stage2 아님
20260928,NEXA,Nexa Resources SA,NYSE,12.23,477000.0,13.51,13.25,12.62,4.91,16.89,149.1,27.6,88.0,False,False,True,True,True,True,False,True,False,5,False,베이스 없음
20260928,PESI,Perma-Fix Environmental Services Inc,NASDAQ,15.64,147900.0,17.39,13.74,13.86,8.58,21.32,82.3,26.6,88.0,False,True,False,True,True,True,False,True,False,5,False,2 형성중
20260928,SKM,SK Telecom Co.  Ltd. ADR,NYSE,35.5,993800.0,35.91,34.95,32.23,19.66,47.18,80.6,24.8,88.0,False,True,True,True,True,True,True,True,False,7,False,2 형성중
20260928,SLGL,SOL-GEL TECHNOLOGIES LTD.,NASDAQ,69.45,58000.0,75.36,75.85,71.13,27.0,97.97,157.2,29.1,88.0,False,False,True,True,False,True,False,True,False,4,False,베이스 없음
20260928,SNX,TD SYNNEX Corporation,NYSE,256.75,1156700.0,256.93,231.72,212.84,142.22,298.77,80.5,14.1,88.0,False,True,True,True,True,True,True,True,False,7,False,2a차
20260928,STM,STMicroelectronics N.V. ADR,NYSE,52.74,8245800.0,52.65,53.42,47.22,21.11,81.42,149.8,35.2,88.0,False,False,True,True,False,True,False,True,True,5,False,2 형성중
20260928,TONX,Ton Strategy Co,NASDAQ,3.98,532700.0,3.19,3.0,2.86,1.75,7.51,127.4,47.0,88.0,True,True,True,True,True,True,False,True,True,7,False,Stage2 아님
20260928,U,Unity Software Inc.,NYSE,39.86,10280300.0,40.04,30.06,32.06,16.78,52.15,137.5,23.6,88.0,False,True,False,True,True,True,True,True,False,6,False,1 형성중
20260928,VAI,Valor Energy Inc.,NASDAQ,2.06,26500.0,1.72,1.45,1.38,0.83,3.07,147.3,32.9,88.0,True,True,True,True,True,True,False,True,True,7,False,Stage2 아님
20260928,VIA,Via Transportation  Inc.,NYSE,29.1,641000.0,24.72,19.0,20.63,12.95,55.2,124.7,47.3,88.0,True,True,False,False,True,True,False,True,True,5,False,Stage2 아님
20260928,VRME,VerifyMe Inc,NASDAQ,0.99,1400100.0,0.73,0.76,0.81,0.59,1.95,67.8,49.2,88.0,True,True,False,True,False,True,False,True,True,5,False,베이스 없음
20260928,XERS,Xeris Biopharma Holdings  Inc.,NASDAQ,9.83,3472000.0,8.39,7.1,7.14,5.25,10.08,87.2,2.5,88.0,True,True,False,True,True,True,True,True,True,7,False,1a차
20260928,A,Agilent Technologies Inc,NYSE,175.21,2141700.0,149.17,130.68,132.18,108.35,176.02,61.7,0.5,87.0,True,True,False,True,True,True,True,True,True,7,False,베이스 없음
20260928,ACOG,Alpha Cognition Inc,NASDAQ,8.6,67100.0,8.85,7.17,6.8,4.5,10.14,91.1,15.2,87.0,True,True,True,True,True,True,True,True,False,7,False,1 형성중
20260928,ALTO,Alto Ingredients Inc,NASDAQ,3.67,889000.0,4.3,4.65,4.16,0.99,6.11,270.7,39.9,87.0,False,False,True,True,False,True,False,True,False,4,False,1 형성중
20260928,ARTL,Artelo Biosciences Inc,NASDAQ,4.3,153500.0,2.92,3.89,4.29,0.96,31.65,347.4,86.4,87.0,True,True,False,False,False,True,False,True,True,4,False,베이스 없음
20260928,BLTE,Belite Bio  Inc ADR,NASDAQ,165.93,114200.0,165.01,159.62,160.55,68.21,200.0,143.3,17.0,87.0,True,True,False,True,True,True,True,True,True,7,False,1 형성중
20260928,BMNR,BitMine Immersion Technologies  Inc.,NYSE,26.84,26791400.0,21.76,20.01,21.86,12.8,65.6,109.7,59.1,87.0,True,True,False,False,False,True,False,True,True,4,False,Stage2 아님
20260928,CHPT,ChargePoint Holdings Inc,NYSE,8.74,1035800.0,6.93,6.47,6.56,4.44,12.61,96.8,30.7,87.0,True,True,False,False,True,True,False,True,True,5,False,Stage2 아님
20260928,CIB,Grupo Cibest SA ADR,NYSE,92.35,264800.0,94.95,79.93,78.09,50.72,105.6,82.1,12.5,87.0,False,True,True,True,True,True,True,True,False,7,False,1 형성중
20260928,COHR,Coherent Corp.,NYSE,282.45,6862200.0,296.86,314.76,286.61,104.78,440.0,169.6,35.8,87.0,False,False,True,True,False,True,False,True,False,4,False,베이스 없음
20260928,CXW,CoreCivic  Inc.,NYSE,31.69,2066200.0,32.76,25.9,24.19,15.74,36.55,101.3,13.3,87.0,True,True,True,True,True,True,True,True,False,7,False,1 형성중
20260928,EFXT,Enerflex Ltd.,NYSE,23.63,907900.0,21.93,23.22,21.58,10.57,29.15,123.6,18.9,87.0,False,True,True,True,False,True,True,True,True,7,False,1a차
20260928,FIX,Comfort Systems USA  Inc.,NYSE,1658.3,334300.0,1667.49,1685.85,1539.51,757.0,2073.99,119.1,20.0,87.0,False,False,True,True,False,True,True,True,False,5,False,4 형성중
20260928,FNKO,Funko  Inc.,NASDAQ,5.46,680400.0,5.86,5.09,4.73,2.72,7.06,100.7,22.7,87.0,False,True,True,True,True,True,True,True,False,7,False,2 형성중
20260928,GHRS,GH Research PLC,NASDAQ,23.42,609700.0,28.11,22.64,20.69,12.04,31.44,94.5,25.5,87.0,False,True,True,True,True,True,False,True,False,6,False,2 형성중
20260928,HURA,TuHURA Biosciences Inc,NASDAQ,2.09,375400.0,2.14,2.17,1.83,0.41,3.43,409.8,39.1,87.0,False,False,True,True,False,True,False,True,False,4,False,Stage2 아님
20260928,IBEX,Ibex Ltd,NASDAQ,44.33,110300.0,37.54,32.39,33.36,25.94,45.28,70.9,2.1,87.0,True,True,False,True,True,True,True,True,True,7,False,베이스 없음
20260928,KBSX,FST Ltd,NASDAQ,1.58,31900.0,1.04,1.18,1.21,0.81,1.77,95.1,10.7,87.0,True,True,False,False,False,True,True,True,True,5,False,베이스 없음
20260928,MSLE,Satellos Bioscience Inc.,NASDAQ,8.81,48100.0,9.5,8.32,8.36,5.3,13.4,66.1,34.2,87.0,False,True,False,True,True,True,False,True,False,5,False,1 형성중
20260928,NGL,NGL Energy Partners Units,NYSE,14.88,94700.0,16.72,15.27,14.09,5.8,19.06,156.6,21.9,87.0,False,False,True,True,True,True,True,True,False,6,False,3 형성중
20260928,NUE,Nucor Corporation,NYSE,244.49,1154100.0,255.42,225.78,212.76,131.32,280.11,86.2,12.7,87.0,False,True,True,True,True,True,True,True,False,7,False,3 형성중
20260928,PVLA,Palvella Therapeutics Inc,NASDAQ,139.83,188600.0,149.09,133.07,122.7,57.33,161.38,143.9,13.4,87.0,False,True,True,True,True,True,True,True,False,7,False,4 형성중
20260928,RELL,Richardson Electronics Ltd,NASDAQ,17.11,113700.0,18.09,15.84,14.74,9.37,23.15,82.6,26.1,87.0,False,True,True,True,True,True,False,True,False,6,False,4 형성중
20260928,SBLK,Star Bulk Carriers Corp.,NASDAQ,29.3,1340000.0,29.56,26.72,25.29,16.72,32.88,75.2,10.9,87.0,True,True,True,True,True,True,True,True,False,7,False,3 형성중
20260928,SENEA,Seneca Foods Corporation Class A,NASDAQ,182.53,82600.0,182.8,160.99,149.72,99.58,210.0,83.3,13.1,87.0,False,True,True,True,True,True,True,True,False,7,False,4b차
20260928,SPHR,Sphere Entertainment Co.,NYSE,138.72,405400.0,148.63,138.48,127.88,57.01,181.63,143.3,23.6,87.0,False,True,True,True,True,True,True,True,False,7,False,4 형성중
20260928,STGW,Stagwell Inc.,NASDAQ,8.22,792000.0,8.49,7.15,6.73,4.29,9.55,91.6,13.9,87.0,False,True,True,True,True,True,True,True,False,7,False,2 형성중
20260928,TENB,Tenable Holdings  Inc.,NASDAQ,34.47,3488500.0,35.02,27.84,26.64,15.73,43.67,119.1,21.1,87.0,False,True,True,True,True,True,True,True,False,7,False,1 형성중
20260928,TIGO,Millicom International Cellular S.A.,NASDAQ,89.78,1401500.0,94.66,86.33,79.25,44.88,107.13,100.0,16.2,87.0,False,True,True,True,True,True,True,True,False,7,False,2a차
20260928,UFPT,UFP Technologies Inc,NASDAQ,299.22,104900.0,287.18,241.02,241.68,173.86,338.71,72.1,11.7,87.0,False,True,False,True,True,True,True,True,True,7,False,2 형성중
20260928,VAC,Marriott Vacations Worldwide Corporation,NYSE,104.56,333600.0,105.76,87.62,80.19,44.58,131.34,134.5,20.4,87.0,False,True,True,True,True,True,True,True,False,7,False,2 형성중
20260928,VPG,Vishay Precision Group  Inc.,NYSE,70.88,291900.0,74.58,79.52,70.57,29.08,151.78,143.7,53.3,87.0,False,False,True,True,False,True,False,True,False,4,False,베이스 없음
20260928,WHD,Cactus  Inc.,NYSE,64.24,549500.0,66.06,57.83,56.34,33.2,74.07,93.5,13.3,87.0,False,True,True,True,True,True,True,True,False,7,False,2 형성중
20260928,YPF,YPF SA ADR,NYSE,51.37,1061300.0,51.9,47.24,44.52,23.02,57.86,123.2,11.2,87.0,True,True,True,True,True,True,True,True,False,7,False,2a차
20260928,ADIL,Adial Pharmaceuticals Inc,NASDAQ,4.04,47500.0,4.61,2.92,3.51,1.31,10.75,208.4,62.4,86.0,False,True,False,False,True,True,False,True,False,4,False,Stage2 아님
20260928,APPN,Appian Corp,NASDAQ,35.02,948800.0,34.1,26.98,28.05,18.63,46.06,88.0,24.0,86.0,False,True,False,False,True,True,True,True,True,6,False,1 형성중
20260928,ASRV,Ameriserv Financial Inc,NASDAQ,4.6,6300.0,4.71,4.1,3.9,2.85,5.38,61.4,14.5,86.0,False,True,True,True,True,True,True,True,False,7,False,3 형성중
20260928,CGEM,Cullinan Therapeutics  Inc.,NASDAQ,14.95,1109200.0,19.55,16.53,15.24,5.68,23.19,163.2,35.5,86.0,False,False,True,True,True,True,False,True,False,5,False,베이스 없음
20260928,CGON,CG Oncology  Inc.,NASDAQ,69.61,1759600.0,74.04,68.23,63.18,35.64,80.97,95.3,14.0,86.0,False,True,True,True,True,True,True,True,False,7,False,3 형성중
20260928,CHMG,Chemung Financial Corp,NASDAQ,81.73,75600.0,81.93,70.32,67.22,49.82,86.0,64.1,5.0,86.0,False,True,True,True,True,True,True,True,False,7,False,베이스 없음
20260928,CLBK,Columbia Financial Inc,NASDAQ,10.9,2979500.0,11.32,9.59,9.09,6.21,12.0,75.5,9.2,86.0,False,True,True,True,True,True,True,True,False,7,False,1a차
20260928,CLMB,Climb Global Solutions Inc,NASDAQ,32.61,331600.0,27.93,23.84,25.06,15.25,36.26,113.8,10.1,86.0,True,True,False,True,True,True,True,True,True,7,False,베이스 없음
20260928,CTKB,Cytek Biosciences  Inc.,NASDAQ,5.74,1085800.0,4.73,4.46,4.59,3.28,6.18,75.0,7.1,86.0,True,True,False,False,True,True,True,True,True,6,False,베이스 없음
20260928,CTOR,Citius Oncology Inc,NASDAQ,1.03,43600.0,0.79,0.8,0.88,0.49,2.25,109.8,54.2,86.0,True,True,False,False,False,True,False,True,True,4,False,Stage2 아님
20260928,EAT,Brinker International Inc,NYSE,202.45,1102800.0,217.9,172.56,168.33,100.3,254.99,101.8,20.6,86.0,False,True,True,True,True,True,True,True,False,7,False,1 형성중
20260928,ELF,e.l.f. Beauty  Inc.,NYSE,101.8,1119100.0,94.38,75.94,77.64,48.82,147.75,108.5,31.1,86.0,True,True,False,True,True,True,False,True,True,6,False,1 형성중
20260928,FATN,FatPipe Inc,NASDAQ,5.18,18400.0,5.76,4.37,3.81,1.31,8.61,295.4,39.8,86.0,False,True,True,True,True,True,False,True,False,6,False,Stage2 아님
20260928,FF,FutureFuel Corp,NYSE,5.08,464900.0,5.26,4.61,4.31,3.09,6.99,64.4,27.3,86.0,False,True,True,True,True,True,False,True,False,6,False,2 형성중
20260928,GEF.B,Greif Inc Class B,NYSE,106.92,150300.0,106.94,92.42,89.56,57.63,114.64,85.5,6.7,86.0,False,True,True,True,True,True,True,True,False,7,False,1b차
20260928,INMB,INmune Bio Inc,NASDAQ,2.0,191600.0,2.1,1.64,1.64,1.09,2.6,83.5,23.1,86.0,False,True,False,True,True,True,True,True,False,6,False,2 형성중
20260928,LB,LandBridge Company LLC,NYSE,80.72,201000.0,81.91,74.27,69.61,43.75,91.69,84.5,12.0,86.0,True,True,True,True,True,True,True,True,False,7,False,2 형성중
20260928,LTRX,Lantronix Inc,NASDAQ,7.22,1704000.0,5.74,6.03,6.06,4.37,8.75,65.2,17.5,86.0,True,True,False,True,False,True,True,True,True,6,False,베이스 없음
20260928,LUNG,Pulmonx Corp,NASDAQ,1.96,202000.0,1.96,1.61,1.69,1.13,2.89,73.5,32.2,86.0,False,True,False,True,True,True,False,True,False,5,False,Stage2 아님
20260928,MOG.A,Moog Inc Class A,NYSE,389.96,394800.0,391.49,358.05,339.03,192.33,448.85,102.8,13.1,86.0,False,True,True,True,True,True,True,True,False,7,False,2 형성중
20260928,PDFS,PDF Solutions  Inc.,NASDAQ,49.75,525700.0,47.18,46.25,42.54,23.55,71.69,111.3,30.6,86.0,False,True,True,True,True,True,False,True,True,7,False,4 형성중
20260928,QUCY,Quantum Cyber NV,NASDAQ,1.36,205300.0,1.34,1.26,1.21,0.3,4.93,353.3,72.4,86.0,False,True,True,True,True,True,False,True,True,7,False,1 형성중
20260928,QURE,uniQure N.V.,NASDAQ,39.11,1372900.0,44.3,31.56,29.51,8.73,71.5,348.0,45.3,86.0,False,True,True,True,True,True,False,True,False,6,False,2 형성중
20260928,SAIL,SailPoint  Inc.,NASDAQ,20.57,3577300.0,18.34,15.34,16.07,10.3,24.0,99.7,14.3,86.0,True,True,False,True,True,True,True,True,True,7,False,Stage2 아님
20260928,SBC,SBC Medical Group Holdings Inc,NASDAQ,5.03,194900.0,3.84,3.59,3.79,2.78,5.3,80.9,5.0,86.0,True,True,False,True,True,True,True,True,True,7,False,베이스 없음
20260928,STRZ,Starz Entertainment Corp.,NASDAQ,21.5,390200.0,25.95,21.98,19.15,8.4,32.58,156.0,34.0,86.0,False,False,True,True,True,True,False,True,False,5,False,1 형성중
20260928,TDW,Tidewater Inc.,NYSE,83.27,411800.0,86.79,81.14,75.69,46.65,101.58,78.5,18.0,86.0,False,True,True,True,True,True,True,True,False,7,False,1 형성중
20260928,TMO,Thermo Fisher Scientific Inc,NYSE,678.6,1904500.0,605.38,527.56,540.51,435.27,682.98,55.9,0.6,86.0,True,True,False,True,True,True,True,True,True,7,False,베이스 없음
20260928,TTMI,TTM Technologies Inc,NASDAQ,124.19,1824600.0,124.64,136.93,124.02,51.09,223.83,143.1,44.5,86.0,False,False,True,True,False,True,False,True,False,4,False,베이스 없음
20260928,UFCS,United Fire Group Inc,NASDAQ,53.34,105400.0,53.45,46.73,44.17,29.74,56.74,79.4,6.0,86.0,False,True,True,True,True,True,True,True,False,7,False,2a차
20260928,VELO,Velo3D Inc,NASDAQ,10.97,785500.0,11.8,14.22,14.21,2.87,31.75,282.2,65.4,86.0,False,False,True,True,False,True,False,True,False,4,False,베이스 없음
20260928,VIOT,Viomi Technology Co Ltd ADR,NASDAQ,1.59,769100.0,0.97,1.02,1.18,0.66,3.61,140.9,56.0,86.0,True,True,False,False,False,True,False,True,True,4,False,베이스 없음
20260928,WATT,Energous Corp,NASDAQ,12.74,226600.0,13.6,18.66,15.65,3.62,36.98,251.9,65.5,86.0,False,False,True,True,False,True,False,True,False,4,False,1 형성중
20260928,WYHG,Wing Yip Food Holdings Group Ltd ADR,NASDAQ,3.88,36000.0,4.56,3.49,3.21,1.56,26.17,148.7,85.2,86.0,False,True,True,True,True,True,False,True,False,6,False,Stage2 아님
20260928,YQ,17 Education and Technology Group Inc ADR,NASDAQ,3.69,9100.0,2.69,2.5,2.77,1.68,6.45,119.6,42.8,86.0,True,True,False,False,False,True,False,True,True,4,False,1a차
20260928,ARCB,ArcBest Corporation,NASDAQ,127.07,135100.0,139.6,128.14,118.37,59.43,176.69,113.8,28.1,85.0,False,False,True,True,True,True,False,True,False,5,False,2 형성중
20260928,BRNX,Brenx Ltd,NASDAQ,2.3,112500.0,2.65,2.59,6.4,0.36,80.5,533.6,97.1,85.0,False,False,False,False,False,True,False,True,False,2,False,Stage2 아님
20260928,BTE,Baytex Energy Corp.,NYSE,4.53,19265400.0,4.58,4.46,4.17,2.18,5.36,107.8,15.5,85.0,True,True,True,True,True,True,True,True,False,7,False,1 형성중
20260928,BTSG,Brightspring Health Services Inc,NASDAQ,56.54,2030900.0,61.79,56.15,51.74,26.28,73.75,115.1,23.3,85.0,False,True,True,True,True,True,True,True,False,7,False,2 형성중
20260928,BWMN,Bowman Consulting Group Ltd.,NASDAQ,42.61,560100.0,37.38,32.88,33.36,25.07,45.83,70.0,7.0,85.0,True,True,False,True,True,True,True,True,True,7,False,베이스 없음
20260928,CBL,CBL & Associates Properties  Inc.,NYSE,52.33,135100.0,55.66,48.36,45.45,28.04,60.4,86.7,13.4,85.0,False,True,True,True,True,True,True,True,False,7,False,2 형성중
20260928,CGEN,Compugen Ltd.,NASDAQ,2.33,94100.0,2.45,2.4,2.23,1.37,3.24,70.1,28.1,85.0,False,False,True,True,True,True,False,True,False,5,False,2 형성중
20260928,CRCT,Cricut Inc,NASDAQ,6.33,941800.0,5.45,4.66,4.68,3.74,6.78,69.5,6.6,85.0,True,True,False,True,True,True,True,True,True,7,False,베이스 없음
20260928,ENLT,Enlight Renewable Energy Ltd.,NASDAQ,68.75,191200.0,80.34,82.44,74.98,28.05,108.65,145.1,36.7,85.0,False,False,True,True,False,True,False,True,False,4,False,베이스 없음
20260928,FTI,TechnipFMC PLC,NYSE,70.62,2411400.0,74.45,71.14,66.36,35.29,80.7,100.1,12.5,85.0,False,False,True,True,True,True,True,True,False,6,False,2 형성중
20260928,GCBC,Greene County Bancorp Inc,NASDAQ,34.31,24400.0,34.51,28.6,27.25,21.25,36.33,61.5,5.6,85.0,False,True,True,True,True,True,True,True,False,7,False,베이스 없음
20260928,GGB,Gerdau SA ADR,NYSE,4.78,9775700.0,4.83,4.42,4.32,3.05,5.18,56.7,7.7,85.0,True,True,True,True,True,True,True,True,False,7,False,1 형성중
20260928,INDP,Indaptus Therapeutics Inc,NASDAQ,3.29,584200.0,2.01,2.24,2.28,0.92,8.57,257.6,61.6,85.0,False,True,False,True,False,True,False,True,True,5,False,1 형성중
20260928,JAZZ,Jazz Pharmaceuticals PLC,NASDAQ,238.28,788300.0,248.68,224.41,210.17,125.79,266.38,89.4,10.5,85.0,False,True,True,True,True,True,True,True,False,7,False,1a차
20260928,KOP,Koppers Holdings Inc,NYSE,46.17,102600.0,47.59,42.94,39.61,25.0,53.0,84.7,12.9,85.0,False,True,True,True,True,True,True,True,False,7,False,2 형성중
20260928,KRYS,Krystal Biotech  Inc.,NASDAQ,337.08,298900.0,343.04,310.91,299.09,158.08,382.54,113.2,11.9,85.0,False,True,True,True,True,True,True,True,False,7,False,2 형성중
20260928,LNTH,Lantheus Holdings  Inc.,NASDAQ,99.74,1195100.0,101.23,94.08,87.36,49.67,111.86,100.8,10.8,85.0,False,True,True,True,True,True,True,True,False,7,False,1 형성중
20260928,MANH,Manhattan Associates  Inc.,NASDAQ,201.88,661100.0,197.84,159.29,160.39,119.06,227.03,69.6,11.1,85.0,True,True,False,True,True,True,True,True,True,7,False,1 형성중
20260928,MDIA,Mediaco Holding Inc,NASDAQ,1.075,6000.0,1.05,0.89,0.83,0.54,1.64,99.8,34.5,85.0,True,True,True,True,True,True,False,True,True,7,False,1a차
20260928,MOVE,Corvex Inc,NASDAQ,11.24,92200.0,11.61,14.21,12.59,3.44,26.72,226.8,57.9,85.0,False,False,True,True,False,True,False,True,False,4,False,베이스 없음
20260928,MTSI,MACOM Technology Solutions Holdings  Inc.,NASDAQ,278.56,1067400.0,274.03,292.58,270.57,121.97,418.9,128.4,33.5,85.0,False,False,True,True,False,True,False,True,True,5,False,3 형성중
20260928,NOK,Nokia Oyj ADR,NYSE,10.12,55286800.0,10.06,11.01,9.93,4.63,17.45,118.6,42.0,85.0,False,False,True,True,False,True,False,True,True,5,False,1 형성중
20260928,OXBR,Oxbridge Re Holdings Ltd,NASDAQ,1.465,18700.0,1.41,1.13,1.15,0.66,2.13,122.0,31.3,85.0,True,True,False,True,True,True,False,True,True,6,False,1 형성중
20260928,PBAM,Private Bancorp of America Inc,NASDAQ,85.8,69611.0,86.52,76.66,72.42,54.45,92.09,57.6,6.8,85.0,False,True,True,True,True,True,True,True,False,7,False,베이스 없음
20260928,PCLA,Picocela Inc ADR,NASDAQ,7.11,22300.0,6.67,4.7,5.2,1.35,19.61,426.7,63.7,85.0,True,True,False,False,True,True,False,True,True,5,False,Stage2 아님
20260928,PLTR,Palantir Technologies Inc.,NASDAQ,187.48,17407900.0,165.03,147.67,152.05,106.37,207.52,76.3,9.7,85.0,True,True,False,True,True,True,True,True,True,7,False,1 형성중
20260928,PRTS,Carparts.Com Inc,NASDAQ,8.15,30300.0,6.93,7.21,6.69,3.7,10.98,120.3,25.8,85.0,True,True,True,True,False,True,False,True,True,6,False,Stage2 아님
20260928,QUAD,Quad/Graphics Inc,NYSE,9.41,252800.0,9.74,8.18,7.71,5.12,11.15,83.8,15.6,85.0,False,True,True,True,True,True,True,True,False,7,False,3 형성중
20260928,RPD,Rapid7  Inc.,NASDAQ,11.8,976800.0,11.55,8.54,9.62,4.97,20.17,137.4,41.5,85.0,False,True,False,False,True,True,False,True,True,5,False,1 형성중
20260928,SKK,Skk Holdings Ltd,NASDAQ,4.57,36900.0,4.61,3.92,3.71,1.61,17.95,183.9,74.5,85.0,False,True,True,True,True,True,False,True,False,6,False,Stage2 아님
20260928,SM,SM Energy Co,NYSE,33.55,3682700.0,34.54,30.82,27.99,17.45,41.56,92.3,19.3,85.0,True,True,True,True,True,True,True,True,False,7,False,2 형성중
20260928,STT,State Street Corporation,NYSE,179.73,1875300.0,186.62,161.52,153.65,104.64,195.93,71.8,8.3,85.0,False,True,True,True,True,True,True,True,False,7,False,1a차
20260928,WAT,Waters Corp,NYSE,442.94,981500.0,404.17,358.04,362.53,282.77,445.48,56.6,0.6,85.0,True,True,False,True,True,True,True,True,True,7,False,베이스 없음
20260714,WSR,Whitestone REIT,NYSE,18.99,633668.0,18.99,16.66,15.64,11.43,19.1,66.1,0.6,85.0,False,True,True,True,True,True,True,True,False,7,False,베이스 없음
20260928,ZKIN,ZK International Group Co Ltd,NASDAQ,2.13,71900.0,1.24,1.4,1.47,1.0,3.11,113.0,31.5,85.0,True,True,False,False,False,True,False,True,True,4,False,1 형성중
20260928,ZLAB,Zai Lab Ltd ADR,NASDAQ,25.69,884700.0,23.67,20.87,20.2,15.96,34.72,61.0,26.0,85.0,False,True,True,True,True,True,False,True,True,7,False,2 형성중
20260928,ALM,Almonty Industries Inc.,NASDAQ,13.21,4583000.0,14.99,17.21,15.52,5.25,24.41,151.6,45.9,84.0,False,False,True,True,False,True,False,True,False,4,False,베이스 없음
20260928,AMAL,Amalgamated Financial Corp,NASDAQ,47.28,229700.0,48.65,43.95,41.96,25.13,51.59,88.1,8.4,84.0,False,True,True,True,True,True,True,True,False,7,False,1a차
20260928,ATRO,Astronics Corporation,NASDAQ,67.65,427700.0,73.93,67.47,63.94,33.12,94.46,104.3,28.4,84.0,False,True,True,True,True,True,False,True,False,6,False,6 형성중
20260928,AZTA,Azenta  Inc.,NASDAQ,34.25,736900.0,31.71,25.9,28.2,15.93,41.73,115.0,17.9,84.0,True,True,False,False,True,True,True,True,True,6,False,1 형성중
20260928,BIO.B,Bio-Rad Laboratories  Inc. Class B,NYSE,365.08,0.0,332.75,298.43,301.28,244.54,365.08,49.3,0.0,84.0,True,True,False,True,True,True,True,True,True,7,False,자료 부족
20260928,BNGO,Bionano Genomics  Inc.,NASDAQ,1.68,465500.0,1.27,1.22,1.27,1.0,2.23,68.0,24.7,84.0,True,True,False,False,True,True,True,True,True,6,False,Stage2 아님
20260928,BSIN,Big Sky Industrial Inc,NASDAQ,1.38,706900.0,1.41,1.14,1.11,0.66,1.67,109.1,17.4,84.0,True,True,True,True,True,True,True,True,False,7,False,2 형성중
20260928,CERT,Certara  Inc.,NASDAQ,9.13,2917700.0,8.05,6.7,7.18,4.45,13.88,105.2,34.2,84.0,True,True,False,False,True,True,False,True,True,5,False,1 형성중
20260928,CEVA,Ceva  Inc.,NASDAQ,34.69,673100.0,31.62,31.83,29.39,17.02,51.6,103.8,32.8,84.0,False,True,True,True,False,True,False,True,True,6,False,베이스 없음
20260928,CLRO,Clearone Inc,NASDAQ,5.1,28257300.0,5.35,4.5,4.87,2.71,16.5,88.2,69.1,84.0,False,True,False,False,True,True,False,True,False,4,False,1a차
20260928,COSM,Cosmos Health Inc,NASDAQ,0.37,3522100.0,0.25,0.28,0.33,0.16,1.32,128.4,72.0,84.0,True,True,False,False,False,True,False,True,True,4,False,베이스 없음
20260928,CROX,Crocs  Inc.,NASDAQ,122.36,1073700.0,125.99,111.64,105.69,73.21,141.28,67.1,13.4,84.0,False,True,True,True,True,True,True,True,False,7,False,2 형성중
20260928,DAVE,Dave Inc.,NASDAQ,320.7,308800.0,365.98,294.73,270.18,152.21,458.25,110.7,30.0,84.0,False,True,True,True,True,True,False,True,False,6,False,2 형성중
20260928,EFTY,Etoiles Capital Group Co Ltd,NASDAQ,15.02,0.0,15.02,15.02,15.02,6.31,18.2,138.0,17.5,84.0,False,False,False,False,False,True,True,True,False,3,False,자료 부족
20260928,FENC,Fennec Pharmaceuticals Inc.,NASDAQ,10.95,210200.0,11.07,9.2,8.85,5.65,13.25,93.8,17.4,84.0,False,True,True,True,True,True,True,True,False,7,False,2 형성중
20260928,FIGS,FIGS  Inc.,NYSE,13.62,2517200.0,12.94,13.15,12.71,6.5,17.48,109.5,22.1,84.0,False,True,True,True,False,True,True,True,True,7,False,1 형성중
20260928,FOCL,Edap Tms SA ADR,NASDAQ,4.53,116500.0,4.93,4.46,4.29,1.75,6.4,158.9,29.2,84.0,False,True,True,True,True,True,False,True,False,6,False,베이스 없음
20260928,HURN,Huron Consulting Group Inc.,NASDAQ,157.62,159900.0,148.95,128.63,138.65,84.88,186.78,85.7,15.6,84.0,True,True,False,False,True,True,True,True,True,6,False,베이스 없음
20260928,IMVT,Immunovant  Inc.,NASDAQ,33.49,1229300.0,39.62,33.29,31.48,15.22,45.42,120.0,26.3,84.0,False,True,True,True,True,True,False,True,False,6,False,3 형성중
20260928,KIDZ,KIDZ AI Inc,NASDAQ,2.57,63900.0,3.36,10.78,33.02,0.33,665.0,678.8,99.6,84.0,False,False,False,False,False,True,False,True,False,2,False,Stage2 아님
20260928,MBIN,Merchants Bancorp,NASDAQ,51.55,110400.0,52.69,48.37,45.79,30.37,56.87,69.7,9.4,84.0,False,True,True,True,True,True,True,True,False,7,False,2a차
20260928,MITK,Mitek Systems Inc,NASDAQ,17.22,611700.0,17.82,16.33,14.92,8.53,21.05,101.9,18.2,84.0,False,True,True,True,True,True,True,True,False,7,False,2 형성중
20260928,MOV,Movado Group Inc,NYSE,33.48,202000.0,35.44,31.86,29.54,17.24,40.5,94.2,17.3,84.0,False,True,True,True,True,True,True,True,False,7,False,2 형성중
20260901,NCSM,NCS Multistage Holdings Inc,NASDAQ,53.35,30195.0,47.11,51.22,48.2,34.06,87.36,56.6,38.9,84.0,True,True,True,True,False,True,False,True,True,6,False,베이스 없음
20260928,NVAX,Novavax  Inc.,NASDAQ,10.8,4455800.0,8.85,9.08,8.79,6.2,11.97,74.2,9.8,84.0,True,True,True,True,False,True,True,True,True,7,False,베이스 없음
20260928,ODC,Oil-Dri Corporation of America,NYSE,89.68,189100.0,91.87,82.75,75.95,45.61,107.0,96.6,16.2,84.0,False,True,True,True,True,True,True,True,False,7,False,2 형성중
20260928,PI,Impinj  Inc.,NASDAQ,176.88,371300.0,164.62,138.2,143.33,87.36,247.06,102.5,28.4,84.0,False,True,False,True,True,True,False,True,True,6,False,2 형성중
20260928,PRGO,Perrigo Company PLC,NYSE,15.1,2889400.0,12.95,11.6,12.26,9.23,22.65,63.6,33.3,84.0,True,True,False,True,True,True,False,True,True,6,False,Stage2 아님
20260928,RCKY,Rocky Brands Inc,NASDAQ,45.03,60200.0,45.2,41.67,39.16,26.29,53.01,71.3,15.1,84.0,False,True,True,True,True,True,True,True,False,7,False,3 형성중
20260928,RPRX,Royalty Pharma PLC,NASDAQ,58.37,1862600.0,59.41,53.81,50.58,34.63,64.38,68.6,9.3,84.0,True,True,True,True,True,True,True,True,False,7,False,1 형성중
20260928,SUNE,Sunation Energy Inc,NASDAQ,2.37,75900.0,2.52,2.08,1.86,0.68,9.45,248.5,74.9,84.0,False,True,True,True,True,True,False,True,False,6,False,Stage2 아님
20260928,VFF,Village Farms International Inc,NASDAQ,3.14,631200.0,2.54,2.58,2.81,1.8,4.99,74.0,37.1,84.0,True,True,False,False,False,True,False,True,True,4,False,베이스 없음
20260928,WKC,World Kinect Corporation,NYSE,35.22,518100.0,36.53,30.51,29.32,22.21,41.2,58.6,14.5,84.0,False,True,True,True,True,True,True,True,False,7,False,1 형성중
20260928,XMAX,XMax Inc,NASDAQ,8.76,935800.0,8.78,8.06,7.54,4.8,9.4,82.5,6.8,84.0,False,True,True,True,True,True,True,True,False,7,False,1a차
20260928,ACHC,Acadia Healthcare Company  Inc.,NASDAQ,27.91,1120900.0,29.86,27.03,23.83,11.43,35.83,144.2,22.1,83.0,False,True,True,True,True,True,True,True,False,7,False,2 형성중
20260928,ADI,Analog Devices  Inc.,NASDAQ,395.43,3064400.0,373.59,375.21,357.07,223.47,445.91,76.9,11.3,83.0,False,True,True,True,False,True,True,True,True,7,False,3 형성중
20260928,AIRT,Air T Inc,NASDAQ,28.48,56900.0,29.79,25.0,23.99,18.35,35.0,55.2,18.6,83.0,False,True,True,True,True,True,True,True,False,7,False,2 형성중
20260928,APLM,Apollomics Inc,NASDAQ,23.845,2400.0,21.8,18.36,18.54,10.01,42.12,138.3,43.4,83.0,True,True,False,True,True,True,False,True,True,6,False,Stage2 아님
20260928,ARIS,Aris Mining Corp,NYSE,17.5,3087900.0,17.76,17.88,17.85,8.75,23.29,100.0,24.9,83.0,True,False,True,True,False,True,True,True,False,5,False,베이스 없음
20260928,BFRI,Biofrontera Inc,NASDAQ,1.13,383800.0,1.31,1.08,1.02,0.56,1.66,103.6,31.9,83.0,False,True,True,True,True,True,False,True,False,6,False,1 형성중
20260928,BHP,BHP Group Ltd ADR,NYSE,84.58,2469100.0,88.24,82.91,78.66,52.18,98.71,62.1,14.3,83.0,False,True,True,True,True,True,True,True,False,7,False,2 형성중
20260928,CHYM,Chime Financial  Inc.,NASDAQ,26.69,4580300.0,29.06,22.97,23.44,15.88,35.55,68.1,24.9,83.0,False,True,False,True,True,True,True,True,False,6,False,Stage2 아님
20260928,CNQ,Canadian Natural Resources Ltd,NYSE,47.55,5625700.0,48.33,46.37,43.62,29.68,52.31,60.2,9.1,83.0,True,True,True,True,True,True,True,True,False,7,False,1a차
20260928,CPAY,Corpay  Inc.,NYSE,396.23,492400.0,398.72,352.42,344.65,252.84,427.46,56.7,7.3,83.0,False,True,True,True,True,True,True,True,False,7,False,1b차
20260928,DJCO,Daily Journal Corporation,NASDAQ,659.08,48300.0,615.52,553.55,554.84,348.63,692.5,89.0,4.8,83.0,True,True,False,True,True,True,True,True,True,7,False,베이스 없음
20260928,EPRX,Eupraxia Pharmaceuticals Inc,NASDAQ,8.21,369100.0,7.17,7.09,7.29,5.25,9.32,56.4,11.9,83.0,True,True,False,True,False,True,True,True,True,6,False,베이스 없음
20260928,EZPW,EZCORP Inc,NASDAQ,30.83,627200.0,30.93,30.49,28.3,16.5,37.13,86.8,17.0,83.0,False,True,True,True,True,True,True,True,False,7,False,4 형성중
20260928,FSM,Fortuna Mining Corp,NYSE,11.21,4157500.0,10.77,10.21,10.25,7.69,13.85,45.8,19.1,83.0,True,True,False,True,True,True,True,True,True,7,False,1 형성중
20260928,GMAB,Genmab A/S ADR,NASDAQ,35.36,2794600.0,32.06,28.68,29.54,23.62,35.7,49.7,1.0,83.0,True,True,False,True,True,True,True,True,True,7,False,베이스 없음
20260928,INVX,Innovex International Inc,NYSE,28.86,409800.0,28.89,27.31,26.45,17.01,33.71,69.7,14.4,83.0,False,True,True,True,True,True,True,True,False,7,False,3 형성중
20260928,KALU,Kaiser Aluminum Corporation,NASDAQ,151.57,178500.0,163.01,158.84,150.33,73.37,199.89,106.6,24.2,83.0,False,False,True,True,True,True,True,True,False,6,False,3 형성중
20260928,LTH,Life Time Group Holdings  Inc.,NYSE,39.59,2594400.0,42.94,35.24,33.4,24.14,47.24,64.0,16.2,83.0,False,True,True,True,True,True,True,True,False,7,False,1 형성중
20260928,NBR,Nabors Industries Ltd.,NYSE,79.42,139600.0,87.0,87.87,81.42,36.66,112.9,116.6,29.7,83.0,False,False,True,True,False,True,False,True,False,4,False,베이스 없음
20260928,NWPX,NWPX Infrastructure Inc,NASDAQ,103.11,65300.0,114.49,107.08,97.13,49.25,152.03,109.4,32.2,83.0,False,False,True,True,True,True,False,True,False,5,False,2 형성중
20260928,PIII,P3 Health Partners Inc,NASDAQ,6.94,8900.0,9.56,7.52,6.41,1.52,16.89,356.6,58.9,83.0,False,False,True,True,True,True,False,True,False,5,False,Stage2 아님
20260928,PR,Permian Resources Corporation,NYSE,21.3,8192500.0,22.09,20.56,19.2,11.92,24.65,78.7,13.6,83.0,True,True,True,True,True,True,True,True,False,7,False,2 형성중
20260928,RILYZ,BRC Group Holdings 5 25 Senior Notes due 2028,NASDAQ,19.31,32319.0,19.73,18.55,17.42,8.65,21.09,123.2,8.4,83.0,False,True,True,True,True,True,True,True,False,7,False,2a차
20260928,RUM,RUM Group Inc.,NASDAQ,7.93,3546100.0,7.62,6.88,6.74,4.62,10.6,71.6,25.2,83.0,True,True,True,True,True,True,False,True,True,7,False,1 형성중
20260928,SEI,Solaris Energy Infrastructure  Inc.,NYSE,69.15,2881400.0,59.29,64.25,60.9,35.4,86.19,95.4,19.8,83.0,False,True,True,True,False,True,True,True,True,7,False,베이스 없음
20260928,SUN,Sunoco Common Units,NYSE,74.62,309300.0,75.63,69.37,66.07,48.6,80.22,53.5,7.0,83.0,True,True,True,True,True,True,True,True,False,7,False,1a차
20260928,SY,So-Young International Inc ADR,NASDAQ,2.69,203700.0,2.35,2.44,2.57,1.28,4.75,110.2,43.4,83.0,True,True,False,False,False,True,False,True,True,4,False,베이스 없음
20260928,ADVB,Advanced Biomed Inc,NASDAQ,6.73,43200.0,8.76,6.17,6.2,3.61,24.23,86.4,72.2,82.0,False,True,False,False,True,True,False,True,False,4,False,Stage2 아님
20260928,ALRS,Alerus Financial Corp,NASDAQ,32.06,157300.0,33.0,28.97,27.7,20.31,34.4,57.9,6.8,82.0,False,True,True,True,True,True,True,True,False,7,False,1c차
20260928,ANGX,Angel Studios  Inc.,NYSE,4.57,1428600.0,4.54,3.63,3.8,2.04,9.85,123.5,53.6,82.0,True,True,False,False,True,True,False,True,True,5,False,Stage2 아님
20260928,ATNI,ATN International Inc,NASDAQ,28.57,71400.0,28.58,27.38,26.45,13.86,33.41,106.1,14.5,82.0,False,True,True,True,True,True,True,True,False,7,False,1 형성중
20260928,AVR,Anteris Technologies Global Corp,NASDAQ,7.74,707200.0,8.52,7.77,7.18,3.3,11.06,134.5,30.0,82.0,False,False,True,True,True,True,False,True,False,5,False,3 형성중
20260928,BFH,Bread Financial Holdings  Inc.,NYSE,101.25,505100.0,106.85,93.2,88.54,53.83,114.53,88.1,11.6,82.0,False,True,True,True,True,True,True,True,False,7,False,2a차
20260928,CIEN,Ciena Corporation,NYSE,344.19,1830200.0,376.18,433.23,387.61,133.67,637.51,157.5,46.0,82.0,False,False,True,True,False,True,False,True,False,4,False,베이스 없음
20260928,CRDO,Credo Technology Group Holding Ltd,NASDAQ,192.67,9077600.0,209.16,188.89,175.97,86.48,308.67,122.8,37.6,82.0,False,True,True,True,True,True,False,True,False,6,False,1 형성중
20260928,DHC,Diversified Healthcare Trust,NASDAQ,7.96,1538400.0,8.32,8.07,7.44,3.92,9.66,103.1,17.6,82.0,False,False,True,True,True,True,True,True,False,6,False,3 형성중
20260928,DSGN,Design Therapeutics  Inc.,NASDAQ,12.36,433100.0,13.69,12.65,11.93,5.28,17.25,134.1,28.3,82.0,False,False,True,True,True,True,False,True,False,5,False,3 형성중
20260928,GTEC,Greenland Technologies Holding Corp,NASDAQ,0.9,579200.0,0.81,0.71,0.77,0.47,1.61,93.1,44.1,82.0,True,True,False,False,True,True,False,True,True,5,False,Stage2 아님
20260928,GTX,Garrett Motion Inc.,NASDAQ,25.86,1908500.0,28.31,26.63,24.54,12.26,36.25,110.9,28.7,82.0,False,False,True,True,True,True,False,True,False,5,False,5 형성중
20260928,HP,Helmerich & Payne  Inc.,NYSE,37.47,1666900.0,40.1,37.58,36.11,21.66,48.17,73.0,22.2,82.0,False,False,True,True,True,True,True,True,False,6,False,1 형성중
20260928,HRMY,Harmony Biosciences Holdings  Inc.,NASDAQ,40.01,782200.0,39.1,33.78,34.64,25.52,43.49,56.8,8.0,82.0,True,True,False,True,True,True,True,True,True,7,False,1a차
20260928,HYMC,Hycroft Mining Holding Corp,NASDAQ,19.6,2274700.0,22.84,30.36,30.61,5.92,58.73,231.1,66.6,82.0,False,False,False,True,False,True,False,True,False,3,False,1 형성중
20260928,IFBD,Infobird Co Ltd,NASDAQ,1.27,191800.0,1.03,1.01,0.99,0.66,2.17,92.4,41.6,82.0,True,True,True,False,True,True,False,True,True,6,False,Stage2 아님
20260928,MATV,Mativ Holdings  Inc.,NYSE,11.84,346400.0,11.19,9.54,10.39,7.07,15.48,67.5,23.5,82.0,False,True,False,False,True,True,True,True,True,6,False,1 형성중
20260928,MPWR,Monolithic Power Systems Inc,NASDAQ,1351.2,659400.0,1305.72,1350.11,1273.61,833.18,1714.09,62.2,21.2,82.0,False,True,True,True,False,True,True,True,True,7,False,베이스 없음
20260928,MSFT,Microsoft Corporation,NASDAQ,509.22,19611600.0,478.12,425.54,432.15,349.2,553.72,45.8,8.0,82.0,True,True,False,True,True,True,True,True,True,7,False,베이스 없음
20260928,NBTX,Nanobiotix SA ADR,NASDAQ,32.6,49400.0,38.54,36.77,33.16,14.46,57.14,125.4,42.9,82.0,False,False,True,True,True,True,False,True,False,5,False,베이스 없음
20260928,OBK,Origin Bancorp Inc,NYSE,53.01,151700.0,53.64,48.53,46.62,32.12,55.57,65.0,4.6,82.0,False,True,True,True,True,True,True,True,False,7,False,1a차
20260928,ONC,BeOne Medicines AG ADR,NASDAQ,367.0,350500.0,348.77,314.41,318.98,253.95,385.22,44.5,4.7,82.0,True,True,False,True,True,True,True,True,True,7,False,베이스 없음
20260928,PBI,Pitney Bowes Inc.,NYSE,16.38,900200.0,17.2,15.25,14.05,8.95,19.07,83.0,14.1,82.0,False,True,True,True,True,True,True,True,False,7,False,1 형성중
20260928,PGC,Peapack-Gladstone Financial Corp,NASDAQ,44.12,123000.0,45.72,42.27,39.34,24.71,49.14,78.6,10.2,82.0,False,True,True,True,True,True,True,True,False,7,False,1 형성중
20260928,PRHI,Presurance Holdings Inc,NASDAQ,6.72,33900.0,6.48,5.42,5.38,3.36,19.81,100.0,66.1,82.0,True,True,True,True,True,True,False,True,True,7,False,Stage2 아님
20260928,RFL,Rafael Holdings Inc,NYSE,2.02,65800.0,2.12,1.8,1.66,1.12,3.96,80.4,49.0,82.0,False,True,True,True,True,True,False,True,False,6,False,1 형성중
20260928,RLJ,RLJ Lodging Trust,NYSE,11.07,2487600.0,11.42,9.92,9.38,6.54,12.89,69.3,14.1,82.0,False,True,True,True,True,True,True,True,False,7,False,1 형성중
20260928,ROST,Ross Stores Inc,NASDAQ,237.09,1964500.0,238.1,226.11,216.62,147.49,257.0,60.7,7.7,82.0,False,True,True,True,True,True,True,True,False,7,False,1 형성중
20260928,SCZM,Santacruz Silver Mining Ltd.,NASDAQ,9.02,726500.0,8.52,8.34,9.01,4.68,17.64,92.7,48.9,82.0,True,True,False,True,False,True,False,True,True,5,False,1 형성중
20260928,SEIC,SEI Investments Company,NASDAQ,104.82,663200.0,105.44,92.5,90.43,75.08,111.9,39.6,6.3,82.0,False,True,True,True,True,True,True,True,False,7,False,베이스 없음
20260928,SKE,Skeena Resources Limited,NYSE,29.87,471800.0,30.97,30.44,29.84,15.43,38.77,93.6,23.0,82.0,False,False,True,True,True,True,True,True,False,6,False,1 형성중
20260928,SONO,Sonos  Inc.,NASDAQ,17.97,2154800.0,15.73,14.86,15.31,12.44,19.82,44.5,9.3,82.0,True,True,False,False,True,True,True,True,True,6,False,베이스 없음
20260928,STAK,STAK Inc,NASDAQ,1.19,638200.0,1.62,1.93,1.54,0.29,12.0,310.3,90.1,82.0,False,False,True,True,False,True,False,True,False,4,False,베이스 없음
20260928,TLPH,Talphera Inc,NASDAQ,1.19,188300.0,1.26,1.02,1.02,0.69,1.57,72.5,24.2,82.0,False,True,True,False,True,True,True,True,False,6,False,1 형성중
20260928,TNET,TriNet Group  Inc.,NYSE,63.39,311500.0,67.06,50.86,52.4,33.61,73.08,88.6,13.3,82.0,False,True,False,True,True,True,True,True,False,6,False,1 형성중
20260928,TORO,Toro Corp.,NASDAQ,5.24,16500.0,5.73,5.08,4.98,3.0,8.5,74.8,38.4,82.0,False,True,True,True,True,True,False,True,False,6,False,1 형성중
20260928,TRGP,Targa Resources Corp.,NYSE,277.43,1030200.0,281.72,263.22,245.84,144.14,307.94,92.5,9.9,82.0,False,True,True,True,True,True,True,True,False,7,False,1a차
20260928,WEAV,Weave Communications  Inc.,NYSE,7.37,834000.0,6.84,5.92,6.12,4.24,7.7,73.8,4.3,82.0,True,True,False,True,True,True,True,True,True,7,False,베이스 없음
20260928,WHWK,Whitehawk Therapeutics  Inc.,NASDAQ,3.76,277900.0,4.27,4.08,3.73,1.82,5.5,106.6,31.6,82.0,False,False,True,True,True,True,False,True,False,5,False,3 형성중
20260928,ARMK,Aramark,NYSE,54.26,1878800.0,57.61,51.07,47.94,35.07,62.65,54.7,13.4,81.0,False,True,True,True,True,True,True,True,False,7,False,1 형성중
20260928,CACI,CACI International Inc,NYSE,616.4,256900.0,593.39,551.93,561.48,434.7,683.5,41.8,9.8,81.0,False,True,False,True,True,True,True,True,True,7,False,1 형성중
20260928,CFBK,CF Bankshares Inc,NASDAQ,34.25,35300.0,34.9,31.21,30.4,22.1,38.11,55.0,10.1,81.0,False,True,True,True,True,True,True,True,False,7,False,2a차
20260928,CSCO,Cisco Systems Inc,NASDAQ,106.74,19356400.0,112.38,103.32,96.97,66.81,130.37,59.8,18.1,81.0,False,True,True,True,True,True,True,True,False,7,False,2 형성중
20260507,CTRA,Coterra Energy Inc,NYSE,32.56,0.0,33.19,28.63,27.46,22.33,36.88,45.8,11.7,81.0,False,True,True,True,True,True,True,True,False,7,False,2 형성중
20260928,DOCU,Docusign  Inc.,NASDAQ,66.98,3200800.0,61.44,51.82,53.71,40.16,83.29,66.8,19.6,81.0,True,True,False,False,True,True,True,True,True,6,False,베이스 없음
20260928,EGO,Eldorado Gold Corporation,NYSE,39.44,5509900.0,39.28,35.74,36.85,24.44,51.16,61.4,22.9,81.0,True,True,False,True,True,True,True,True,True,7,False,1 형성중
20260928,EMBJ,Embraer S.A. ADR,NYSE,76.53,1087100.0,72.81,65.75,66.84,53.56,80.75,42.9,5.2,81.0,True,True,False,True,True,True,True,True,True,7,False,베이스 없음
20260928,ESCA,Escalade Inc,NASDAQ,19.37,34500.0,20.15,18.66,17.45,11.41,23.07,69.8,16.0,81.0,False,True,True,True,True,True,True,True,False,7,False,2 형성중
20260928,FA,First Advantage Corporation,NASDAQ,18.61,2232900.0,20.92,16.45,15.76,8.82,25.15,111.0,26.0,81.0,False,True,True,True,True,True,False,True,False,6,False,2 형성중
20260928,GITS,Global Interactive Technologies Inc,NASDAQ,2.06,10400.0,2.07,2.07,1.98,0.66,7.09,214.0,70.9,81.0,False,False,True,True,True,True,False,True,False,5,False,1 형성중
20260928,GRC,The Gorman-Rupp Company,NYSE,76.06,201800.0,77.94,74.53,69.46,42.31,92.78,79.8,18.0,81.0,False,True,True,True,True,True,True,True,False,7,False,2 형성중
20260928,HPK,Highpeak Energy Inc,NASDAQ,7.59,415700.0,7.74,7.04,6.44,3.85,9.13,97.1,16.9,81.0,True,True,True,True,True,True,True,True,False,7,False,2 형성중
20260928,HSBC,HSBC Holdings PLC ADR,NYSE,101.18,1336300.0,103.44,94.59,91.68,64.65,107.92,56.5,6.2,81.0,False,True,True,True,True,True,True,True,False,7,False,3a차
20260928,IMNM,Immunome  Inc.,NASDAQ,21.68,945200.0,25.24,22.75,22.7,10.0,30.06,116.8,27.9,81.0,False,False,True,True,True,True,False,True,False,5,False,베이스 없음
20260928,IX,ORIX CORPORATION ADR,NYSE,39.03,188100.0,39.63,36.51,35.11,24.19,42.39,61.3,7.9,81.0,False,True,True,True,True,True,True,True,False,7,False,2a차
20260928,JCSE,JE Cleantech Holdings Ltd,NASDAQ,1.44,4600.0,1.47,1.3,1.31,0.77,2.5,87.0,42.4,81.0,False,True,False,True,True,True,False,True,False,5,False,2 형성중
20260928,MKSI,MKS Incorporated,NASDAQ,258.38,1094900.0,282.84,291.85,269.44,119.62,447.62,116.0,42.3,81.0,False,False,True,True,False,True,False,True,False,4,False,베이스 없음
20260928,MSTR,Strategy Inc,NASDAQ,157.14,16220200.0,118.91,130.89,136.38,81.81,365.21,92.1,57.0,81.0,True,True,False,False,False,True,False,True,True,4,False,1a차
20260928,NGNE,Neurogene Inc.,NASDAQ,28.48,176400.0,35.52,29.76,27.01,15.93,43.66,78.8,34.8,81.0,False,False,True,True,True,True,False,True,False,5,False,3 형성중
20260928,NRT,North European Oil Royalty Units,NYSE,8.55,9400.0,8.83,8.43,8.29,5.23,10.49,63.5,18.5,81.0,False,True,True,True,True,True,True,True,False,7,False,1 형성중
20260928,NSP,Insperity  Inc.,NYSE,46.91,489500.0,51.01,38.08,38.31,18.57,55.9,152.6,16.1,81.0,False,True,False,True,True,True,True,True,False,6,False,1 형성중
20260928,NXDR,Nextdoor Holdings  Inc.,NYSE,2.42,1478100.0,2.39,2.02,2.01,1.33,3.72,82.0,34.9,81.0,False,True,True,True,True,True,False,True,True,7,False,2 형성중
20260928,OVV,Ovintiv Inc.,NYSE,59.53,2719600.0,62.66,58.41,54.23,35.47,67.51,67.8,11.8,81.0,False,True,True,True,True,True,True,True,False,7,False,2 형성중
20260928,PAGP,Plains GP Holdings Limited Partner Interests Units Class A,NASDAQ,26.6,1932800.0,26.73,24.86,23.65,16.68,28.7,59.5,7.3,81.0,True,True,True,True,True,True,True,True,False,7,False,1a차
20260928,PBM,Psyence Biomedical Ltd,NASDAQ,5.665,48300.0,4.28,3.97,8.78,1.92,175.78,195.1,96.8,81.0,True,False,False,False,False,True,False,True,True,3,False,Stage2 아님
20260928,PFIS,Peoples Financial Services Corp,NASDAQ,69.36,71600.0,70.37,62.44,59.81,43.64,73.37,58.9,5.5,81.0,False,True,True,True,True,True,True,True,False,7,False,1a차
20260928,PWR,Quanta Services Inc,NYSE,644.36,845900.0,642.26,646.28,600.78,389.7,788.75,65.3,18.3,81.0,False,False,True,True,False,True,True,True,True,6,False,2 형성중
20260928,RELY,Remitly Global  Inc.,NASDAQ,21.89,2947300.0,23.94,21.13,19.32,12.08,27.48,81.2,20.3,81.0,False,True,True,True,True,True,True,True,False,7,False,2 형성중
20260928,RRBI,Red River Bancshares Inc,NASDAQ,99.77,57600.0,101.1,94.62,90.65,61.6,104.87,62.0,4.9,81.0,False,True,True,True,True,True,True,True,False,7,False,1a차
20260928,SCWO,374Water Inc,NASDAQ,2.94,15500.0,2.62,2.57,2.59,1.75,10.9,68.0,73.0,81.0,True,True,False,True,True,True,False,True,True,6,False,1 형성중
20260928,SDRL,Seadrill Limited,NYSE,45.58,609000.0,46.15,45.53,43.26,28.1,55.47,62.2,17.8,81.0,False,True,True,True,True,True,True,True,False,7,False,베이스 없음
20260928,STLD,Steel Dynamics Inc,NASDAQ,230.39,1006500.0,243.73,227.34,215.44,134.87,288.74,70.8,20.2,81.0,False,True,True,True,True,True,True,True,False,7,False,2 형성중
20260928,TXMD,TherapeuticsMD Inc,NASDAQ,2.09,12100.0,2.11,2.1,2.1,0.99,2.95,111.1,29.2,81.0,False,False,True,True,True,True,False,True,False,5,False,베이스 없음
20260928,UVE,Universal Insurance Holdings Inc,NYSE,42.3,110300.0,42.99,39.09,37.21,25.1,45.15,68.5,6.3,81.0,False,True,True,True,True,True,True,True,False,7,False,3a차
20260928,VET,Vermilion Energy Inc.,NYSE,11.52,902800.0,11.9,11.75,11.08,7.1,14.82,62.3,22.3,81.0,True,False,True,True,True,True,True,True,False,6,False,1a차
20260928,VIST,Vista Energy  S.A.B. de C.V. ADR,NYSE,66.91,687500.0,69.87,68.72,64.42,33.45,81.44,100.0,17.8,81.0,False,False,True,True,True,True,True,True,False,6,False,3 형성중
20260928,WDAY,Workday  Inc.,NASDAQ,188.6,2132500.0,180.61,147.16,158.0,110.36,249.85,70.9,24.5,81.0,False,True,False,False,True,True,True,True,True,6,False,베이스 없음
20260928,ZYBT,Zhengye Biotechnology Holding Ltd,NASDAQ,1.3,10000.0,1.72,1.14,1.17,0.62,8.01,111.0,83.8,81.0,False,True,False,False,True,True,False,True,False,4,False,Stage2 아님
20260928,ACNB,ACNB Corp,NASDAQ,63.18,42700.0,64.06,56.5,54.99,42.52,67.6,48.6,6.5,80.0,False,True,True,True,True,True,True,True,False,7,False,베이스 없음
20260928,ACRV,Acrivon Therapeutics  Inc.,NASDAQ,2.06,231000.0,1.89,1.76,1.83,1.27,3.56,62.2,42.1,80.0,True,True,False,False,True,True,False,True,True,5,False,1 형성중
20260928,AGM,Federal Agricultural Mortgage Corporation Class C,NYSE,215.71,84100.0,222.59,188.72,185.21,136.57,248.29,57.9,13.1,80.0,False,True,True,True,True,True,True,True,False,7,False,1 형성중
20260928,AIP,Arteris Inc,NASDAQ,23.12,486300.0,25.94,27.27,24.46,9.46,50.26,144.4,54.0,80.0,False,False,True,True,False,True,False,True,False,4,False,베이스 없음
20260928,AUTL,Autolus Therapeutics PLC ADR,NASDAQ,1.86,1399600.0,1.97,1.69,1.66,1.18,2.58,58.3,27.9,80.0,False,True,True,True,True,True,False,True,False,6,False,1 형성중
20260928,BEN,Franklin Templeton  Inc.,NYSE,32.68,3694400.0,33.61,30.56,29.29,21.11,36.28,54.8,9.9,80.0,False,True,True,True,True,True,True,True,False,7,False,베이스 없음
20260928,CARE,Carter Bankshares Inc,NASDAQ,29.66,217500.0,32.16,28.05,26.18,16.78,36.06,76.8,17.7,80.0,False,True,True,True,True,True,True,True,False,7,False,2 형성중
20260928,CLS,Celestica Inc.,NYSE,356.53,2434400.0,326.83,339.02,330.02,227.0,474.03,57.1,24.8,80.0,False,True,True,True,False,True,True,True,True,7,False,베이스 없음
20260928,CTOS,Custom Truck One Source  Inc.,NYSE,9.31,589300.0,9.87,9.12,8.44,5.18,12.23,79.7,23.9,80.0,False,True,True,True,True,True,True,True,False,7,False,2 형성중
20260928,FBIZ,First Business Financial Services Inc,NASDAQ,69.42,53000.0,70.14,61.64,60.45,46.07,73.74,50.7,5.9,80.0,False,True,True,True,True,True,True,True,False,7,False,1a차
20260928,FIVE,Five Below  Inc.,NASDAQ,228.0,910300.0,232.46,220.12,213.62,137.77,263.88,65.5,13.6,80.0,False,True,True,True,True,True,True,True,False,7,False,1 형성중
20260928,FNWD,Finward Bancorp,NASDAQ,42.45,7149.0,43.3,37.53,37.36,30.05,45.9,41.3,7.5,80.0,False,True,True,True,True,True,True,True,False,7,False,베이스 없음
20260928,FRSH,Freshworks Inc.,NASDAQ,12.53,2966500.0,12.17,9.94,10.2,6.79,13.96,84.5,10.2,80.0,False,True,False,True,True,True,True,True,True,7,False,1 형성중
20260928,GLW,Corning Incorporated,NYSE,151.59,7283400.0,152.83,164.78,148.87,77.05,271.78,96.7,44.2,80.0,False,False,True,True,False,True,False,True,False,4,False,4 형성중
20260928,GNK,Genco Shipping & Trading Limited,NYSE,25.93,247700.0,26.25,24.62,23.43,15.55,28.42,66.8,8.7,80.0,True,True,True,True,True,True,True,True,False,7,False,2b차
20260928,GSL,Global Ship Lease  Inc.,NYSE,43.73,387800.0,43.87,40.64,39.5,27.28,46.57,60.3,6.1,80.0,True,True,True,True,True,True,True,True,False,7,False,2b차
20260928,IAG,IAMGOLD Corp,NYSE,18.68,4500200.0,18.32,18.12,18.2,10.87,24.87,71.8,24.9,80.0,True,True,False,True,True,True,True,True,True,7,False,1 형성중
20260928,INNV,InnovAge Holding Corp,NASDAQ,8.89,725500.0,10.82,9.4,8.61,3.94,12.64,125.9,29.7,80.0,False,False,True,True,True,True,False,True,False,5,False,3 형성중
20260928,INSP,Inspire Medical Systems  Inc.,NYSE,70.0,442300.0,61.46,54.16,62.93,38.91,147.03,79.9,52.4,80.0,True,True,False,False,False,True,False,True,True,4,False,1 형성중
20260928,IVZ,Invesco Ltd,NYSE,30.43,5069600.0,31.3,27.85,27.71,20.67,33.65,47.2,9.6,80.0,False,True,True,True,True,True,True,True,False,7,False,2 형성중
20260928,KARO,Karooooo Ltd,NASDAQ,60.84,86200.0,64.18,54.24,52.5,41.25,68.76,47.5,11.5,80.0,False,True,True,True,True,True,True,True,False,7,False,1 형성중
20260928,LITB,LightInTheBox Holding Co Ltd ADR,NYSE,2.99,2600.0,3.09,2.83,2.74,1.63,4.17,83.4,28.3,80.0,False,True,True,True,True,True,False,True,False,6,False,1 형성중
20260928,MD,Pediatrix Medical Group Inc,NYSE,25.93,629300.0,26.36,23.73,23.19,15.7,27.94,65.2,7.2,80.0,False,True,True,True,True,True,True,True,False,7,False,베이스 없음
20260928,MGTX,MeiraGTx Holdings PLC,NASDAQ,11.11,930000.0,12.96,10.77,10.03,6.62,15.35,67.8,27.6,80.0,False,True,True,True,True,True,False,True,False,6,False,2 형성중
20260928,MTEX,Mannatech Inc,NASDAQ,7.83,49100.0,6.36,5.83,6.34,3.8,12.45,106.1,37.1,80.0,True,True,False,False,True,True,False,True,True,5,False,1 형성중
20260928,NEM,Newmont Corporation,NYSE,116.05,6866300.0,115.26,110.65,110.98,76.05,135.29,52.6,14.2,80.0,True,True,False,True,True,True,True,True,True,7,False,1 형성중
20260928,NVTS,Navitas Semiconductor Corporation,NASDAQ,11.73,19184100.0,12.05,14.58,13.14,6.22,34.17,88.6,65.7,80.0,False,False,True,True,False,True,False,True,False,4,False,베이스 없음
20260928,PAA,Plains All American Pipeline Units,NASDAQ,24.53,2842100.0,24.66,22.97,21.94,15.69,26.38,56.3,7.0,80.0,True,True,True,True,True,True,True,True,False,7,False,1a차
20260928,PAG,Penske Automotive Group Inc,NYSE,207.22,459600.0,215.21,182.0,177.64,140.12,227.0,47.9,8.7,80.0,False,True,True,True,True,True,True,True,False,7,False,베이스 없음
20260928,PCVX,Vaxcyte  Inc.,NASDAQ,58.27,1849000.0,58.45,56.52,54.82,31.89,65.0,82.7,10.4,80.0,False,True,True,True,True,True,True,True,False,7,False,1 형성중
20260928,PKBK,Parke Bancorp Inc,NASDAQ,33.65,43300.0,34.0,31.46,30.18,19.71,35.7,70.7,5.7,80.0,False,True,True,True,True,True,True,True,False,7,False,1a차
20260928,RHI,Robert Half Inc,NYSE,36.76,979300.0,40.57,31.95,31.01,21.83,46.7,68.4,21.3,80.0,False,True,True,True,True,True,True,True,False,7,False,2 형성중
20260928,RIOT,Riot Platforms  Inc.,NASDAQ,21.62,11894100.0,21.08,20.57,19.24,11.5,30.32,88.0,28.7,80.0,False,True,True,True,True,True,False,True,True,7,False,1 형성중
20260928,SLNG,Stabilis Solutions Inc,NASDAQ,5.15,13800.0,5.23,4.52,4.63,3.21,7.07,60.4,27.2,80.0,False,True,False,True,True,True,False,True,False,5,False,3 형성중
20260928,TD,The Toronto-Dominion Bank,NYSE,119.55,2113800.0,120.68,111.48,107.2,77.26,125.47,54.7,4.7,80.0,False,True,True,True,True,True,True,True,False,7,False,베이스 없음
20260928,UROY,Uranium Royalty Corp,NASDAQ,4.0,2285700.0,3.96,3.65,3.76,2.56,5.52,56.2,27.5,80.0,False,True,False,True,True,True,False,True,True,6,False,1 형성중
20260928,VECO,Veeco Instruments Inc.,NASDAQ,49.07,1282600.0,47.84,49.45,44.91,26.0,86.63,88.7,43.4,80.0,False,False,True,True,False,True,False,True,True,5,False,베이스 없음
20260928,WBD,Warner Bros. Discovery  Inc.,NASDAQ,30.9,43547900.0,27.78,27.41,27.65,17.08,30.92,80.9,0.1,80.0,True,True,False,True,True,True,True,True,True,7,False,베이스 없음
20260928,WDS,Woodside Energy Group Ltd ADR,NYSE,22.09,595600.0,23.01,22.38,20.95,14.27,25.19,54.8,12.3,80.0,False,False,True,True,True,True,True,True,False,6,False,1 형성중
20260928,ANGH,Anghami Inc,NASDAQ,3.791,400.0,3.52,3.58,3.41,2.25,7.89,68.5,52.0,79.0,False,True,True,True,False,True,False,True,True,6,False,Stage2 아님
20260928,ASYS,Amtech Systems Inc,NASDAQ,15.85,226900.0,15.33,16.53,15.78,6.75,25.71,134.8,38.4,79.0,False,False,True,True,False,True,False,True,True,5,False,1 형성중
20260928,AVBP,ArriVent BioPharma  Inc.,NASDAQ,29.3,1016600.0,30.0,28.88,27.2,17.0,35.83,72.4,18.2,79.0,False,True,True,True,True,True,True,True,False,7,False,3 형성중
20260928,BSTZ,BlackRock Science and Technology Term Closed End Fund,NYSE,29.37,117773.0,29.77,27.44,26.26,20.69,31.89,42.0,7.9,79.0,False,True,True,True,True,True,True,True,False,7,False,1 형성중
20260928,CD,Chaince Digital Holdings Inc,NASDAQ,6.52,272200.0,3.41,4.7,4.93,2.1,36.77,210.5,82.3,79.0,True,True,False,False,False,True,False,True,True,4,False,베이스 없음
20260928,CHRD,Chord Energy Corporation,NASDAQ,135.15,662200.0,141.09,134.11,124.56,84.25,157.06,60.4,14.0,79.0,True,True,True,True,True,True,True,True,False,7,False,1 형성중
20260928,CNMD,Conmed Corp,NYSE,46.48,374800.0,47.45,40.59,40.73,31.44,53.66,47.8,13.4,79.0,False,True,False,True,True,True,True,True,False,6,False,1 형성중
20260928,CNSP,CNS Pharmaceuticals Inc,NASDAQ,5.11,2400.0,5.48,4.42,4.74,1.9,10.59,168.9,51.7,79.0,False,True,False,False,True,True,False,True,False,4,False,Stage2 아님
20260928,COP,ConocoPhillips,NYSE,126.04,6196900.0,127.04,121.11,115.74,85.57,141.62,47.3,11.0,79.0,True,True,True,True,True,True,True,True,False,7,False,1 형성중
20260928,CRVS,Corvus Pharmaceuticals  Inc.,NASDAQ,11.87,1210200.0,13.73,14.27,14.07,6.32,26.95,88.0,56.0,79.0,False,False,True,True,False,True,False,True,False,4,False,베이스 없음
20260928,DLTH,Duluth Holdings Inc,NASDAQ,3.94,63800.0,4.11,3.62,3.31,2.02,5.09,95.0,22.6,79.0,False,True,True,True,True,True,True,True,False,7,False,2 형성중
20260928,EGHT,8x8 Inc,NASDAQ,2.23,1732700.0,1.97,2.01,2.02,1.57,2.88,42.0,22.6,79.0,True,True,False,False,False,True,True,True,True,5,False,베이스 없음
20260928,ELE,Elemental Royalty Corp,NASDAQ,19.69,444700.0,19.52,18.72,18.71,12.58,26.96,56.5,27.0,79.0,False,True,True,True,True,True,False,True,True,7,False,1 형성중
20260928,FISI,Financial Institutions Inc,NASDAQ,39.55,132600.0,40.89,36.78,35.75,25.61,42.97,54.4,8.0,79.0,False,True,True,True,True,True,True,True,False,7,False,1a차
20260928,GDRX,GoodRx Holdings  Inc.,NASDAQ,3.31,694100.0,3.4,2.79,2.74,1.77,5.81,87.0,43.0,79.0,False,True,True,True,True,True,False,True,False,6,False,1 형성중
20260928,GOLD,Gold.com Inc,NYSE,42.85,400200.0,43.78,44.2,44.08,23.0,66.7,86.3,35.8,79.0,False,False,True,True,False,True,False,True,False,4,False,베이스 없음
20260928,IPAR,Interparfums Inc,NASDAQ,117.94,194300.0,117.96,103.98,100.92,77.21,129.29,52.8,8.8,79.0,True,True,True,True,True,True,True,True,False,7,False,1 형성중
20260928,MFC,Manulife Financial Corporation,NYSE,43.5,1396900.0,43.69,39.8,39.07,30.52,45.33,42.5,4.0,79.0,False,True,True,True,True,True,True,True,False,7,False,1a차
20260928,MFIN,Medallion Financial Corp,NASDAQ,12.05,62300.0,11.24,10.07,10.14,7.85,12.26,53.5,1.7,79.0,True,True,False,True,True,True,True,True,True,7,False,베이스 없음
20260928,MTD,Mettler-Toledo International Inc.,NYSE,1545.26,185000.0,1390.18,1284.54,1316.56,1023.05,1545.45,51.0,0.0,79.0,True,True,False,False,True,True,True,True,True,6,False,1a차
20260928,NE,Noble Corporation PLC,NYSE,42.61,1074900.0,44.01,45.73,42.77,26.7,54.98,59.6,22.5,79.0,False,False,True,True,False,True,True,True,False,5,False,베이스 없음
20260928,OBT,Orange County Bancorp Inc,NASDAQ,37.68,64100.0,38.13,35.6,34.38,23.25,40.1,62.1,6.0,79.0,False,True,True,True,True,True,True,True,False,7,False,1a차
20260928,OSBC,Old Second Bancorp  Inc,NASDAQ,24.85,467700.0,25.13,22.46,21.93,16.65,26.06,49.2,4.6,79.0,False,True,True,True,True,True,True,True,False,7,False,1a차
20260928,OVID,Ovid Therapeutics Inc.,NASDAQ,2.46,1192400.0,2.62,2.49,2.27,1.18,3.1,108.5,20.8,79.0,False,False,True,True,True,True,True,True,False,6,False,3 형성중
20260928,PSTL,Postal Realty Trust  Inc.,NYSE,23.22,439600.0,23.42,22.29,21.02,14.25,25.22,62.9,7.9,79.0,False,True,True,True,True,True,True,True,False,7,False,2a차
20260928,RAMP,Liveramp Holdings Inc,NYSE,37.63,1948900.0,37.72,33.89,32.09,21.71,38.23,73.3,1.6,79.0,False,True,True,True,True,True,True,True,False,7,False,베이스 없음
20260928,RBCAA,Republic Bancorp Inc,NASDAQ,93.45,74800.0,95.72,83.68,80.71,63.97,102.22,46.1,8.6,79.0,False,True,True,True,True,True,True,True,False,7,False,베이스 없음
20260928,RS,Reliance  Inc.,NYSE,391.53,188500.0,400.01,367.34,354.63,260.31,433.02,50.4,9.6,79.0,False,True,True,True,True,True,True,True,False,7,False,1 형성중
20260928,SAN,Banco Santander S.A. ADR,NYSE,14.22,8121900.0,14.39,12.98,12.77,9.62,15.05,47.8,5.5,79.0,False,True,True,True,True,True,True,True,False,7,False,2a차
20260928,SLB,SLB N.V.,NYSE,51.49,13933300.0,52.55,51.92,50.21,31.64,60.46,62.7,14.8,79.0,False,False,True,True,True,True,True,True,False,6,False,1 형성중
20260928,SMBK,SmartFinancial Inc,NYSE,49.76,131600.0,51.26,45.09,43.71,33.01,54.14,50.7,8.1,79.0,False,True,True,True,True,True,True,True,False,7,False,1c차
20260928,SOLV,Solventum Corporation,NYSE,89.54,649100.0,87.12,77.2,77.77,62.38,94.16,43.5,4.9,79.0,True,True,False,True,True,True,True,True,True,7,False,베이스 없음
20260928,SRCE,1st Source Corp,NASDAQ,85.53,93700.0,86.77,78.02,75.11,56.89,91.46,50.3,6.5,79.0,False,True,True,True,True,True,True,True,False,7,False,베이스 없음
20260928,TECH,Bio-Techne Corporation,NASDAQ,72.51,3633600.0,72.21,61.29,61.72,43.2,72.69,67.8,0.2,79.0,True,True,False,True,True,True,True,True,True,7,False,베이스 없음
20260928,TPCS,TechPrecision Corp,NASDAQ,5.22,10700.0,5.22,4.33,4.42,2.88,6.31,81.2,17.3,79.0,True,True,False,True,True,True,True,True,False,6,False,2 형성중
20260928,TRST,TrustCo Bank Corp NY,NASDAQ,55.35,105300.0,56.79,51.3,49.39,34.31,59.28,61.3,6.6,79.0,False,True,True,True,True,True,True,True,False,7,False,1a차
20260928,TRV,The Travelers Companies  Inc.,NYSE,363.16,829500.0,372.5,328.42,318.16,252.26,398.7,44.0,8.9,79.0,False,True,True,True,True,True,True,True,False,7,False,1c차
20260928,TS,Tenaris SA ADR,NYSE,56.12,1232200.0,55.55,57.56,53.9,33.65,64.6,66.8,13.1,79.0,False,False,True,True,False,True,True,True,True,6,False,1 형성중
20260928,VAL,Valaris Ltd,NYSE,79.62,1178600.0,82.71,88.67,81.64,46.7,114.12,70.5,30.2,79.0,False,False,True,True,False,True,False,True,False,4,False,베이스 없음
20260928,VOYA,Voya Financial  Inc.,NYSE,95.98,692800.0,100.11,86.39,83.67,64.5,105.64,48.8,9.1,79.0,False,True,True,True,True,True,True,True,False,7,False,베이스 없음
20260928,WLY,John Wiley & Sons  Inc. Class A,NYSE,47.61,518457.0,50.77,44.46,41.0,28.38,57.45,67.8,17.1,79.0,False,True,True,True,True,True,True,True,False,7,False,1 형성중
20260928,ZS,Zscaler  Inc.,NASDAQ,199.39,3781700.0,174.15,153.64,167.51,114.62,336.99,73.9,40.8,79.0,True,True,False,False,True,True,False,True,True,5,False,베이스 없음
20260928,AMPH,Amphastar Pharmaceuticals  Inc.,NASDAQ,27.39,747900.0,21.91,20.77,22.37,16.65,29.52,64.5,7.2,78.0,True,True,False,False,False,True,True,True,True,5,False,베이스 없음
20260928,AVBC,Avidia Bancorp Inc,NYSE,21.71,87500.0,21.76,20.44,19.74,14.31,22.9,51.7,5.2,78.0,False,True,True,True,True,True,True,True,False,7,False,베이스 없음
20260928,AZIO,Azio AI Holdings Inc,NASDAQ,1.27,65400.0,1.4,1.65,1.65,0.33,4.91,282.5,74.1,78.0,False,False,True,True,False,True,False,True,False,4,False,Stage2 아님
20260928,BELFB,Bel Fuse Inc. Class B,NASDAQ,248.07,170400.0,261.8,256.87,241.72,129.94,335.29,90.9,26.0,78.0,False,False,True,True,True,True,False,True,False,5,False,4 형성중
20260928,BMHL,Bluemount Holdings Ltd,NASDAQ,5.0,18500.0,5.73,4.74,4.45,2.72,6.35,83.8,21.3,78.0,False,True,True,True,True,True,True,True,False,7,False,1 형성중
20260928,BNY,Bank of New York Mellon Corp,NYSE,148.44,2990200.0,158.43,141.55,135.99,103.11,165.84,44.0,10.5,78.0,False,True,True,True,True,True,True,True,False,7,False,1 형성중
20260928,BWAY,Brainsway Ltd ADR,NASDAQ,13.25,179100.0,14.79,14.61,13.65,7.14,17.4,85.7,23.9,78.0,False,False,True,True,True,True,True,True,False,6,False,베이스 없음
20260928,BXC,BlueLinx Holdings Inc.,NYSE,74.9,137400.0,74.99,61.63,63.63,44.78,93.8,67.3,20.1,78.0,False,True,False,True,True,True,True,True,False,6,False,2 형성중
20260928,CASS,Cass Information Systems Inc,NASDAQ,54.25,79300.0,55.86,50.03,48.41,36.07,59.63,50.4,9.0,78.0,False,True,True,True,True,True,True,True,False,7,False,베이스 없음
20260928,CAT,Caterpillar Inc,NYSE,819.95,2174700.0,829.63,837.25,789.66,459.58,1073.46,78.4,23.6,78.0,False,False,True,True,False,True,True,True,False,5,False,2 형성중
20260928,CCSI,Consensus Cloud Solutions Inc,NASDAQ,34.44,138600.0,36.78,32.53,30.23,20.2,41.4,70.5,16.8,78.0,False,True,True,True,True,True,True,True,False,7,False,2 형성중
20260928,CNO,CNO Financial Group  Inc.,NYSE,53.64,823400.0,54.5,48.6,47.07,38.22,57.59,40.3,6.9,78.0,False,True,True,True,True,True,True,True,False,7,False,베이스 없음
20260928,CRM,Salesforce  Inc.,NYSE,227.27,10263200.0,214.81,191.07,201.09,146.32,269.11,55.3,15.5,78.0,True,True,False,True,True,True,True,True,True,7,False,1 형성중
20260928,CTBI,Community Trust Bancorp  Inc.,NASDAQ,75.22,96400.0,76.86,69.32,67.13,50.25,79.92,49.7,5.9,78.0,False,True,True,True,True,True,True,True,False,7,False,1a차
20260928,DBX,Dropbox Inc,NASDAQ,31.92,5530900.0,33.87,28.53,28.05,21.7,38.17,47.1,16.4,78.0,False,True,True,True,True,True,True,True,False,7,False,1 형성중
20260928,DMAC,DiaMedica Therapeutics Inc,NASDAQ,8.32,362800.0,6.81,6.71,7.13,5.24,10.42,58.6,20.1,78.0,True,True,False,False,False,True,True,True,True,5,False,베이스 없음
20260928,DNOW,DNOW Inc.,NYSE,16.14,1483000.0,15.42,13.58,13.83,10.94,17.26,47.6,6.5,78.0,False,True,False,True,True,True,True,True,True,7,False,베이스 없음
20260928,FCBC,First Community Bankshares Inc,NASDAQ,47.54,63700.0,47.96,44.25,42.13,31.21,50.17,52.3,5.2,78.0,False,True,True,True,True,True,True,True,False,7,False,베이스 없음
20260928,GEF,Greif Inc Class A,NYSE,81.62,374600.0,84.21,73.5,72.98,55.75,90.57,46.4,9.9,78.0,False,True,True,True,True,True,True,True,False,7,False,베이스 없음
20260928,GRDN,Guardian Pharmacy Services  Inc.,NYSE,40.74,604100.0,40.86,38.78,36.87,23.14,48.26,76.1,15.6,78.0,True,True,True,True,True,True,True,True,False,7,False,3 형성중
20260928,HOOD,Robinhood Markets  Inc.,NASDAQ,116.46,12861000.0,104.58,91.34,94.53,63.52,153.86,83.4,24.3,78.0,True,True,False,False,True,True,True,True,True,6,False,베이스 없음
20260928,IART,Integra LifeSciences Holdings Corporation,NASDAQ,16.27,479000.0,17.07,14.59,14.0,8.7,20.49,87.0,20.6,78.0,False,True,True,True,True,True,True,True,False,7,False,1 형성중
20260928,JG,Aurora Mobile Ltd ADR,NASDAQ,6.8,2200.0,5.71,6.04,6.33,3.2,9.33,112.5,27.1,78.0,True,True,False,False,False,True,False,True,True,4,False,베이스 없음
20260928,KLAC,KLA Corporation,NASDAQ,189.17,8704400.0,188.42,188.67,176.27,98.1,307.37,92.8,38.5,78.0,False,True,True,True,False,True,False,True,True,6,False,3 형성중
20260928,KMX,Carmax Inc,NYSE,56.55,6364600.0,59.28,49.23,47.77,30.26,65.28,86.9,13.4,78.0,False,True,True,True,True,True,True,True,False,7,False,1 형성중
20260928,LFCR,Lifecore Biomedical  Inc.,NASDAQ,6.52,4005300.0,4.51,4.97,5.71,3.63,8.98,79.6,27.4,78.0,True,True,False,False,False,True,False,True,True,4,False,베이스 없음
20260928,MEDP,Medpace Holdings  Inc.,NASDAQ,615.94,238700.0,593.88,510.99,522.53,373.0,677.9,65.1,9.1,78.0,True,True,False,True,True,True,True,True,True,7,False,베이스 없음
20260928,MET,MetLife  Inc.,NYSE,95.82,3241800.0,96.26,84.89,83.4,67.33,100.93,42.3,5.1,78.0,False,True,True,True,True,True,True,True,False,7,False,베이스 없음
20260928,META,Meta Platforms  Inc.,NASDAQ,715.62,27713500.0,617.14,616.81,626.77,520.26,779.82,37.6,8.2,78.0,True,True,False,True,False,True,True,True,True,6,False,베이스 없음
20260928,NDRA,ENDRA Life Sciences Inc,NASDAQ,5.8,25800.0,5.14,4.86,4.77,2.96,9.85,95.9,41.1,78.0,False,True,True,False,True,True,False,True,True,6,False,Stage2 아님
20260928,NWL,Newell Brands Inc,NASDAQ,5.44,4586400.0,5.77,4.79,4.63,3.07,7.13,77.2,23.7,78.0,False,True,True,True,True,True,True,True,False,7,False,2 형성중
20260928,NX,Quanex Building Products Corp,NYSE,19.38,317900.0,20.01,18.88,18.67,11.04,23.33,75.5,16.9,78.0,False,True,True,True,True,True,True,True,False,7,False,2 형성중
20260928,POWL,Powell Industries Inc,NASDAQ,187.23,420700.0,198.91,227.58,205.83,92.3,328.0,102.9,42.9,78.0,False,False,True,True,False,True,False,True,False,4,False,베이스 없음
20260928,RDW,Redwire Corporation,NYSE,11.2,11842300.0,10.97,11.5,10.99,4.87,26.64,130.0,58.0,78.0,False,False,True,True,False,True,False,True,True,5,False,베이스 없음
20260928,SLF,Sun Life Financial Inc,NYSE,79.48,300200.0,80.67,73.96,71.27,57.22,84.38,38.9,5.8,78.0,False,True,True,True,True,True,True,True,False,7,False,베이스 없음
20260928,SMHI,SEACOR Marine Holdings Inc,NYSE,8.47,97000.0,9.2,8.06,7.71,5.55,10.0,52.6,15.3,78.0,False,True,True,True,True,True,True,True,False,7,False,2 형성중
20260928,SPB,Spectrum Brands Holdings  Inc.,NYSE,82.84,290200.0,87.78,82.5,78.24,49.99,99.06,65.7,16.4,78.0,False,True,True,True,True,True,True,True,False,7,False,2 형성중
20260928,VIRT,Virtu Financial Inc,NYSE,51.97,1188100.0,59.42,53.59,49.21,31.55,68.68,64.7,24.3,78.0,False,False,True,True,True,True,True,True,False,6,False,2 형성중
20260928,WEX,WEX Inc.,NYSE,177.06,564500.0,187.62,163.12,161.12,125.29,203.99,41.3,13.2,78.0,False,True,True,True,True,True,True,True,False,7,False,1 형성중
20260928,WLYB,John Wiley & Sons  Inc. Class B,NYSE,47.77,0.0,51.11,44.17,41.08,29.62,55.51,61.3,13.9,78.0,False,True,True,True,True,True,True,True,False,7,False,1 형성중
20260928,YEXT,Yext  Inc.,NYSE,6.43,714300.0,6.03,4.92,5.49,3.26,9.03,96.9,28.8,78.0,True,True,False,False,True,True,False,True,True,5,False,1 형성중
20260928,ADM,Archer-Daniels-Midland Co,NYSE,80.38,2834700.0,82.51,77.36,73.89,55.58,88.75,44.6,9.4,77.0,True,True,True,True,True,True,True,True,False,7,False,1d차
20260928,AIT,Applied Industrial Technologies  Inc.,NYSE,337.42,232000.0,338.14,311.69,301.53,238.34,374.8,41.6,10.0,77.0,False,True,True,True,True,True,True,True,False,7,False,1 형성중
20260928,AKO.A,Embotelladora Andina S.A. ADR Series A,NYSE,25.97,0.0,23.59,23.21,23.34,18.19,26.96,42.8,3.7,77.0,True,True,False,True,True,True,True,True,True,7,False,베이스 없음
20260928,ASH,Ashland Inc.,NYSE,68.07,515900.0,71.51,62.66,62.33,46.3,78.25,47.0,13.0,77.0,False,True,True,True,True,True,True,True,False,7,False,1 형성중
20260928,BMO,Bank of Montreal,NYSE,171.15,373900.0,176.62,162.11,155.48,119.84,187.22,42.8,8.6,77.0,False,True,True,True,True,True,True,True,False,7,False,1a차
20260928,BMY,Bristol-Myers Squibb Company,NYSE,63.88,13394700.0,64.3,60.22,59.12,42.52,68.64,50.2,6.9,77.0,False,True,True,True,True,True,True,True,False,7,False,1a차
20260928,CARL,Carlsmed  Inc.,NASDAQ,14.18,52900.0,14.28,12.06,12.2,8.5,17.23,66.8,17.7,77.0,True,True,False,True,True,True,True,True,False,6,False,Stage2 아님
20260928,CHE,Chemed Corporation,NYSE,514.3,216000.0,523.04,456.37,453.05,365.21,557.0,40.8,7.7,77.0,False,True,True,True,True,True,True,True,False,7,False,1 형성중
20260928,CRBG,Corebridge Financial Inc,NYSE,33.78,5927400.0,33.14,28.91,29.36,22.19,35.63,52.2,5.2,77.0,False,True,False,True,True,True,True,True,True,7,False,베이스 없음
20260928,CVGI,Commercial Vehicle Group Inc,NASDAQ,2.96,287500.0,3.51,3.93,3.35,1.29,5.88,129.5,49.7,77.0,False,False,True,True,False,True,False,True,False,4,False,베이스 없음
20260928,EMR,Emerson Electric Co,NYSE,159.39,2121300.0,152.89,143.99,144.12,122.64,166.35,30.0,4.2,77.0,False,True,False,True,True,True,True,True,True,7,False,1 형성중
20260928,FLYW,Flywire Corporation,NASDAQ,17.3,2375200.0,17.75,15.58,15.01,10.55,19.73,64.0,12.3,77.0,False,True,True,True,True,True,True,True,False,7,False,2 형성중
20260928,GDYN,Grid Dynamics Holdings  Inc.,NASDAQ,7.59,546400.0,7.42,6.6,7.1,5.11,10.21,48.5,25.7,77.0,False,True,False,False,True,True,False,True,True,5,False,베이스 없음
20260928,GFF,Griffon Corporation,NYSE,96.08,217700.0,96.8,88.77,87.07,65.01,108.57,47.8,11.5,77.0,False,True,True,True,True,True,True,True,False,7,False,2 형성중
20260928,GOTU,Gaotu Techedu Inc. ADR,NYSE,2.45,583300.0,1.91,1.89,2.0,1.4,3.38,75.0,27.6,77.0,True,True,False,False,False,True,False,True,True,4,False,베이스 없음
20260928,GPRE,Green Plains Inc.,NASDAQ,14.8,627600.0,15.72,15.8,14.69,8.65,19.65,71.1,24.7,77.0,False,False,True,True,False,True,True,True,False,5,False,베이스 없음
20260928,HNI,HNI Corporation,NYSE,46.86,577800.0,46.78,39.81,41.34,28.93,52.79,62.0,11.2,77.0,False,True,False,True,True,True,True,True,True,7,False,베이스 없음
20260928,HSDT,Solana Co,NASDAQ,2.84,221700.0,2.07,1.98,2.19,1.18,20.5,139.7,86.1,77.0,True,True,False,False,False,True,False,True,True,4,False,Stage2 아님
20260928,HVT,Haverty Furniture Companies Inc,NYSE,27.83,111000.0,27.3,24.33,24.61,19.89,29.83,39.9,6.7,77.0,False,True,False,True,True,True,True,True,True,7,False,베이스 없음
20260928,IBKR,Interactive Brokers Group Inc,NASDAQ,87.08,3807500.0,91.05,83.98,80.7,58.95,98.75,47.7,11.8,77.0,False,True,True,True,True,True,True,True,False,7,False,1 형성중
20260928,ICUI,ICU Medical  Inc.,NASDAQ,164.03,290600.0,168.31,145.72,146.61,112.5,192.85,45.8,14.9,77.0,False,True,False,True,True,True,True,True,False,6,False,1 형성중
20260928,IKT,Inhibikase Therapeutics  Inc.,NASDAQ,2.05,765100.0,2.34,2.0,1.93,1.33,2.61,54.1,21.5,77.0,False,True,True,True,True,True,True,True,False,7,False,1 형성중
20260928,JHX,James Hardie Industries PLC,NYSE,25.39,14985800.0,28.15,24.12,23.75,16.46,31.43,54.3,19.2,77.0,False,True,True,True,True,True,True,True,False,7,False,1 형성중
20260928,KMDA,Kamada Ltd.,NASDAQ,8.62,148000.0,7.84,7.98,7.94,6.5,9.35,32.6,7.8,77.0,True,True,True,True,False,True,True,True,True,7,False,베이스 없음
20260928,LUXE,LuxExperience BV ADR,NYSE,9.42,160800.0,8.13,8.15,8.27,6.54,11.38,44.0,17.2,77.0,True,True,False,False,False,True,True,True,True,5,False,1a차
20260928,NKTX,Nkarta  Inc.,NASDAQ,2.67,810700.0,2.58,2.67,2.51,1.7,3.72,57.1,28.2,77.0,False,True,True,True,False,True,False,True,True,6,False,1 형성중
20260928,NTRS,Northern Trust Corporation,NASDAQ,174.55,811200.0,183.19,167.69,161.89,121.12,195.78,44.1,10.8,77.0,False,True,True,True,True,True,True,True,False,7,False,2 형성중
20260928,ON,ON Semiconductor Corp,NASDAQ,75.65,10375600.0,77.49,86.29,79.97,44.56,134.92,69.8,43.9,77.0,False,False,True,True,False,True,False,True,False,4,False,베이스 없음
20260928,RCUS,Arcus Biosciences  Inc.,NYSE,25.01,1249300.0,28.08,25.63,24.72,12.15,31.74,105.8,21.2,77.0,False,False,True,True,True,True,True,True,False,6,False,베이스 없음
20260928,RILYT,BRC Group Holdings 6 00 Senior Notes Due 2028,NASDAQ,20.5,7376.0,21.06,19.99,18.98,10.35,22.2,98.1,7.7,77.0,False,True,True,True,True,True,True,True,False,7,False,1a차
20260928,SIBN,SI-BONE  Inc.,NASDAQ,18.76,461600.0,18.46,15.82,16.34,11.48,21.89,63.4,14.3,77.0,False,True,False,True,True,True,True,True,True,7,False,1 형성중
20260928,SPSC,SPS Commerce  Inc.,NASDAQ,81.01,292500.0,76.42,63.31,68.72,49.04,114.87,65.2,29.5,77.0,True,True,False,False,True,True,False,True,True,5,False,베이스 없음
20260928,TARS,Tarsus Pharmaceuticals  Inc.,NASDAQ,76.81,601100.0,70.71,67.23,68.69,53.89,91.53,42.5,16.1,77.0,True,True,False,True,True,True,True,True,True,7,False,1 형성중
20260928,TBN,Tamboran Resources Corp,NYSE,33.35,159600.0,36.12,35.06,33.08,19.55,52.21,70.6,36.1,77.0,False,False,True,True,True,True,False,True,False,5,False,2 형성중
20260928,TUSK,Mammoth Energy Services Inc,NASDAQ,2.91,41800.0,3.02,2.85,2.67,1.72,3.92,69.7,25.8,77.0,False,True,True,True,True,True,False,True,False,6,False,2 형성중
20260928,USEA,United Maritime Corp,NASDAQ,2.59,232600.0,2.78,2.46,2.3,1.42,3.2,82.8,19.1,77.0,False,True,True,True,True,True,True,True,False,7,False,3 형성중
20260928,VOYG,Voyager Technologies  Inc.,NYSE,33.18,2773700.0,33.84,32.67,31.77,17.41,52.4,90.6,36.7,77.0,False,True,True,True,True,True,False,True,False,6,False,베이스 없음
20260928,WPM,Wheaton Precious Metals Corp.,NYSE,135.62,3205200.0,136.78,132.76,132.42,92.57,165.76,46.5,18.2,77.0,True,True,True,True,True,True,True,True,False,7,False,1 형성중
20260928,WSFS,WSFS Financial Corporation,NASDAQ,76.44,271100.0,79.66,73.4,70.19,49.92,82.94,53.1,7.8,77.0,False,True,True,True,True,True,True,True,False,7,False,1a차
20260928,XP,XP Inc,NASDAQ,20.23,6184700.0,17.96,18.11,18.15,14.8,23.13,36.7,12.5,77.0,True,True,False,True,False,True,True,True,True,6,False,베이스 없음
20260928,ZNTL,Zentalis Pharmaceuticals  Inc.,NASDAQ,2.6,1273600.0,3.95,3.76,3.38,1.21,6.95,114.5,62.6,77.0,False,False,True,True,True,True,False,True,False,5,False,베이스 없음
20260928,ASPN,Aspen Aerogels  Inc.,NYSE,5.17,1077300.0,5.2,4.74,4.38,2.3,9.35,124.8,44.7,76.0,False,True,True,True,True,True,False,True,False,6,False,2 형성중
20260928,AVNT,Avient Corp,NYSE,41.19,783900.0,41.37,38.08,37.39,27.48,46.64,49.9,11.7,76.0,False,True,True,True,True,True,True,True,False,7,False,1 형성중
20260928,AVPT,AvePoint  Inc.,NASDAQ,13.67,2682900.0,13.17,11.42,11.7,8.84,15.58,54.7,12.3,76.0,True,True,False,True,True,True,True,True,True,7,False,1 형성중
20260928,BAX,Baxter International Inc.,NYSE,23.49,6171500.0,25.04,20.94,20.7,15.73,30.0,49.3,21.7,76.0,False,True,True,True,True,True,True,True,False,7,False,1 형성중
20260928,CERS,Cerus Corp,NASDAQ,2.45,1512700.0,2.67,2.48,2.42,1.38,3.47,77.5,29.4,76.0,False,False,True,True,True,True,False,True,False,5,False,2 형성중
20260928,CF,CF Industries Holdings Inc,NYSE,115.51,2854000.0,125.14,120.02,111.51,75.42,141.96,53.2,18.6,76.0,False,False,True,True,True,True,True,True,False,6,False,2 형성중
20260928,CGNX,Cognex Corporation,NASDAQ,58.75,1528200.0,62.17,59.88,55.14,34.6,72.88,69.8,19.4,76.0,False,False,True,True,True,True,True,True,False,6,False,2 형성중
20260928,CLH,Clean Harbors Inc,NYSE,313.26,344500.0,314.34,300.67,289.08,201.34,335.94,55.6,6.8,76.0,False,True,True,True,True,True,True,True,False,7,False,1a차
20260928,CLW,Clearwater Paper Corp,NYSE,19.89,118200.0,20.57,16.76,17.08,11.73,23.59,69.6,15.7,76.0,False,True,False,True,True,True,True,True,False,6,False,1 형성중
20260928,CSX,CSX Corporation,NASDAQ,46.76,9361300.0,49.73,46.16,44.03,33.58,53.6,39.2,12.8,76.0,False,True,True,True,True,True,True,True,False,7,False,2 형성중
20260928,CTS,CTS Corp,NYSE,59.33,220900.0,60.03,58.06,55.73,36.03,69.55,64.7,14.7,76.0,False,True,True,True,True,True,True,True,False,7,False,2 형성중
20260928,CVEO,Civeo Corp,NYSE,32.19,77000.0,33.42,31.85,30.12,19.75,36.5,63.0,11.8,76.0,False,True,True,True,True,True,True,True,False,7,False,2 형성중
20260928,DDS,Dillard's  Inc.,NYSE,681.94,194100.0,618.68,590.0,605.49,503.06,741.98,35.6,8.1,76.0,True,True,False,True,True,True,True,True,True,7,False,1a차
20260928,EQH,Equitable Holdings  Inc.,NYSE,52.31,2488000.0,50.95,44.67,45.2,35.2,55.06,48.6,5.0,76.0,False,True,False,True,True,True,True,True,True,7,False,베이스 없음
20260928,FNRN,First Northern Community Bancorp,NASDAQ,17.24,81100.0,17.54,16.76,15.84,11.72,19.25,47.1,10.4,76.0,False,True,True,True,True,True,True,True,False,7,False,1 형성중
20260928,FVCB,FVCBankcorp Inc,NASDAQ,17.75,45299.0,18.35,16.7,16.17,11.83,19.11,50.0,7.1,76.0,False,True,True,True,True,True,True,True,False,7,False,1b차
20260928,GCO,Genesco Inc,NYSE,34.89,123400.0,35.53,33.62,32.32,21.93,43.6,59.1,20.0,76.0,False,True,True,True,True,True,True,True,False,7,False,2 형성중
20260928,GEV,GE Vernova Inc.,NYSE,949.77,1648100.0,973.66,979.53,910.52,530.16,1195.94,79.1,20.6,76.0,False,False,True,True,False,True,True,True,False,5,False,3 형성중
20260928,IDYA,IDEAYA Biosciences  Inc.,NASDAQ,38.22,1053700.0,37.74,33.89,33.96,25.36,42.68,50.7,10.4,76.0,True,True,False,True,True,True,True,True,True,7,False,1 형성중
20260928,IFS,Intercorp Financial Services Inc,NYSE,55.52,244100.0,56.37,52.13,50.55,38.29,61.38,45.0,9.5,76.0,False,True,True,True,True,True,True,True,False,7,False,3 형성중
20260928,INTA,Intapp  Inc.,NASDAQ,35.39,287800.0,36.67,28.16,30.49,19.01,47.93,86.2,26.2,76.0,False,True,False,False,True,True,False,True,False,4,False,1 형성중
20260928,KO,Coca-Cola Co,NYSE,87.18,14493300.0,87.43,81.85,79.59,65.35,92.49,33.4,5.7,76.0,True,True,True,True,True,True,True,True,False,7,False,1a차
20260928,KSPI,Kaspi.kz AO ADR,NASDAQ,95.82,338400.0,96.82,86.98,84.61,68.59,109.94,39.7,12.8,76.0,False,True,True,True,True,True,True,True,False,7,False,1 형성중
20260928,NVCR,NovoCure Limited,NASDAQ,15.83,896000.0,16.71,15.27,14.64,9.82,21.45,61.2,26.2,76.0,False,True,True,True,True,True,False,True,False,6,False,2 형성중
20260928,PDLB,Ponce Financial Group Inc,NASDAQ,20.21,77800.0,20.33,18.76,18.23,13.91,21.1,45.3,4.2,76.0,False,True,True,True,True,True,True,True,False,7,False,베이스 없음
20260928,PEBO,Peoples Bancorp Inc,NASDAQ,39.11,217100.0,40.17,36.42,35.28,27.49,42.29,42.3,7.5,76.0,False,True,True,True,True,True,True,True,False,7,False,베이스 없음
20260928,PSMT,PriceSmart  Inc.,NASDAQ,172.97,230800.0,177.62,169.04,161.27,111.68,199.84,54.9,13.4,76.0,False,True,True,True,True,True,True,True,False,7,False,2 형성중
20260928,QUIK,Quicklogic Corp,NASDAQ,10.91,154300.0,11.95,13.92,12.23,5.28,24.33,106.6,55.2,76.0,False,False,True,True,False,True,False,True,False,4,False,베이스 없음
20260928,RNW,Renew Energy Global PLC,NASDAQ,6.84,1003800.0,6.61,5.91,5.84,4.38,8.24,56.0,17.0,76.0,True,True,True,False,True,True,True,True,True,7,False,베이스 없음
20260928,RXO,RXO Inc,NYSE,20.15,1450300.0,21.92,20.97,19.4,10.42,29.9,93.3,32.6,76.0,False,False,True,True,True,True,False,True,False,5,False,2 형성중
20260928,SHBI,Shore Bancshares Inc,NASDAQ,22.8,199300.0,23.48,21.19,20.57,14.93,24.89,52.7,8.4,76.0,False,True,True,True,True,True,True,True,False,7,False,1c차
20260928,SHOO,Steven Madden  Ltd.,NASDAQ,44.9,1128200.0,44.71,40.81,41.25,31.33,49.7,43.3,9.7,76.0,False,True,False,True,True,True,True,True,True,7,False,2 형성중
20260928,SIG,Signet Jewelers Limited,NYSE,103.3,591100.0,92.57,88.95,89.2,71.62,110.2,44.2,6.3,76.0,True,True,False,False,True,True,True,True,True,6,False,베이스 없음
20260928,SII,Sprott Inc,NYSE,120.35,112700.0,120.49,129.5,125.28,76.99,169.63,56.3,29.1,76.0,True,False,True,True,False,True,False,True,False,4,False,베이스 없음
20260928,SLP,Simulations Plus  Inc.,NASDAQ,18.48,138500.0,18.37,15.97,16.38,11.09,21.01,66.6,12.0,76.0,False,True,False,True,True,True,True,True,True,7,False,베이스 없음
20260928,SNEX,StoneX Group Inc,NASDAQ,65.9,911600.0,69.6,69.2,63.87,36.45,94.66,80.8,30.4,76.0,False,False,True,True,True,True,False,True,False,5,False,3 형성중
20260928,SVCO,Silvaco Group Inc,NASDAQ,8.15,322400.0,7.35,8.4,7.36,3.07,14.39,165.5,43.4,76.0,False,False,True,True,False,True,False,True,True,5,False,베이스 없음
20260928,SYNA,Synaptics Incorporated,NASDAQ,100.36,488000.0,102.44,103.34,98.15,58.28,149.11,72.2,32.7,76.0,False,False,True,True,False,True,False,True,False,4,False,베이스 없음
20260928,TASK,Taskus Inc,NASDAQ,8.1,354100.0,7.34,7.15,8.18,4.46,18.0,81.4,55.0,76.0,True,False,False,False,False,True,False,True,True,3,False,베이스 없음
20260928,TILE,Interface  Inc.,NASDAQ,35.17,303600.0,35.76,31.45,31.24,24.4,40.5,44.1,13.2,76.0,False,True,True,True,True,True,True,True,False,7,False,1 형성중
20260928,UNF,UniFirst Corporation,NYSE,259.44,388300.0,281.77,267.77,251.74,147.66,306.67,75.7,15.4,76.0,False,False,True,True,True,True,True,True,False,6,False,2 형성중
20260928,VG,Venture Global  Inc.,NYSE,12.89,13299000.0,13.99,13.14,11.88,5.72,17.62,125.3,26.8,76.0,False,False,True,True,True,True,False,True,False,5,False,1 형성중
20260928,WASH,Washington Trust Bancorp Inc,NASDAQ,38.49,95500.0,39.21,35.51,34.63,25.23,40.54,52.6,5.1,76.0,False,True,True,True,True,True,True,True,False,7,False,1a차
20260928,WELL,Welltower Inc.,NYSE,232.96,2338900.0,237.08,220.4,213.05,163.75,255.2,42.3,8.7,76.0,False,True,True,True,True,True,True,True,False,7,False,3 형성중
20260928,WNC,Wabash National Corporation,NYSE,12.65,736900.0,12.71,10.48,10.41,6.63,14.47,90.8,12.6,76.0,False,True,True,True,True,True,True,True,False,7,False,1 형성중
20260928,ACB,Aurora Cannabis Inc,NASDAQ,4.09,496800.0,3.52,3.38,3.6,2.56,6.66,59.8,38.6,75.0,True,True,False,False,False,True,False,True,True,4,False,베이스 없음
20260928,ACCO,ACCO Brands Corp,NYSE,4.32,531000.0,4.25,3.86,3.87,2.81,4.56,53.7,5.3,75.0,True,True,False,True,True,True,True,True,True,7,False,베이스 없음
20260928,ARQT,Arcutis Biotherapeutics  Inc.,NASDAQ,27.33,2910200.0,25.94,24.56,25.3,16.57,31.77,64.9,14.0,75.0,False,True,False,False,True,True,True,True,True,6,False,베이스 없음
20260928,ATLC,Atlanticus Holdings Corp,NASDAQ,87.1,77500.0,97.02,82.75,77.25,47.5,114.34,83.4,23.8,75.0,False,True,True,True,True,True,True,True,False,7,False,2 형성중
20260928,AU,Anglogold Ashanti PLC,NYSE,92.77,3447500.0,97.73,96.39,96.47,62.55,129.14,48.3,28.2,75.0,False,False,False,True,True,True,False,True,False,4,False,베이스 없음
20260928,BBNX,Beta Bionics  Inc.,NASDAQ,20.52,1760500.0,18.14,14.23,16.07,8.8,32.71,133.2,37.3,75.0,True,True,False,False,True,True,False,True,True,5,False,Stage2 아님
20260928,BOF,BranchOut Food Inc,NASDAQ,3.96,26400.0,3.96,3.9,3.73,1.93,5.25,105.2,24.6,75.0,False,True,True,True,True,True,True,True,False,7,False,베이스 없음
20260928,CCNE,CNB Financial Corp,NASDAQ,33.84,134300.0,34.41,31.86,30.8,22.8,36.17,48.4,6.4,75.0,False,True,True,True,True,True,True,True,False,7,False,1a차
20260928,CM,Canadian Imperial Bank of Commerce,NYSE,112.15,3628200.0,116.92,110.48,106.19,78.79,124.86,42.3,10.2,75.0,False,True,True,True,True,True,True,True,False,7,False,2 형성중
20260928,CTRN,Citi Trends Inc,NASDAQ,50.82,145900.0,65.91,54.38,51.9,29.6,77.91,71.7,34.8,75.0,False,False,True,True,True,True,False,True,False,5,False,베이스 없음
20260928,DNA,Ginkgo Bioworks Holdings  Inc.,NYSE,10.46,2120900.0,7.73,7.98,8.28,5.37,17.58,94.8,40.5,75.0,True,True,False,False,False,True,False,True,True,4,False,베이스 없음
20260928,EL,Estee Lauder Companies Inc,NYSE,95.57,3564600.0,92.52,86.52,92.35,66.22,121.64,44.3,21.4,75.0,True,True,False,True,True,True,True,True,True,7,False,1 형성중
20260928,ELPC,Companhia Paranaense de Energia ADR,NYSE,12.05,385300.0,11.7,11.86,11.36,8.26,13.7,46.0,12.0,75.0,False,True,True,True,False,True,True,True,True,7,False,베이스 없음
20260928,FBP,First BanCorp,NYSE,26.76,1080800.0,28.28,25.11,24.26,19.16,29.88,39.7,10.4,75.0,False,True,True,True,True,True,True,True,False,7,False,1 형성중
20260928,FDSB,Fifth District Bancorp Inc,NASDAQ,17.33,14800.0,18.05,16.24,15.9,13.0,18.69,33.3,7.3,75.0,False,True,True,True,True,True,True,True,False,7,False,베이스 없음
20260928,FMBH,First Mid Bancshares Inc,NASDAQ,49.39,126800.0,50.73,46.0,44.93,34.16,53.36,44.6,7.4,75.0,False,True,True,True,True,True,True,True,False,7,False,1a차
20260928,FSTR,L B Foster Co,NASDAQ,37.6,39500.0,39.05,36.79,34.89,23.81,45.81,57.9,17.9,75.0,False,True,True,True,True,True,True,True,False,7,False,3 형성중
20260928,HMC,HONDA MOTOR CO.  LTD. ADR,NYSE,32.49,534300.0,31.29,27.82,28.51,23.25,33.45,39.7,2.9,75.0,True,True,False,True,True,True,True,True,True,7,False,베이스 없음
20260928,ICLR,ICON PLC,NASDAQ,175.57,1342100.0,167.44,139.55,146.91,66.57,203.91,163.7,13.9,75.0,True,True,False,False,True,True,True,True,True,6,False,베이스 없음
20260928,III,Information Services Group Inc,NASDAQ,5.37,539100.0,4.85,4.4,4.71,3.74,6.45,43.6,16.7,75.0,True,True,False,False,True,True,True,True,True,6,False,베이스 없음
20260928,JBL,Jabil Inc.,NYSE,318.93,1752400.0,317.95,319.85,299.78,189.6,428.93,68.2,25.6,75.0,False,False,True,True,False,True,False,True,True,5,False,3 형성중
20260928,KEEL,Keel Infrastructure Corp,NASDAQ,3.6,19994600.0,3.69,3.74,3.43,1.68,7.37,114.3,51.2,75.0,False,False,True,True,False,True,False,True,False,4,False,1 형성중
20260928,KRNY,Kearny Financial Corp,NASDAQ,9.17,438100.0,9.65,8.65,8.45,6.23,10.24,47.2,10.4,75.0,False,True,True,True,True,True,True,True,False,7,False,2 형성중
20260928,LH,Labcorp Holdings Inc.,NYSE,309.57,774500.0,316.38,283.68,279.08,244.52,341.8,26.6,9.4,75.0,False,True,True,True,True,True,True,True,False,7,False,1 형성중
20260928,MBWM,Mercantile Bank Corp,NASDAQ,59.38,81430.0,60.19,55.22,54.14,42.75,62.95,38.9,5.7,75.0,False,True,True,True,True,True,True,True,False,7,False,1a차
20260928,MGA,Magna International Inc.,NYSE,64.64,1087200.0,67.19,63.4,61.38,43.11,73.22,49.9,11.7,75.0,False,True,True,True,True,True,True,True,False,7,False,3 형성중
20260928,MNPR,Monopar Therapeutics Inc.,NASDAQ,83.72,268200.0,109.52,79.69,76.23,50.07,124.82,67.2,32.9,75.0,False,True,True,True,True,True,False,True,False,6,False,1 형성중
20260928,NIC,Nicolet Bankshares Inc,NYSE,166.75,139700.0,171.07,157.09,152.14,114.12,180.0,46.1,7.4,75.0,False,True,True,True,True,True,True,True,False,7,False,베이스 없음
20260928,NOV,NOV Inc.,NYSE,19.5,4048800.0,20.42,19.88,19.31,12.29,21.93,58.7,11.1,75.0,False,False,True,True,True,True,True,True,False,6,False,2 형성중
20260928,NWG,NatWest Group PLC ADR,NYSE,18.34,3212100.0,18.6,16.93,17.05,13.56,19.42,35.3,5.6,75.0,False,True,False,True,True,True,True,True,False,6,False,베이스 없음
20260928,PCTY,Paylocity Holding Corp,NASDAQ,142.72,797100.0,144.17,120.7,125.11,92.99,165.12,53.5,13.6,75.0,False,True,False,True,True,True,True,True,False,6,False,1 형성중
20260928,PEO,Adams Natural Resources Fund，Inc.,NYSE,27.7,82831.0,27.92,26.73,25.88,20.75,29.74,33.5,6.9,75.0,True,True,True,True,True,True,True,True,False,7,False,1a차
20260928,PFE,Pfizer Inc.,NYSE,28.72,24853100.0,27.0,26.47,26.34,23.58,29.21,21.8,1.7,75.0,True,True,True,True,True,False,True,True,True,7,False,베이스 없음
20260928,PKE,Park Aerospace Corp,NYSE,29.78,251200.0,33.44,32.44,30.11,18.25,39.86,63.2,25.3,75.0,False,False,True,True,True,True,False,True,False,5,False,베이스 없음
20260928,PLGO,Pelagos Insurance Capital Ltd,NYSE,23.92,439600.0,24.63,22.48,21.65,16.96,26.34,41.0,9.2,75.0,False,True,True,True,True,True,True,True,False,7,False,베이스 없음
20260928,RBB,RBB Bancorp,NASDAQ,26.33,93100.0,26.64,24.61,23.85,16.74,28.24,57.3,6.8,75.0,False,True,True,True,True,True,True,True,False,7,False,1a차
20260928,RIO,Rio Tinto PLC ADR,NYSE,94.41,2186600.0,98.27,97.88,95.11,64.43,112.58,46.5,16.1,75.0,False,False,True,True,True,True,True,True,False,6,False,베이스 없음
20260928,RY,Royal Bank of Canada,NYSE,200.95,786600.0,207.98,190.99,185.57,143.13,218.57,40.4,8.1,75.0,False,True,True,True,True,True,True,True,False,7,False,1a차
20260928,SBH,Sally Beauty Holdings Inc,NYSE,16.92,1156300.0,16.08,14.65,14.86,11.54,17.92,46.6,5.6,75.0,True,True,False,True,True,True,True,True,True,7,False,베이스 없음
20260928,STKE,Sol Strategies Inc,NASDAQ,1.67,562000.0,1.19,1.29,1.43,0.85,5.2,97.2,67.9,75.0,True,True,False,False,False,True,False,True,True,4,False,베이스 없음
20260928,STVN,Stevanato Group SpA,NYSE,21.41,306600.0,20.93,18.08,18.25,12.89,27.99,66.1,23.5,75.0,True,True,False,False,True,True,True,True,True,6,False,1 형성중
20260928,UAN,CVR Partners Units,NYSE,123.58,19400.0,126.4,123.27,118.56,89.2,139.5,38.5,11.4,75.0,True,True,True,True,True,True,True,True,False,7,False,베이스 없음
20260928,UNFI,United Natural Foods Inc,NYSE,45.75,596600.0,47.07,46.92,44.1,29.54,57.02,54.9,19.8,75.0,False,False,True,True,True,True,True,True,False,6,False,2 형성중
20260928,USPH,US Physical Therapy Inc,NYSE,86.09,196500.0,79.19,73.91,76.18,58.19,93.5,47.9,7.9,75.0,True,True,False,True,True,True,True,True,True,7,False,베이스 없음
20260928,VRT,Vertiv Holdings Co,NYSE,244.04,4274800.0,265.69,288.76,262.7,133.85,379.94,82.3,35.8,75.0,False,False,True,True,False,True,False,True,False,4,False,베이스 없음
20260928,VVX,V2X  Inc.,NYSE,73.71,368100.0,79.08,75.14,71.99,50.89,93.98,44.8,21.6,75.0,False,False,True,True,True,True,True,True,False,6,False,2 형성중
20260928,WHLR,Wheeler Real Estate Investment Trust Inc,NASDAQ,4.09,536800.0,0.97,5.87,20.06,0.21,525.6,1804.1,99.2,75.0,True,False,False,False,False,True,False,True,True,3,False,Stage2 아님
20260928,WTS,Watts Water Technologies  Inc.,NYSE,358.01,115400.0,360.34,330.37,321.73,260.0,394.54,37.7,9.3,75.0,False,True,True,True,True,True,True,True,False,7,False,2 형성중
20260928,ZH,Zhihu Inc ADR,NYSE,3.8,583100.0,3.15,3.17,3.26,2.56,5.44,48.4,30.1,75.0,True,True,False,False,False,True,False,True,True,4,False,베이스 없음
20260928,ABNB,Airbnb  Inc.,NASDAQ,156.08,3917600.0,167.33,146.46,142.55,110.81,193.45,40.9,19.3,74.0,False,True,True,True,True,True,True,True,False,7,False,1 형성중
20260928,ABOS,Acumen Pharmaceuticals Inc,NASDAQ,2.3,856300.0,2.6,2.6,2.5,1.3,3.6,76.9,36.1,74.0,False,False,True,True,False,True,False,True,False,4,False,베이스 없음
20260928,ANDE,Andersons Inc,NASDAQ,66.45,428500.0,69.86,70.8,67.8,39.16,82.11,69.7,19.1,74.0,False,False,True,True,False,True,True,True,False,5,False,베이스 없음
20260928,ASTH,Astrana Health  Inc.,NASDAQ,35.13,363600.0,37.86,35.23,32.33,18.08,51.6,94.3,31.9,74.0,False,False,True,True,True,True,False,True,False,5,False,1 형성중
20260928,BMEZ,BlackRock Health Sciences Term Closed End Fund,NYSE,16.83,136735.0,16.26,15.09,15.12,13.7,17.25,22.8,2.4,74.0,True,True,False,True,True,False,True,True,True,6,False,베이스 없음
20260928,BOX,Box Inc,NYSE,31.34,2333100.0,32.76,27.72,27.62,21.34,36.34,46.9,13.8,74.0,False,True,True,True,True,True,True,True,False,7,False,1 형성중
20260928,BY,Byline Bancorp Inc,NYSE,37.18,277900.0,38.38,35.04,34.06,25.57,40.03,45.4,7.1,74.0,False,True,True,True,True,True,True,True,False,7,False,1a차
20260928,CFFN,Capitol Federal Financial Inc,NASDAQ,8.46,950600.0,8.74,8.05,7.81,5.97,9.26,41.7,8.6,74.0,False,True,True,True,True,True,True,True,False,7,False,1a차
20260928,CNI,Canadian National Railway Company,NYSE,121.14,1545600.0,124.97,116.79,112.67,90.74,131.55,33.5,7.9,74.0,False,True,True,True,True,True,True,True,False,7,False,2 형성중
20260928,COCP,Cocrystal Pharma Inc,NASDAQ,1.21,32100.0,1.08,1.13,1.1,0.76,2.03,59.2,40.4,74.0,True,True,True,True,False,True,False,True,True,6,False,Stage2 아님
20260928,COGT,Cogent Biosciences  Inc.,NASDAQ,31.86,2212900.0,36.74,36.16,36.57,12.97,43.73,145.6,27.1,74.0,False,False,False,False,True,True,False,True,False,3,False,베이스 없음
20260928,CRVL,CorVel Corporation,NASDAQ,73.84,147700.0,66.57,60.43,61.28,44.83,79.69,64.7,7.3,74.0,True,True,False,False,True,True,True,True,True,6,False,베이스 없음
20260928,CULP,Culp Inc,NASDAQ,3.74,275100.0,3.51,3.26,3.34,2.7,4.5,38.5,16.9,74.0,True,True,False,False,True,True,True,True,True,6,False,1a차
20260928,DAL,Delta Air Lines  Inc.,NYSE,84.03,7517800.0,84.13,77.27,75.46,55.03,95.68,52.7,12.2,74.0,False,True,True,True,True,True,True,True,False,7,False,1 형성중
20260928,DCBO,Docebo Inc.,NASDAQ,22.84,23200.0,22.75,19.62,19.81,14.39,28.78,58.7,20.6,74.0,False,True,False,True,True,True,True,True,True,7,False,1 형성중
20260928,DCOM,Dime Community Bancshares  Inc.,NYSE,39.59,217800.0,40.51,37.68,36.37,25.63,41.97,54.5,5.7,74.0,False,True,True,True,True,True,True,True,False,7,False,1a차
20260928,DHR,Danaher Corporation,NYSE,227.33,4898600.0,206.11,193.5,201.86,160.93,242.8,41.3,6.4,74.0,True,True,False,False,True,True,True,True,True,6,False,1 형성중
20260928,FNLC,First Bancorp Inc,NASDAQ,34.3,51765.0,34.9,31.41,30.46,24.08,36.3,42.4,5.5,74.0,False,True,True,True,True,True,True,True,False,7,False,1a차
20260928,FRAF,Franklin Financial Services Corp,NASDAQ,62.75,71400.0,62.93,58.52,56.71,43.47,65.41,44.4,4.1,74.0,False,True,True,True,True,True,True,True,False,7,False,1e차
20260928,GABC,German American Bancorp Inc,NASDAQ,49.35,115300.0,49.76,45.62,44.54,37.19,52.23,32.7,5.5,74.0,False,True,True,True,True,True,True,True,False,7,False,1a차
20260928,GASS,StealthGas Inc,NASDAQ,8.87,65000.0,9.13,9.22,8.8,6.12,10.55,44.9,15.9,74.0,False,False,True,True,False,True,True,True,False,5,False,3 형성중
20260928,GCL,GCL Global Holdings Ltd,NASDAQ,0.76,150800.0,0.57,0.54,0.65,0.38,2.86,99.5,73.5,74.0,True,True,False,False,False,True,False,True,True,4,False,Stage2 아님
20260928,GSBC,Great Southern Bancorp Inc,NASDAQ,77.99,56900.0,79.55,72.54,70.22,53.76,82.91,45.1,5.9,74.0,False,True,True,True,True,True,True,True,False,7,False,베이스 없음
20260928,HCC,Warrior Met Coal Inc,NYSE,91.75,869900.0,93.36,90.05,90.12,61.87,111.42,48.3,17.7,74.0,False,True,False,True,True,True,True,True,False,6,False,베이스 없음
20260928,HCM,HUTCHMED (China) Ltd ADR,NASDAQ,14.13,29700.0,12.52,12.78,13.2,9.77,16.4,44.6,13.8,74.0,True,True,False,False,False,True,True,True,True,5,False,1a차
20260928,ITIC,Investors Title Co,NASDAQ,289.47,52400.0,291.67,257.73,256.86,209.75,306.72,38.0,5.6,74.0,True,True,True,True,True,True,True,True,False,7,False,베이스 없음
20260928,JWEL,Jowell Global Ltd,NASDAQ,2.55,13800.0,2.3,2.34,2.32,1.47,5.17,73.5,50.7,74.0,False,True,True,True,False,True,False,True,True,6,False,베이스 없음
20260928,KMTS,Kestra Medical Technologies  Ltd.,NASDAQ,28.13,292900.0,25.25,22.87,23.55,17.34,30.0,62.2,6.2,74.0,True,True,False,False,True,True,True,True,True,6,False,Stage2 아님
20260928,LAWR,Robot Consulting Co Ltd ADR,NASDAQ,3.75,0.0,3.75,3.75,3.75,1.85,3.8,102.7,1.3,74.0,False,False,False,True,False,True,True,True,False,4,False,자료 부족
20260928,LIVN,LivaNova PLC,NASDAQ,77.21,570700.0,79.48,73.34,71.01,48.82,85.76,58.2,10.0,74.0,False,True,True,True,True,True,True,True,False,7,False,3 형성중
20260928,MMSI,Merit Medical Systems Inc,NASDAQ,87.0,527200.0,85.96,74.15,76.69,59.74,94.75,45.6,8.2,74.0,False,True,False,True,True,True,True,True,True,7,False,베이스 없음
20260928,MRDN,Meridian Holdings Inc,NASDAQ,12.26,31300.0,13.59,11.35,10.64,5.8,16.09,111.5,23.8,74.0,False,True,True,True,True,True,True,True,False,7,False,2 형성중
20260928,MTCH,Match Group  Inc.,NASDAQ,39.51,2846100.0,40.2,36.45,35.31,28.81,44.94,37.1,12.1,74.0,True,True,True,True,True,True,True,True,False,7,False,2 형성중
20260928,OBTC,OSPREY BITCOIN ETP,NASDAQ,26.725,2000.0,23.23,22.78,23.83,18.38,37.7,45.4,29.1,74.0,True,True,False,False,False,True,False,True,True,4,False,베이스 없음
20260928,OFG,OFG Bancorp,NYSE,51.2,253800.0,52.4,47.04,45.59,35.71,54.47,43.4,6.0,74.0,False,True,True,True,True,True,True,True,False,7,False,베이스 없음
20260928,OXY,Occidental Petroleum Corp,NYSE,56.1,11859000.0,58.31,57.04,53.62,38.8,67.45,44.6,16.8,74.0,False,False,True,True,True,True,True,True,False,6,False,1 형성중
20260928,PCB,PCB Bancorp,NASDAQ,27.59,43300.0,28.01,25.73,24.94,19.7,30.84,40.1,10.5,74.0,False,True,True,True,True,True,True,True,False,7,False,1a차
20260928,PPIH,Perma-Pipe International Holdings Inc,NASDAQ,31.88,55200.0,27.41,29.19,29.73,21.96,36.72,45.2,13.2,74.0,True,True,False,True,False,True,True,True,True,6,False,베이스 없음
20260928,RHP,Ryman Hospitality Properties Inc,NYSE,122.09,458800.0,126.0,114.19,109.82,83.82,137.46,45.7,11.2,74.0,False,True,True,True,True,True,True,True,False,7,False,1 형성중
20260928,SHC,Sotera Health Company,NASDAQ,18.45,1391400.0,18.52,16.63,16.95,13.09,19.85,40.9,7.1,74.0,False,True,False,True,True,True,True,True,False,6,False,베이스 없음
20260928,TAL,TAL Education Group ADR,NYSE,11.89,1647200.0,11.64,10.94,11.05,8.88,13.37,33.9,11.1,74.0,True,True,False,True,True,True,True,True,True,7,False,1 형성중
20260928,THG,The Hanover Insurance Group  Inc.,NYSE,217.57,263700.0,224.34,200.18,194.38,166.54,236.07,30.6,7.8,74.0,False,True,True,True,True,True,True,True,False,7,False,베이스 없음
20260928,TKR,Timken Co,NYSE,116.75,914000.0,126.75,120.52,113.8,70.57,146.37,65.4,20.2,74.0,False,False,True,True,True,True,True,True,False,6,False,2 형성중
20260928,TPC,Tutor Perini Corporation,NYSE,83.98,302700.0,87.91,81.66,79.98,57.9,102.3,45.0,17.9,74.0,False,True,True,True,True,True,True,True,False,7,False,1 형성중
20260928,TRNS,Transcat  Inc.,NASDAQ,85.95,208400.0,88.08,83.07,78.34,50.23,100.0,71.1,14.0,74.0,False,True,True,True,True,True,True,True,False,7,False,2 형성중
20260928,TSBK,Timberland Bancorp Inc,NASDAQ,45.02,23300.0,45.48,42.42,41.14,30.93,49.38,45.6,8.8,74.0,False,True,True,True,True,True,True,True,False,7,False,베이스 없음
20260928,XPRO,Expro Ltd,NYSE,16.32,1078700.0,17.11,16.54,16.19,11.6,19.23,40.7,15.1,74.0,False,False,True,True,True,True,True,True,False,6,False,1 형성중
20260928,ZGN,Ermenegildo Zegna NV,NYSE,12.64,689000.0,13.47,12.68,12.09,8.64,15.95,46.3,20.8,74.0,False,False,True,True,True,True,True,True,False,6,False,베이스 없음
20260928,ABM,ABM Industries Inc,NYSE,49.02,535800.0,48.29,43.7,44.0,36.96,51.29,32.6,4.4,73.0,True,True,False,True,True,True,True,True,True,7,False,베이스 없음
20260928,AFRI,Forafric Global PLC,NASDAQ,11.15,12800.0,10.84,10.23,10.27,8.13,11.91,37.1,6.4,73.0,True,True,False,True,True,True,True,True,True,7,False,베이스 없음
20260928,ALKS,Alkermes Plc,NASDAQ,40.15,2085300.0,47.99,41.31,38.75,26.99,55.67,48.8,27.9,73.0,False,False,True,True,True,True,False,True,False,5,False,1 형성중
20260928,ARWR,Arrowhead Pharmaceuticals  Inc.,NASDAQ,65.46,1503000.0,81.82,74.41,72.49,31.46,95.49,108.1,31.4,73.0,False,False,True,True,True,True,False,True,False,5,False,베이스 없음
20260928,AXSM,Axsome Therapeutics  Inc.,NASDAQ,193.89,707400.0,214.19,207.83,198.82,115.3,260.19,68.2,25.5,73.0,False,False,True,True,True,True,False,True,False,5,False,베이스 없음
20260928,BCH,Banco de Chile ADR,NYSE,41.45,190400.0,41.46,39.53,39.95,29.71,46.77,39.5,11.4,73.0,True,True,False,True,True,True,True,True,False,6,False,베이스 없음
20260928,BSRR,Sierra Bancorp,NASDAQ,39.77,37900.0,40.53,38.27,37.43,26.49,43.13,50.1,7.8,73.0,False,True,True,True,True,True,True,True,False,7,False,1a차
20260928,BST,BlackRock Science and Technology Trust,NYSE,47.94,77331.0,48.49,45.05,43.89,34.86,51.3,37.5,6.5,73.0,False,True,True,True,True,True,True,True,False,7,False,1a차
20260928,BWA,BorgWarner Inc.,NYSE,61.07,3254600.0,64.74,62.22,59.02,40.5,78.82,50.8,22.5,73.0,False,False,True,True,True,True,True,True,False,6,False,2 형성중
20260928,CATY,Cathay General Bancorp,NASDAQ,60.74,415100.0,62.55,57.69,56.04,44.57,65.26,36.3,6.9,73.0,False,True,True,True,True,True,True,True,False,7,False,베이스 없음
20260928,CLPS,CLPS Inc,NASDAQ,1.02,8100.0,0.95,0.94,0.95,0.8,1.88,27.5,45.7,73.0,True,True,False,True,True,True,False,True,True,6,False,베이스 없음
20260928,COTY,Coty Inc,NYSE,2.68,4009100.0,2.73,2.38,2.55,1.82,4.47,47.3,40.0,73.0,False,True,False,False,True,True,False,True,False,4,False,1 형성중
20260928,DVA,DaVita Inc,NYSE,178.07,439400.0,195.24,184.64,168.63,101.0,247.49,76.3,28.0,73.0,False,False,True,True,True,True,False,True,False,5,False,1 형성중
20260928,EAF,GrafTech International Ltd,NYSE,9.96,733000.0,7.54,7.57,9.35,4.92,20.32,102.4,51.0,73.0,True,True,False,False,False,True,False,True,True,4,False,1 형성중
20260928,ELV,Elevance Health Inc,NYSE,394.59,1334200.0,396.68,369.14,364.83,274.84,436.24,43.6,9.5,73.0,False,True,True,True,True,True,True,True,False,7,False,1 형성중
20260928,FRST,Primis Financial Corp,NASDAQ,15.54,111600.0,16.06,14.9,14.56,9.55,16.88,62.7,7.9,73.0,False,True,True,True,True,True,True,True,False,7,False,1a차
20260507,GDEN,Golden Entertainment Inc,NASDAQ,28.55,0.0,27.87,27.03,26.62,19.57,32.74,45.9,12.8,73.0,False,True,True,False,True,True,True,True,True,7,False,베이스 없음
20260928,GOOGL,Alphabet Inc. Class A,NASDAQ,342.75,19299900.0,344.21,344.4,338.34,235.84,408.61,45.3,16.1,73.0,False,False,True,True,False,True,True,True,False,5,False,베이스 없음
20260928,GPN,Global Payments Inc,NYSE,84.7,1889300.0,87.66,76.42,76.42,61.16,95.88,38.5,11.7,73.0,False,True,False,True,True,True,True,True,False,6,False,1 형성중
20260928,HGTY,Hagerty Inc,NYSE,13.53,480400.0,12.94,11.54,11.83,9.36,14.14,44.6,4.3,73.0,True,True,False,True,True,True,True,True,True,7,False,베이스 없음
20260928,HOPE,Hope Bancorp Inc,NASDAQ,13.64,712700.0,13.95,12.83,12.55,9.8,14.59,39.2,6.5,73.0,False,True,True,True,True,True,True,True,False,7,False,베이스 없음
20260928,IOT,Samsara Inc.,NYSE,37.93,4458500.0,38.68,33.96,33.71,23.38,47.47,62.2,20.1,73.0,False,True,True,True,True,True,True,True,False,7,False,1a차
20260928,JTAI,Jet.AI Inc,NASDAQ,1.6,73200.0,1.68,1.28,3.61,0.33,71.5,380.8,97.8,73.0,False,False,False,False,False,True,False,True,False,2,False,Stage2 아님
20260928,KEX,Kirby Corp,NYSE,131.59,501200.0,138.04,138.76,134.02,79.52,157.69,65.5,16.6,73.0,False,False,True,True,False,True,True,True,False,5,False,베이스 없음
20260928,KNTK,Kinetik Holdings Inc.,NYSE,51.21,1027700.0,52.49,49.13,46.45,31.33,56.92,63.5,10.0,73.0,False,True,True,True,True,True,True,True,False,7,False,1a차
20260928,KODK,Eastman Kodak Co,NYSE,9.59,718500.0,9.2,9.58,9.18,5.78,14.87,65.9,35.5,73.0,False,True,True,True,False,True,False,True,True,6,False,베이스 없음
20260928,LITS,Lite Strategy Inc,NASDAQ,1.36,951000.0,1.03,1.06,1.13,0.69,2.97,97.1,54.2,73.0,True,True,False,False,False,True,False,True,True,4,False,베이스 없음
20260928,LNG,Cheniere Energy  Inc.,NYSE,269.65,1742400.0,271.46,258.86,244.89,186.2,300.89,44.8,10.4,73.0,True,True,True,True,True,True,True,True,False,7,False,1 형성중
20260928,LXRX,Lexicon Pharmaceuticals  Inc.,NASDAQ,1.9,10888800.0,2.24,2.01,1.83,1.1,2.68,72.7,29.1,73.0,False,False,True,True,True,True,False,True,False,5,False,베이스 없음
20260928,MANU,Manchester United PLC,NYSE,20.46,308700.0,21.95,20.19,19.31,14.85,24.45,37.8,16.3,73.0,False,True,True,True,True,True,True,True,False,7,False,1 형성중
20260928,MCBS,Metrocity Bankshares Inc,NASDAQ,34.88,74700.0,35.5,33.05,31.78,24.53,37.46,42.2,6.9,73.0,False,True,True,True,True,True,True,True,False,7,False,1a차
20260928,MKTX,MarketAxess Holdings Inc.,NASDAQ,163.94,965200.0,154.56,151.04,157.03,108.75,195.97,50.7,16.3,73.0,True,True,False,False,False,True,True,True,True,5,False,베이스 없음
20260928,MYFW,First Western Financial Inc,NASDAQ,30.52,27500.0,31.3,29.05,28.28,21.96,34.36,39.0,11.2,73.0,False,True,True,True,True,True,True,True,False,7,False,1a차
20260928,NTR,Nutrien Ltd,NYSE,71.98,4426700.0,72.32,71.53,70.1,53.03,85.36,35.7,15.7,73.0,True,True,True,True,True,True,True,True,False,7,False,1 형성중
20260928,PEBK,Peoples Bancorp of North Carolina Inc,NASDAQ,43.15,13083.0,43.62,41.69,40.53,27.33,45.78,57.9,5.7,73.0,False,True,True,True,True,True,True,True,False,7,False,베이스 없음
20260928,PLUS,ePlus inc.,NASDAQ,89.41,146400.0,89.82,84.5,85.19,69.25,98.14,29.1,8.9,73.0,True,True,False,True,True,True,True,True,False,6,False,베이스 없음
20260928,QCRH,QCR Holdings Inc,NASDAQ,99.98,75600.0,101.69,94.21,92.61,66.65,108.11,50.0,7.5,73.0,False,True,True,True,True,True,True,True,False,7,False,1a차
20260928,RGLD,Royal Gold  Inc.,NASDAQ,240.32,765000.0,235.43,236.17,240.51,168.88,306.25,42.3,21.5,73.0,True,False,False,True,False,True,True,True,True,5,False,1 형성중
20260928,SEER,Seer  Inc.,NASDAQ,2.03,699100.0,2.02,1.9,1.89,1.55,2.41,31.0,15.8,73.0,False,True,True,False,True,True,True,True,True,7,False,베이스 없음
20260928,SG,Sweetgreen Inc,NYSE,8.24,7946600.0,6.63,6.92,6.86,4.49,10.63,83.5,22.5,73.0,False,True,True,True,False,True,True,True,True,7,False,베이스 없음
20260928,SJM,The J. M. Smucker Company,NYSE,120.63,986000.0,121.89,109.9,108.12,88.25,135.89,36.7,11.2,73.0,True,True,True,True,True,True,True,True,False,7,False,1 형성중
20260928,SPT,Sprout Social  Inc.,NASDAQ,9.47,895300.0,9.79,7.67,8.17,4.92,14.29,92.5,33.7,73.0,False,True,False,True,True,True,False,True,False,5,False,2 형성중
20260928,STBA,S&T Bancorp Inc,NASDAQ,49.11,282300.0,50.6,46.53,45.36,34.38,53.5,42.8,8.2,73.0,False,True,True,True,True,True,True,True,False,7,False,1a차
20260928,URI,United Rentals  Inc.,NYSE,1043.92,451900.0,1066.59,968.9,942.33,701.59,1179.18,48.8,11.5,73.0,False,True,True,True,True,True,True,True,False,7,False,1 형성중
20260928,UVSP,Univest Financial Corp,NASDAQ,41.6,184483.0,42.84,39.74,38.31,28.04,45.46,48.4,8.5,73.0,False,True,True,True,True,True,True,True,False,7,False,1a차
20260928,ADAG,Adagene Inc. ADR,NASDAQ,3.2,528400.0,3.6,3.67,3.31,1.3,4.85,146.2,34.0,72.0,False,False,True,True,False,True,False,True,False,4,False,베이스 없음
20260928,ALRM,Alarm.com Holdings  Inc.,NASDAQ,53.77,292200.0,55.11,49.01,49.23,41.49,58.14,29.6,7.5,72.0,False,True,False,True,True,True,True,True,False,6,False,베이스 없음
20260928,AMKR,Amkor Technology  Inc.,NASDAQ,53.18,3419600.0,52.64,60.43,57.11,28.03,96.68,89.7,45.0,72.0,False,False,True,True,False,True,False,True,True,5,False,베이스 없음
20260928,BPOP,Popular  Inc,NASDAQ,158.85,315900.0,169.59,155.31,149.23,108.74,179.24,46.1,11.4,72.0,False,True,True,True,True,True,True,True,False,7,False,2 형성중
20260928,BUSE,First Busey Corporation,NASDAQ,29.76,789400.0,30.42,28.02,27.29,22.0,31.7,35.3,6.1,72.0,False,True,True,True,True,True,True,True,False,7,False,1a차
20260928,CBNK,Capital Bancorp Inc,NASDAQ,36.12,54200.0,36.64,33.33,32.49,26.4,38.83,36.8,7.0,72.0,False,True,True,True,True,True,True,True,False,7,False,1a차
20260928,CFR,Cullen/Frost Bankers  Inc.,NYSE,156.42,493000.0,163.1,149.05,145.85,119.0,170.8,31.4,8.4,72.0,False,True,True,True,True,True,True,True,False,7,False,2 형성중
20260928,CODA,Coda Octopus Group Inc,NASDAQ,10.87,170000.0,10.31,11.35,11.17,7.8,17.28,39.4,37.1,72.0,True,False,True,True,False,True,False,True,True,5,False,베이스 없음
20260928,CPBI,Central Plains Bancshares Inc,NASDAQ,19.8,0.0,20.67,18.9,18.47,15.56,21.84,27.2,9.3,72.0,False,True,True,True,True,True,True,True,False,7,False,베이스 없음
20260928,CVLG,Covenant Logistics Group Inc,NYSE,32.71,140000.0,36.85,35.57,33.04,18.0,49.88,81.7,34.4,72.0,False,False,True,True,True,True,False,True,False,5,False,베이스 없음
20260928,DSP,Viant Technology Inc,NASDAQ,12.24,386000.0,12.35,11.66,11.61,8.11,14.8,50.9,17.3,72.0,False,True,True,True,True,True,True,True,False,7,False,1 형성중
20260928,EBAY,eBay Inc.,NASDAQ,107.32,3686000.0,107.93,104.63,100.5,78.03,119.31,37.5,10.0,72.0,False,True,True,True,True,True,True,True,False,7,False,1 형성중
20260928,EDSA,Edesa Biotech Inc,NASDAQ,3.65,48200.0,4.9,6.81,5.45,0.72,20.32,406.9,82.0,72.0,False,False,True,True,False,True,False,True,False,4,False,1 형성중
20260928,EOG,EOG Resources  Inc.,NYSE,140.63,2746200.0,144.55,138.51,131.22,101.59,154.16,38.4,8.8,72.0,False,True,True,True,True,True,True,True,False,7,False,1 형성중
20260928,FDX,FedEx Corp,NYSE,289.65,1890100.0,315.15,310.79,297.32,180.99,345.37,60.0,16.1,72.0,False,False,True,True,True,True,True,True,False,6,False,베이스 없음
20260928,FTDR,Frontdoor Inc,NASDAQ,72.92,710400.0,79.26,69.49,66.56,48.47,93.43,50.4,22.0,72.0,False,True,True,True,True,True,True,True,False,7,False,2 형성중
20260928,GOOG,Alphabet Inc. Class C,NASDAQ,339.16,13820900.0,341.86,342.27,336.89,236.68,404.47,43.3,16.1,72.0,False,False,True,True,False,True,True,True,False,5,False,베이스 없음
20260928,HAO,Haoxi Health Technology Ltd,NASDAQ,2.89,31900.0,2.52,51.02,77.65,0.14,217.6,1964.3,98.7,72.0,False,False,False,False,False,True,False,True,True,3,False,Stage2 아님
20260928,HG,Hamilton Insurance Group  Ltd.,NYSE,33.23,309300.0,35.08,32.52,31.4,22.66,37.31,46.6,10.9,72.0,False,True,True,True,True,True,True,True,False,7,False,2 형성중
20260928,HNVR,Hanover Bancorp Inc,NASDAQ,25.73,17500.0,26.64,23.93,23.77,19.9,27.9,29.3,7.8,72.0,False,True,True,True,True,True,True,True,False,7,False,베이스 없음
20260928,INDV,Indivior Pharmaceuticals Inc,NASDAQ,36.88,1159700.0,37.27,36.02,35.73,22.56,42.81,63.5,13.9,72.0,False,True,True,True,True,True,True,True,False,7,False,베이스 없음
20260928,INOD,Innodata Inc.,NASDAQ,66.79,1282800.0,60.61,63.39,61.06,34.23,125.14,95.1,46.6,72.0,False,True,True,True,False,True,False,True,True,6,False,베이스 없음
20260928,KNX,Knight-Swift Transportation Holdings Inc.,NYSE,63.55,3504400.0,69.73,67.67,64.77,38.63,82.86,64.5,23.3,72.0,False,False,True,True,True,True,True,True,False,6,False,베이스 없음
20260928,MLKN,MillerKnoll  Inc.,NASDAQ,20.28,537000.0,22.37,18.97,19.13,13.77,24.71,47.3,17.9,72.0,False,True,False,True,True,True,True,True,False,6,False,1 형성중
20260928,MUSA,Murphy USA Inc.,NYSE,520.12,211000.0,555.12,532.48,502.32,349.83,636.05,48.7,18.2,72.0,False,False,True,True,True,True,True,True,False,6,False,2 형성중
20260928,NBTB,NBT Bancorp Inc.,NASDAQ,50.82,459400.0,52.11,47.57,46.66,39.2,54.5,29.6,6.8,72.0,False,True,True,True,True,True,True,True,False,7,False,베이스 없음
20260928,NEXN,Nexxen International Ltd,NASDAQ,8.78,447700.0,9.85,8.47,7.92,5.6,11.3,56.8,22.3,72.0,False,True,True,True,True,True,True,True,False,7,False,1 형성중
20260928,NPO,Enpro Inc.,NYSE,307.44,164700.0,313.79,303.15,286.72,202.0,390.42,52.2,21.3,72.0,False,True,True,True,True,True,True,True,False,7,False,2 형성중
20260928,NWBI,Northwest Bancshares Inc,NASDAQ,15.12,1049800.0,15.49,14.27,13.86,11.25,16.16,34.4,6.4,72.0,False,True,True,True,True,True,True,True,False,7,False,베이스 없음
20260928,OTLY,Oatly Group AB ADR,NASDAQ,11.86,44500.0,13.38,11.36,11.36,8.01,18.05,48.1,34.3,72.0,False,True,False,True,True,True,False,True,False,5,False,1 형성중
20260928,PACB,Pacific Biosciences of California  Inc.,NASDAQ,1.71,21247400.0,1.35,1.42,1.58,1.07,2.73,59.8,37.4,72.0,True,True,False,False,False,True,False,True,True,4,False,베이스 없음
20260928,PAY,Paymentus Holdings Inc,NYSE,29.92,731100.0,35.85,28.64,28.67,20.11,45.31,48.8,34.0,72.0,False,True,False,False,True,True,False,True,False,4,False,1 형성중
20260928,PKX,POSCO Holdings Inc. ADR,NYSE,57.84,203300.0,57.25,62.11,61.15,44.99,92.4,28.6,37.4,72.0,True,False,True,True,False,True,False,True,True,5,False,베이스 없음
20260928,PLRZ,Polyrizon Ltd,NASDAQ,10.36,4500.0,11.62,12.88,12.8,2.88,18.2,259.7,43.1,72.0,False,False,True,True,False,True,False,True,False,4,False,베이스 없음
20260928,PNRG,Primeenergy Resources Corp,NASDAQ,206.78,50200.0,201.56,205.75,198.69,126.4,278.9,63.6,25.9,72.0,True,True,True,True,False,True,False,True,True,6,False,베이스 없음
20260928,PRGS,Progress Software Corp,NASDAQ,39.41,451100.0,41.88,35.33,36.92,23.82,47.37,65.4,16.8,72.0,False,True,False,True,True,True,True,True,False,6,False,1 형성중
20260928,REGN,Regeneron Pharmaceuticals  Inc.,NASDAQ,752.25,1065300.0,775.95,725.49,735.48,541.0,859.34,39.0,12.5,72.0,False,True,False,True,True,True,True,True,False,6,False,1 형성중
20260928,RMT,Royce Micro Cap Closed Fund,NYSE,13.39,131275.0,13.88,13.32,12.8,9.52,14.78,40.7,9.4,72.0,False,True,True,True,True,True,True,True,False,7,False,2 형성중
20260928,RTB,RTB Digital Inc,NASDAQ,9.36,47400.0,13.22,9.3,8.64,3.25,20.75,188.0,54.9,72.0,False,True,True,False,True,True,False,True,False,5,False,Stage2 아님
20260928,RVSB,Riverview Bancorp Inc,NASDAQ,5.94,30400.0,5.39,5.44,5.38,4.88,6.22,21.7,4.5,72.0,False,True,True,True,False,False,True,True,True,6,False,베이스 없음
20260928,SEZL,Sezzle Inc,NASDAQ,108.3,392500.0,132.81,113.2,102.05,49.5,195.71,118.8,44.7,72.0,False,False,True,True,True,True,False,True,False,5,False,1 형성중
20260928,SGC,Superior Group of Companies Inc,NASDAQ,12.55,45100.0,12.72,11.98,11.49,8.3,14.59,51.2,14.0,72.0,False,True,True,True,True,True,True,True,False,7,False,2 형성중
20260928,SNDA,Sonida Senior Living  Inc.,NYSE,37.61,271500.0,39.53,37.17,35.98,24.95,44.39,50.7,15.3,72.0,False,True,True,True,True,True,True,True,False,7,False,2 형성중
20260928,SWBI,Smith & Wesson Brands Inc,NASDAQ,14.03,408300.0,13.96,14.41,13.53,8.14,17.56,72.4,20.1,72.0,False,False,True,True,False,True,True,True,True,6,False,베이스 없음
20260928,THFF,First Financial Corp,NASDAQ,74.94,95500.0,78.74,71.62,69.7,51.21,84.17,46.3,11.0,72.0,False,True,True,True,True,True,True,True,False,7,False,2 형성중
20260928,TRVI,Trevi Therapeutics  Inc.,NASDAQ,14.4,1613700.0,17.16,15.13,14.22,8.24,20.22,74.8,28.8,72.0,False,False,True,True,True,True,False,True,False,5,False,4 형성중
20260928,ULCC,Frontier Group Holdings  Inc.,NASDAQ,6.08,2717200.0,6.21,5.4,5.35,3.02,8.4,101.3,27.7,72.0,False,True,True,True,True,True,False,True,False,6,False,2 형성중
20260928,VATE,Innovate Corp,NYSE,7.4,105100.0,7.81,9.92,8.74,3.75,21.3,97.3,65.3,72.0,False,False,True,True,False,True,False,True,False,4,False,1 형성중
20260928,WBI,WaterBridge Infrastructure LLC,NYSE,28.95,575100.0,32.27,29.89,27.86,18.64,36.89,55.3,21.5,72.0,False,False,True,True,True,True,True,True,False,6,False,베이스 없음
20260928,ACT,Enact Holdings Inc,NASDAQ,46.94,286200.0,48.41,44.53,43.51,34.64,50.56,35.5,7.2,71.0,False,True,True,True,True,True,True,True,False,7,False,1a차
20260928,AEG,Aegon Ltd. ADR,NYSE,8.8,6415000.0,9.18,8.39,8.21,6.75,9.61,30.4,8.4,71.0,False,True,True,True,True,True,True,True,False,7,False,베이스 없음
20260928,AG,First Majestic Silver Corp.,NYSE,17.95,10066300.0,18.86,20.02,20.14,10.19,32.04,76.2,44.0,71.0,False,False,False,True,False,True,False,True,False,3,False,베이스 없음
20260928,ALZN,Alzamend Neuro Inc,NASDAQ,1.73,83800.0,1.57,1.4,1.58,0.84,2.68,106.0,35.4,71.0,True,True,False,False,False,True,False,True,True,4,False,Stage2 아님
20260928,AVAL,Grupo Aval Acciones y Valores S.A. ADR,NYSE,4.79,136100.0,5.21,4.79,4.69,3.2,6.2,49.7,22.7,71.0,False,False,True,True,True,True,True,True,False,6,False,1 형성중
20260928,BFC,Bank First Corp,NASDAQ,151.06,56810.0,152.58,145.18,142.64,119.08,159.1,26.9,5.1,71.0,False,True,True,True,True,True,True,True,False,7,False,베이스 없음
20260928,BMRA,Biomerica Inc,NASDAQ,2.39,7100.0,1.91,2.02,2.13,1.45,3.21,64.8,25.5,71.0,True,True,False,False,False,True,False,True,True,4,False,Stage2 아님
20260928,BSET,Bassett Furniture Industries Inc,NASDAQ,18.18,20300.0,18.97,16.56,16.51,13.17,22.26,38.0,18.3,71.0,False,True,True,True,True,True,True,True,False,7,False,1 형성중
20260928,BVN,Compania de Minas Buenaventura SAA ADR,NYSE,32.05,1451200.0,33.3,33.88,33.75,21.0,44.67,52.6,28.3,71.0,False,False,True,True,False,True,False,True,False,4,False,베이스 없음
20260928,CTAS,Cintas Corporation,NASDAQ,200.58,1800900.0,202.2,186.52,187.82,161.16,219.17,24.5,8.5,71.0,True,True,False,True,True,False,True,True,False,5,False,베이스 없음
20260511,CTLP,Cantaloupe Inc,NASDAQ,11.2,0.0,10.74,10.64,10.69,7.57,11.21,48.0,0.1,71.0,False,True,False,False,True,True,True,True,True,6,False,베이스 없음
20260928,DBI,Designer Brands Inc.,NYSE,6.29,687800.0,5.95,6.4,6.65,3.11,9.17,102.3,31.4,71.0,False,False,False,True,False,True,False,True,True,4,False,베이스 없음
20260928,ESEA,Euroseas Ltd,NASDAQ,69.21,46700.0,74.88,70.32,66.63,51.0,79.67,35.7,13.1,71.0,False,False,True,True,True,True,True,True,False,6,False,2 형성중
20260928,FCF,First Commonwealth Financial Corp,NYSE,20.57,931700.0,21.18,19.49,19.02,15.0,22.34,37.1,7.9,71.0,False,True,True,True,True,True,True,True,False,7,False,베이스 없음
20260928,FLNG,FLEX LNG Ltd.,NYSE,30.8,328000.0,31.19,30.66,29.48,24.0,33.4,28.3,7.8,71.0,False,True,True,True,True,True,True,True,False,7,False,2 형성중
20260928,FUSB,First US Bancshares Inc,NASDAQ,16.45,8679.0,16.51,16.07,15.65,12.0,16.99,37.1,3.2,71.0,False,True,True,True,True,True,True,True,False,7,False,베이스 없음
20260928,GCMG,GCM Grosvenor Inc.,NASDAQ,12.92,436200.0,13.13,11.82,11.71,9.3,14.87,38.9,13.1,71.0,False,True,True,True,True,True,True,True,False,7,False,1a차
20260928,GLSI,Greenwich Lifesciences Inc,NASDAQ,18.59,82900.0,15.9,21.46,21.73,7.78,34.1,138.9,45.5,71.0,False,False,False,True,False,True,False,True,True,4,False,베이스 없음
20260928,GO,Grocery Outlet Holding Corp.,NASDAQ,11.1,2096300.0,10.76,9.04,9.28,5.66,16.99,96.3,34.7,71.0,True,True,False,True,True,True,False,True,True,6,False,1 형성중
20260928,GWW,WW Grainger Inc,NYSE,1255.6899,365500.0,1312.26,1243.88,1199.93,906.52,1419.91,38.5,11.6,71.0,False,True,True,True,True,True,True,True,False,7,False,2 형성중
20260928,HL,Hecla Mining Co,NYSE,17.01,39735900.0,17.98,18.08,19.2,11.07,34.17,53.7,50.2,71.0,False,False,False,True,False,True,False,True,False,3,False,베이스 없음
20260928,HSIC,Henry Schein  Inc.,NASDAQ,85.99,971200.0,87.73,80.96,80.02,61.95,92.18,38.8,6.7,71.0,False,True,True,True,True,True,True,True,False,7,False,1a차
20260928,HTO,H2O America(Dover),NASDAQ,61.37,278100.0,63.16,59.8,57.7,43.75,67.09,40.3,8.5,71.0,False,True,True,True,True,True,True,True,False,7,False,베이스 없음
20260928,INBK,First Internet Bancorp,NASDAQ,26.16,47400.0,28.01,24.96,24.09,17.05,31.09,53.4,15.9,71.0,False,True,True,True,True,True,True,True,False,7,False,2 형성중
20260928,INGM,Ingram Micro Holding Corporation,NYSE,26.46,1890700.0,28.08,27.03,25.67,19.03,31.69,39.0,16.5,71.0,False,False,True,True,True,True,True,True,False,6,False,1 형성중
20260928,ITT,ITT Inc,NYSE,207.18,871700.0,204.1,200.18,196.27,166.96,230.32,24.1,10.0,71.0,False,True,True,True,True,False,True,True,True,7,False,베이스 없음
20260928,JBHT,J.B. Hunt Transport Services  Inc.,NASDAQ,226.07,958300.0,266.34,254.0,242.46,130.12,299.76,73.7,24.6,71.0,False,False,True,True,True,True,True,True,False,6,False,베이스 없음
20260928,KOF,Coca-Cola Femsa SAB de CV ADR,NYSE,108.77,77200.0,109.78,105.86,104.76,80.22,117.09,35.6,7.1,71.0,False,True,True,True,True,True,True,True,False,7,False,베이스 없음
20260928,KWR,Quaker Chemical Corp,NYSE,160.38,99500.0,160.6,146.51,148.45,112.18,183.01,43.0,12.4,71.0,False,True,False,True,True,True,True,True,False,6,False,1 형성중
20260928,LCNB,LCNB Corp,NASDAQ,18.82,25000.0,19.49,17.65,17.49,14.31,21.32,31.5,11.7,71.0,False,True,True,True,True,True,True,True,False,7,False,1a차
20260928,MVBF,MVB Financial Corp,NASDAQ,29.67,39800.0,30.31,27.85,27.75,23.99,31.99,23.7,7.3,71.0,False,True,True,True,True,False,True,True,False,6,False,베이스 없음
20260928,NFJ,Virtus Dividend  Interest & Prem Str Fd,NYSE,15.14,376441.0,15.38,14.5,14.19,12.25,15.75,23.6,3.9,71.0,False,True,True,True,True,False,True,True,False,6,False,베이스 없음
20260928,NTB,Bank of NT Butterfield & Son Ltd,NYSE,58.8,184700.0,60.48,57.18,55.71,40.59,64.17,44.9,8.4,71.0,False,True,True,True,True,True,True,True,False,7,False,2 형성중
20260928,NUVB,Nuvation Bio Inc.,NYSE,5.6,4584700.0,6.41,5.42,5.84,2.99,9.75,87.3,42.6,71.0,False,False,False,False,True,True,False,True,False,3,False,베이스 없음
20260928,PHVS,Pharvaris N.V.,NASDAQ,31.91,753300.0,35.22,31.61,30.25,20.65,43.25,54.5,26.2,71.0,False,True,True,True,True,True,False,True,False,6,False,2 형성중
20260928,PSO,Pearson PLC ADR,NYSE,15.94,479000.0,16.3,15.11,14.66,12.02,17.75,32.6,10.2,71.0,False,True,True,True,True,True,True,True,False,7,False,베이스 없음
20260928,QCOM,QUALCOMM Incorporated,NASDAQ,187.48,16658100.0,170.71,171.78,169.25,121.99,259.92,53.7,27.9,71.0,False,True,True,True,False,True,False,True,True,6,False,베이스 없음
20260928,RIG,Transocean Ltd.,NYSE,5.28,50398400.0,5.55,5.96,5.65,3.03,7.66,74.3,31.1,71.0,False,False,True,True,False,True,False,True,False,4,False,베이스 없음
20260928,RNR,RenaissanceRe Holdings Ltd.,NYSE,324.9,242600.0,325.12,309.37,302.51,231.17,340.24,40.5,4.5,71.0,False,True,True,True,True,True,True,True,False,7,False,1a차
20260928,RUSHA,Rush Enterprises  Inc. Class A,NASDAQ,47.53,485500.0,51.2,48.2,46.58,30.45,55.74,56.1,14.7,71.0,False,False,True,True,True,True,True,True,False,6,False,2 형성중
20260928,SAP,SAP SE ADR,NYSE,209.31,2055400.0,200.62,182.84,194.31,144.97,281.37,44.4,25.6,71.0,True,True,False,False,True,True,False,True,True,5,False,베이스 없음
20260928,SNDR,Schneider National  Inc.,NYSE,31.58,923000.0,34.91,32.44,31.44,20.11,39.27,57.0,19.6,71.0,False,False,True,True,True,True,True,True,False,6,False,베이스 없음
20260928,ST,Sensata Technologies Holding PLC,NYSE,41.74,941100.0,43.95,42.97,40.99,28.16,53.89,48.2,22.5,71.0,False,False,True,True,True,True,True,True,False,6,False,2 형성중
20260928,TEO,Telecom Argentina SA ADR,NYSE,12.08,259600.0,13.5,12.73,12.49,6.93,16.34,74.3,26.1,71.0,False,False,True,True,True,True,False,True,False,5,False,베이스 없음
20260928,UBSI,United Bankshares  Inc.,NASDAQ,46.72,953000.0,47.75,44.72,43.88,34.1,49.62,37.0,5.8,71.0,False,True,True,True,True,True,True,True,False,7,False,1a차
20260928,VLN,Valens Semiconductor Ltd,NYSE,1.81,466700.0,1.73,1.89,1.84,1.1,3.71,64.5,51.2,71.0,False,False,True,True,False,True,False,True,True,5,False,베이스 없음
20260928,W,Wayfair Inc.,NYSE,98.63,2205700.0,98.78,83.66,88.11,55.6,119.98,77.4,17.8,71.0,False,True,False,False,True,True,True,True,False,5,False,베이스 없음
20260928,WABC,Westamerica Bancorp,NASDAQ,59.38,275300.0,59.5,56.21,54.68,44.93,63.61,32.2,6.6,71.0,False,True,True,True,True,True,True,True,False,7,False,베이스 없음
20260928,WSBF,Waterstone Financial Inc,NASDAQ,20.2,58700.0,20.75,19.3,18.82,14.52,21.66,39.1,6.7,71.0,False,True,True,True,True,True,True,True,False,7,False,베이스 없음
20260928,WSM,Williams-Sonoma Inc,NYSE,231.03,837100.0,232.76,209.89,207.71,165.51,254.89,39.6,9.4,71.0,False,True,True,True,True,True,True,True,False,7,False,1 형성중
20260928,ADP,Automatic Data Processing Inc,NASDAQ,261.8,1666900.0,269.62,234.17,237.9,188.16,294.35,39.1,11.1,70.0,False,True,False,True,True,True,True,True,False,6,False,1 형성중
20260928,AIZ,Assurant Inc,NYSE,263.53,335700.0,280.82,254.35,249.39,206.03,303.94,27.9,13.3,70.0,False,True,True,True,True,True,True,True,False,7,False,1 형성중
20260928,AKO.B,Embotelladora Andina S.A. ADR Series B,NYSE,29.83,13800.0,30.15,28.98,29.09,21.98,33.86,35.7,11.9,70.0,False,True,False,True,True,True,True,True,False,6,False,1a차
20260928,ARQQ,Arqit Quantum Inc,NASDAQ,24.64,194000.0,20.57,17.73,19.07,11.52,62.0,113.9,60.3,70.0,False,True,False,False,True,True,False,True,True,5,False,1 형성중
20260928,BELFA,Bel Fuse Inc. Class A,NASDAQ,200.5,130600.0,215.99,224.43,212.74,110.67,293.51,81.2,31.7,70.0,False,False,True,True,False,True,False,True,False,4,False,베이스 없음
20260928,BFST,Business First Bancshares Inc,NASDAQ,30.67,217100.0,31.34,29.21,28.83,22.56,32.52,35.9,5.7,70.0,False,True,True,True,True,True,True,True,False,7,False,1a차
20260928,BME,BlackRock Health Sciences Trust,NYSE,44.63,43697.0,44.43,41.67,41.64,35.95,46.43,24.1,3.9,70.0,True,True,True,True,True,False,True,True,True,7,False,베이스 없음
20260928,BSAC,Banco Santander Chile ADR,NYSE,33.88,190500.0,34.69,33.21,33.29,25.87,37.72,31.0,10.2,70.0,False,True,False,True,True,True,True,True,False,6,False,베이스 없음
20260928,BZUN,Baozun Inc ADR,NASDAQ,3.09,326400.0,2.82,2.69,2.71,2.07,4.27,49.3,27.6,70.0,True,True,False,False,True,True,False,True,True,5,False,1a차
20260928,CAAS,China Automotive Systems Inc,NASDAQ,4.91,18300.0,4.84,4.55,4.52,4.0,5.64,22.8,12.9,70.0,True,True,True,True,True,False,True,True,True,7,False,1 형성중
20260928,CCO,Clear Channel Outdoor Holdings Inc,NYSE,2.36,3981100.0,2.39,2.39,2.33,1.27,2.44,85.8,3.3,70.0,False,False,True,True,False,True,True,True,False,5,False,2b차
20260928,ET,Energy Transfer Units,NYSE,20.1,9164800.0,20.84,19.8,19.2,16.18,21.84,24.2,8.0,70.0,False,True,True,True,True,False,True,True,False,6,False,베이스 없음
20260928,ETSY,Etsy  Inc.,NYSE,68.92,2631200.0,79.21,68.36,65.18,44.0,87.97,56.6,21.7,70.0,False,True,True,True,True,True,True,True,False,7,False,2 형성중
20260928,FDS,FactSet Research Systems Inc.,NYSE,267.67,762300.0,279.96,244.43,249.44,185.0,320.48,44.7,16.5,70.0,False,True,False,True,True,True,True,True,False,6,False,1 형성중
20260928,FXNC,First National Corp,NASDAQ,29.98,70956.0,30.87,28.95,28.27,21.59,33.24,38.9,9.8,70.0,False,True,True,True,True,True,True,True,False,7,False,1b차
20260928,GHM,Graham Corp,NYSE,87.23,115700.0,96.55,96.02,90.04,50.12,125.82,74.0,30.7,70.0,False,False,True,True,True,True,False,True,False,5,False,베이스 없음
20260928,GRND,Grindr Inc,NYSE,15.61,897400.0,15.85,13.95,13.53,9.73,18.5,60.4,15.6,70.0,False,True,True,True,True,True,True,True,False,7,False,1 형성중
20260928,GRWG,GrowGeneration Corp,NASDAQ,1.57,500300.0,1.58,1.42,1.43,1.0,2.4,56.2,34.6,70.0,False,True,False,True,True,True,False,True,False,5,False,2 형성중
20260928,HAFC,Hanmi Financial Corp,NASDAQ,31.6,194900.0,31.83,29.99,29.47,22.85,33.5,38.3,5.7,70.0,False,True,True,True,True,True,True,True,False,7,False,베이스 없음
20260928,HQL,abrdn Life Sciences Investors,NYSE,18.9,105583.0,20.28,18.5,18.12,14.28,22.67,32.4,16.6,70.0,False,True,True,True,True,True,True,True,False,7,False,1 형성중
20260928,HST,Host Hotels & Resorts  Inc.,NASDAQ,22.66,9418300.0,23.11,22.11,21.26,15.61,25.71,45.2,11.9,70.0,False,True,True,True,True,True,True,True,False,7,False,2 형성중
20260928,IA,Innovative Solutions and Support Inc,NASDAQ,18.9,247200.0,19.62,20.71,20.2,8.13,30.94,132.5,38.9,70.0,False,False,True,True,False,True,False,True,False,4,False,베이스 없음
20260928,JMSB,John Marshall Bancorp Inc,NASDAQ,23.1,56800.0,23.03,21.61,21.3,18.5,24.26,24.9,4.8,70.0,True,True,True,True,True,False,True,True,True,7,False,베이스 없음
20260928,JOE,St Joe Co,NYSE,65.99,178000.0,65.33,65.59,65.28,46.37,73.54,42.3,10.3,70.0,False,True,True,True,False,True,True,True,True,7,False,베이스 없음
20260928,LYG,Lloyds Banking Group PLC ADR,NYSE,5.72,20989300.0,6.01,5.62,5.6,4.36,6.34,31.2,9.8,70.0,False,True,True,True,True,True,True,True,False,7,False,1a차
20260928,MGYR,Magyar Bancorp Inc,NASDAQ,19.5,4300.0,19.13,18.03,17.94,16.03,20.0,21.6,2.5,70.0,True,True,True,True,True,False,True,True,True,7,False,베이스 없음
20260928,MPB,Mid Penn Bancorp Inc,NASDAQ,36.04,84200.0,37.12,34.37,33.9,26.56,39.15,35.7,7.9,70.0,False,True,True,True,True,True,True,True,False,7,False,1a차
20260928,MX,Magnachip Semiconductor Corp,NYSE,3.79,6690900.0,3.33,3.9,3.64,2.18,9.86,73.9,61.6,70.0,False,False,True,True,False,True,False,True,True,5,False,베이스 없음
20260928,NATL,NCR Atleos Corporation,NYSE,45.75,1381500.0,46.51,45.04,43.56,33.31,48.5,37.3,5.7,70.0,False,True,True,True,True,True,True,True,False,7,False,1a차
20260928,NOW,ServiceNow  Inc.,NYSE,131.45,11754300.0,126.35,110.84,116.43,81.24,192.97,61.8,31.9,70.0,True,True,False,False,True,True,False,True,True,5,False,1 형성중
20260928,NWSA,News Corporation Class A,NASDAQ,29.1,5059500.0,29.19,26.77,26.48,22.2,31.66,31.1,8.1,70.0,True,True,True,True,True,True,True,True,False,7,False,1 형성중
20260928,ORRF,Orrstown Financial Services Inc,NASDAQ,41.48,76377.0,42.34,39.06,38.51,31.87,43.81,30.2,5.3,70.0,False,True,True,True,True,True,True,True,False,7,False,1a차
20260928,PROV,Provident Financial Holdings Inc,NASDAQ,18.27,8900.0,18.09,17.22,16.93,14.95,18.99,22.2,3.8,70.0,True,True,True,True,True,False,True,True,True,7,False,베이스 없음
20260928,PUSA,Aureus Greenway Holdings Inc,NASDAQ,3.65,594300.0,3.49,3.97,3.93,1.8,8.25,102.8,55.8,70.0,False,False,True,False,False,True,False,True,True,4,False,Stage2 아님
20260928,REX,REX American Resources Corporation,NYSE,42.61,129400.0,43.38,44.06,41.47,30.3,53.36,40.6,20.1,70.0,False,False,True,True,False,True,True,True,False,5,False,2 형성중
20260928,SA,Seabridge Gold Inc.,NYSE,28.49,581200.0,30.04,30.04,30.39,21.21,40.06,34.3,28.9,70.0,False,False,False,True,False,True,False,True,False,3,False,베이스 없음
20260928,SFNC,Simmons First National Corporation,NASDAQ,22.83,1793000.0,23.19,21.73,21.3,17.0,24.32,34.3,6.1,70.0,False,True,True,True,True,True,True,True,False,7,False,베이스 없음
20260928,SFST,Southern First Bancshares Inc,NASDAQ,59.93,63000.0,62.35,58.88,57.98,40.9,65.09,46.5,7.9,70.0,False,True,True,True,True,True,True,True,False,7,False,2a차
20260928,SHOP,Shopify Inc.,NASDAQ,144.01,8150500.0,137.78,124.14,129.88,94.0,182.19,53.2,21.0,70.0,False,True,False,False,True,True,True,True,True,6,False,베이스 없음
20260928,SRBK,SR Bancorp Inc,NASDAQ,19.08,18000.0,19.62,18.62,18.14,14.33,20.95,33.1,8.9,70.0,False,True,True,True,True,True,True,True,False,7,False,1a차
20260928,STRD,Strategy 10 00 Perpetual Stride Prf Shs Series A,NASDAQ,72.55,124400.0,68.67,70.78,72.12,49.0,84.88,48.1,14.5,70.0,True,True,False,False,False,True,True,True,True,5,False,Stage2 아님
20260928,STRK,Strategy 8 00 Perpetual Strike Prf Shs Series A,NASDAQ,75.15,165300.0,69.4,71.03,73.93,49.8,100.25,50.9,25.0,70.0,True,True,False,False,False,True,False,True,True,4,False,Stage2 아님
20260928,SWK,Stanley Black & Decker Inc,NYSE,88.73,1767000.0,95.08,84.21,83.4,61.9,104.68,43.3,15.2,70.0,False,True,True,True,True,True,True,True,False,7,False,1 형성중
20260928,TRIN,Trinity Capital Inc,NYSE,17.5,676300.0,17.95,16.75,16.49,14.13,18.86,23.8,7.2,70.0,False,True,True,True,True,False,True,True,False,6,False,베이스 없음
20260928,UNP,Union Pacific Corporation,NYSE,274.1,2414300.0,292.23,271.9,263.66,215.53,315.99,27.2,13.3,70.0,False,True,True,True,True,True,True,True,False,7,False,2 형성중
20260928,WK,Workiva Inc.,NYSE,68.19,907900.0,68.31,58.92,64.24,43.34,97.1,57.3,29.8,70.0,False,True,False,False,True,True,False,True,False,4,False,1 형성중
20260928,XHR,Xenia Hotels & Resorts  Inc.,NYSE,18.42,699800.0,19.22,17.72,17.04,11.75,22.06,56.8,16.5,70.0,False,True,True,True,True,True,True,True,False,7,False,2 형성중
20260928,ADEA,Adeia Inc.,NASDAQ,24.92,692332.0,26.56,27.22,24.8,11.61,34.34,114.6,27.4,69.0,False,False,True,True,False,True,False,False,False,3,False,1 형성중
20260928,ADX,Adams Diversified Equity Fund，Inc.,NYSE,25.76,266229.0,25.89,24.72,24.33,20.91,26.56,23.2,3.0,69.0,False,True,True,True,True,False,True,False,False,5,False,베이스 없음
20260928,AEM,Agnico Eagle Mines Limited,NYSE,184.15,3660400.0,183.11,187.09,188.57,134.38,255.24,37.0,27.9,69.0,True,False,False,True,False,True,False,False,True,3,False,베이스 없음
20260928,AGM.A,Federal Agricultural Mortgage Corporation Class A,NYSE,146.58,0.0,154.91,140.1,138.22,115.0,176.0,27.5,16.7,69.0,False,True,True,True,True,True,True,False,False,6,False,베이스 없음
20260928,AIXC,Aixcrypto Holdings Inc,NASDAQ,1.66,934600.0,0.93,1.15,1.4,0.59,6.48,179.9,74.4,69.0,True,True,False,False,False,True,False,False,True,3,False,Stage2 아님
20260928,AKAM,Akamai Technologies Inc,NASDAQ,108.99,8078900.0,113.3,117.22,111.14,70.82,165.45,53.9,34.1,69.0,False,False,True,True,False,True,False,False,False,3,False,베이스 없음
20260928,BCX,BlackRock Resources And Commodities Strategy Trust,NYSE,11.98,174748.0,12.46,12.19,12.1,9.68,13.86,23.8,13.6,69.0,False,False,True,True,True,False,True,False,False,4,False,베이스 없음
20260928,BLMN,Bloomin' Brands Inc,NASDAQ,7.91,2208100.0,9.48,7.83,7.58,5.19,12.63,52.4,37.4,69.0,False,True,True,True,True,True,False,False,False,5,False,2 형성중
20260928,BWB,Bridgewater Bancshares Inc,NASDAQ,20.63,75200.0,21.26,19.69,19.43,16.06,22.62,28.5,8.8,69.0,False,True,True,True,True,True,True,False,False,6,False,베이스 없음
20260928,CCCC,C4 Therapeutics  Inc.,NASDAQ,3.115,2776000.0,3.67,3.43,3.1,1.69,5.17,84.3,39.7,69.0,False,False,True,True,True,True,False,False,False,4,False,베이스 없음
20260928,CDLR,Cadeler A/S ADR,NYSE,22.9,58100.0,23.92,24.52,23.78,15.37,30.01,49.0,23.7,69.0,False,False,True,True,False,True,True,False,False,4,False,베이스 없음
20260928,CHCO,City Holding Co,NASDAQ,139.97,131700.0,143.32,131.01,129.26,113.21,148.99,23.6,6.1,69.0,False,True,True,True,True,False,True,False,False,5,False,베이스 없음
20260928,CIVB,Civista Bancshares Inc,NASDAQ,26.71,118800.0,27.92,25.96,25.34,19.82,29.97,34.8,10.9,69.0,False,True,True,True,True,True,True,False,False,6,False,1 형성중
20260928,CLAR,Clarus Corp,NASDAQ,3.5,140900.0,3.55,3.14,3.23,2.53,3.98,38.3,12.1,69.0,False,True,False,True,True,True,True,False,False,5,False,Stage2 아님
20260928,CNEY,CN Energy Group Inc,NASDAQ,0.575,21700.0,0.59,0.71,0.73,0.31,2.95,83.7,80.5,69.0,False,False,False,False,False,True,False,False,False,1,False,Stage2 아님
20260928,COLD,Americold Realty Trust Inc,NYSE,14.56,3706300.0,14.68,13.9,13.62,10.1,16.88,44.2,13.7,69.0,False,True,True,True,True,True,True,False,False,6,False,2 형성중
20260928,CSTM,Constellium SE,NYSE,24.63,2163100.0,27.48,29.14,27.24,14.39,36.99,71.2,33.4,69.0,False,False,True,True,False,True,False,False,False,3,False,베이스 없음
20260928,CWBC,Community West Bancshares,NASDAQ,26.34,249500.0,25.97,24.84,24.52,19.79,28.17,33.1,6.5,69.0,False,True,True,True,True,True,True,False,True,7,False,1b차
20260928,DNLI,Denali Therapeutics Inc.,NASDAQ,20.98,2559500.0,23.08,21.74,20.98,13.14,27.3,59.7,23.2,69.0,False,False,True,True,True,True,True,False,False,5,False,베이스 없음
20260928,DXYZ,Destiny Tech100 Closed End Fund,NYSE,29.86,432400.0,29.59,32.15,31.84,19.71,72.87,51.5,59.0,69.0,False,False,True,True,False,True,False,False,True,4,False,베이스 없음
20260928,EDU,New Oriental Education & Technology Group Inc. ADR,NYSE,55.87,605700.0,55.26,52.91,54.07,44.25,64.97,26.3,14.0,69.0,True,True,False,True,True,True,True,False,True,6,False,1a차
20260928,EFOR,Everforth  Inc.,NYSE,32.83,461400.0,29.78,28.4,33.47,16.9,54.94,94.3,40.2,69.0,False,False,False,False,False,True,False,False,True,2,False,베이스 없음
20260928,EML,Eastern Company,NASDAQ,24.39,6300.0,25.23,22.96,21.94,17.61,29.91,38.5,18.5,69.0,False,True,True,True,True,True,True,False,False,6,False,2 형성중
20260928,EPSN,Epsilon Energy Ltd,NASDAQ,5.96,69300.0,5.86,5.82,5.54,4.2,6.65,41.9,10.4,69.0,True,True,True,True,True,True,True,False,True,7,False,베이스 없음
20260928,EQIX,Equinix  Inc.,NASDAQ,1011.07,467200.0,1044.19,1038.95,980.67,720.62,1128.68,40.3,10.4,69.0,False,False,True,True,True,True,True,False,False,5,False,1 형성중
20260928,EVT,Eaton Vance Tax Advantaged Dividend Income Closed Fund,NYSE,27.9,50180.0,28.51,26.89,26.54,23.0,29.65,21.3,5.9,69.0,False,True,True,True,True,False,True,False,False,5,False,베이스 없음
20260928,FANG,Diamondback Energy  Inc.,NASDAQ,185.23,2173500.0,198.91,193.06,183.88,137.03,216.9,35.2,14.6,69.0,False,False,True,True,True,True,True,False,False,5,False,2 형성중
20260928,FBNC,First Bancorp (North Carolina),NASDAQ,63.07,205500.0,64.06,60.57,59.47,45.96,66.78,37.2,5.6,69.0,False,True,True,True,True,True,True,False,False,6,False,1b차
20260928,FFBC,First Financial Bancorp.,NASDAQ,31.92,729400.0,33.22,31.2,30.27,23.06,36.25,38.4,11.9,69.0,False,True,True,True,True,True,True,False,False,6,False,2 형성중
20260928,FNWB,First Northwest Bancorp,NASDAQ,10.04,16800.0,11.06,10.27,10.21,7.25,12.52,38.5,19.8,69.0,False,False,True,True,True,True,True,False,False,5,False,베이스 없음
20260928,FOXA,Fox Corporation Class A,NASDAQ,63.06,2937800.0,63.66,61.19,63.35,48.34,76.39,30.5,17.4,69.0,False,False,False,False,True,True,True,False,False,3,False,베이스 없음
20260928,GAIN,Gladstone Investment Corp,NASDAQ,15.71,122100.0,16.25,15.6,15.18,13.11,17.14,19.8,8.3,69.0,False,True,True,True,True,False,True,False,False,5,False,1 형성중
20260928,GNT,GAMCO Natural Resources Gold & Income Trust,NYSE,8.64,58743.0,8.76,8.53,8.4,6.68,9.38,29.3,7.9,69.0,False,True,True,True,True,True,True,False,False,6,False,베이스 없음
20260928,GRPN,Groupon  Inc.,NASDAQ,19.74,1080800.0,22.18,18.2,17.53,9.17,29.9,115.3,34.0,69.0,False,True,True,True,True,True,False,False,False,5,False,1 형성중
20260928,GYRE,Gyre Therapeutics  Inc.,NASDAQ,7.49,137000.0,6.62,6.89,7.1,5.44,9.42,37.7,20.5,69.0,True,True,False,False,False,True,True,False,True,4,False,베이스 없음
20260928,HQH,abrdn Healthcare Investors,NYSE,21.25,111721.0,22.37,20.48,20.17,17.04,24.85,24.7,14.5,69.0,False,True,True,True,True,False,True,False,False,5,False,1 형성중
20260928,HWBK,Hawthorn Bancshares Inc,NASDAQ,38.54,12300.0,39.08,36.69,35.97,29.39,40.6,31.1,5.1,69.0,False,True,True,True,True,True,True,False,False,6,False,1a차
20260928,IMPP,Imperial Petroleum Inc,NASDAQ,4.99,551900.0,5.06,4.85,4.58,3.15,6.57,58.4,24.0,69.0,False,True,True,False,True,True,True,False,False,5,False,1 형성중
20260928,IMRN,Immuron Ltd ADR,NASDAQ,1.16,38200.0,1.2,1.04,1.01,0.68,2.39,71.3,51.5,69.0,True,True,True,False,True,True,False,False,False,4,False,Stage2 아님
20260928,MAC,The Macerich Company,NYSE,22.57,3304700.0,24.16,22.66,21.65,16.03,26.68,40.8,15.4,69.0,False,False,True,True,True,True,True,False,False,5,False,2 형성중
20260928,MAR,Marriott International  Inc.,NASDAQ,358.57,1696300.0,352.96,356.53,347.84,256.76,410.98,39.7,12.8,69.0,False,True,True,True,False,True,True,False,True,6,False,베이스 없음
20260928,MWYN,Marwynn Holdings Inc,NASDAQ,1.075,18200.0,0.96,0.88,0.88,0.45,1.42,136.8,24.3,69.0,False,True,False,True,True,True,True,False,True,6,False,Stage2 아님
20260928,NOVT,Novanta Inc.,NASDAQ,142.08,299000.0,147.34,142.76,139.76,98.27,176.38,44.6,19.4,69.0,False,False,True,True,True,True,True,False,False,5,False,베이스 없음
20260928,NRC,NRC Health,NASDAQ,20.06,83300.0,21.02,19.11,18.87,11.01,23.68,82.1,15.3,69.0,False,True,True,True,True,True,True,False,False,6,False,1 형성중
20260928,PRU,Prudential Financial Inc,NYSE,116.09,1510700.0,120.47,107.92,108.73,91.89,127.72,26.3,9.1,69.0,False,True,False,True,True,True,True,False,False,5,False,베이스 없음
20260928,PTRN,Pattern Group Inc.,NASDAQ,16.77,1674100.0,21.5,18.29,16.9,8.92,29.8,88.0,43.7,69.0,False,False,True,True,True,True,False,False,False,4,False,Stage2 아님
20260928,RDNT,RadNet  Inc.,NASDAQ,71.81,528200.0,71.51,63.36,65.61,50.82,85.84,41.3,16.3,69.0,False,True,False,False,True,True,True,False,True,5,False,베이스 없음
20260928,RGR,Sturm  Ruger & Company  Inc.,NYSE,42.04,225800.0,38.57,39.28,38.38,28.33,48.21,48.4,12.8,69.0,True,True,True,True,False,True,True,False,True,6,False,베이스 없음
20260928,RILYN,BRC Group Holdings 6 50 Senior Notes Due 2026,NASDAQ,25.2531,6835.0,25.04,24.63,24.05,17.4,25.26,45.1,0.0,69.0,False,True,True,True,True,True,True,False,True,7,False,1a차
20260928,SMBC,Southern Missouri Bancorp Inc,NASDAQ,71.5,54600.0,75.08,70.4,68.31,47.6,79.86,50.2,10.5,69.0,False,True,True,True,True,True,True,False,False,6,False,베이스 없음
20260928,SMC,Summit Midstream Corp,NYSE,30.66,67400.0,32.53,30.95,30.1,19.83,36.47,54.6,15.9,69.0,False,False,True,True,True,True,True,False,False,5,False,2 형성중
20260928,SYBT,Stock Yards Bancorp Inc,NASDAQ,78.02,146700.0,81.45,74.13,72.63,61.51,89.22,26.8,12.6,69.0,False,True,True,True,True,True,True,False,False,6,False,1 형성중
20260928,TFSL,TFS Financial Corp,NASDAQ,16.45,593700.0,17.56,16.09,15.63,12.54,19.49,31.2,15.6,69.0,False,True,True,True,True,True,True,False,False,6,False,1 형성중
20260928,UBS,UBS Group AG,NYSE,48.62,2113700.0,52.77,47.21,46.84,36.3,55.98,34.0,13.2,69.0,False,True,True,True,True,True,True,False,False,6,False,1 형성중
20260928,VHI,Valhi Inc,NYSE,15.51,15700.0,16.18,14.74,14.47,11.44,19.19,35.6,19.2,69.0,False,True,True,True,True,True,True,False,False,6,False,1 형성중
20260928,VOR,Vor Biopharma Inc.,NASDAQ,18.31,930100.0,21.91,17.57,16.57,6.5,49.95,181.7,63.3,69.0,False,True,True,True,True,True,False,False,False,5,False,2 형성중
20260928,WSBK,Winchester Bancorp Inc,NASDAQ,12.71,6300.0,12.97,12.92,12.46,9.46,13.38,34.4,5.0,69.0,False,False,True,True,True,True,True,False,False,5,False,베이스 없음
20260928,ACLS,Axcelis Technologies  Inc.,NASDAQ,124.01,321000.0,124.67,129.04,118.81,73.6,193.78,68.5,36.0,68.0,False,False,True,True,False,True,False,False,False,3,False,베이스 없음
20260928,AHR,American Healthcare REIT  Inc.,NYSE,51.9,2004000.0,54.91,51.79,50.91,40.0,58.7,29.7,11.6,68.0,False,True,True,True,True,True,True,False,False,6,False,1 형성중
20260928,AKA,AKA Brands Holding Corp,NYSE,11.22,600.0,10.88,10.39,10.61,8.42,16.38,33.3,31.5,68.0,True,True,False,False,True,True,False,False,True,4,False,베이스 없음
20260928,AMZN,Amazon.com Inc,NASDAQ,246.15,31955500.0,256.15,245.23,240.94,196.0,287.2,25.6,14.3,68.0,False,True,True,True,True,True,True,False,False,6,False,1 형성중
20260928,ARHS,Arhaus  Inc.,NASDAQ,9.63,1496100.0,8.59,7.66,8.42,5.57,12.08,72.9,20.3,68.0,False,True,False,False,True,True,True,False,True,5,False,베이스 없음
20260928,AROW,Arrow Financial Corp,NASDAQ,37.79,128700.0,39.03,37.32,36.27,25.88,42.7,46.0,11.5,68.0,False,True,True,True,True,True,True,False,False,6,False,2 형성중
20260928,AVBH,Avidbank Holdings Inc,NASDAQ,31.41,44676.0,32.03,30.73,30.02,24.03,34.18,30.7,8.1,68.0,False,True,True,True,True,True,True,False,False,6,False,1a차
20260928,BG,Bunge Global SA,NYSE,109.06,1769400.0,115.03,119.36,115.74,78.82,134.87,38.4,19.1,68.0,False,False,True,True,False,True,True,False,False,4,False,베이스 없음
20260928,BLSH,Bullish,NYSE,35.99,718900.0,29.69,32.52,33.7,20.55,70.5,75.1,49.0,68.0,True,True,False,False,False,True,False,False,True,3,False,Stage2 아님
20260928,BUD,Anheuser-Busch Inbev SA ADR,NYSE,77.1,2254700.0,80.24,78.26,75.96,58.44,86.6,31.9,11.0,68.0,False,False,True,True,True,True,True,False,False,5,False,2 형성중
20260928,CAAP,Corporacion America Airports SA,NYSE,26.05,1069000.0,24.57,25.34,25.84,17.36,30.5,50.1,14.6,68.0,False,True,False,True,False,True,True,False,True,5,False,베이스 없음
20260928,CAMT,Camtek Ltd.,NASDAQ,142.61,288000.0,147.54,162.1,154.78,91.91,215.99,55.2,34.0,68.0,False,False,True,True,False,True,False,False,False,3,False,베이스 없음
20260928,CIG.C,Companhia Energ ADR Reptg One Ord Shs,NYSE,3.18,1364.0,3.15,3.19,3.07,2.35,4.0,35.3,20.5,68.0,True,False,True,True,False,True,True,False,True,5,False,베이스 없음
20260928,CMCO,Columbus McKinnon Corp,NASDAQ,16.37,348200.0,17.58,15.95,16.86,11.99,24.4,36.5,32.9,68.0,False,False,False,True,True,True,False,False,False,3,False,베이스 없음
20260928,DKL,Delek Logistics Partners Common Units,NYSE,53.63,187300.0,56.1,53.23,52.05,42.35,61.5,26.6,12.8,68.0,True,True,True,True,True,True,True,False,False,6,False,2 형성중
20260928,ENS,EnerSys,NYSE,177.98,414600.0,186.39,196.87,188.63,108.19,244.3,64.5,27.1,68.0,False,False,True,True,False,True,False,False,False,3,False,베이스 없음
20260928,EWBC,East West Bancorp  Inc.,NASDAQ,126.72,856200.0,130.35,123.27,121.43,92.67,137.47,36.7,7.8,68.0,False,True,True,True,True,True,True,False,False,6,False,베이스 없음
20260928,FLGT,Fulgent Genetics  Inc.,NASDAQ,22.36,248600.0,19.87,18.11,20.15,13.46,31.04,66.1,28.0,68.0,True,True,False,False,False,True,False,False,True,3,False,베이스 없음
20260928,FLS,Flowserve Corporation,NYSE,74.09,1339800.0,76.03,76.13,76.3,48.71,92.41,52.1,19.8,68.0,False,False,False,True,False,True,True,False,False,3,False,베이스 없음
20260928,FOX,Fox Corporation Class B,NASDAQ,56.55,563400.0,56.83,54.97,56.88,44.08,68.18,28.3,17.1,68.0,False,False,False,False,False,True,True,False,False,2,False,베이스 없음
20260928,FSBC,Five Star Bancorp,NASDAQ,43.38,155600.0,46.16,43.18,41.95,30.68,50.26,41.4,13.7,68.0,False,True,True,True,True,True,True,False,False,6,False,2 형성중
20260928,GLBE,Global-E Online Ltd.,NASDAQ,39.28,1642200.0,39.12,34.94,35.56,26.84,43.99,46.3,10.7,68.0,False,True,False,True,True,True,True,False,True,6,False,1 형성중
20260928,GM,General Motors Co,NYSE,80.64,8047800.0,85.28,80.2,80.68,54.33,91.85,48.4,12.2,68.0,False,False,False,True,True,True,True,False,False,4,False,1 형성중
20260928,HITI,High Tide Inc,NASDAQ,2.81,838800.0,2.42,2.39,2.43,2.02,3.9,39.1,28.0,68.0,True,True,False,False,False,True,False,False,True,3,False,베이스 없음
20260928,HIW,Highwoods Properties  Inc.,NYSE,29.41,931100.0,31.56,27.5,27.05,20.45,35.44,43.8,17.0,68.0,False,True,True,True,True,True,True,False,False,6,False,1 형성중
20260928,HVT.A,Haverty Furniture Companies Inc Class A,NYSE,28.09,0.0,29.71,26.5,26.3,20.28,44.99,38.5,37.6,68.0,False,True,True,True,True,True,False,False,False,5,False,자료 부족
20260928,IHS,IHS Holding Limited,NYSE,8.38,827600.0,8.34,8.26,8.13,5.71,8.95,46.8,6.4,68.0,False,True,True,True,True,True,True,False,True,7,False,3a차
20260928,INM,InMed Pharmaceuticals Inc,NASDAQ,1.36,17400.0,1.45,1.2,1.18,0.57,2.5,136.5,45.6,68.0,False,True,True,False,True,True,False,False,False,4,False,Stage2 아님
20260928,KINS,Kingstone Companies Inc,NASDAQ,17.98,86500.0,19.63,17.45,17.13,13.83,20.9,30.0,14.0,68.0,False,True,True,True,True,True,True,False,False,6,False,1 형성중
20260928,KURA,Kura Oncology  Inc.,NASDAQ,10.61,1577100.0,11.13,9.98,9.79,7.36,13.9,44.2,23.7,68.0,False,True,True,True,True,True,True,False,False,6,False,1 형성중
20260928,LAUR,Laureate Education  Inc.,NASDAQ,37.62,913100.0,37.12,35.25,34.99,24.98,40.92,50.6,8.1,68.0,False,True,True,True,True,True,True,False,True,7,False,3 형성중
20260928,MHK,Mohawk Industries  Inc.,NYSE,124.43,1207100.0,126.79,113.42,114.82,92.99,140.3,33.8,11.3,68.0,False,True,False,True,True,True,True,False,False,5,False,1 형성중
20260928,MNSB,MainStreet Bancshares  Inc.,NASDAQ,24.76,16100.0,24.54,23.64,23.02,17.86,25.86,38.6,4.3,68.0,False,True,True,True,True,True,True,False,True,7,False,1b차
20260928,MSA,Msa Safety Inc,NYSE,182.32,192600.0,184.33,175.76,175.98,151.11,208.92,20.7,12.7,68.0,False,True,False,True,True,False,True,False,False,4,False,베이스 없음
20260928,MSI,Motorola Solutions Inc,NYSE,452.08,614800.0,456.59,439.12,428.81,359.36,494.78,25.8,8.6,68.0,False,True,True,True,True,True,True,False,False,6,False,베이스 없음
20260928,NDAQ,Nasdaq Inc,NASDAQ,92.62,4123700.0,94.72,89.65,90.65,76.55,101.79,21.0,9.0,68.0,False,True,False,True,True,False,True,False,False,4,False,1 형성중
20260928,NECB,Northeast Community Bancorp Inc,NASDAQ,26.63,37600.0,26.76,25.4,24.92,19.27,28.94,38.2,8.0,68.0,False,True,True,True,True,True,True,False,False,6,False,1a차
20260928,NEPH,Nephros Inc,NASDAQ,4.03,53600.0,4.09,3.59,3.84,2.66,6.42,51.5,37.2,68.0,False,True,False,False,True,True,False,False,False,3,False,2 형성중
20260928,NGVT,Ingevity Corporation,NYSE,72.74,175600.0,72.07,71.4,69.92,45.85,79.29,58.6,8.3,68.0,False,True,True,True,True,True,True,False,True,7,False,베이스 없음
20260928,NVRI,Enviri Corp (Delaware),NYSE,19.35,299100.0,21.61,20.38,19.92,11.15,24.2,73.5,20.0,68.0,False,False,True,True,True,True,True,False,False,5,False,베이스 없음
20260928,NWS,News Corporation Class B,NASDAQ,32.24,744000.0,32.89,30.39,30.11,25.49,35.76,26.5,9.8,68.0,False,True,True,True,True,True,True,False,False,6,False,1 형성중
20260928,OMDA,Omada Health  Inc.,NASDAQ,19.39,1019400.0,21.93,18.0,17.14,10.28,26.92,88.6,28.0,68.0,False,True,True,True,True,True,False,False,False,5,False,1 형성중
20260928,OVLY,Oak Valley Bancorp,NASDAQ,34.28,20027.0,33.93,33.5,32.97,25.41,35.97,34.9,4.7,68.0,False,True,True,True,True,True,True,False,True,7,False,1a차
20260928,PDM,Piedmont Realty Trust  Inc.,NYSE,9.1,1219000.0,9.55,8.55,8.51,6.32,10.13,44.0,10.2,68.0,False,True,True,True,True,True,True,False,False,6,False,1a차
20260928,PERF,Perfect Corp.,NYSE,1.9,110600.0,1.91,1.73,1.72,1.24,2.15,53.2,11.6,68.0,True,True,True,True,True,True,True,False,False,6,False,베이스 없음
20260928,PH,Parker-Hannifin Corp,NYSE,969.55,651800.0,987.42,947.02,942.71,715.37,1099.94,35.5,11.9,68.0,False,True,True,True,True,True,True,False,False,6,False,1 형성중
20260928,PXLW,Pixelworks  Inc.,NASDAQ,6.98,27400.0,6.61,6.21,6.25,4.84,15.42,44.2,54.7,68.0,False,True,False,True,True,True,False,False,True,5,False,베이스 없음
20260928,QQQX,Nuveen Nasdaq 100 Dynamic Overwrite Fund,NASDAQ,30.33,97746.0,30.29,29.61,29.23,25.35,31.87,19.6,4.8,68.0,False,True,True,True,True,False,True,False,True,6,False,1a차
20260928,SRRK,Scholar Rock Holding Corporation,NASDAQ,49.13,1569500.0,52.21,49.35,48.31,27.07,61.76,81.5,20.5,68.0,False,False,True,True,True,True,True,False,False,5,False,2 형성중
20260928,STRF,Strategy 10 00 Perpetual Strife Prf Shs Series A,NASDAQ,103.55,37400.0,99.81,98.39,99.48,82.5,117.05,25.5,11.5,68.0,True,True,False,False,True,True,True,False,True,5,False,Stage2 아님
20260928,STRL,Sterling Infrastructure  Inc.,NASDAQ,498.36,368000.0,539.65,596.21,534.75,281.58,1005.68,77.0,50.4,68.0,False,False,True,True,False,True,False,False,False,3,False,베이스 없음
20260928,TCBX,Third Coast Bancshares Inc,NYSE,43.18,88200.0,44.14,40.7,40.58,35.73,46.36,20.9,6.8,68.0,False,True,True,True,True,False,True,False,False,5,False,베이스 없음
20260928,VCEL,Vericel Corporation,NASDAQ,40.24,643100.0,42.68,38.59,38.2,28.95,49.32,39.0,18.4,68.0,False,True,True,True,True,True,True,False,False,6,False,1 형성중
20260928,VRSN,VeriSign  Inc.,NASDAQ,282.07,470700.0,287.62,272.93,264.8,208.86,312.48,35.1,9.7,68.0,False,True,True,True,True,True,True,False,False,6,False,베이스 없음
20260928,WES,Western Midstream Partners Common Units,NYSE,45.27,911800.0,47.59,44.41,43.47,36.9,50.07,22.7,9.6,68.0,False,True,True,True,True,False,True,False,False,5,False,1 형성중
20260928,ZVRA,Zevra Therapeutics Inc,NASDAQ,11.3,742500.0,11.49,11.11,10.5,8.01,15.04,41.1,24.8,68.0,False,True,True,True,True,True,True,False,False,6,False,1 형성중
20260928,ACFN,Acorn Energy Inc,NASDAQ,20.3,9800.0,19.83,18.58,18.29,12.42,30.1,63.4,32.6,67.0,True,True,True,True,True,True,False,False,True,6,False,1 형성중
20260928,ADUS,Addus Homecare Corp,NASDAQ,111.91,201700.0,116.82,104.21,105.69,87.95,124.44,27.2,10.1,67.0,False,True,False,True,True,True,True,False,False,5,False,베이스 없음
20260928,AIR,AAR CORP.,NYSE,115.09,571500.0,132.34,122.84,116.68,76.1,154.0,51.2,25.3,67.0,False,False,True,True,True,True,False,False,False,4,False,베이스 없음
20260928,B,Barrick Mining Corporation,NYSE,41.09,9857900.0,41.85,41.44,42.78,30.35,54.69,35.4,24.9,67.0,True,False,False,True,False,True,True,False,False,3,False,베이스 없음
20260928,BVFL,BV Financial Inc,NASDAQ,20.88,10300.0,21.19,20.3,19.96,14.6,22.17,43.0,5.8,67.0,False,True,True,True,True,True,True,False,False,6,False,베이스 없음
20260928,BWMX,Betterware de Mexico SAPI de CV,NYSE,16.96,49500.0,16.5,17.19,17.03,12.34,19.79,37.5,14.3,67.0,False,False,True,True,False,True,True,False,True,5,False,베이스 없음
20260928,C,Citigroup Inc.,NYSE,131.31,8808500.0,134.06,128.44,125.41,93.66,147.96,40.2,11.3,67.0,False,True,True,True,True,True,True,False,False,6,False,2 형성중
20260928,CAH,Cardinal Health  Inc.,NYSE,220.29,2174300.0,232.44,219.62,217.3,145.87,258.3,51.0,14.7,67.0,False,True,True,True,True,True,True,False,False,6,False,1 형성중
20260928,CCBG,Capital City Bank Group Inc,NASDAQ,49.24,118800.0,51.15,47.52,46.47,38.27,53.6,28.7,8.1,67.0,False,True,True,True,True,True,True,False,False,6,False,1a차
20260928,CCEP,Coca-Cola Europacific Partners PLC,NASDAQ,102.87,1550900.0,106.02,100.48,98.48,84.66,113.67,21.5,9.5,67.0,False,True,True,True,True,False,True,False,False,5,False,1 형성중
20260928,CECO,CECO Environmental Corp.,NASDAQ,72.26,399900.0,73.16,73.59,71.73,42.82,101.24,68.8,28.6,67.0,False,False,True,True,False,True,False,False,False,3,False,베이스 없음
20260928,CEE,Central and Eastern Europe Fund Inc,NYSE,19.46,17997.0,20.36,20.15,19.69,14.76,21.98,31.8,11.5,67.0,False,False,True,True,True,True,True,False,False,5,False,베이스 없음
20260928,CLSK,CleanSpark  Inc.,NASDAQ,13.34,11375900.0,13.12,12.94,12.59,8.0,23.61,66.8,43.5,67.0,False,True,True,True,True,True,False,False,True,6,False,베이스 없음
20260928,CNNE,Cannae Holdings Inc,NYSE,15.58,471200.0,15.19,13.85,14.21,10.46,19.01,48.9,18.0,67.0,True,True,False,False,True,True,True,False,True,5,False,베이스 없음
20260928,CP,Canadian Pacific Kansas City Limited,NYSE,86.56,2639300.0,91.04,87.2,84.3,68.42,96.9,26.5,10.7,67.0,False,False,True,True,True,True,True,False,False,5,False,2 형성중
20260928,CRESY,Cresud SACIF y A ADR,NASDAQ,11.93,600400.0,11.52,11.48,11.68,8.69,14.21,37.2,16.0,67.0,True,True,False,True,False,True,True,False,True,5,False,베이스 없음
20260928,CSW,CSW Industrials  Inc.,NYSE,295.41,89400.0,311.02,287.77,292.54,230.45,355.48,28.2,16.9,67.0,False,True,False,True,True,True,True,False,False,5,False,베이스 없음
20260928,CTO,CTO Realty Growth Inc,NYSE,20.48,305600.0,21.51,20.55,19.97,15.07,22.71,35.9,9.8,67.0,False,False,True,True,True,True,True,False,False,5,False,2 형성중
20260928,DOC,Healthpeak Properties  Inc,NYSE,20.1,5460800.0,21.15,19.46,18.8,15.7,22.95,28.0,12.4,67.0,False,True,True,True,True,True,True,False,False,6,False,1 형성중
20260928,EFOI,Energy Focus Inc,NASDAQ,2.75,4400.0,2.86,2.94,2.75,1.66,9.84,65.7,72.1,67.0,False,False,True,True,False,True,False,False,False,3,False,베이스 없음
20260928,EGP,EastGroup Properties  Inc.,NYSE,202.44,536300.0,204.13,200.4,196.26,164.8,226.71,22.8,10.7,67.0,False,True,True,True,True,False,True,False,False,5,False,1 형성중
20260928,EME,EMCOR Group  Inc.,NYSE,765.52,381100.0,771.12,796.52,769.34,564.92,951.96,35.5,19.6,67.0,False,False,True,True,False,True,True,False,False,4,False,베이스 없음
20260928,ESLT,Elbit Systems Ltd.,NASDAQ,704.27,74600.0,762.47,809.92,769.01,453.0,1016.06,55.5,30.7,67.0,False,False,True,True,False,True,False,False,False,3,False,베이스 없음
20260928,ESQ,Esquire Financial Holdings Inc,NASDAQ,119.69,122400.0,122.24,114.19,112.6,92.1,134.82,30.0,11.2,67.0,False,True,True,True,True,True,True,False,False,6,False,2 형성중
20260928,FCAP,First Capital Inc,NASDAQ,60.63,16300.0,62.73,58.26,57.75,37.64,71.0,61.1,14.6,67.0,False,True,True,True,True,True,True,False,False,6,False,1a차
20260928,FMNB,Farmers National Banc Corp,NASDAQ,15.26,300400.0,15.64,14.41,14.2,12.12,16.46,25.9,7.3,67.0,False,True,True,True,True,True,True,False,False,6,False,베이스 없음
20260928,FULT,Fulton Financial Corporation,NASDAQ,22.97,1805400.0,23.94,22.46,21.99,16.6,25.23,38.4,9.0,67.0,False,True,True,True,True,True,True,False,False,6,False,1a차
20260928,FUNC,First United Corp,NASDAQ,43.84,30700.0,44.15,40.64,40.1,33.54,46.3,30.7,5.3,67.0,False,True,True,True,True,True,True,False,False,6,False,베이스 없음
20260928,GTIM,Good Times Restaurants Inc,NASDAQ,1.48,53800.0,1.48,1.34,1.31,1.1,2.09,34.5,29.2,67.0,False,True,True,True,True,True,False,False,True,6,False,베이스 없음
20260928,HMY,Harmony Gold Mining Company Limited ADR,NYSE,17.74,3738100.0,18.9,17.43,18.39,13.03,26.06,36.1,31.9,67.0,False,False,False,True,True,True,False,False,False,3,False,베이스 없음
20260928,ICFI,ICF International  Inc.,NASDAQ,83.0,140500.0,85.66,75.6,78.74,58.83,98.03,41.1,15.3,67.0,False,True,False,True,True,True,True,False,False,5,False,1 형성중
20260928,IDCC,InterDigital Inc,NASDAQ,327.14,113000.0,320.75,312.14,317.99,249.14,412.6,31.3,20.7,67.0,False,True,False,False,True,True,True,False,True,5,False,베이스 없음
20260928,JCE,Nuveen Core Equity Alpha Closed Fund,NYSE,16.79,6820.0,16.85,16.2,16.13,13.99,17.45,20.0,3.8,67.0,False,True,True,True,True,False,True,False,False,5,False,베이스 없음
20260928,KDP,Keurig Dr Pepper Inc,NASDAQ,31.46,9861500.0,31.18,29.78,29.39,24.88,33.82,26.4,7.0,67.0,False,True,True,True,True,True,True,False,True,7,False,1 형성중
20260928,LOCO,El Pollo Loco Holdings Inc,NASDAQ,14.1,169400.0,15.41,14.5,13.58,8.98,17.4,56.9,19.0,67.0,False,False,True,True,True,True,True,False,False,5,False,1 형성중
20260928,LSE,Leishen Energy Holding Co Ltd,NASDAQ,4.8,0.0,5.02,4.79,4.74,3.2,6.98,50.0,31.2,67.0,False,True,True,True,True,True,False,False,False,5,False,베이스 없음
20260928,MA,Mastercard Incorporated,NYSE,568.26,3188600.0,568.28,525.61,532.01,464.52,601.23,22.3,5.5,67.0,True,True,False,True,True,False,True,False,False,4,False,베이스 없음
20260928,MCHP,Microchip Technology Inc,NASDAQ,77.97,9381300.0,76.07,80.64,78.66,48.52,105.91,60.7,26.4,67.0,False,False,True,True,False,True,False,False,True,4,False,베이스 없음
20260928,MCK,McKesson Corp,NYSE,856.29,550000.0,872.63,844.13,845.66,715.31,999.0,19.7,14.3,67.0,True,True,False,True,True,False,True,False,False,4,False,베이스 없음
20260928,MMM,3M Company,NYSE,169.48,3783500.0,173.34,159.55,160.64,139.34,184.9,21.6,8.3,67.0,False,True,False,False,True,False,True,False,False,3,False,1 형성중
20260928,MUR,Murphy Oil Corp,NYSE,36.65,1501000.0,36.94,37.11,35.84,26.49,43.34,38.4,15.4,67.0,False,False,True,True,False,True,True,False,False,4,False,베이스 없음
20260928,NBN,Northeast Bank,NASDAQ,126.26,132900.0,130.72,124.21,121.06,80.75,142.31,56.4,11.3,67.0,False,True,True,True,True,True,True,False,False,6,False,1a차
20260928,OUT,OUTFRONT Media Inc.,NYSE,27.91,1808100.0,30.1,30.22,28.83,16.97,34.96,64.5,20.2,67.0,False,False,True,True,False,True,True,False,False,4,False,베이스 없음
20260928,PDS,Precision Drilling Corp(Calgary),NYSE,80.41,76200.0,84.77,88.66,85.58,53.42,103.8,50.5,22.5,67.0,False,False,True,True,False,True,True,False,False,4,False,베이스 없음
20260928,PGNY,Progyny  Inc.,NASDAQ,25.52,1011000.0,27.87,24.1,24.22,16.1,33.06,58.5,22.8,67.0,False,True,False,True,True,True,True,False,False,5,False,1 형성중
20260928,PYPL,PayPal Holdings  Inc.,NASDAQ,54.28,9864200.0,56.75,49.47,50.42,38.46,79.22,41.1,31.5,67.0,False,True,False,False,True,True,False,False,False,3,False,1 형성중
20260928,QGEN,QIAGEN N.V.,NYSE,45.01,2746200.0,42.79,40.37,42.5,32.53,57.82,38.4,22.2,67.0,True,True,False,False,True,True,True,False,True,5,False,베이스 없음
20260928,R,Ryder System  Inc.,NYSE,233.93,285600.0,252.73,241.5,230.68,157.67,284.25,48.4,17.7,67.0,False,False,True,True,True,True,True,False,False,5,False,2 형성중
20260928,RSVR,Reservoir Media Inc,NASDAQ,9.55,28000.0,9.87,9.89,9.29,7.07,13.39,35.1,28.7,67.0,False,False,True,True,False,True,False,False,False,3,False,1 형성중
20260928,RYAM,Rayonier Advanced Materials Inc.,NYSE,8.15,608400.0,8.59,9.02,8.59,5.38,11.85,51.5,31.2,67.0,False,False,True,True,False,True,False,False,False,3,False,2 형성중
20260928,SI,Shoulder Innovations  Inc.,NYSE,17.95,155200.0,20.42,17.24,16.49,10.92,24.6,64.4,27.0,67.0,False,True,True,True,True,True,False,False,False,5,False,2 형성중
20260928,TTEK,Tetra Tech  Inc.,NASDAQ,33.89,1914800.0,34.89,31.94,33.04,25.81,43.14,31.3,21.4,67.0,False,True,False,True,True,True,True,False,False,5,False,1 형성중
20260928,UNH,UnitedHealth Group Inc,NYSE,377.83,4614700.0,399.08,367.86,355.35,255.97,461.62,47.6,18.2,67.0,False,True,True,True,True,True,True,False,False,6,False,1 형성중
20260928,VOXR,Vox Royalty Corp,NASDAQ,5.11,467100.0,5.19,5.35,5.29,3.8,6.7,34.3,23.7,67.0,False,False,True,True,False,True,True,False,False,4,False,1 형성중
20260928,WFG,West Fraser Timber Co. Ltd.,NYSE,71.47,112000.0,69.14,66.59,66.66,57.34,76.99,24.6,7.2,67.0,False,True,False,True,True,False,True,False,True,5,False,베이스 없음
20260928,WSBC,Wesbanco  Inc.,NASDAQ,38.25,775800.0,40.73,37.16,36.66,29.57,43.02,29.4,11.1,67.0,False,True,True,True,True,True,True,False,False,6,False,1 형성중
20260928,AEIS,Advanced Energy Industries  Inc.,NASDAQ,277.84,446400.0,290.5,321.66,303.54,163.13,397.44,70.3,30.1,66.0,False,False,True,True,False,True,False,False,False,3,False,베이스 없음
20260928,AGRO,Adecoagro S.A.,NYSE,10.07,729700.0,10.65,11.56,10.75,6.89,15.89,46.2,36.6,66.0,True,False,True,True,False,True,False,False,False,3,False,베이스 없음
20260928,API,Agora Inc ADR,NASDAQ,4.15,100900.0,4.17,4.08,4.12,3.14,5.5,32.2,24.5,66.0,False,True,False,True,True,True,True,False,False,5,False,베이스 없음
20260928,ATEN,A10 Networks Inc,NYSE,25.5,2125700.0,27.92,27.81,25.43,16.52,38.49,54.4,33.7,66.0,False,False,True,True,True,True,False,False,False,4,False,베이스 없음
20260928,BEKE,KE Holdings Inc. ADR,NYSE,16.95,5918800.0,16.98,16.57,16.77,13.81,20.65,22.7,17.9,66.0,True,True,False,True,True,False,True,False,False,4,False,베이스 없음
20260928,BHVN,Biohaven Ltd.,NYSE,13.27,2046000.0,14.24,12.12,11.98,7.48,18.57,77.4,28.5,66.0,False,True,True,True,True,True,False,False,False,5,False,2 형성중
20260928,BTCT,BTC Digital Ltd,NASDAQ,1.12,941900.0,1.09,1.15,1.24,0.43,3.12,160.5,64.1,66.0,False,False,False,False,False,True,False,False,True,2,False,Stage2 아님
20260608,CMU,MFS High Yield Municipal Trust,NYSE,3.73,0.0,3.53,3.54,3.51,3.21,3.73,16.2,0.0,66.0,False,True,True,True,False,False,True,False,True,5,False,베이스 없음
20260928,COFS,ChoiceOne Financial Services Inc,NASDAQ,32.95,81800.0,33.71,31.6,31.13,26.1,35.4,26.2,6.9,66.0,False,True,True,True,True,True,True,False,False,6,False,베이스 없음
20260928,CPF,Central Pacific Financial Corp,NYSE,36.36,158900.0,38.14,35.59,34.83,27.38,40.99,32.8,11.3,66.0,False,True,True,True,True,True,True,False,False,6,False,1b차
20260928,CR,Crane Company,NYSE,206.92,388800.0,210.48,197.28,196.64,159.58,230.5,29.7,10.2,66.0,False,True,True,True,True,True,True,False,False,6,False,1 형성중
20260928,CURB,Curbline Properties Corp.,NYSE,28.35,897500.0,29.84,28.81,27.64,22.08,32.15,28.4,11.8,66.0,False,False,True,True,True,True,True,False,False,5,False,2 형성중
20260928,CVBF,CVB Financial Corp,NASDAQ,22.19,1223400.0,22.57,21.13,20.83,17.95,23.41,23.6,5.2,66.0,False,True,True,True,True,False,True,False,False,5,False,베이스 없음
20260928,CZR,Caesars Entertainment Inc,NASDAQ,29.59,3202100.0,29.75,28.42,27.01,17.86,30.88,65.7,4.2,66.0,False,True,True,True,True,True,True,False,False,6,False,베이스 없음
20260928,EG,Everest Group  Ltd.,NYSE,369.8,270100.0,374.79,352.58,347.08,302.44,401.07,22.3,7.8,66.0,True,True,True,True,True,False,True,False,False,5,False,베이스 없음
20260928,EXLS,ExlService Holdings  Inc.,NASDAQ,34.6,2349500.0,34.46,31.19,33.17,24.85,44.32,39.2,21.9,66.0,False,True,False,False,True,True,True,False,True,5,False,1 형성중
20260928,FLNT,Fluent Inc,NASDAQ,3.09,29700.0,3.59,3.29,3.21,1.7,4.49,81.8,31.2,66.0,False,False,True,True,True,True,False,False,False,4,False,베이스 없음
20260928,FUND,Sprott Focus Trust,NASDAQ,9.68,45290.0,10.31,10.01,9.8,7.97,10.98,21.5,11.8,66.0,False,False,True,True,True,False,True,False,False,4,False,베이스 없음
20260928,FVR,FrontView REIT  Inc.,NYSE,17.64,126300.0,19.53,18.39,17.75,12.88,22.29,36.9,20.9,66.0,False,False,True,True,True,True,True,False,False,5,False,베이스 없음
20260928,GFR,Greenfire Resources Ltd.,NYSE,5.76,506400.0,6.36,6.13,5.87,4.15,7.16,38.8,19.6,66.0,False,False,True,True,True,True,True,False,False,5,False,베이스 없음
20260928,GL,Globe Life Inc.,NYSE,166.69,451800.0,176.02,161.85,156.65,127.85,191.55,30.4,13.0,66.0,False,True,True,True,True,True,True,False,False,6,False,2 형성중
20260928,GLNG,Golar LNG Limited,NASDAQ,48.79,1195000.0,50.77,51.13,48.3,35.02,57.79,39.3,15.6,66.0,False,False,True,True,False,True,True,False,False,4,False,2 형성중
20260928,GPC,Genuine Parts Co,NYSE,128.13,741400.0,131.28,115.71,119.98,90.78,151.57,41.1,15.5,66.0,False,True,False,True,True,True,True,False,False,5,False,베이스 없음
20260928,HAS,Hasbro  Inc.,NASDAQ,89.45,1821800.0,91.57,90.55,90.16,69.5,106.98,28.7,16.4,66.0,False,False,True,True,True,True,True,False,False,5,False,베이스 없음
20260928,HBCP,Home Bancorp Inc,NASDAQ,67.06,110100.0,69.85,65.81,64.43,50.54,74.5,32.7,10.0,66.0,False,True,True,True,True,True,True,False,False,6,False,1b차
20260928,HWC,Hancock Whitney Corporation,NASDAQ,72.83,835600.0,75.99,70.67,70.01,54.05,80.13,34.7,9.1,66.0,False,True,True,True,True,True,True,False,False,6,False,1 형성중
20260928,IMMR,Immersion Corp,NASDAQ,7.25,365600.0,7.38,6.65,6.63,5.25,8.05,38.1,9.9,66.0,False,True,True,True,True,True,True,False,False,6,False,베이스 없음
20260928,INTG,InterGroup Corp,NASDAQ,32.9,75800.0,34.45,36.55,34.6,16.88,52.0,94.9,36.7,66.0,False,False,True,True,False,True,False,False,False,3,False,베이스 없음
20260928,ISTR,Investar Holding Corp,NASDAQ,29.33,102300.0,30.19,28.98,28.72,21.43,31.77,36.9,7.7,66.0,False,True,True,True,True,True,True,False,False,6,False,2a차
20260928,IT,Gartner  Inc.,NYSE,185.73,896400.0,176.92,159.83,174.21,124.25,265.85,49.5,30.1,66.0,True,True,False,False,True,True,False,False,True,4,False,1 형성중
20260928,ITRN,Ituran Location and Control Ltd,NASDAQ,51.73,68600.0,53.0,55.26,52.6,33.98,68.3,52.2,24.3,66.0,False,False,True,True,False,True,True,False,False,4,False,베이스 없음
20260928,LECO,Lincoln Electric Holdings  Inc.,NASDAQ,271.18,317400.0,268.84,264.23,263.43,216.22,310.0,25.4,12.5,66.0,False,True,True,True,True,True,True,False,True,7,False,베이스 없음
20260928,M,Macy's Inc,NYSE,23.01,6447200.0,23.3,21.45,21.61,16.41,26.59,40.2,13.5,66.0,False,True,False,True,True,True,True,False,False,5,False,2 형성중
20260928,MORN,Morningstar  Inc.,NASDAQ,191.56,212500.0,198.97,182.28,186.74,141.49,238.04,35.4,19.5,66.0,False,True,False,False,True,True,True,False,False,4,False,1 형성중
20260928,NREF,NexPoint Real Estate Finance  Inc.,NYSE,15.46,72200.0,16.93,15.49,15.26,12.36,18.43,25.1,16.1,66.0,False,False,True,True,True,True,True,False,False,5,False,1 형성중
20260928,PRPO,Precipio Inc,NASDAQ,24.11,72400.0,25.33,25.75,25.22,16.4,33.63,47.0,28.3,66.0,False,False,True,True,False,True,False,False,False,3,False,베이스 없음
20260928,RDWR,Radware Ltd.,NASDAQ,29.46,413000.0,28.58,27.69,26.92,21.68,32.79,35.9,10.2,66.0,False,True,True,True,True,True,True,False,True,7,False,1b차
20260928,ROK,Rockwell Automation Inc,NYSE,431.22,583000.0,439.99,428.14,422.99,332.71,497.36,29.6,13.3,66.0,False,True,True,True,True,True,True,False,False,6,False,베이스 없음
20260928,SIRI,Sirius XM Holdings Inc.,NASDAQ,25.94,4205400.0,28.99,27.01,25.5,19.77,32.66,31.2,20.6,66.0,False,False,True,True,True,True,True,False,False,5,False,1 형성중
20260928,SKYA,Skyai  Inc,NASDAQ,1.77,270500.0,1.36,1.52,1.66,0.91,7.09,94.5,75.0,66.0,True,True,False,False,False,True,False,False,True,3,False,Stage2 아님
20260928,SPCE,Virgin Galactic Holdings Inc,NYSE,3.14,3227800.0,2.97,2.98,2.99,2.13,8.9,47.4,64.7,66.0,False,True,False,False,False,True,False,False,True,3,False,Stage2 아님
20260928,SSNC,SS&C Technologies Holdings  Inc.,NASDAQ,78.0,1444600.0,79.1,72.22,74.95,61.4,89.93,27.0,13.3,66.0,False,True,False,False,True,True,True,False,False,4,False,베이스 없음
20260928,STRC,Strategy Variable Rate Perpetual Stretch Prf Shs Series A,NASDAQ,99.1,1906600.0,94.89,95.79,96.62,71.25,100.42,39.1,1.3,66.0,True,True,False,True,False,True,True,False,True,5,False,Stage2 아님
20260928,TAYD,Taylor Devices Inc,NASDAQ,65.14,34600.0,57.45,59.88,62.29,40.5,90.37,60.8,27.9,66.0,True,True,False,True,False,True,False,False,True,4,False,베이스 없음
20260928,TFII,TFI International Inc.,NYSE,122.37,293000.0,137.07,134.42,128.54,80.63,167.69,51.8,27.0,66.0,False,False,True,True,True,True,False,False,False,4,False,베이스 없음
20260928,TRNO,Terreno Realty Corporation,NYSE,66.57,912800.0,68.51,66.32,65.2,55.92,78.94,19.0,15.7,66.0,False,True,True,True,True,False,True,False,False,5,False,2 형성중
20260928,UHAL,U-Haul Holding Company,NYSE,60.72,131700.0,68.92,59.17,57.75,41.95,76.45,44.7,20.6,66.0,False,True,True,True,True,True,True,False,False,6,False,1 형성중
20260928,USFD,US Foods Holding Corp.,NYSE,93.72,2585600.0,101.29,94.68,91.66,69.88,111.42,34.1,15.9,66.0,False,False,True,True,True,True,True,False,False,5,False,1 형성중
20260928,VTR,Ventas  Inc.,NYSE,87.04,2166000.0,91.78,87.91,85.71,66.93,101.6,30.0,14.3,66.0,False,False,True,True,True,True,True,False,False,5,False,1 형성중
20260928,ZBIO,Zenas BioPharma  Inc.,NASDAQ,27.55,615300.0,31.5,25.06,25.52,13.5,44.6,104.1,38.2,66.0,False,True,False,False,True,True,False,False,False,3,False,1 형성중
20260928,ABUS,Arbutus Biopharma Corp,NASDAQ,4.86,11642500.0,4.81,4.58,4.54,3.5,5.45,38.9,10.8,65.0,True,True,True,True,True,True,True,False,True,7,False,베이스 없음
20260928,ALSN,Allison Transmission Holdings  Inc.,NYSE,113.66,451100.0,122.11,120.47,117.05,76.01,137.62,49.5,17.4,65.0,False,False,True,True,True,True,True,False,False,5,False,베이스 없음
20260928,APPF,AppFolio  Inc.,NASDAQ,197.91,293500.0,202.76,177.42,186.3,142.56,283.14,38.8,30.1,65.0,False,True,False,False,True,True,False,False,False,3,False,1 형성중
20260928,ARDT,Ardent Health Inc,NYSE,10.47,408700.0,10.84,9.92,9.66,7.71,15.48,35.8,32.4,65.0,False,True,True,True,True,True,False,False,False,5,False,Stage2 아님
20260928,AUPH,Aurinia Pharmaceuticals Inc.,NASDAQ,16.52,626200.0,15.93,15.67,15.55,10.34,19.25,59.8,14.2,65.0,False,True,True,True,True,True,True,False,True,7,False,베이스 없음
20260928,BKHA,Black Hawk Acquisition Corp,NASDAQ,12.31,157200.0,11.97,11.8,11.69,11.0,13.1,11.9,6.0,65.0,False,True,True,True,True,False,True,False,True,6,False,Stage2 아님
20260928,BKR,Baker Hughes Company,NASDAQ,57.12,7088800.0,60.53,61.39,59.11,43.92,70.41,30.1,18.9,65.0,False,False,True,True,False,True,True,False,False,4,False,베이스 없음
20260928,BNTX,Biontech SE ADR,NASDAQ,99.08,781200.0,97.87,95.59,97.62,79.52,124.0,24.6,20.1,65.0,True,True,False,False,True,False,True,False,True,4,False,베이스 없음
20260928,CACC,Credit Acceptance Corp,NASDAQ,550.0,89200.0,585.9,547.24,528.1,401.9,668.86,36.8,17.8,65.0,False,True,True,True,True,True,True,False,False,6,False,1 형성중
20260928,CALY,Callaway Golf Co,NYSE,14.31,1962200.0,16.48,15.8,15.22,8.39,20.28,70.6,29.4,65.0,False,False,True,True,True,True,False,False,False,4,False,베이스 없음
20260928,CBAN,Colony Bankcorp Inc,NYSE,20.58,149600.0,21.45,20.54,20.15,15.8,22.46,30.3,8.4,65.0,False,True,True,True,True,True,True,False,False,6,False,2 형성중
20260928,CLF,Cleveland-Cliffs Inc,NYSE,11.22,26438400.0,11.74,10.85,11.42,7.73,16.7,45.1,32.8,65.0,False,False,False,True,True,True,False,False,False,3,False,베이스 없음
20260928,CNOB,ConnectOne Bancorp  Inc.,NASDAQ,30.6,287500.0,32.26,30.29,29.54,23.2,34.14,31.9,10.4,65.0,False,True,True,True,True,True,True,False,False,6,False,2 형성중
20260928,CNS,Cohen & Steers Inc,NYSE,73.77,391400.0,79.93,73.17,71.12,58.39,86.56,26.3,14.8,65.0,False,True,True,True,True,True,True,False,False,6,False,1 형성중
20260928,COSO,CoastalSouth Bancshares Inc,NYSE,26.56,131000.0,27.3,26.11,25.62,20.8,28.56,27.7,7.0,65.0,False,True,True,True,True,True,True,False,False,6,False,베이스 없음
20260928,CSQ,Calamos Strategic Total Return Closed Fund,NASDAQ,20.44,181624.0,20.62,19.79,19.66,16.41,21.17,24.6,3.4,65.0,False,True,True,True,True,False,True,False,False,5,False,베이스 없음
20260928,CZWI,Citizens Community Bancorp Inc,NASDAQ,21.12,45900.0,21.59,20.89,20.24,14.61,24.43,44.6,13.5,65.0,False,True,True,True,True,True,True,False,False,6,False,2 형성중
20260928,DB,Deutsche Bank AG,NYSE,36.08,2359100.0,37.93,34.31,35.3,28.12,41.62,28.3,13.3,65.0,False,True,False,True,True,True,True,False,False,5,False,1 형성중
20260928,DFIN,Donnelley Financial Solutions  Inc.,NYSE,47.68,159900.0,48.56,46.29,46.83,36.11,56.26,32.0,15.3,65.0,False,True,False,True,True,True,True,False,False,5,False,베이스 없음
20260928,DTIL,Precision BioSciences Inc,NASDAQ,6.24,222800.0,7.37,6.97,6.27,3.53,9.62,76.8,35.1,65.0,False,False,True,True,True,True,False,False,False,4,False,베이스 없음
20260928,EEIQ,EpicQuest Education Group International Ltd,NASDAQ,4.58,24700.0,2.87,3.31,3.51,1.9,12.7,141.1,63.9,65.0,True,True,False,False,False,True,False,False,True,3,False,Stage2 아님
20260928,EMO,ClearBridge Energy Midstream Opportunity Closed End Fund,NYSE,51.26,34357.0,53.2,51.65,50.36,41.54,56.33,23.4,9.0,65.0,False,False,True,True,True,False,True,False,False,4,False,1a차
20260928,EOD,Allspring Global Dividend Opportunity Mutual Fund,NYSE,6.36,103949.0,6.55,6.39,6.28,5.51,6.74,15.4,5.6,65.0,False,False,True,True,True,False,True,False,False,4,False,베이스 없음
20260928,ESI,Element Solutions Inc,NYSE,35.12,3438300.0,36.08,38.15,35.75,22.86,49.25,53.6,28.7,65.0,False,False,True,True,False,True,False,False,False,3,False,베이스 없음
20260928,FMX,Fomento Economico Mexicano SAB de CV ADR,NYSE,118.85,544800.0,121.99,119.51,115.97,90.87,141.47,30.8,16.0,65.0,False,False,True,True,True,True,True,False,False,5,False,2 형성중
20260928,FSBW,FS Bancorp  Inc,NASDAQ,44.47,30500.0,43.37,41.67,41.75,36.66,45.85,21.3,3.0,65.0,False,True,False,True,True,False,True,False,True,5,False,베이스 없음
20260928,GME,GameStop Corp.,NYSE,23.96,9525700.0,20.31,22.1,22.21,17.79,28.1,34.7,14.7,65.0,True,True,False,False,False,True,True,False,True,4,False,베이스 없음
20260928,GTES,Gates Industrial Corporation Ltd,NYSE,26.67,1516400.0,26.63,25.81,25.24,20.88,30.34,27.7,12.1,65.0,False,True,True,True,True,True,True,False,True,7,False,2 형성중
20260928,HKD,AMTD Digital Inc ADR,NYSE,1.69,76000.0,1.68,1.67,1.61,1.26,5.47,34.1,69.1,65.0,True,True,True,True,True,True,False,False,True,6,False,Stage2 아님
20260928,ILPT,Industrial Logistics Properties Trust,NASDAQ,7.27,421300.0,8.37,7.73,7.2,4.92,9.43,47.8,22.9,65.0,False,False,True,True,True,True,True,False,False,5,False,2 형성중
20260928,IMKTA,Ingles Markets  Incorporated,NASDAQ,85.09,82600.0,85.57,87.67,84.51,66.63,95.62,27.7,11.0,65.0,False,False,True,True,False,True,True,False,False,4,False,베이스 없음
20260928,JANX,Janux Therapeutics  Inc.,NASDAQ,16.58,473000.0,16.96,15.29,14.95,12.12,35.34,36.8,53.1,65.0,True,True,True,False,True,True,False,False,False,4,False,1 형성중
20260928,LAMR,Lamar Advertising Co,NASDAQ,145.03,573700.0,153.2,146.3,142.05,114.45,166.33,26.7,12.8,65.0,False,False,True,True,True,True,True,False,False,5,False,1 형성중
20260928,LEE,Lee Enterprises Inc,NASDAQ,6.8,25300.0,7.8,8.54,7.68,3.34,11.88,103.6,42.8,65.0,False,False,True,True,False,True,False,False,False,3,False,베이스 없음
20260928,LION,Lionsgate Studios Corp.,NYSE,10.97,2503300.0,12.01,12.07,11.27,5.88,16.7,86.7,34.3,65.0,False,False,True,True,False,True,False,False,False,3,False,베이스 없음
20260928,LYB,LyondellBasell Industries N.V.,NYSE,58.27,3176200.0,62.51,65.81,61.66,41.58,83.94,40.1,30.6,65.0,False,False,True,True,False,True,False,False,False,3,False,베이스 없음
20260928,LYV,Live Nation Entertainment  Inc.,NYSE,171.89,2205800.0,177.94,168.87,163.03,125.34,189.25,37.1,9.2,65.0,False,True,True,True,True,True,True,False,False,6,False,1 형성중
20260928,MDB,MongoDB  Inc.,NASDAQ,334.68,17825500.0,383.78,326.58,344.14,215.68,473.1,55.2,29.3,65.0,False,False,False,True,True,True,False,False,False,3,False,베이스 없음
20260928,MED,Medifast Inc,NYSE,11.71,113000.0,11.52,11.24,11.26,9.22,14.15,27.0,17.2,65.0,True,True,False,True,True,True,True,False,True,6,False,Stage2 아님
20260928,MS,Morgan Stanley,NYSE,193.64,4357200.0,211.49,197.87,193.48,151.84,232.25,27.5,16.6,65.0,False,False,True,True,True,True,True,False,False,5,False,1 형성중
20260928,NMAI,Nuveen Multi-Asset Income Fund,NYSE,14.0,64509.0,14.25,13.79,13.66,11.99,15.06,16.8,7.0,65.0,False,True,True,True,True,False,True,False,False,5,False,베이스 없음
20260928,OGC,OceanaGold Corp,NYSE,26.93,356000.0,27.82,29.89,30.55,19.55,43.33,37.7,37.8,65.0,False,False,False,True,False,True,False,False,False,2,False,베이스 없음
20260928,OIS,Oil States International  Inc.,NYSE,8.31,741700.0,8.52,9.6,9.22,5.5,14.5,51.1,42.7,65.0,False,False,True,True,False,True,False,False,False,3,False,베이스 없음
20260928,OKE,ONEOK  Inc.,NYSE,88.62,3304100.0,92.64,89.58,86.38,64.02,99.84,38.4,11.2,65.0,False,False,True,True,True,True,True,False,False,5,False,2 형성중
20260928,ONB,Old National Bancorp,NASDAQ,25.21,4441200.0,26.08,24.58,24.37,19.39,27.36,30.0,7.9,65.0,False,True,True,True,True,True,True,False,False,6,False,베이스 없음
20260928,OVBC,Ohio Valley Banc Corp,NASDAQ,44.69,25700.0,44.51,44.75,43.87,34.18,54.96,30.7,18.7,65.0,False,False,True,True,False,True,True,False,True,5,False,베이스 없음
20260928,PC,Premium Catering Holdings Ltd,NASDAQ,9.4,0.0,9.4,9.4,9.4,6.51,14.0,44.4,32.9,65.0,False,False,False,False,False,True,False,False,False,1,False,Stage2 아님
20260928,PMVP,PMV Pharmaceuticals  Inc.,NASDAQ,1.36,336100.0,1.29,1.32,1.28,1.02,1.88,33.3,27.7,65.0,True,True,True,True,False,True,False,False,True,5,False,Stage2 아님
20260928,RCD,Ready Capital 9.00% Senior Notes due 2029,NYSE,23.039,5842.0,23.2,22.24,22.04,18.55,24.45,24.2,5.8,65.0,False,True,True,False,True,False,True,False,False,4,False,Stage2 아님
20260928,RMR,The RMR Group Inc.,NASDAQ,18.51,87200.0,19.47,18.72,18.02,14.27,21.45,29.7,13.7,65.0,False,False,True,True,True,True,True,False,False,5,False,1 형성중
20260928,SKY,Champion Homes Inc,NYSE,86.82,449800.0,86.84,81.34,83.17,63.69,99.17,36.3,12.5,65.0,False,True,False,True,True,True,True,False,False,5,False,1 형성중
20260928,USB,U.S. Bancorp,NYSE,58.78,5759300.0,62.62,58.1,57.53,45.02,66.08,30.6,11.0,65.0,False,True,True,True,True,True,True,False,False,6,False,3 형성중
20260928,VCYT,Veracyte  Inc.,NASDAQ,45.23,1669800.0,46.27,43.06,42.46,29.46,60.91,53.6,25.7,65.0,False,True,True,False,True,True,False,False,False,4,False,베이스 없음
20260928,WHG,Westwood Holdings Group Inc,NYSE,19.2,17000.0,19.18,17.69,17.7,14.7,20.97,30.6,8.4,65.0,True,True,False,True,True,True,True,False,True,6,False,베이스 없음
20260928,XOS,Xos Inc,NASDAQ,2.62,169600.0,2.68,2.45,2.4,1.6,8.27,63.7,68.3,65.0,False,True,True,True,True,True,False,False,False,5,False,Stage2 아님
20260928,YJ,Yunji Inc ADR,NASDAQ,1.74,88400.0,2.02,1.77,1.68,1.11,13.97,56.8,87.5,65.0,False,False,True,True,True,True,False,False,False,4,False,베이스 없음
20260928,ACNT,Ascent Industries Co,NASDAQ,14.52,31800.0,15.12,14.45,14.94,11.86,17.92,22.4,19.0,64.0,False,False,False,True,True,False,True,False,False,3,False,1 형성중
20260928,AER,AerCap Holdings N.V.,NYSE,146.51,1114000.0,147.65,143.99,144.16,118.93,158.81,23.2,7.7,64.0,False,True,False,True,True,False,True,False,False,4,False,1a차
20260928,AFGB,American Financial Group 5 875 Subordinated Debentures Exp 2059,NYSE,22.36,20531.0,20.9,21.0,21.2,20.03,23.42,11.6,4.5,64.0,True,True,False,False,False,False,True,False,True,3,False,Stage2 아님
20260928,AFGD,American Financial Group 5 625 Subordinated Debenture,NYSE,21.69,12409.0,20.27,20.14,20.36,19.2,22.6,13.0,4.0,64.0,True,True,False,False,False,False,True,False,True,3,False,베이스 없음
20260928,AMBA,Ambarella  Inc.,NASDAQ,68.68,1213100.0,71.92,68.08,68.31,48.3,96.69,42.2,29.0,64.0,False,True,False,False,True,True,False,False,False,3,False,베이스 없음
20260928,AMP,Ameriprise Financial Inc,NYSE,496.16,724900.0,545.37,490.07,492.74,422.37,572.56,17.5,13.3,64.0,False,True,False,True,True,False,True,False,False,4,False,1 형성중
20260928,AVO,Mission Produce Inc,NASDAQ,13.1,785000.0,12.85,12.89,12.9,10.07,15.53,30.1,15.6,64.0,True,True,False,True,False,True,True,False,True,5,False,베이스 없음
20260928,AWR,American States Water Company,NYSE,81.35,225600.0,87.17,80.71,78.82,69.45,91.72,17.1,11.3,64.0,False,True,True,True,True,False,True,False,False,5,False,1 형성중
20260928,BLKB,Blackbaud  Inc.,NASDAQ,42.36,321400.0,43.16,38.26,42.93,25.58,70.71,65.6,40.1,64.0,False,False,False,False,True,True,False,False,False,2,False,베이스 없음
20260928,BLX,Bladex Inc,NYSE,54.97,127300.0,56.13,55.06,52.86,38.41,63.2,43.1,13.0,64.0,False,False,True,True,True,True,True,False,False,5,False,2 형성중
20260928,CCC,CCC Intelligent Solutions Holdings Inc.,NASDAQ,6.62,18594500.0,6.73,5.78,6.16,4.08,9.54,62.3,30.6,64.0,False,True,False,False,True,True,False,False,False,3,False,1 형성중
20260928,CDP,COPT Defense Properties,NYSE,33.76,948800.0,36.35,33.98,32.98,27.06,38.9,24.8,13.2,64.0,False,False,True,True,True,False,True,False,False,4,False,1 형성중
20260928,CHMI,Cherry Hill Mortgage Investment Corporation,NYSE,2.73,194600.0,2.7,2.58,2.59,2.17,2.98,25.8,8.4,64.0,False,True,False,True,True,True,True,False,True,6,False,베이스 없음
20260928,CHT,Chunghwa Telecom Co Ltd ADR,NYSE,45.98,225300.0,43.61,43.52,43.13,39.28,46.48,17.1,1.1,64.0,False,True,True,True,True,False,True,False,True,6,False,베이스 없음
20260622,CIF,MFS Intermediate High Income Fund,NYSE,1.77,0.0,1.62,1.67,1.69,1.57,1.82,12.7,2.7,64.0,False,True,False,False,False,False,True,False,True,3,False,Stage2 아님
20260928,CQP,Cheniere Energy Partners Units,NYSE,62.8,172600.0,66.53,64.29,62.11,49.53,71.22,26.8,11.8,64.0,False,False,True,True,True,True,True,False,False,5,False,2 형성중
20260928,DAN,Dana Inc,NYSE,27.12,1692200.0,29.26,31.77,30.75,17.74,39.56,52.9,31.4,64.0,False,False,True,True,False,True,False,False,False,3,False,베이스 없음
20260928,DD,DuPont de Nemours  Inc.,NYSE,130.98,834200.0,136.09,139.17,137.43,92.49,157.98,41.6,17.1,64.0,False,False,True,True,False,True,True,False,False,4,False,베이스 없음
20260928,EBC,Eastern Bankshares Inc,NASDAQ,21.13,2354500.0,22.46,21.01,20.75,16.61,23.78,27.2,11.1,64.0,False,True,True,True,True,True,True,False,False,6,False,2 형성중
20260928,EDHL,Everbright Digital Holding Ltd,NASDAQ,5.14,263000.0,4.22,3.63,4.05,2.0,21.6,157.0,76.2,64.0,True,True,False,False,True,True,False,False,True,4,False,Stage2 아님
20260928,EIG,Employers Holdings  Inc.,NYSE,47.76,175200.0,49.26,45.51,44.98,35.73,52.59,33.7,9.2,64.0,False,True,True,True,True,True,True,False,False,6,False,1 형성중
20260928,ETG,Eaton Vance Tax Advantaged Global Dividend Income Closed Fund,NYSE,23.08,68489.0,23.64,22.72,22.79,19.34,24.71,19.3,6.6,64.0,False,True,False,True,True,False,True,False,False,4,False,베이스 없음
20260928,EXK,Endeavour Silver Corp,NYSE,8.96,9036100.0,9.65,9.6,9.94,6.6,15.15,35.8,40.9,64.0,False,False,False,True,False,True,False,False,False,2,False,베이스 없음
20260928,FCCO,First Community Corp (South Carolina),NASDAQ,32.57,32500.0,33.74,31.48,31.1,25.92,35.74,25.7,8.9,64.0,False,True,True,True,True,True,True,False,False,6,False,1b차
20260928,GAM,General American Investors Closed Fund,NYSE,63.98,12644.0,65.9,63.69,62.77,56.24,68.57,13.8,6.7,64.0,False,True,True,True,True,False,True,False,False,5,False,베이스 없음
20260928,GAP,The Gap  Inc.,NYSE,22.95,10393600.0,20.81,22.38,23.59,18.11,29.36,26.7,21.8,64.0,True,False,False,False,False,True,True,False,True,3,False,베이스 없음
20260928,GOOD,Gladstone Commercial Corp,NASDAQ,12.47,484600.0,12.84,12.52,12.2,10.33,13.28,20.7,6.1,64.0,False,False,True,True,True,False,True,False,False,4,False,베이스 없음
20260928,GRDX,GridAI Technologies Corp,NASDAQ,3.47,36400.0,3.34,3.4,3.37,1.87,6.93,85.6,49.9,64.0,False,True,True,True,False,True,False,False,True,5,False,베이스 없음
20260928,GRVY,Gravity Co Ltd ADR,NASDAQ,66.81,17300.0,68.01,64.4,63.87,54.54,76.0,22.5,12.1,64.0,False,True,True,True,True,False,True,False,False,5,False,2 형성중
20260928,HBNC,Horizon Bancorp Inc,NASDAQ,19.04,569900.0,19.94,18.66,18.43,14.97,21.04,27.2,9.5,64.0,False,True,True,True,True,True,True,False,False,6,False,베이스 없음
20260928,HFWA,Heritage Financial Corp,NASDAQ,28.16,370700.0,29.19,27.92,27.38,21.32,31.25,32.1,9.9,64.0,False,True,True,True,True,True,True,False,False,6,False,1a차
20260928,HIPO,Hippo Holdings Inc.,NYSE,30.85,210500.0,31.8,28.49,28.92,24.08,38.72,28.1,20.3,64.0,False,True,False,False,True,True,True,False,False,4,False,1 형성중
20260928,HLT,Hilton Worldwide Holdings Inc.,NYSE,320.28,1913000.0,317.91,320.56,315.03,253.54,358.0,26.3,10.5,64.0,False,False,True,True,False,True,True,False,True,5,False,베이스 없음
20260928,ICE,Intercontinental Exchange Inc,NYSE,152.91,2346900.0,154.06,152.1,155.19,121.79,176.05,25.6,13.1,64.0,False,False,False,True,False,True,True,False,False,3,False,베이스 없음
20260928,IGD,Voya Global Equity Dividend & Premium Opportunity Closed Fund,NYSE,6.27,268516.0,6.48,6.17,6.08,5.58,6.74,12.4,7.0,64.0,False,True,True,True,True,False,True,False,False,5,False,Stage2 아님
20260928,JPM,JPMorgan Chase & Co,NYSE,336.59,9790100.0,352.92,323.32,321.15,279.1,366.5,20.6,8.2,64.0,False,True,True,True,True,False,True,False,False,5,False,베이스 없음
20260928,KMT,Kennametal Inc.,NYSE,31.8,1448200.0,31.47,34.86,34.45,20.35,43.81,56.3,27.4,64.0,False,False,True,True,False,True,False,False,True,4,False,베이스 없음
20260928,KNDI,Kandi Technologies Group Inc,NASDAQ,0.82,87835400.0,0.64,0.74,0.8,0.48,1.35,70.8,39.3,64.0,True,True,False,False,False,True,False,False,True,3,False,베이스 없음
20260928,KNOP,KNOT Offshore Partners Common Units,NYSE,10.49,47100.0,10.76,10.6,10.57,8.0,11.78,31.1,11.0,64.0,False,False,True,True,True,True,True,False,False,5,False,베이스 없음
20260622,MCR,MFS Charter Income Trust,NYSE,6.52,0.0,6.01,6.15,6.21,5.84,6.58,11.6,0.9,64.0,False,True,False,False,False,False,True,False,True,3,False,Stage2 아님
20260928,MCRI,Monarch Casino & Resort  Inc.,NASDAQ,117.26,157200.0,121.73,115.53,110.38,88.13,135.93,33.1,13.7,64.0,False,True,True,True,True,True,True,False,False,6,False,1 형성중
20260928,MLI,Mueller Industries Inc,NYSE,60.97,1434600.0,63.51,62.68,62.23,48.26,71.12,26.3,14.3,64.0,False,False,True,True,True,True,True,False,False,5,False,베이스 없음
20260928,PALI,Palisade Bio Inc,NASDAQ,1.5,8683300.0,1.96,1.95,1.93,0.7,2.86,114.3,47.6,64.0,False,False,True,False,True,True,False,False,False,3,False,베이스 없음
20260928,RACE,Ferrari N.V.,NYSE,398.0,691400.0,404.98,368.37,366.38,312.51,504.49,27.4,21.1,64.0,False,True,True,True,True,True,True,False,False,6,False,1 형성중
20260928,RGT,Royce Global Trust Inc,NYSE,14.26,39680.0,14.98,14.45,14.25,12.01,15.79,18.7,9.7,64.0,False,False,True,True,True,False,True,False,False,4,False,2 형성중
20260928,RICK,RCI Hospitality Holdings Inc,NASDAQ,27.57,39400.0,28.14,25.88,25.52,20.76,32.02,32.8,13.9,64.0,False,True,True,True,True,True,True,False,False,6,False,2 형성중
20260928,RMTI,Rockwell Medical Inc,NASDAQ,8.63,17600.0,7.6,7.91,8.39,4.89,12.9,76.5,33.1,64.0,True,True,False,False,False,True,False,False,True,3,False,베이스 없음
20260928,SXI,Standex International Corp,NYSE,278.47,149100.0,295.91,283.5,272.91,199.8,363.89,39.4,23.5,64.0,False,False,True,True,True,True,True,False,False,5,False,베이스 없음
20260928,TACT,TransAct Technologies Inc,NASDAQ,4.71,41300.0,5.14,4.38,4.25,3.06,6.02,53.9,21.8,64.0,False,True,True,True,True,True,True,False,False,6,False,1 형성중
20260928,TRMK,Trustmark Corporation,NASDAQ,45.62,328500.0,46.82,45.01,44.16,36.33,49.0,25.6,6.9,64.0,False,True,True,True,True,True,True,False,False,6,False,1b차
20260928,UMBF,UMB Financial Corporation,NASDAQ,133.42,590100.0,142.62,131.78,129.63,103.38,153.32,29.1,13.0,64.0,False,True,True,True,True,True,True,False,False,6,False,1 형성중
20260928,URBN,Urban Outfitters  Inc.,NASDAQ,75.44,916100.0,76.31,71.63,72.31,59.54,85.43,26.7,11.7,64.0,False,True,False,True,True,True,True,False,False,5,False,베이스 없음
20260928,UYSC,UY Scuti Acquisition Corp,NASDAQ,11.0,0.0,10.82,10.62,10.53,10.11,11.75,8.8,6.4,64.0,False,True,True,True,True,False,True,False,True,6,False,자료 부족
20260928,XPO,XPO  Inc.,NYSE,176.66,1380800.0,194.48,202.64,191.76,121.48,232.05,45.4,23.9,64.0,False,False,True,True,False,True,True,False,False,4,False,베이스 없음
20260928,ZKH,ZKH Group Ltd ADR,NYSE,2.85,160000.0,2.91,2.94,3.07,1.92,3.9,48.4,26.9,64.0,False,False,False,False,False,True,False,False,False,1,False,베이스 없음
20260928,ABEV,Ambev SA ADR,NYSE,2.87,13197300.0,2.97,3.04,2.95,2.1,3.45,36.7,16.8,63.0,False,False,True,True,False,True,True,False,False,4,False,베이스 없음
20260928,AES,The AES Corporation,NYSE,14.87,6573000.0,14.78,14.64,14.66,12.97,17.65,14.6,15.8,63.0,False,True,False,True,True,False,True,False,True,5,False,베이스 없음
20260928,ALLT,Allot Ltd,NASDAQ,8.53,175700.0,7.83,7.55,8.18,6.12,11.92,39.4,28.4,63.0,True,True,False,False,False,True,False,False,True,3,False,베이스 없음
20260928,AXTA,Axalta Coating Systems Ltd.,NYSE,32.68,1278500.0,34.94,31.79,32.09,24.94,38.61,31.1,15.4,63.0,False,True,False,True,True,True,True,False,False,5,False,1 형성중
20260928,AZZ,AZZ Inc,NYSE,135.13,223600.0,142.85,140.08,135.12,92.98,162.2,45.3,16.7,63.0,False,False,True,True,True,True,True,False,False,5,False,베이스 없음
20260928,BHRB,Burke & Herbert Financial Services Corp,NASDAQ,69.06,104800.0,71.78,67.19,66.9,57.42,75.09,20.3,8.0,63.0,False,True,True,True,True,False,True,False,False,5,False,베이스 없음
20260928,BLCO,Bausch + Lomb Corp,NYSE,16.95,418800.0,16.98,16.5,16.63,13.76,18.92,23.1,10.4,63.0,True,True,False,True,True,False,True,False,False,4,False,베이스 없음
20260928,BLK,BlackRock  Inc.,NYSE,1071.25,517800.0,1106.52,1050.34,1060.93,917.39,1219.94,16.8,12.2,63.0,False,True,False,True,True,False,True,False,False,4,False,1 형성중
20260928,CFG,Citizens Financial Group Inc,NYSE,64.8,3577600.0,70.51,65.99,64.97,47.96,75.33,35.1,14.0,63.0,False,False,True,True,True,True,True,False,False,5,False,베이스 없음
20260928,CGO,Calamos Global Total Return Closed Fund,NASDAQ,12.84,12081.0,12.97,12.84,12.61,10.71,14.2,19.9,9.6,63.0,False,False,True,True,True,False,True,False,False,4,False,1 형성중
20260928,CMPR,Cimpress PLC,NASDAQ,80.05,159800.0,90.68,87.14,83.98,60.59,106.58,32.1,24.9,63.0,False,False,True,True,True,True,True,False,False,5,False,베이스 없음
20260928,CTSH,Cognizant Technology Solutions Corporation,NASDAQ,56.75,4846200.0,57.31,55.22,61.56,37.08,87.03,53.0,34.8,63.0,False,False,False,False,False,True,False,False,False,1,False,베이스 없음
20260928,ECG,Everus Construction Group  Inc.,NYSE,116.66,315300.0,124.37,133.04,122.87,77.86,171.58,49.8,32.0,63.0,False,False,True,True,False,True,False,False,False,3,False,베이스 없음
20260928,EQBK,Equity Bancshares Inc,NYSE,48.03,91000.0,50.11,47.37,47.09,38.6,52.27,24.4,8.1,63.0,False,True,True,True,True,False,True,False,False,5,False,1a차
20260928,ETO,Eaton Vance Tax Advantaged Global Dividend Opportunities Closed Fund,NYSE,30.15,8581.0,31.07,30.02,29.97,25.68,32.35,17.4,6.8,63.0,False,True,True,True,True,False,True,False,False,5,False,베이스 없음
20260928,ETW,Eaton Vance Tax Managed Global Buy Write Opportunities Closed Fund,NYSE,9.54,280159.0,9.67,9.42,9.39,8.46,9.94,12.8,4.0,63.0,False,True,True,True,True,False,True,False,False,5,False,베이스 없음
20260928,EXPE,Expedia Group  Inc.,NASDAQ,264.23,1794800.0,296.64,257.63,260.01,185.34,342.0,42.6,22.7,63.0,False,True,False,True,True,True,True,False,False,5,False,1 형성중
20260928,FR,First Industrial Realty Trust  Inc.,NYSE,61.26,1063800.0,63.4,62.32,61.38,50.24,69.88,21.9,12.3,63.0,False,False,True,True,True,False,True,False,False,4,False,베이스 없음
20260928,GLE,Global Engine Group Holding Ltd,NASDAQ,0.496,57700.0,0.45,0.43,0.42,0.25,1.09,98.4,54.5,63.0,False,True,True,True,True,True,False,False,True,6,False,Stage2 아님
20260928,HOG,Harley-Davidson  Inc.,NYSE,24.67,1749600.0,26.71,24.03,23.2,17.09,29.22,44.4,15.6,63.0,False,True,True,True,True,True,True,False,False,6,False,1 형성중
20260928,HXL,Hexcel Corporation,NYSE,84.14,894300.0,97.16,92.5,89.54,60.26,111.74,39.6,24.7,63.0,False,False,True,True,True,True,True,False,False,5,False,베이스 없음
20260928,IBAC,IB Acquisition Corp,NASDAQ,11.3,0.0,10.92,10.81,10.74,10.19,11.64,10.9,2.9,63.0,True,True,True,True,True,False,True,False,True,6,False,Stage2 아님
20260928,IPM,Intelligent Protection Management Corp,NASDAQ,1.81,6000.0,1.85,1.8,1.79,1.46,2.26,24.0,19.9,63.0,False,True,True,False,True,False,True,False,False,4,False,베이스 없음
20260928,IRM,Iron Mountain Inc,NYSE,111.05,1320900.0,120.18,118.56,111.57,77.77,134.68,42.8,17.5,63.0,False,False,True,True,True,True,True,False,False,5,False,베이스 없음
20260928,KMPB,Kemper 5 875 Fixed Rate Reset Junior Subordinated Debentures due 2062,NYSE,24.73,12834.0,24.6,23.94,23.86,22.03,24.88,12.3,0.6,63.0,False,True,True,True,True,False,True,False,True,6,False,베이스 없음
20260928,KRNT,Kornit Digital Ltd.,NASDAQ,16.0,260600.0,16.09,15.71,15.38,11.93,19.78,34.1,19.1,63.0,False,True,True,True,True,True,True,False,False,6,False,2 형성중
20260928,LLYVA,Liberty Live Holdings Inc Series A,NASDAQ,97.07,139100.0,98.28,96.08,92.85,74.38,106.06,30.5,8.5,63.0,False,True,True,True,True,True,True,False,False,6,False,2 형성중
20260928,LLYVK,Liberty Live Holdings Inc Series C,NASDAQ,99.92,283900.0,101.86,99.13,95.63,76.94,109.75,29.9,9.0,63.0,False,True,True,True,True,True,True,False,False,6,False,2 형성중
20260928,LNC,Lincoln National Corp,NYSE,40.88,1539600.0,43.41,38.44,39.52,32.18,47.67,27.0,14.2,63.0,False,True,False,True,True,True,True,False,False,5,False,1 형성중
20260928,MTUS,Metallus Inc,NYSE,18.97,381500.0,20.01,18.74,18.89,14.19,22.58,33.7,16.0,63.0,False,True,False,True,True,True,True,False,False,5,False,베이스 없음
20260928,NSC,Norfolk Southern Corp,NYSE,313.05,722400.0,333.0,315.82,310.8,277.8,358.6,12.7,12.7,63.0,False,False,True,True,True,False,True,False,False,4,False,1 형성중
20260928,OPLN,OPENLANE  Inc.,NYSE,34.68,973000.0,36.35,34.51,33.33,24.32,42.9,42.6,19.2,63.0,False,True,True,True,True,True,True,False,False,6,False,1 형성중
20260928,PFAI,Pinnacle Food Group Ltd,NASDAQ,2.77,300.0,2.97,3.23,2.98,1.8,4.93,53.9,43.8,63.0,False,False,True,True,False,True,False,False,False,3,False,베이스 없음
20260928,PKG,Packaging Corp of America,NYSE,234.52,682200.0,242.77,227.9,225.72,191.5,259.98,22.5,9.8,63.0,False,True,True,True,True,False,True,False,False,5,False,1 형성중
20260928,RGS,Regis Corp,NASDAQ,28.05,6800.0,27.74,26.63,26.27,19.31,31.5,45.3,11.0,63.0,True,True,True,True,True,True,True,False,True,7,False,1 형성중
20260928,SCHW,The Charles Schwab Corporation,NYSE,98.3,6030600.0,106.41,97.54,98.22,83.96,114.53,17.1,14.2,63.0,False,True,False,True,True,False,True,False,False,4,False,1 형성중
20260928,SFBC,Sound Financial Bancorp Inc,NASDAQ,46.36,4282.0,46.83,44.26,44.19,40.68,49.21,14.0,5.8,63.0,True,True,True,True,True,False,True,False,False,5,False,1 형성중
20260928,SOBO,South Bow Corporation,NYSE,34.01,3481900.0,36.65,35.41,33.55,25.02,39.02,36.0,12.8,63.0,False,False,True,True,True,True,True,False,False,5,False,1 형성중
20260928,SPXX,Nuveen S&P 500 Dynamic Overwrite Closed End Fund,NYSE,18.4,222608.0,18.84,18.03,18.0,15.78,19.39,16.6,5.1,63.0,False,True,True,True,True,False,True,False,False,5,False,베이스 없음
20260928,SRTA,Strata Critical Medical  Inc.,NASDAQ,5.23,654300.0,5.5,5.19,5.16,3.95,6.5,32.4,19.5,63.0,False,True,True,True,True,True,True,False,False,6,False,1 형성중
20260928,SUIG,Sui Group Holdings Ltd,NASDAQ,1.6,1195700.0,1.04,1.27,1.37,0.79,4.71,102.5,66.0,63.0,True,True,False,False,False,True,False,False,True,3,False,베이스 없음
20260928,SW,Smurfit WestRock PLC,NYSE,45.07,5132500.0,46.62,43.39,43.08,32.73,52.65,37.7,14.4,63.0,False,True,True,True,True,True,True,False,False,6,False,1 형성중
20260928,TCBK,Trico Bancshares,NASDAQ,51.89,203800.0,55.69,52.17,51.52,40.44,61.71,28.3,15.9,63.0,False,False,True,True,True,True,True,False,False,5,False,2 형성중
20260928,THW,abrdn World Healthcare Fund,NYSE,13.19,85928.0,13.65,12.93,12.87,11.18,14.5,18.0,9.0,63.0,False,True,True,True,True,False,True,False,False,5,False,베이스 없음
20260928,TT,Trane Technologies PLC,NYSE,452.06,1371400.0,456.06,458.39,446.24,348.06,505.87,29.9,10.6,63.0,False,False,True,True,False,True,True,False,False,4,False,베이스 없음
20260928,VIVO,VivoPower PLC,NASDAQ,3.94,372900.0,4.01,3.79,3.43,1.2,6.86,228.3,42.6,63.0,False,True,True,True,True,True,False,False,False,5,False,1 형성중
20260928,WGS,GeneDx Holdings Corp.,NASDAQ,85.93,437000.0,79.93,68.63,80.37,32.21,170.87,166.8,49.7,63.0,True,True,False,False,False,True,False,False,True,3,False,1 형성중
20260928,WNEB,Western New England Bancorp Inc,NASDAQ,13.97,54300.0,13.86,13.62,13.52,10.78,15.01,29.6,6.9,63.0,False,True,True,True,True,True,True,False,True,7,False,2 형성중
20260928,WS,Worthington Steel Inc,NYSE,36.87,325300.0,35.59,36.54,37.29,27.22,49.17,35.5,25.0,63.0,False,False,False,True,False,True,False,False,True,3,False,베이스 없음
20260928,ZIP,Ziprecruiter Inc,NYSE,3.48,568400.0,4.2,3.38,3.35,1.65,5.61,110.9,38.0,63.0,False,True,True,False,True,True,False,False,False,4,False,Stage2 아님
20260928,AGCO,AGCO Corporation,NYSE,117.61,754900.0,113.72,116.45,116.25,98.22,143.78,19.7,18.2,62.0,False,True,True,True,False,False,True,False,True,5,False,1 형성중
20260928,AOD,abrdn Total Dynamic Dividend Mutual Fund,NYSE,10.18,331994.0,10.56,10.27,10.2,8.76,10.85,16.2,6.2,62.0,False,False,True,True,True,False,True,False,False,4,False,베이스 없음
20260928,ASTL,Algoma Steel Group Inc,NASDAQ,4.35,647400.0,4.25,4.43,4.42,3.02,5.9,44.0,26.3,62.0,False,False,True,True,False,True,False,False,True,4,False,베이스 없음
20260928,BANR,Banner Corp,NASDAQ,68.17,238200.0,70.73,66.2,65.74,57.05,74.84,19.5,8.9,62.0,False,True,True,True,True,False,True,False,False,5,False,베이스 없음
20260928,CAPN,Cayson Acquisition Corp,NASDAQ,11.25,0.0,11.15,11.0,10.92,10.32,11.74,9.0,4.2,62.0,False,True,True,True,True,False,True,False,True,6,False,Stage2 아님
20260928,CENT,Central Garden & Pet Co,NASDAQ,39.68,72500.0,42.62,40.32,38.74,28.77,46.97,37.9,15.5,62.0,False,False,True,True,True,True,True,False,False,5,False,2 형성중
20260928,CLPR,Clipper Realty Inc.,NYSE,3.28,128800.0,3.15,3.13,3.23,2.69,4.32,21.8,24.1,62.0,True,True,False,False,False,False,True,False,True,3,False,베이스 없음
20260928,CME,CME Group Inc.,NASDAQ,263.24,1335700.0,268.35,277.26,278.5,218.31,329.16,20.6,20.0,62.0,False,False,False,False,False,False,True,False,False,1,False,베이스 없음
20260928,CUZ,Cousins Properties Inc,NYSE,28.06,1781200.0,29.7,27.11,26.67,21.03,32.95,33.4,14.8,62.0,False,True,True,True,True,True,True,False,False,6,False,1 형성중
20260928,DG,Dollar General Corp,NYSE,124.37,2377200.0,124.41,121.83,127.09,95.11,158.23,30.8,21.4,62.0,False,False,False,True,False,True,True,False,False,3,False,베이스 없음
20260928,DTSQ,DT Cloud Star Acquisition Corp,NASDAQ,11.5,0.0,11.35,11.24,11.14,10.45,12.9,10.0,10.9,62.0,False,True,True,True,True,False,True,False,True,6,False,Stage2 아님
20260928,DWSN,Dawson Geophysical Co,NASDAQ,2.9,41500.0,3.76,3.87,3.4,1.5,7.85,93.3,63.1,62.0,False,False,True,True,False,True,False,False,False,3,False,베이스 없음
20260928,DXR,Daxor Corp,NASDAQ,11.35,11700.0,10.64,10.51,11.14,8.56,14.76,32.6,23.1,62.0,True,True,False,False,False,True,True,False,True,4,False,베이스 없음
20260928,ENR,Energizer Holdings Inc,NYSE,22.29,756600.0,21.43,19.87,20.18,15.75,26.53,41.5,16.0,62.0,False,True,False,True,True,True,True,False,True,6,False,1 형성중
20260928,ENTA,Enanta Pharmaceuticals Inc,NASDAQ,12.615,349300.0,13.12,13.37,13.53,7.05,17.15,78.9,26.4,62.0,False,False,False,True,False,True,False,False,False,2,False,베이스 없음
20260928,EPD,Enterprise Products Partners Units,NYSE,36.65,3140800.0,38.4,37.87,36.71,30.01,40.17,22.1,8.8,62.0,False,False,True,True,True,False,True,False,False,4,False,베이스 없음
20260928,EPR,Epr Properties,NYSE,56.98,782400.0,60.29,57.93,56.75,48.11,64.97,18.4,12.3,62.0,False,False,True,True,True,False,True,False,False,4,False,1 형성중
20260928,ETV,Eaton Vance Tax Managed Buy Write Opportunities Closed Fund,NYSE,14.92,254272.0,15.06,14.69,14.64,13.13,15.49,13.6,3.7,62.0,False,True,True,True,True,False,True,False,False,5,False,베이스 없음
20260928,FCNCA,First Citizens BancShares  Inc. (Delaware),NASDAQ,2098.23,65800.0,2166.69,2043.62,2059.81,1623.76,2296.3,29.2,8.6,62.0,False,True,False,True,True,True,True,False,False,5,False,1 형성중
20260928,FLR,Fluor Corp,NYSE,49.22,2373300.0,52.66,49.97,48.65,39.33,58.35,25.1,15.6,62.0,False,False,True,True,True,True,True,False,False,5,False,2 형성중
20260928,FPI,Farmland Partners Inc,NYSE,10.74,478900.0,10.18,10.66,10.67,9.21,13.22,16.6,18.8,62.0,True,True,False,True,False,False,True,False,True,4,False,베이스 없음
20260928,FRBA,FIRST BANK (Hamilton),NASDAQ,17.68,63751.0,18.16,16.82,16.84,14.41,19.33,22.7,8.5,62.0,False,True,False,True,True,False,True,False,False,4,False,베이스 없음
20260928,HESM,Hess Midstream LP,NYSE,38.48,1861800.0,39.92,39.1,38.09,31.63,41.44,21.7,7.1,62.0,False,False,True,True,True,False,True,False,False,4,False,1a차
20260928,IBCP,Independent Bank Corp,NASDAQ,35.59,165525.0,37.15,35.26,35.1,29.83,39.24,19.3,9.3,62.0,False,True,True,True,True,False,True,False,False,5,False,베이스 없음
20260928,INN,Summit Hotel Properties Inc,NYSE,5.82,960600.0,6.18,5.61,5.39,3.98,7.17,46.2,18.8,62.0,False,True,True,True,True,True,True,False,False,6,False,1 형성중
20260928,ITW,Illinois Tool Works Inc,NYSE,273.83,813600.0,279.61,269.56,268.42,238.82,303.16,14.7,9.7,62.0,False,True,True,True,True,False,True,False,False,5,False,1 형성중
20260928,J,Jacobs Solutions Inc,NYSE,138.37,968000.0,142.25,131.41,133.01,105.68,168.44,30.9,17.9,62.0,False,True,False,True,True,True,True,False,False,5,False,1 형성중
20260928,KEN,Kenon Holdings Ltd,NYSE,64.1,12500.0,66.2,75.67,74.23,41.53,95.93,54.3,33.2,62.0,False,False,True,True,False,True,False,False,False,3,False,베이스 없음
20260928,KRP,Kimbell Royalty Partners LP Units,NYSE,14.46,659000.0,14.9,14.81,14.27,11.31,15.8,27.9,8.5,62.0,False,False,True,True,True,True,True,False,False,5,False,베이스 없음
20260928,KYN,Kayne Anderson Energy Infrastructure Fund Inc,NYSE,13.78,343003.0,14.6,14.17,13.78,11.31,15.17,21.8,9.2,62.0,False,False,True,True,True,False,True,False,False,4,False,베이스 없음
20260928,MPLX,MPLX Common Units,NYSE,57.66,1678200.0,58.75,57.34,56.74,47.8,60.95,20.6,5.4,62.0,False,True,True,True,True,False,True,False,False,5,False,1a차
20260928,NBXG,Neuberger Next Gen Connectivity Fund Inc.,NYSE,15.33,113939.0,15.24,14.94,14.76,12.32,17.43,24.4,12.0,62.0,False,True,True,True,True,False,True,False,True,6,False,1 형성중
20260928,OPBK,OP Bancorp,NASDAQ,15.21,38600.0,15.38,14.47,14.43,12.41,16.83,22.6,9.6,62.0,False,True,True,True,True,False,True,False,False,5,False,베이스 없음
20260928,PEN,Penumbra  Inc.,NYSE,319.18,189500.0,321.49,325.11,326.47,221.26,362.41,44.3,11.9,62.0,False,False,False,True,False,True,True,False,False,3,False,베이스 없음
20260928,PFS,Provident Financial Services Inc,NYSE,22.53,796000.0,23.81,22.72,22.37,17.69,25.49,27.4,11.6,62.0,False,False,True,True,True,True,True,False,False,5,False,2 형성중
20260928,RDNW,RideNow Group Inc,NASDAQ,6.2,158200.0,6.1,6.63,6.41,3.2,8.55,93.8,27.5,62.0,False,False,True,True,False,True,False,False,True,4,False,베이스 없음
20260928,RMNI,Rimini Street Inc,NASDAQ,4.21,283000.0,4.78,4.11,4.01,2.87,5.68,46.7,25.9,62.0,False,True,True,True,True,True,False,False,False,5,False,1 형성중
20260928,SKYH,Sky Harbour Group Corporation,NYSE,9.95,173300.0,10.43,9.93,9.73,8.22,11.7,21.0,14.9,62.0,False,True,True,True,True,False,True,False,False,5,False,1 형성중
20260928,SONY,Sony Group Corporation ADR,NYSE,23.33,2624000.0,23.3,21.84,22.43,19.32,30.34,20.8,23.1,62.0,False,True,False,False,True,False,True,False,True,4,False,베이스 없음
20260924,TBPH,Theravance Biopharma  Inc.,NASDAQ,17.03,0.0,16.96,16.53,17.18,13.08,21.03,30.2,19.0,62.0,False,False,False,False,False,True,True,False,True,3,False,베이스 없음
20260928,TDY,Teledyne Technologies Inc,NYSE,610.83,298000.0,636.76,635.78,621.1,483.02,697.67,26.5,12.4,62.0,False,False,True,True,True,True,True,False,False,5,False,베이스 없음
20260928,UG,United-Guardian Inc,NASDAQ,7.1,5300.0,7.26,6.99,6.86,5.58,8.45,27.2,16.0,62.0,False,True,True,True,True,True,True,False,False,6,False,베이스 없음
20260928,ULTA,Ulta Beauty Inc,NASDAQ,549.13,416200.0,529.07,527.35,557.15,443.6,714.97,23.8,23.2,62.0,True,False,False,True,False,False,True,False,True,3,False,베이스 없음
20260928,UNIT,Uniti Group Inc (Delaware),NASDAQ,8.65,3441800.0,9.93,10.23,9.56,5.3,12.94,63.2,33.1,62.0,False,False,True,True,False,True,False,False,False,3,False,1 형성중
20260928,VALU,Value Line Inc,NASDAQ,39.79,1600.0,37.8,36.35,36.68,32.0,41.18,24.3,3.4,62.0,True,True,False,True,True,False,True,False,True,5,False,1 형성중
20260928,VTOL,Bristow Group Inc.,NYSE,42.16,164100.0,44.54,44.68,43.71,35.03,50.38,20.4,16.3,62.0,False,False,True,True,False,False,True,False,False,3,False,베이스 없음
20260928,YAAS,Youxin Technology Ltd,NASDAQ,1.21,9500.0,1.84,1.26,1.33,0.62,10.48,93.6,88.5,62.0,False,False,False,True,True,True,False,False,False,3,False,Stage2 아님
20260928,YHNA,YHN Acquisition I Ltd,NASDAQ,11.2,3900.0,10.99,10.86,10.81,10.46,12.0,7.1,6.7,62.0,False,True,True,True,True,False,True,False,True,6,False,자료 부족
20260928,YIBO,Planet Image International Ltd,NASDAQ,1.12,600.0,1.21,1.07,1.05,0.63,1.82,77.2,38.5,62.0,False,True,True,True,True,True,False,False,False,5,False,Stage2 아님
20260928,ASB,Associated Banc-Corp,NYSE,28.96,1558500.0,30.68,28.73,28.32,23.86,32.46,21.4,10.8,61.0,False,True,True,True,True,False,True,False,False,5,False,1 형성중
20260928,BCS,Barclays PLC ADR,NYSE,24.61,3088500.0,26.84,24.92,25.13,19.29,28.69,27.6,14.2,61.0,False,False,False,True,True,True,True,False,False,4,False,베이스 없음
20260928,BHC,Bausch Health Companies Inc.,NYSE,5.77,1508700.0,5.96,5.53,5.8,4.33,8.0,33.3,27.9,61.0,False,False,False,False,True,True,False,False,False,2,False,베이스 없음
20260928,BJ,BJ's Wholesale Club Holdings  Inc.,NYSE,96.81,1794500.0,93.73,93.17,93.52,83.21,105.78,16.3,8.5,61.0,True,True,False,True,True,False,True,False,True,5,False,베이스 없음
20260928,BMRC,Bank of Marin Bancorp,NASDAQ,27.47,116900.0,28.03,26.69,26.74,22.5,30.92,22.1,11.2,61.0,False,True,False,True,True,False,True,False,False,4,False,1 형성중
20260928,BNED,Barnes & Noble Education Inc,NYSE,11.18,180700.0,11.96,10.76,10.26,5.9,14.75,89.5,24.2,61.0,False,True,True,True,True,True,True,False,False,6,False,2 형성중
20260928,CB,Chubb Limited,NYSE,331.37,2662700.0,344.73,334.77,329.27,265.3,365.91,24.9,9.4,61.0,False,False,True,True,True,False,True,False,False,4,False,2 형성중
20260928,CBFV,CB Financial Services Inc,NASDAQ,37.04,4718.0,37.16,36.02,35.93,30.97,38.86,19.6,4.7,61.0,False,True,True,True,True,False,True,False,False,5,False,베이스 없음
20260928,CCAQ,Collective Acquisition Corp,NASDAQ,10.69,0.0,10.53,10.42,10.38,10.09,10.7,5.9,0.1,61.0,True,True,True,True,True,False,True,False,True,6,False,자료 부족
20260928,CCEC,Capital Clean Energy Carriers Corp,NASDAQ,21.75,0.0,22.47,21.52,21.45,16.77,24.0,29.7,9.4,61.0,False,True,True,True,True,True,True,False,False,6,False,베이스 없음
20260928,CLDX,Celldex Therapeutics  Inc.,NASDAQ,31.49,1824100.0,38.48,34.37,32.19,22.1,45.14,42.5,30.2,61.0,False,False,True,True,True,True,False,False,False,4,False,베이스 없음
20260928,COCO,The Vita Coco Company  Inc.,NASDAQ,57.66,758600.0,62.23,63.59,61.28,37.63,85.83,53.2,32.8,61.0,False,False,True,True,False,True,False,False,False,3,False,베이스 없음
20260928,CVS,CVS Health Corporation,NYSE,87.85,7900300.0,96.97,90.45,87.48,69.51,110.68,26.4,20.6,61.0,False,False,True,True,True,True,True,False,False,5,False,1 형성중
20260928,DLO,DLocal Limited,NASDAQ,13.82,1813800.0,14.66,13.41,13.52,10.64,16.78,29.9,17.6,61.0,False,True,False,True,True,True,True,False,False,5,False,1 형성중
20260928,DMAA,Drugs Made In America Acquisition Corp,NASDAQ,10.88,300.0,10.75,10.63,10.57,10.26,10.88,6.0,0.0,61.0,False,True,True,True,True,False,True,False,True,6,False,Stage2 아님
20260928,EDTK,Skillful Craftsman Education Technology Ltd,NASDAQ,1.03,500.0,0.94,0.97,0.96,0.8,1.17,28.7,12.0,61.0,True,True,True,False,False,True,True,False,True,5,False,베이스 없음
20260928,EE,Excelerate Energy  Inc.,NYSE,32.84,253500.0,37.63,36.17,35.34,24.63,43.18,33.3,23.9,61.0,False,False,True,True,True,True,True,False,False,5,False,베이스 없음
20260928,ENIC,Enel Chile SA ADR,NYSE,4.26,410900.0,4.41,4.33,4.29,3.62,4.74,17.7,10.1,61.0,False,False,True,True,True,False,True,False,False,4,False,베이스 없음
20260928,FFA,First Trust Enhanced Equity Income Closed Fund,NYSE,22.11,25186.0,22.96,22.27,22.18,19.5,23.82,13.4,7.2,61.0,False,False,True,True,True,False,True,False,False,4,False,베이스 없음
20260928,FHI,Federated Hermes Inc,NYSE,57.56,432400.0,60.97,58.1,56.9,46.66,67.2,23.4,14.3,61.0,False,False,True,True,True,False,True,False,False,4,False,2 형성중
20260928,FSHP,Flag Ship Acquisition Corp,NASDAQ,11.29,2100.0,11.25,11.07,11.0,10.57,12.0,6.8,5.9,61.0,False,True,True,True,True,False,True,False,True,6,False,Stage2 아님
20260928,GNRC,Generac Holdings Inc.,NYSE,205.21,961100.0,201.6,226.08,211.52,134.8,296.44,52.2,30.8,61.0,False,False,True,True,False,True,False,False,True,4,False,베이스 없음
20260928,HIVE,HIVE Digital Technologies Ltd,NASDAQ,3.04,9401200.0,2.97,2.95,2.9,1.73,7.84,75.7,61.2,61.0,False,True,True,False,True,True,False,False,True,5,False,2 형성중
20260928,HRB,H & R Block Inc,NYSE,40.34,1647500.0,46.76,38.49,38.78,28.16,58.67,43.3,31.2,61.0,False,True,False,True,True,True,False,False,False,4,False,1 형성중
20260928,HTGC,Hercules Capital  Inc.,NYSE,16.91,848600.0,16.96,15.87,16.42,13.7,19.25,23.4,12.2,61.0,True,True,False,False,True,False,True,False,False,3,False,베이스 없음
20260928,HTH,Hilltop Holdings Inc.,NYSE,38.12,248900.0,38.83,37.81,37.43,30.78,40.41,23.8,5.7,61.0,False,True,True,True,True,False,True,False,False,5,False,1b차
20260928,IGA,Voya Global Advantage & Premium Opportunity Fund,NYSE,10.13,75825.0,10.37,9.93,9.91,9.21,10.76,10.0,5.9,61.0,False,True,True,True,True,False,True,False,False,5,False,Stage2 아님
20260928,INKT,Mink Therapeutics Inc,NASDAQ,12.11,13700.0,11.37,11.29,11.43,8.48,16.93,42.8,28.5,61.0,False,True,False,False,False,True,False,False,True,3,False,베이스 없음
20260928,ITUB,Itau Unibanco Holding SA ADR,NYSE,7.99,21535200.0,8.01,8.22,8.15,6.54,9.6,22.1,16.8,61.0,False,False,True,True,False,False,True,False,False,3,False,베이스 없음
20260928,KE,Kimball Electronics Inc,NASDAQ,27.53,191700.0,25.03,25.13,25.99,21.01,32.0,31.0,14.0,61.0,True,True,False,False,False,True,True,False,True,4,False,베이스 없음
20260928,KGS,Kodiak Gas Services Inc,NYSE,52.72,2089400.0,59.99,63.19,57.57,32.55,77.68,62.0,32.1,61.0,False,False,True,True,False,True,False,False,False,3,False,베이스 없음
20260928,KSS,Kohl's Corporation,NYSE,18.18,4533300.0,18.27,16.04,17.02,11.38,25.22,59.8,27.9,61.0,False,True,False,False,True,True,False,False,False,3,False,베이스 없음
20260928,LRHC,La Rosa Holdings,NASDAQ,2.53,10300.0,1.29,2.82,15.29,0.41,764.9,523.5,99.7,61.0,True,False,False,False,False,True,False,False,True,2,False,Stage2 아님
20260928,MARA,MARA Holdings  Inc.,NASDAQ,12.11,28331600.0,11.32,11.43,10.97,6.66,23.45,81.8,48.4,61.0,False,True,True,False,False,True,False,False,True,4,False,1 형성중
20260928,MCY,Mercury General Corporation,NYSE,98.85,188900.0,104.3,99.46,97.35,74.29,113.06,33.1,12.6,61.0,False,False,True,True,True,True,True,False,False,5,False,2 형성중
20260928,MRBK,Meridian Corp,NASDAQ,19.11,57500.0,19.69,19.29,19.08,13.81,21.67,38.4,11.8,61.0,False,False,True,True,True,True,True,False,False,5,False,베이스 없음
20260928,NAAS,NaaS Technology Inc ADR,NASDAQ,3.228,13500.0,3.24,2.84,2.91,1.8,4.36,79.3,25.9,61.0,False,True,False,False,True,True,False,False,False,3,False,Stage2 아님
20260928,OPRA,Opera Ltd ADR,NASDAQ,17.4,268400.0,18.89,17.64,16.64,11.71,21.06,48.6,17.4,61.0,False,False,True,True,True,True,True,False,False,5,False,1 형성중
20260928,OPRX,OptimizeRx Corporation,NASDAQ,7.81,142200.0,7.35,6.53,7.85,4.54,22.25,72.0,64.9,61.0,False,False,False,False,False,True,False,False,True,2,False,베이스 없음
20260928,PBA,Pembina Pipeline Corporation,NYSE,45.05,648100.0,48.5,46.88,45.11,36.2,51.58,24.4,12.7,61.0,False,False,True,True,True,False,True,False,False,4,False,베이스 없음
20260928,POET,POET Technologies Inc,NASDAQ,7.41,9034200.0,7.89,8.91,8.33,3.87,20.81,91.5,64.4,61.0,False,False,True,True,False,True,False,False,False,3,False,베이스 없음
20260702,PRA,Proassurance Corp,NYSE,25.0,0.0,24.62,24.43,24.32,22.8,25.02,9.6,0.1,61.0,False,True,True,True,True,False,True,False,True,6,False,베이스 없음
20260928,PRM,Perimeter Solutions  Inc.,NYSE,27.88,754000.0,32.33,30.33,29.67,19.7,38.17,41.5,27.0,61.0,False,False,True,True,True,True,False,False,False,4,False,베이스 없음
20260421,RCB,Ready Capital 6 20 Senior Notes due 2026,NYSE,25.34,900.0,24.97,24.71,24.63,23.57,25.35,7.5,0.0,61.0,False,True,True,True,True,False,True,False,True,6,False,Stage2 아님
20260928,SKWD,Skyward Specialty Insurance Group Inc,NASDAQ,53.59,275000.0,58.53,51.51,50.43,40.6,65.69,32.0,18.4,61.0,False,True,True,True,True,True,True,False,False,6,False,1 형성중
20260928,SSB,SouthState Bank Corp,NYSE,101.69,543400.0,105.92,99.45,99.47,84.48,112.2,20.4,9.4,61.0,False,True,False,True,True,False,True,False,False,4,False,1 형성중
20260928,TFX,Teleflex Incorporated,NYSE,127.38,1564300.0,133.68,127.55,124.04,100.18,145.0,27.2,12.2,61.0,False,False,True,True,True,True,True,False,False,5,False,베이스 없음
20260928,TSHA,Taysha Gene Therapies  Inc.,NASDAQ,4.99,4869900.0,5.69,5.61,5.47,3.04,7.3,64.1,31.6,61.0,False,False,True,True,True,True,False,False,False,4,False,베이스 없음
20260928,UHAL.B,U-Haul Holding Company Series N,NYSE,53.3,197381.0,60.61,53.22,52.22,39.62,66.9,34.5,20.3,61.0,False,True,True,True,True,True,True,False,False,6,False,1 형성중
20260928,VMI,Valmont Industries  Inc.,NYSE,467.84,247900.0,483.45,485.39,473.09,361.5,585.71,29.4,20.1,61.0,False,False,True,True,False,True,True,False,False,4,False,베이스 없음
20260928,XYZ,Block  Inc.,NYSE,73.31,5521000.0,79.94,72.3,69.82,48.21,86.92,52.1,15.7,61.0,False,True,True,True,True,True,True,False,False,6,False,2 형성중
20260928,ALL,Allstate Corp,NYSE,227.55,1725200.0,255.77,230.79,224.1,188.08,277.22,21.0,17.9,60.0,False,False,True,True,True,False,True,False,False,4,False,1 형성중
20260928,AMBP,Ardagh Metal Packaging SA,NYSE,4.4,1017400.0,4.91,4.45,4.43,3.29,5.47,33.7,19.6,60.0,False,False,True,True,True,True,True,False,False,5,False,베이스 없음
20260928,AMCR,Amcor PLC,NYSE,42.79,2655900.0,45.02,42.31,42.76,36.25,50.94,18.0,16.0,60.0,False,True,False,True,True,False,True,False,False,4,False,베이스 없음
20260928,BALY,Bally's Corporation,NYSE,14.0,147200.0,11.77,12.45,13.32,8.44,20.74,65.9,32.5,60.0,False,True,False,False,False,True,False,False,True,3,False,베이스 없음
20260928,BCPC,Balchem Corporation,NASDAQ,168.68,134600.0,171.33,168.83,167.67,139.17,183.9,21.2,8.3,60.0,False,False,True,True,True,False,True,False,False,4,False,베이스 없음
20260928,BDJ,BlackRock Enhanced Equity Dividend Trust,NYSE,9.44,647236.0,9.73,9.37,9.4,8.42,9.95,12.1,5.1,60.0,False,True,False,True,True,False,True,False,False,4,False,베이스 없음
20260928,BGDE,Big Digital Energy Inc,NASDAQ,5.26,196700.0,6.21,5.75,5.37,1.7,40.0,209.4,86.9,60.0,False,False,True,False,True,True,False,False,False,3,False,Stage2 아님
20260928,BMRN,BioMarin Pharmaceutical Inc.,NASDAQ,59.46,2358000.0,63.89,58.77,58.5,49.26,70.98,20.7,16.2,60.0,False,True,True,True,True,False,True,False,False,5,False,1 형성중
20260928,BOKF,BOK Financial Corp,NASDAQ,130.59,208200.0,138.91,133.94,132.13,102.72,146.84,27.1,11.1,60.0,False,False,True,True,True,True,True,False,False,5,False,베이스 없음
20260928,BSBK,Bogota Financial Corp,NASDAQ,9.1,2900.0,9.1,8.78,8.69,8.1,9.55,12.3,4.7,60.0,False,True,True,True,True,False,True,False,True,6,False,베이스 없음
20260928,BSBR,Banco Santander Brasil SA ADR,NYSE,5.71,4932300.0,5.7,5.72,5.89,4.94,7.32,15.6,22.0,60.0,False,False,False,False,False,False,True,False,True,2,False,베이스 없음
20260928,CCK,Crown Holdings Inc,NYSE,107.47,1017700.0,115.97,107.75,107.13,89.21,122.91,20.5,12.6,60.0,False,False,True,True,True,False,True,False,False,4,False,1 형성중
20260928,CDE,Coeur Mining  Inc.,NYSE,17.87,36914100.0,18.71,18.73,19.26,13.55,27.77,31.9,35.6,60.0,False,False,False,True,False,True,False,False,False,2,False,베이스 없음
20260928,CHAR,Charlton Aria Acquisition Corp,NASDAQ,10.99,3838.0,10.93,10.77,10.7,10.34,11.48,6.3,4.2,60.0,False,True,True,True,True,False,True,False,True,6,False,자료 부족
20260928,CHD,Church & Dwight Co Inc,NYSE,95.62,1512300.0,98.56,97.29,95.7,81.33,106.04,17.6,9.8,60.0,False,False,True,True,True,False,True,False,False,4,False,베이스 없음
20260928,CHW,Calamos Global Dynamic Income Closed Fund,NASDAQ,8.14,468686.0,8.45,8.35,8.19,6.98,9.18,16.6,11.3,60.0,False,False,True,True,True,False,True,False,False,4,False,베이스 없음
20260928,CLWT,Euro Tech Holdings Company Ltd,NASDAQ,1.4,8300.0,1.58,1.4,1.36,0.99,2.68,41.4,47.8,60.0,False,False,True,True,True,True,False,False,False,4,False,1 형성중
20260928,DLX,Deluxe Corporation,NYSE,23.88,483700.0,24.58,25.68,25.34,17.76,32.07,34.5,25.5,60.0,False,False,True,True,False,True,False,False,False,3,False,베이스 없음
20260928,EXG,Eaton Vance Tax-Managed Global Diversified Equity Income Closed Fund,NYSE,9.45,513437.0,9.79,9.49,9.5,8.25,10.16,14.5,7.0,60.0,False,False,False,True,True,False,True,False,False,3,False,베이스 없음
20260928,FITB,Fifth Third Bancorp,NYSE,51.57,5318500.0,55.46,52.06,51.58,40.05,59.5,28.8,13.3,60.0,False,False,True,True,True,True,True,False,False,5,False,베이스 없음
20260928,GNW,Genworth Financial Inc,NYSE,9.38,2759100.0,9.98,9.19,9.09,7.84,10.69,19.6,12.3,60.0,False,True,True,True,True,False,True,False,False,5,False,1 형성중
20260928,GROW,US Global Investors Inc,NASDAQ,2.92,6400.0,3.06,2.93,2.88,2.23,3.65,30.9,20.0,60.0,False,False,True,True,True,True,True,False,False,5,False,1a차
20260928,GRX,Gabelli Healthcare & WellnessRx Trust,NYSE,9.61,7668.0,9.83,9.44,9.49,8.8,10.2,9.2,5.8,60.0,False,True,False,True,True,False,True,False,False,4,False,베이스 없음
20260928,HAL,Halliburton Company,NYSE,32.43,10525600.0,34.12,36.55,35.37,21.46,43.59,51.1,25.6,60.0,False,False,True,True,False,True,False,False,False,3,False,베이스 없음
20260928,HLF,Herbalife Ltd,NYSE,12.6,1197900.0,12.18,13.64,14.11,7.56,20.4,66.7,38.2,60.0,False,False,False,True,False,True,False,False,True,3,False,베이스 없음
20260928,HTLD,Heartland Express Inc,NASDAQ,11.44,635900.0,12.64,12.75,12.14,7.0,16.64,63.4,31.2,60.0,False,False,True,True,False,True,False,False,False,3,False,베이스 없음
20260928,LAND,Gladstone Land Corp,NASDAQ,9.37,580500.0,8.89,9.59,9.65,7.92,13.0,18.3,27.9,60.0,True,False,False,True,False,False,False,False,True,2,False,베이스 없음
20260928,MACI,Melar Acquisition Corp I,NASDAQ,11.09,1400.0,10.96,10.86,10.81,10.5,11.38,5.6,2.5,60.0,False,True,True,True,True,False,True,False,True,6,False,Stage2 아님
20260928,MH,McGraw Hill  Inc.,NYSE,12.5,1066400.0,12.18,12.25,12.98,8.94,18.0,39.7,30.6,60.0,False,False,False,False,False,True,False,False,True,2,False,Stage2 아님
20260928,MO,Altria Group Inc,NYSE,69.13,5903000.0,68.97,69.16,67.14,54.7,77.06,26.4,10.3,60.0,False,False,True,True,False,True,True,False,True,5,False,1 형성중
20260928,MOH,Molina Healthcare Inc,NYSE,189.64,555800.0,201.33,185.09,181.05,121.06,244.89,56.6,22.6,60.0,False,True,True,True,True,True,True,False,False,6,False,2 형성중
20260928,MTDR,Matador Resources Company,NYSE,51.45,1604400.0,54.53,55.66,52.79,37.14,66.84,38.5,23.0,60.0,False,False,True,True,False,True,True,False,False,4,False,베이스 없음
20260928,NODK,NI Holdings Inc,NASDAQ,14.91,30500.0,15.31,14.4,14.18,12.37,16.7,20.5,10.7,60.0,False,True,True,True,True,False,True,False,False,5,False,1 형성중
20260928,NRP,Natural Resource Partners Units,NYSE,109.71,17200.0,105.47,109.56,110.21,95.51,128.6,14.9,14.7,60.0,True,False,False,True,False,False,True,False,True,3,False,베이스 없음
20260928,OHI,Omega Healthcare Investors  Inc.,NYSE,46.68,1664700.0,47.79,47.08,46.46,39.26,52.39,18.9,10.9,60.0,False,False,True,True,True,False,True,False,False,4,False,베이스 없음
20260928,ORBS,Eightco Holdings Inc (Texas),NASDAQ,1.16,20440700.0,0.81,0.87,1.08,0.57,12.95,104.9,91.0,60.0,True,True,False,False,False,True,False,False,True,3,False,Stage2 아님
20260928,PGAC,Pantages Capital Acquisition Corp,NASDAQ,10.78,200.0,10.69,10.56,10.52,10.23,11.39,5.4,5.4,60.0,False,True,True,True,True,False,True,False,True,6,False,자료 부족
20260928,RANG,Range Capital Acquisition Corp,NASDAQ,10.86,540.0,10.75,10.63,10.58,10.26,11.66,5.8,6.9,60.0,False,True,True,True,True,False,True,False,True,6,False,Stage2 아님
20260928,RJF,Raymond James Financial  Inc.,NYSE,161.16,1235900.0,172.97,159.39,160.93,138.82,182.73,16.1,11.8,60.0,False,True,False,True,True,False,True,False,False,4,False,베이스 없음
20260928,SBRA,Sabra Health Care REIT  Inc.,NASDAQ,19.82,1856100.0,20.69,20.2,19.93,17.17,22.77,15.4,13.0,60.0,False,False,True,True,True,False,True,False,False,4,False,베이스 없음
20260928,SIDU,Sidus Space Inc,NASDAQ,2.01,5027800.0,2.12,2.85,2.81,0.63,6.79,220.1,70.4,60.0,False,False,True,True,False,True,False,False,False,3,False,베이스 없음
20260928,TLF,Tandy Leather Factory Inc,NASDAQ,2.59,5700.0,2.53,2.42,2.53,2.2,3.36,17.7,22.9,60.0,True,True,False,False,True,False,True,False,True,4,False,베이스 없음
20260928,VTMX,Vesta Real Estate Corporation SAB de CV ADR,NYSE,32.73,41700.0,34.02,34.27,33.65,25.59,37.41,27.9,12.5,60.0,False,False,True,True,False,True,True,False,False,4,False,베이스 없음
20260928,VZ,Verizon Communications Inc,NYSE,46.68,16722400.0,48.02,47.58,46.26,38.39,51.68,21.6,9.7,60.0,False,False,True,True,True,False,True,False,False,4,False,베이스 없음
20260928,WTG,Wintergreen Acquisition Corp,NASDAQ,10.62,9900.0,10.52,10.39,10.34,10.06,10.62,5.6,0.0,60.0,False,True,True,True,True,False,True,False,True,6,False,자료 부족
20260928,WWW,Wolverine World Wide  Inc.,NYSE,19.13,645400.0,19.57,17.82,17.92,13.47,28.68,42.0,33.3,60.0,False,True,False,True,True,True,False,False,False,4,False,1 형성중
20260928,ZM,Zoom Communications  Inc.,NASDAQ,87.3,2368100.0,96.77,91.85,91.01,70.7,114.74,23.5,23.9,60.0,False,False,True,True,True,False,True,False,False,4,False,베이스 없음
20260928,ACTG,Acacia Research Corporation,NASDAQ,4.3,144200.0,4.54,4.65,4.46,3.15,5.27,36.5,18.4,59.0,False,False,True,True,False,True,True,False,False,4,False,베이스 없음
20260928,ALLE,Allegion PLC,NYSE,155.38,1003200.0,156.93,145.58,150.44,125.0,183.11,24.3,15.1,59.0,False,True,False,False,True,False,True,False,False,3,False,1 형성중
20260928,ASA,ASA Gold And Precious Metals Limited,NYSE,54.6,37994.0,57.39,61.09,61.92,42.82,83.2,27.5,34.4,59.0,False,False,False,True,False,True,False,False,False,2,False,베이스 없음
20260928,ATHM,Autohome Inc ADR,NYSE,21.21,212600.0,22.02,19.63,20.34,15.57,29.5,36.2,28.1,59.0,False,True,False,False,True,True,False,False,False,3,False,1 형성중
20260928,BAFN,Bayfirst Financial Corp,NASDAQ,6.44,73900.0,7.02,6.5,6.68,4.26,11.34,51.2,43.2,59.0,True,False,False,False,True,True,False,False,False,2,False,베이스 없음
20260928,BCAX,Bicara Therapeutics Inc,NASDAQ,18.8,775300.0,24.5,22.83,21.3,10.48,30.99,79.4,39.3,59.0,False,False,True,True,True,True,False,False,False,4,False,베이스 없음
20260928,BOE,BlackRock Enhanced Global Dividend Closed End Fund,NYSE,11.84,239550.0,12.24,11.88,11.87,10.59,12.58,11.8,5.9,59.0,False,False,True,True,True,False,True,False,False,4,False,베이스 없음
20260928,BSM,Black Stone Minerals Units,NYSE,14.46,331000.0,14.69,14.41,14.38,12.32,15.49,17.4,6.6,59.0,False,True,True,True,True,False,True,False,False,5,False,베이스 없음
20260928,CING,Cingulate Inc,NASDAQ,4.82,171900.0,5.06,5.44,5.38,3.16,11.89,52.5,59.5,59.0,False,False,True,True,False,True,False,False,False,3,False,1 형성중
20260928,CLPT,Clearpoint Neuro Inc,NASDAQ,15.31,476200.0,14.65,13.24,13.42,8.27,30.1,85.1,49.1,59.0,False,True,False,False,True,True,False,False,True,4,False,1 형성중
20260928,COIN,Coinbase Global Inc,NASDAQ,191.79,6678000.0,171.13,177.34,186.98,139.11,402.16,37.9,52.3,59.0,True,True,False,False,False,True,False,False,True,3,False,베이스 없음
20260928,DEO,Diageo PLC ADR,NYSE,86.24,705600.0,89.36,83.63,85.46,72.45,102.74,19.0,16.1,59.0,False,True,False,False,True,False,True,False,False,3,False,Stage2 아님
20260928,DLTR,Dollar Tree Inc,NASDAQ,116.02,2072500.0,124.77,114.27,117.55,84.71,142.4,37.0,18.5,59.0,False,False,False,True,True,True,True,False,False,4,False,베이스 없음
20260928,DYNC,Dynamix Corp,NASDAQ,10.895,42800.0,10.86,10.73,10.63,10.24,10.96,6.4,0.6,59.0,False,True,True,True,True,False,True,False,True,6,False,Stage2 아님
20260928,EBMT,Eagle Bancorp Montana Inc,NASDAQ,21.36,25200.0,22.84,22.42,22.02,15.8,24.66,35.2,13.4,59.0,False,False,True,True,True,True,True,False,False,5,False,베이스 없음
20260928,ECL,Ecolab Inc.,NYSE,280.23,942400.0,277.93,272.2,273.4,243.15,309.27,15.2,9.4,59.0,False,True,False,True,True,False,True,False,True,5,False,베이스 없음
20260928,ENVA,Enova International  Inc.,NYSE,170.02,340900.0,228.37,189.27,181.5,103.02,267.45,65.0,36.4,59.0,False,False,True,True,True,True,False,False,False,4,False,베이스 없음
20260928,EW,Edwards Lifesciences Corporation,NYSE,86.83,3228100.0,88.25,85.77,85.04,72.3,96.29,20.1,9.8,59.0,False,True,True,True,True,False,True,False,False,5,False,베이스 없음
20260928,FSUN,Firstsun Capital Bancorp,NASDAQ,39.27,298200.0,39.15,37.46,37.8,29.95,42.34,31.1,7.3,59.0,False,True,False,True,True,True,True,False,True,6,False,베이스 없음
20260928,GATX,GATX Corporation,NYSE,181.26,289100.0,179.33,179.62,179.52,150.42,205.56,20.5,11.8,59.0,False,True,True,True,False,False,True,False,True,5,False,베이스 없음
20260928,GDV,Gabelli Dividend & Income Trust,NYSE,28.59,87304.0,29.84,29.06,28.86,26.14,31.0,9.4,7.8,59.0,False,False,True,True,True,False,True,False,False,4,False,베이스 없음
20260928,GTERA,Globa Terra Acquisition Corp,NASDAQ,10.45,1700.0,10.39,10.3,10.25,9.97,10.45,4.8,0.0,59.0,False,True,True,True,True,False,True,False,True,6,False,자료 부족
20260928,HASI,HA Sustainable Infrastructure Capital Inc,NYSE,36.25,729700.0,38.8,38.8,37.66,27.28,44.13,32.9,17.9,59.0,False,False,True,True,True,True,True,False,False,5,False,베이스 없음
20260928,HEQ,John Hancock Diversified Income Fund,NYSE,11.2,14349.0,11.57,11.42,11.31,10.46,11.99,7.1,6.6,59.0,False,False,True,True,True,False,True,False,False,4,False,베이스 없음
20260928,HFRO,Highland Opportunities and Income Fund,NYSE,6.64,157693.0,7.24,6.68,6.56,5.47,7.74,21.4,14.2,59.0,False,False,True,True,True,False,True,False,False,4,False,1 형성중
20260928,IPHA,Innate Pharma SA ADR,NASDAQ,1.7,42100.0,1.96,1.74,1.74,1.17,2.71,45.3,37.3,59.0,False,False,False,True,True,True,False,False,False,3,False,베이스 없음
20260928,JACS,Jackson Acquisition Co II,NYSE,10.83,200.0,10.73,10.64,10.59,10.33,10.83,4.8,0.0,59.0,False,True,True,True,True,False,True,False,True,6,False,Stage2 아님
20260928,KFY,Korn Ferry,NYSE,71.31,528900.0,80.99,71.48,70.33,58.95,86.4,21.0,17.5,59.0,False,False,True,True,True,False,True,False,False,4,False,1 형성중
20260928,LWAC,LightWave Acquisition Corp,NASDAQ,10.382,0.0,10.3,10.22,10.18,9.95,10.39,4.3,0.1,59.0,False,True,True,True,True,False,True,False,True,6,False,자료 부족
20260928,MAGN,Magnera Corporation,NYSE,11.91,378800.0,12.55,11.64,12.32,7.82,15.52,52.3,23.3,59.0,False,False,False,True,True,True,True,False,False,4,False,베이스 없음
20260928,MCB,Metropolitan Bank Holding Corp,NYSE,88.64,139100.0,91.83,90.16,89.01,64.66,102.04,37.1,13.1,59.0,False,False,True,True,True,True,True,False,False,5,False,베이스 없음
20260928,MUX,McEwen Inc,NYSE,18.12,837000.0,18.96,20.74,21.2,14.42,29.7,25.7,39.0,59.0,False,False,False,True,False,True,False,False,False,2,False,베이스 없음
20260928,NGVC,Natural Grocers by Vitamin Cottage Inc,NYSE,30.7,202000.0,29.39,28.72,27.97,23.47,41.14,30.8,25.4,59.0,False,True,True,False,True,True,False,False,True,5,False,베이스 없음
20260928,NTWO,Newbury Street II Acquisition Corp,NASDAQ,10.825,28300.0,10.9,10.7,10.64,10.29,12.14,5.2,10.8,59.0,False,True,True,True,True,False,True,False,False,5,False,자료 부족
20260928,NWE,NorthWestern Energy Group  Inc.,NASDAQ,68.06,565800.0,70.35,70.21,69.38,56.62,75.18,20.2,9.5,59.0,False,False,True,True,True,False,True,False,False,4,False,1b차
20260928,PATH,UiPath Inc,NYSE,12.19,49450800.0,14.46,12.14,12.77,9.2,19.84,32.5,38.6,59.0,False,False,False,True,True,True,False,False,False,3,False,베이스 없음
20260928,PMA,Ming Shing Group Holdings Ltd,NASDAQ,1.302,7300.0,1.32,1.3,1.25,0.6,2.9,117.0,55.1,59.0,False,True,True,False,True,True,False,False,False,4,False,Stage2 아님
20260928,QSEA,Quartzsea Acquisition Corp,NASDAQ,10.66,474.0,10.61,10.48,10.42,10.12,10.86,5.3,1.8,59.0,False,True,True,True,True,False,True,False,True,6,False,Stage2 아님
20260928,RAPP,Rapport Therapeutics  Inc.,NASDAQ,33.44,552300.0,44.06,38.03,35.61,23.75,52.93,40.8,36.8,59.0,False,False,True,True,True,True,False,False,False,4,False,베이스 없음
20260928,RKLB,Rocket Lab Corp,NASDAQ,72.19,14954600.0,69.58,82.97,81.18,37.57,151.0,92.1,52.2,59.0,False,False,True,True,False,True,False,False,True,4,False,베이스 없음
20260928,RTX,RTX Corporation,NYSE,187.66,3151200.0,207.16,195.43,194.57,155.64,226.88,20.6,17.3,59.0,False,False,True,True,True,False,True,False,False,4,False,베이스 없음
20260928,RZLT,Rezolute  Inc.,NASDAQ,4.18,1587600.0,4.57,3.95,3.73,1.07,11.46,290.7,63.5,59.0,False,True,True,False,True,True,False,False,False,4,False,베이스 없음
20260928,SLG,SL Green Realty Corp,NYSE,49.32,577500.0,54.18,47.02,46.45,34.77,60.93,41.8,19.1,59.0,False,True,True,True,True,True,True,False,False,6,False,2 형성중
20260928,SPG,Simon Property Group Inc,NYSE,204.53,926300.0,217.25,208.32,203.3,172.19,238.5,18.8,14.2,59.0,False,False,True,True,True,False,True,False,False,4,False,2 형성중
20260928,TDAC,Translational Development Acquisition Corp,NASDAQ,10.85,3000.0,10.84,10.71,10.65,10.34,10.95,4.9,0.9,59.0,False,True,True,True,True,False,True,False,True,6,False,Stage2 아님
20260928,TDAY,USA TODAY Co Inc,NYSE,6.37,2268000.0,7.15,7.29,6.9,3.42,9.21,86.3,30.8,59.0,False,False,True,True,False,True,False,False,False,3,False,베이스 없음
20260928,TEL,TE Connectivity PLC,NYSE,214.71,2316100.0,208.27,209.88,214.96,190.27,252.56,12.8,15.0,59.0,True,False,False,False,False,False,True,False,True,2,False,베이스 없음
20260928,TREX,Trex Company  Inc.,NYSE,44.44,2048000.0,45.42,42.58,41.86,29.77,54.3,49.3,18.2,59.0,False,True,True,True,True,True,True,False,False,6,False,1 형성중
20260928,TWOD,Two Harbors Investment 9 375 Senior Notes due 2030,NYSE,26.3,19175.0,25.8,25.58,25.63,25.05,26.31,5.0,0.0,59.0,False,True,False,True,True,False,True,False,True,5,False,Stage2 아님
20260928,TY,Tri Continental Closed Fund,NYSE,34.38,40414.0,35.19,34.27,33.97,30.53,36.55,12.6,5.9,59.0,False,True,True,True,True,False,True,False,False,5,False,베이스 없음
20260928,VMD,Viemed Healthcare Inc,NASDAQ,9.11,336500.0,9.72,9.85,9.29,6.05,12.61,50.6,27.8,59.0,False,False,True,True,False,True,False,False,False,3,False,베이스 없음
20260928,YSXT,YSX Tech Co Ltd,NASDAQ,1.3,0.0,1.11,1.14,1.18,0.5,3.14,159.0,58.6,59.0,False,True,False,False,False,True,False,False,True,3,False,Stage2 아님
20260928,ACIW,ACI Worldwide  Inc.,NASDAQ,49.0,450300.0,53.44,47.18,46.55,38.05,61.08,28.8,19.8,58.0,False,True,True,True,True,True,True,False,False,6,False,1 형성중
20260928,AGIO,Agios Pharmaceuticals  Inc.,NASDAQ,33.42,861100.0,33.94,32.02,30.87,22.24,46.0,50.3,27.3,58.0,False,True,True,True,True,True,False,False,False,5,False,베이스 없음
20260928,AIRG,Airgain Inc,NASDAQ,5.15,20700.0,5.45,5.83,5.46,3.0,7.66,71.7,32.8,58.0,False,False,True,True,False,True,False,False,False,3,False,베이스 없음
20260928,ALDF,Aldel Financial II Inc,NASDAQ,10.83,0.0,10.76,10.66,10.62,10.37,10.83,4.4,0.0,58.0,False,True,True,True,True,False,True,False,True,6,False,Stage2 아님
20260928,APD,Air Products and Chemicals  Inc.,NYSE,278.75,1159200.0,297.04,292.13,284.6,229.11,314.87,21.7,11.5,58.0,False,False,True,True,True,False,True,False,False,4,False,베이스 없음
20260928,ASAN,Asana  Inc.,NYSE,8.64,8528700.0,8.92,7.54,8.54,5.38,15.48,60.6,44.2,58.0,False,True,False,False,True,True,False,False,False,3,False,1 형성중
20260928,AUR,Aurora Innovation  Inc.,NASDAQ,5.29,46427200.0,6.32,5.89,5.51,3.6,8.56,46.9,38.2,58.0,False,False,True,True,True,True,False,False,False,4,False,베이스 없음
20260928,BAC,Bank of America Corporation,NYSE,55.47,29002800.0,61.4,55.59,55.27,46.12,65.23,20.3,15.0,58.0,False,False,True,True,True,False,True,False,False,4,False,1 형성중
20260928,BRLT,Brilliant Earth Group Inc,NASDAQ,1.37,61400.0,1.28,1.29,1.38,1.0,2.9,37.0,52.8,58.0,True,False,False,False,False,True,False,False,True,2,False,베이스 없음
20260928,CBSH,Commerce Bancshares  Inc.,NASDAQ,55.88,659500.0,58.44,54.38,54.17,46.99,60.92,18.9,8.3,58.0,False,True,True,True,True,False,True,False,False,5,False,베이스 없음
20260928,CEPO,Cantor Equity Partners I Inc,NASDAQ,10.76,78000.0,10.71,10.6,10.56,8.22,10.97,30.9,1.9,58.0,True,True,True,True,True,True,True,False,True,7,False,베이스 없음
20260928,CII,BlackRock Enhanced Large Cap Core Closed End Fund,NYSE,23.87,69400.0,24.36,23.93,23.75,20.43,26.17,16.8,8.8,58.0,False,False,True,True,True,False,True,False,False,4,False,1 형성중
20260928,COPL,Copley Acquisition Corp,NYSE,10.555,0.0,10.5,10.41,10.37,10.09,10.69,4.6,1.3,58.0,False,True,True,True,True,False,True,False,True,6,False,자료 부족
20260928,CSWC,Capital Southwest Corporation,NASDAQ,22.99,450800.0,24.27,23.48,23.28,19.37,25.75,18.7,10.7,58.0,False,False,True,True,True,False,True,False,False,4,False,베이스 없음
20260928,DRDB,Roman Dbdr Acquisition Corp. II,NASDAQ,10.7,204.0,10.64,10.55,10.52,10.28,10.73,4.1,0.3,58.0,False,True,True,True,True,False,True,False,True,6,False,Stage2 아님
20260928,ETB,Eaton Vance Tax Managed Buy Write Income Closed Fund,NYSE,15.35,43799.0,15.52,15.31,15.31,13.86,15.81,10.8,2.9,58.0,False,True,False,True,True,False,True,False,False,4,False,베이스 없음
20260928,EVAC,EQV Ventures Acquisition Corp II,NYSE,10.32,3600.0,10.27,10.18,10.15,9.9,10.32,4.2,0.0,58.0,False,True,True,True,True,False,True,False,True,6,False,Stage2 아님
20260928,GSHR,Gesher Acquisition II Corp,NASDAQ,10.57,0.0,10.52,10.42,10.39,9.51,11.2,11.2,5.6,58.0,False,True,True,True,True,False,True,False,True,6,False,자료 부족
20260928,GTN,Gray Media Inc,NYSE,4.59,924300.0,4.62,4.61,4.63,3.55,6.44,29.3,28.7,58.0,False,False,False,False,False,True,False,False,False,1,False,베이스 없음
20260928,HYPD,Hyperion DeFi Inc,NASDAQ,3.915,741900.0,3.13,3.33,3.39,2.34,11.89,67.3,67.1,58.0,True,True,False,False,False,True,False,False,True,3,False,1a차
20260928,ICU,SeaStar Medical Holding Corp,NASDAQ,3.4,10400.0,3.32,3.5,3.27,2.07,7.35,64.3,53.7,58.0,True,False,True,False,False,True,False,False,True,3,False,Stage2 아님
20260928,JVA,Coffee Holding Co Inc,NASDAQ,3.92,81100.0,3.61,3.87,3.79,2.93,5.03,33.8,22.1,58.0,True,True,True,True,False,True,True,False,True,6,False,베이스 없음
20260928,KFII,K&F Growth Acquisition II Corp,NASDAQ,10.67,0.0,10.62,10.53,10.48,10.2,10.67,4.6,0.0,58.0,False,True,True,True,True,False,True,False,True,6,False,Stage2 아님
20260928,LCCC,Lakeshore Acquisition III Corp,NASDAQ,10.52,0.0,10.47,10.37,10.33,10.05,10.56,4.7,0.4,58.0,False,True,True,True,True,False,True,False,True,6,False,자료 부족
20260928,LGHL,Lion Group Holding Ltd ADR,NASDAQ,5.78,40800.0,2.5,5.71,9.19,0.36,196.56,1511.4,97.1,58.0,True,False,False,False,False,True,False,False,True,2,False,Stage2 아님
20260928,LPLA,LPL Financial Holdings Inc.,NASDAQ,312.68,753300.0,346.8,316.92,328.83,260.15,400.16,20.2,21.9,58.0,False,False,False,False,True,False,True,False,False,2,False,베이스 없음
20260928,LSTR,Landstar System  Inc.,NASDAQ,165.41,353600.0,181.29,182.34,174.5,120.01,228.46,37.8,27.6,58.0,False,False,True,True,False,True,False,False,False,3,False,베이스 없음
20260928,MXE,Mexico Equity and Income Closed Fund,NYSE,12.9,17489.0,13.3,13.32,13.22,11.11,14.3,16.1,9.8,58.0,False,False,True,True,False,False,True,False,False,3,False,베이스 없음
20260928,NMIH,NMI Holdings  Inc.,NASDAQ,40.97,467400.0,43.91,40.32,40.16,34.84,46.74,17.6,12.3,58.0,False,True,True,True,True,False,True,False,False,5,False,1 형성중
20260928,NMP,Nmp Acquisition Corp,NASDAQ,10.38,3102.0,10.33,10.24,10.19,9.92,10.39,4.6,0.1,58.0,False,True,True,True,True,False,True,False,True,6,False,자료 부족
20260928,NOG,Northern Oil and Gas  Inc.,NYSE,23.21,3584200.0,23.93,24.26,24.06,17.18,31.17,35.1,25.5,58.0,False,False,True,True,False,True,False,False,False,3,False,베이스 없음
20260928,NSYS,Nortech Systems Inc,NASDAQ,11.0,8400.0,12.68,13.08,11.86,6.5,18.01,69.2,38.9,58.0,False,False,True,True,False,True,False,False,False,3,False,베이스 없음
20260928,NVS,Novartis AG ADR,NYSE,146.88,1949200.0,151.37,152.0,150.42,121.57,170.46,20.8,13.8,58.0,False,False,True,True,False,False,True,False,False,3,False,베이스 없음
20260928,OBA,Oxley Bridge Acquisition Ltd,NASDAQ,10.34,200.0,10.29,10.22,10.18,9.94,10.34,4.0,0.0,58.0,False,True,True,True,True,False,True,False,True,6,False,자료 부족
20260928,OTTR,Otter Tail Corporation,NASDAQ,88.51,207600.0,90.76,88.98,88.08,74.15,95.09,19.4,6.9,58.0,False,False,True,True,True,False,True,False,False,4,False,베이스 없음
20260928,PFX,PhenixFIN Corp,NASDAQ,44.67,7200.0,46.1,43.43,43.53,38.3,56.48,16.6,20.9,58.0,False,True,False,True,True,False,True,False,False,4,False,1 형성중
20260928,PLD,Prologis  Inc.,NYSE,132.44,3020900.0,140.23,140.02,137.86,111.03,153.35,19.3,13.6,58.0,False,False,True,True,True,False,True,False,False,4,False,베이스 없음
20260928,PVH,PVH Corp.,NYSE,75.73,759800.0,78.39,78.98,76.13,59.6,100.75,27.1,24.8,58.0,False,False,True,False,False,True,True,False,False,3,False,베이스 없음
20260928,RNST,Renasant Corp,NYSE,39.86,612900.0,41.99,40.45,39.77,33.04,44.54,20.6,10.5,58.0,False,False,True,True,True,False,True,False,False,4,False,1 형성중
20260928,SBUX,Starbucks Corp,NASDAQ,95.27,7418900.0,103.0,100.9,98.43,77.99,110.51,22.2,13.8,58.0,False,False,True,True,True,False,True,False,False,4,False,베이스 없음
20260928,SIEB,Siebert Financial Corp,NASDAQ,2.23,39500.0,2.03,1.91,2.23,1.53,4.14,45.8,46.1,58.0,True,True,False,False,False,True,False,False,True,3,False,베이스 없음
20260928,SRI,Stoneridge Inc,NYSE,6.67,120500.0,7.16,6.92,6.87,4.6,9.71,45.0,31.3,58.0,False,False,True,True,True,True,False,False,False,4,False,베이스 없음
20260928,SVCC,Stellar V Capital Corp,NASDAQ,10.72,0.0,10.65,10.55,10.51,10.27,10.72,4.4,0.0,58.0,False,True,True,True,True,False,True,False,True,6,False,자료 부족
20260928,SZZL,Sizzle Acquisition Corp II,NASDAQ,10.49,0.0,10.43,10.35,10.31,10.07,10.5,4.2,0.1,58.0,False,True,True,True,True,False,True,False,True,6,False,Stage2 아님
20260928,TAVI,Tavia Acquisition Corp,NASDAQ,10.77,1900.0,10.72,10.63,10.58,10.3,11.91,4.6,9.6,58.0,False,True,True,True,True,False,True,False,True,6,False,Stage2 아님
20260928,TOWN,TowneBank,NASDAQ,36.09,541700.0,37.28,35.55,35.5,31.91,39.03,13.1,7.5,58.0,False,True,True,True,True,False,True,False,False,5,False,베이스 없음
20260928,UCB,United Community Banks Inc,NYSE,33.99,1085200.0,35.34,33.84,33.77,28.65,37.18,18.6,8.6,58.0,False,True,True,True,True,False,True,False,False,5,False,베이스 없음
20260928,UMH,UMH Properties Inc,NYSE,15.55,770500.0,15.84,15.41,15.54,13.93,16.77,11.6,7.3,58.0,False,True,False,True,True,False,True,False,False,4,False,베이스 없음
20260928,UNTY,Unity Bancorp Inc,NASDAQ,55.93,40100.0,58.84,55.58,55.16,44.34,62.5,26.1,10.5,58.0,False,True,True,True,True,True,True,False,False,6,False,1 형성중
20260928,WFRD,Weatherford International PLC,NASDAQ,82.8,803700.0,88.38,94.44,93.09,60.84,113.15,36.1,26.8,58.0,False,False,True,True,False,True,False,False,False,3,False,베이스 없음
20260928,AAT,American Assets Trust  Inc.,NYSE,21.63,597200.0,22.79,21.94,21.12,17.72,25.97,22.1,16.7,57.0,False,False,True,True,True,False,True,False,False,4,False,1 형성중
20260928,AIFF,Firefly Neuroscience Inc,NASDAQ,1.69,3672100.0,1.14,1.49,1.38,0.62,3.15,172.6,46.3,57.0,True,True,True,False,False,True,False,False,True,4,False,Stage2 아님
20260928,ALF,Centurion Acquisition Corp,NASDAQ,10.92,0.0,10.86,10.82,10.78,10.54,10.99,3.6,0.6,57.0,False,True,True,True,True,False,True,False,True,6,False,Stage2 아님
20260928,AVY,Avery Dennison Corp,NYSE,171.89,642700.0,172.36,168.52,172.96,152.42,199.54,12.8,13.9,57.0,False,False,False,False,False,False,True,False,False,1,False,베이스 없음
20260928,BACC,Blue Acquisition Corp,NASDAQ,10.48,437400.0,10.51,10.41,10.37,9.99,11.1,4.9,5.6,57.0,False,True,True,True,True,False,True,False,False,5,False,Stage2 아님
20260928,BOC,Boston Omaha Corp,NYSE,13.23,114200.0,13.92,13.1,12.98,10.52,15.22,25.8,13.1,57.0,False,True,True,True,True,True,True,False,False,6,False,1 형성중
20260928,BSAA,BEST SPAC I Acquistion Corp,NASDAQ,11.3,300.0,11.38,11.15,10.9,10.04,17.2,12.6,34.3,57.0,False,True,True,True,True,False,False,False,False,4,False,자료 부족
20260928,CRAQ,Cal Redwood Acquisition Corp,NASDAQ,10.4,0.0,10.36,10.28,10.24,9.99,10.4,4.1,0.0,57.0,False,True,True,True,True,False,True,False,True,6,False,자료 부족
20260928,CUBI,Customers Bancorp  Inc.,NYSE,75.79,217100.0,79.19,75.57,75.62,59.34,84.38,27.7,10.2,57.0,False,True,False,True,True,True,True,False,False,5,False,1 형성중
20260928,DIS,The Walt Disney Company,NYSE,105.59,12078000.0,103.44,101.8,103.99,92.19,117.09,14.5,9.8,57.0,False,True,False,False,False,False,True,False,True,3,False,베이스 없음
20260928,EGHA,EGH Acquisition Corp,NASDAQ,10.42,25003.0,10.36,10.29,10.26,9.31,10.8,11.9,3.5,57.0,False,True,True,True,True,False,True,False,True,6,False,자료 부족
20260928,ELDN,Eledon Pharmaceuticals Inc,NASDAQ,2.64,714500.0,3.26,3.38,3.01,1.35,4.6,95.6,42.6,57.0,False,False,True,True,False,True,False,False,False,3,False,베이스 없음
20260928,FACT,FACT II Acquisition Corp,NASDAQ,10.721,0.0,10.68,10.61,10.57,10.28,10.75,4.3,0.3,57.0,False,True,True,True,True,False,True,False,True,6,False,Stage2 아님
20260928,FDUS,Fidus Investment Corp,NASDAQ,19.13,579800.0,19.68,18.91,19.03,16.87,21.15,13.4,9.6,57.0,False,True,False,False,True,False,True,False,False,3,False,베이스 없음
20260928,GFL,GFL Environmental Inc.,NYSE,41.4,2649800.0,41.36,39.96,40.77,33.33,48.07,24.2,13.9,57.0,True,True,False,False,True,False,True,False,True,4,False,베이스 없음
20260928,GPAT,GP-Act III Acquisition Corp,NASDAQ,11.02,541.0,11.02,10.89,10.84,10.56,12.0,4.4,8.2,57.0,False,True,True,True,True,False,True,False,True,6,False,Stage2 아님
20260928,HCSG,Healthcare Services Group  Inc.,NASDAQ,20.78,573100.0,22.33,21.59,21.04,15.13,25.75,37.3,19.3,57.0,False,False,True,True,True,True,True,False,False,5,False,베이스 없음
20260928,HLIO,Helios Technologies Inc,NYSE,68.91,359200.0,75.27,74.9,71.93,47.01,95.05,46.6,27.5,57.0,False,False,True,True,True,True,False,False,False,4,False,베이스 없음
20260928,HPP,Hudson Pacific Properties  Inc.,NYSE,11.5,729800.0,13.42,11.32,10.87,5.26,20.09,118.6,42.8,57.0,False,True,True,False,True,True,False,False,False,4,False,1 형성중
20260928,INAC,Indigo Acquisition Corp,NASDAQ,10.33,0.0,10.31,10.22,10.18,9.95,10.4,3.8,0.7,57.0,False,True,True,True,True,False,True,False,True,6,False,자료 부족
20260928,INDB,Independent Bank Corp (Massachusetts),NASDAQ,79.54,332500.0,83.47,80.59,80.08,63.33,87.5,25.6,9.1,57.0,False,False,True,True,True,True,True,False,False,5,False,2a차
20260928,KCHV,Kochav Defense Acquisition Corp,NASDAQ,10.45,0.0,10.42,10.34,10.29,10.02,10.46,4.3,0.1,57.0,False,True,True,True,True,False,True,False,True,6,False,자료 부족
20260928,KOYN,CSLM Digital Asset Acquisition III Corp Ltd,NASDAQ,10.245,73492.0,10.21,10.13,10.1,9.85,10.25,4.0,0.0,57.0,False,True,True,True,True,False,True,False,True,6,False,자료 부족
20260928,LGN,Legence Corp.,NASDAQ,53.41,914300.0,60.07,68.64,63.16,29.0,107.24,84.2,50.2,57.0,False,False,True,True,False,True,False,False,False,3,False,Stage2 아님
20260928,LPBB,Launch Two Acquisition Corp,NASDAQ,10.83,42900.0,10.79,10.69,10.65,10.42,10.85,3.9,0.2,57.0,False,True,True,True,True,False,True,False,True,6,False,Stage2 아님
20260928,MTB,M&T Bank Corporation,NYSE,220.44,802900.0,241.34,226.0,223.45,174.76,255.95,26.1,13.9,57.0,False,False,True,True,True,True,True,False,False,5,False,베이스 없음
20260928,NKTR,Nektar Therapeutics,NASDAQ,60.4,1304600.0,70.63,71.72,65.38,33.4,109.0,80.8,44.6,57.0,False,False,True,True,False,True,False,False,False,3,False,베이스 없음
20260928,NOEM,CO2 Energy Transition Corp,NASDAQ,10.58,0.0,10.81,10.54,10.48,10.15,12.62,4.2,16.2,57.0,False,True,True,True,True,False,True,False,False,5,False,Stage2 아님
20260928,NPAC,New Providence Acquisition Corp III,NASDAQ,10.49,0.0,10.45,10.37,10.35,10.13,10.51,3.6,0.2,57.0,False,True,True,True,True,False,True,False,True,6,False,Stage2 아님
20260928,OBAWU,Oxley Bridge Acquisition Units,NASDAQ,10.42,412.0,10.36,10.31,10.29,10.0,11.24,4.2,7.3,57.0,False,True,True,True,True,False,True,False,True,6,False,자료 부족
20260928,ORIQ,Origin Investment Corp I,NASDAQ,10.41,184.0,10.36,10.29,10.25,10.01,10.45,4.0,0.4,57.0,False,True,True,True,True,False,True,False,True,6,False,자료 부족
20260928,OYSE,Oyster Enterprises II Acquisition Corp,NASDAQ,10.398,0.0,10.35,10.27,10.24,10.02,10.4,3.8,0.0,57.0,False,True,True,True,True,False,True,False,True,6,False,자료 부족
20260928,PAII,Pyrophyte Acquisition Corp II,NYSE,10.33,73100.0,10.27,10.2,10.17,9.93,10.33,4.0,0.0,57.0,False,True,True,True,True,False,True,False,True,6,False,자료 부족
20260928,PAMT,PAMT Corp,NASDAQ,12.11,21186.0,13.48,11.95,11.9,7.15,17.75,69.4,31.8,57.0,False,True,True,True,True,True,False,False,False,5,False,베이스 없음
20260928,QETA,Quetta Acquisition Corp,NASDAQ,11.81,265.0,11.77,11.69,11.62,10.87,13.07,8.6,9.6,57.0,False,True,True,True,True,False,True,False,True,6,False,Stage2 아님
20260928,REXR,Rexford Industrial Realty  Inc.,NYSE,37.19,2396400.0,37.42,35.83,36.78,32.14,44.38,15.7,16.2,57.0,True,True,False,False,True,False,True,False,False,3,False,베이스 없음
20260928,RMBI,Richmond Mutual Bancorporation Inc,NASDAQ,15.11,53200.0,15.74,14.88,14.69,12.77,16.59,18.3,8.9,57.0,False,True,True,True,True,False,True,False,False,5,False,1a차
20260928,SBCF,Seacoast Banking Corporation of Florida,NASDAQ,32.55,703900.0,34.19,32.23,32.45,28.58,36.27,13.9,10.3,57.0,False,True,False,True,True,False,True,False,False,4,False,1 형성중
20260928,SDHI,Siddhi Acquisition Corp,NASDAQ,10.55,5300.0,10.49,10.41,10.37,10.14,10.56,4.0,0.1,57.0,False,True,True,True,True,False,True,False,True,6,False,자료 부족
20260928,SIMA,SIM Acquisition I Corp,NASDAQ,10.93,0.0,10.98,10.87,10.81,10.1,12.9,8.2,15.3,57.0,False,True,True,True,True,False,True,False,False,5,False,Stage2 아님
20260928,SOUL,Soulpower Acquisition Corp,NYSE,10.48,2200.0,10.43,10.35,10.31,10.05,11.0,4.3,4.7,57.0,False,True,True,True,True,False,True,False,True,6,False,Stage2 아님
20260928,SPEG,Silver Pegasus Acquisition Corp,NASDAQ,10.38,0.0,10.34,10.25,10.21,9.95,11.03,4.3,5.9,57.0,False,True,True,True,True,False,True,False,True,6,False,자료 부족
20260928,SPFI,South Plains Financial Inc,NASDAQ,42.32,80000.0,44.45,42.63,42.2,35.34,46.94,19.8,9.8,57.0,False,False,True,True,True,False,True,False,False,4,False,베이스 없음
20260928,TACH,Titan Acquisition Corp,NASDAQ,10.525,41000.0,10.48,10.4,10.37,10.12,10.59,4.0,0.6,57.0,False,True,True,True,True,False,True,False,True,6,False,자료 부족
20260928,THQ,abrdn Healthcare Opportunities Fund,NYSE,18.49,179468.0,19.21,18.57,18.74,16.28,20.39,13.6,9.3,57.0,False,False,False,True,True,False,True,False,False,3,False,베이스 없음
20260928,TWFG,TWFG  Inc.,NASDAQ,24.16,69100.0,27.37,22.58,23.4,16.56,31.3,45.9,22.8,57.0,False,True,False,False,True,True,True,False,False,4,False,1 형성중
20260928,VLTO,Veralto Corp,NYSE,96.2,1239200.0,96.18,91.18,93.06,80.03,107.9,20.2,10.8,57.0,False,True,False,False,True,False,True,False,True,4,False,베이스 없음
20260928,VNME,Vendome Acquisition Corp I,NASDAQ,10.31,6011.0,10.24,10.17,10.15,9.9,10.31,4.1,0.0,57.0,False,True,True,True,True,False,True,False,True,6,False,자료 부족
20260928,WAY,Waystar Holding Corp.,NASDAQ,25.74,1928600.0,24.25,22.95,24.53,17.26,40.35,49.1,36.2,57.0,True,True,False,False,False,True,False,False,True,3,False,베이스 없음
20260928,WENN,Wen Acquisition Corp,NASDAQ,10.41,0.0,10.37,10.28,10.25,10.09,10.44,3.2,0.3,57.0,False,True,True,True,True,False,True,False,True,6,False,Stage2 아님
20260928,XRPN,Armada Acquisition Corp II,NASDAQ,10.575,403300.0,10.51,10.42,10.37,10.1,13.67,4.7,22.6,57.0,False,True,True,True,True,False,True,False,True,6,False,Stage2 아님
20260928,YETI,YETI Holdings  Inc.,NYSE,43.33,1606900.0,45.49,43.75,44.47,31.66,53.99,36.9,19.7,57.0,False,False,False,True,True,True,True,False,False,4,False,베이스 없음
20260928,ZION,Zions Bancorporation  National Association,NASDAQ,63.19,1227400.0,68.54,64.23,63.26,46.19,73.34,36.8,13.8,57.0,False,False,True,True,True,True,True,False,False,5,False,베이스 없음
20260928,ADV,Advantage Solutions Inc.,NASDAQ,31.93,69700.0,34.01,32.12,29.31,12.22,47.45,161.2,32.7,56.0,False,False,True,True,True,True,False,False,False,4,False,1 형성중
20260928,ALCO,Alico Inc,NASDAQ,39.15,17700.0,39.51,40.5,40.08,31.32,45.01,25.0,13.0,56.0,False,False,True,True,False,True,True,False,False,4,False,베이스 없음
20260928,ALX,Alexander's Inc,NYSE,249.08,28000.0,264.42,254.7,248.67,201.28,289.43,23.7,13.9,56.0,False,False,True,True,True,False,True,False,False,4,False,베이스 없음
20260928,ASND,Ascendis Pharma A/S,NASDAQ,230.05,747500.0,250.97,241.24,234.98,186.05,282.15,23.6,18.5,56.0,False,False,True,True,True,False,True,False,False,4,False,베이스 없음
20260928,AVGO,Broadcom Inc,NASDAQ,349.57,21413300.0,376.2,377.41,368.07,289.96,495.0,20.6,29.4,56.0,False,False,True,False,False,False,False,False,False,1,False,베이스 없음
20260928,AXIN,Axiom Intelligence Acquisition Corp 1,NASDAQ,10.34,68600.0,10.31,10.26,10.22,9.95,10.45,3.9,1.1,56.0,False,True,True,True,True,False,True,False,True,6,False,자료 부족
20260928,BBDC,Barings BDC Inc,NYSE,8.64,426600.0,8.87,8.63,8.74,7.96,9.54,8.5,9.4,56.0,False,False,False,True,True,False,True,False,False,3,False,베이스 없음
20260928,BGY,BlackRock Enhanced International Dividend Closed End Fund,NYSE,5.73,293078.0,5.8,5.74,5.79,5.19,6.23,10.4,8.0,56.0,False,False,False,True,True,False,True,False,False,3,False,베이스 없음
20260928,BRK.A,Berkshire Hathaway Inc Class A,NYSE,753875.0,130.0,759204.34,737527.87,738946.2,698000.0,806103.0,8.0,6.5,56.0,False,True,False,True,True,False,True,False,False,4,False,베이스 없음
20260928,BRK.B,Berkshire Hathaway Inc Class B,NYSE,503.09,3855100.0,506.25,491.74,492.64,464.01,537.74,8.4,6.4,56.0,False,True,False,True,True,False,True,False,False,4,False,베이스 없음
20260928,CCZ,Comcast Holdings ZONES 2 Exchangeable Subor Debentures Exp 15 Nov 2029,NYSE,64.67,0.0,65.41,64.72,64.18,59.0,66.5,9.6,2.8,56.0,False,False,True,True,True,False,True,False,False,4,False,베이스 없음
20260928,CETY,Clean Energy Technologies Inc,NASDAQ,0.985,7700.0,0.97,0.88,0.85,0.46,4.49,112.7,78.0,56.0,True,True,True,False,True,True,False,False,True,5,False,Stage2 아님
20260928,CHPG,ChampionsGate Acquisition Corp,NASDAQ,10.45,321.0,10.44,10.37,10.33,10.05,10.5,4.0,0.5,56.0,False,True,True,True,True,False,True,False,True,6,False,자료 부족
20260928,CNR,Core Natural Resources  Inc.,NYSE,88.4,382500.0,91.97,90.77,90.94,74.75,114.8,18.3,23.0,56.0,False,False,False,True,True,False,True,False,False,3,False,베이스 없음
20260928,COLA,Columbus Acquisition Corp,NASDAQ,10.638,13100.0,10.62,10.62,10.57,8.02,12.95,32.6,17.9,56.0,False,True,True,True,False,True,True,False,True,6,False,베이스 없음
20260928,CRS,Carpenter Technology Corporation,NYSE,385.3,637800.0,496.32,473.13,439.13,228.0,625.99,69.0,38.4,56.0,False,False,True,True,True,True,False,False,False,4,False,베이스 없음
20260928,CTVA,Corteva  Inc.,NYSE,77.74,3224300.0,82.35,81.17,78.48,60.54,90.97,28.4,14.5,56.0,False,False,True,True,True,True,True,False,False,5,False,베이스 없음
20260928,CUB,Lionheart Holdings,NASDAQ,10.9,8100.0,10.86,10.81,10.77,10.5,11.22,3.8,2.9,56.0,False,True,True,True,True,False,True,False,True,6,False,Stage2 아님
20260904,CUBWU,Lionheart Holdings Units,NASDAQ,11.02,0.0,11.03,10.89,10.87,10.57,12.9,4.3,14.6,56.0,False,True,True,True,True,False,True,False,False,5,False,자료 부족
20260928,DAAQ,Digital Asset Acquisition Corp,NASDAQ,10.46,0.0,9.85,10.15,10.16,6.6,10.49,58.5,0.3,56.0,False,True,False,True,False,True,True,False,True,5,False,Stage2 아님
20260928,ESE,ESCO Technologies Inc.,NYSE,266.04,252400.0,291.29,299.96,280.95,193.68,362.15,37.4,26.5,56.0,False,False,True,True,False,True,False,False,False,3,False,베이스 없음
20260928,EURK,Eureka Acquisition Corp,NASDAQ,11.543,0.0,11.8,11.56,11.43,10.69,14.28,8.0,19.2,56.0,False,False,True,True,True,False,True,False,False,4,False,1 형성중
20260928,FERA,Fifth Era Acquisition Corp I,NASDAQ,10.53,150152.0,10.48,10.39,10.37,10.16,10.54,3.6,0.1,56.0,False,True,True,True,True,False,True,False,True,6,False,Stage2 아님
20260928,FGBI,First Guaranty Bancshares Inc,NASDAQ,8.13,12300.0,8.74,9.15,8.68,4.31,11.02,88.6,26.2,56.0,False,False,True,True,False,True,False,False,False,3,False,베이스 없음
20260928,FIGX,FIGX Capital Acquisition Corp,NASDAQ,10.33,0.0,10.3,10.22,10.19,9.98,10.38,3.5,0.5,56.0,False,True,True,True,True,False,True,False,True,6,False,자료 부족
20260928,FWONK,Liberty Media Formula One Ord Shs Series C,NASDAQ,94.86,1109800.0,98.92,92.53,92.2,80.15,109.36,18.4,13.3,56.0,False,True,True,False,True,False,True,False,False,4,False,1 형성중
20260928,GLP,Global Partners Units,NYSE,47.17,45400.0,50.06,48.19,47.34,39.58,54.18,19.2,12.9,56.0,False,False,True,True,True,False,True,False,False,4,False,베이스 없음
20260928,GS,The Goldman Sachs Group  Inc.,NYSE,916.28,1796800.0,1018.36,971.39,958.73,740.01,1153.99,23.8,20.6,56.0,False,False,True,True,True,False,True,False,False,4,False,베이스 없음
20260928,GTEN,Gores Holdings X Inc,NASDAQ,10.49,0.0,10.56,10.41,10.39,10.19,10.99,2.9,4.5,56.0,False,True,True,True,True,False,True,False,False,5,False,Stage2 아님
20260928,HIFS,Hingham Institution For Savings,NASDAQ,295.88,37800.0,298.88,290.54,292.58,248.53,338.0,19.1,12.5,56.0,False,True,False,True,True,False,True,False,False,4,False,베이스 없음
20260928,HOMB,Home BancShares Inc,NYSE,28.86,1202400.0,30.3,28.32,28.45,25.5,31.7,13.2,9.0,56.0,False,True,False,True,True,False,True,False,False,4,False,1 형성중
20260928,JENA,Jena Acquisition Corp II,NYSE,10.43,300.0,10.41,10.33,10.3,10.06,10.61,3.7,1.7,56.0,False,True,True,True,True,False,True,False,True,6,False,자료 부족
20260928,KT,KT Corporation ADR,NYSE,19.16,835100.0,19.01,19.9,19.97,17.13,24.58,11.9,22.1,56.0,True,False,False,True,False,False,True,False,True,3,False,베이스 없음
20260928,MDGL,Madrigal Pharmaceuticals  Inc.,NASDAQ,517.04,333700.0,526.67,508.06,511.93,393.61,615.0,31.4,15.9,56.0,False,True,False,False,True,True,True,False,False,4,False,베이스 없음
20260928,MDT,Medtronic PLC,NYSE,89.5,22548000.0,89.43,85.53,88.95,73.31,106.33,22.1,15.8,56.0,False,True,False,False,True,False,True,False,True,4,False,베이스 없음
20260928,PACH,Pioneer Acquisition I Corp,NASDAQ,10.33,2700.0,10.3,10.23,10.19,9.95,10.4,3.8,0.7,56.0,False,True,True,True,True,False,True,False,True,6,False,자료 부족
20260928,PCAP,Procap Acquisition Corp,NASDAQ,10.39,85751.0,10.34,10.27,10.25,9.01,10.45,15.3,0.6,56.0,False,True,True,True,True,False,True,False,True,6,False,Stage2 아님
20260928,PLMK,Plum Acquisition Corp. IV,NASDAQ,10.72,0.0,10.64,10.62,10.58,10.29,12.0,4.2,10.7,56.0,False,True,True,True,True,False,True,False,True,6,False,Stage2 아님
20260928,PRI,Primerica  Inc.,NYSE,275.45,153400.0,301.72,281.4,276.26,230.09,327.28,19.7,15.8,56.0,False,False,True,True,True,False,True,False,False,4,False,베이스 없음
20260928,PVL,Permianville Royalty Unit,NYSE,1.82,105100.0,1.79,1.81,1.81,1.58,2.01,15.2,9.5,56.0,False,True,True,True,False,False,True,False,True,5,False,베이스 없음
20260928,RAC,Rithm Acquisition Corp,NYSE,10.55,34721.0,10.52,10.46,10.44,10.24,10.6,3.0,0.5,56.0,False,True,True,True,True,False,True,False,True,6,False,Stage2 아님
20260928,RDAG,Republic Digital Acquisition Co,NASDAQ,10.44,1800.0,10.39,10.31,10.28,9.77,10.45,6.9,0.1,56.0,False,True,True,True,True,False,True,False,True,6,False,Stage2 아님
20260928,SOCA,Solarius Capital Acquisition Corp,NASDAQ,10.34,0.0,10.32,10.23,10.2,9.96,10.36,3.8,0.2,56.0,False,True,True,True,True,False,True,False,True,6,False,자료 부족
20260928,TVAI,Thayer Ventures Acquisition II Corp,NASDAQ,10.4,0.0,10.37,10.29,10.25,9.75,10.4,6.7,0.0,56.0,False,True,True,True,True,False,True,False,True,6,False,자료 부족
20260928,UGI,UGI Corporation,NYSE,36.24,1362400.0,36.97,36.17,36.69,31.62,41.34,14.6,12.3,56.0,False,False,False,True,True,False,True,False,False,3,False,베이스 없음
20260928,WERN,Werner Enterprises  Inc.,NASDAQ,33.53,658300.0,38.35,37.04,36.0,23.06,47.49,45.4,29.4,56.0,False,False,True,True,True,True,False,False,False,4,False,베이스 없음
20260928,XRN,Chiron Real Estate Inc,NYSE,35.42,152600.0,36.49,35.79,35.63,29.05,38.65,21.9,8.4,56.0,False,False,True,True,True,False,True,False,False,4,False,베이스 없음
20260928,ABEO,Abeona Therapeutics Inc,NASDAQ,5.29,872900.0,6.13,5.67,5.55,4.0,7.65,32.2,30.8,55.0,False,False,True,True,True,True,False,False,False,4,False,베이스 없음
20260928,ADAMM,Adamas 7 875 Fixed to Floating Rate Cumulative Redeemable Prf Shs Series E,NASDAQ,25.4,34493.0,25.42,25.26,25.24,23.78,25.8,6.8,1.6,55.0,False,True,True,True,True,False,True,False,False,5,False,베이스 없음
20260928,AIO,Virtus Artificial Intelligence and Technology Opportunities Fund,NYSE,24.99,119881.0,25.63,25.06,24.47,20.91,28.6,19.5,12.6,55.0,False,False,True,True,True,False,True,False,False,4,False,1 형성중
20260928,ARCC,Ares Capital Corp,NASDAQ,19.13,3987500.0,19.51,18.91,19.22,17.4,21.14,9.9,9.5,55.0,False,False,False,False,True,False,True,False,False,2,False,베이스 없음
20260928,ATII,Archimedes Tech SPAC Partners II Co,NASDAQ,10.685,317700.0,10.67,10.71,10.65,10.21,11.4,4.7,6.3,55.0,False,False,True,True,False,False,True,False,True,4,False,Stage2 아님
20260928,ATOM,Atomera Inc,NASDAQ,4.15,337700.0,4.76,6.18,5.33,1.89,12.36,119.3,66.4,55.0,False,False,True,True,False,True,False,False,False,3,False,베이스 없음
20260928,AUB,Atlantic Union Bankshares Corporation,NYSE,38.55,1096200.0,41.06,39.01,38.8,30.87,43.62,24.9,11.6,55.0,False,False,True,True,True,False,True,False,False,4,False,베이스 없음
20260928,BALL,Ball Corp,NYSE,57.13,2014300.0,62.2,60.76,59.84,44.83,68.29,27.4,16.3,55.0,False,False,True,True,True,True,True,False,False,5,False,베이스 없음
20260928,BLUW,Blue Water Acquisition Corp III,NASDAQ,10.372,0.0,10.36,10.32,10.32,9.96,10.41,4.1,0.4,55.0,False,True,True,True,True,False,True,False,True,6,False,자료 부족
20260928,CENTA,Central Garden & Pet Co Class A,NASDAQ,34.2,285600.0,37.04,35.46,34.27,25.97,40.8,31.7,16.2,55.0,False,False,True,True,True,True,True,False,False,5,False,베이스 없음
20260928,CL,Colgate-Palmolive Company,NYSE,86.52,4415000.0,90.15,89.35,88.27,74.55,99.33,16.1,12.9,55.0,False,False,True,True,True,False,True,False,False,4,False,베이스 없음
20260928,CPA,Copa Holdings  S.A.,NYSE,131.07,208400.0,134.11,131.51,131.83,107.44,160.47,22.0,18.3,55.0,False,False,False,True,True,False,True,False,False,3,False,베이스 없음
20260928,CYTK,Cytokinetics  Incorporated,NASDAQ,66.16,2551200.0,75.02,72.13,70.02,47.22,88.31,40.1,25.1,55.0,False,False,True,True,True,True,False,False,False,4,False,베이스 없음
20260928,DCI,Donaldson Company  Inc.,NYSE,87.48,537900.0,91.76,88.84,91.29,79.42,112.84,10.1,22.5,55.0,False,False,False,True,True,False,True,False,False,3,False,베이스 없음
20260429,EM,Smart Share Global Ltd ADR,NASDAQ,1.195,0.0,1.14,1.23,1.24,1.01,1.46,18.7,18.2,55.0,False,False,False,True,False,False,True,False,True,3,False,베이스 없음
20260928,ENSG,The Ensign Group  Inc.,NASDAQ,176.36,321300.0,176.48,181.51,181.84,141.58,218.0,24.6,19.1,55.0,False,False,False,False,False,False,True,False,False,1,False,베이스 없음
20260928,FAF,First American Financial Corp,NYSE,64.72,1071700.0,72.59,68.46,67.22,56.2,79.87,15.2,19.0,55.0,False,False,True,True,True,False,True,False,False,4,False,베이스 없음
20260928,FIBK,First Interstate BancSystem  Inc.,NASDAQ,36.33,1026800.0,37.63,36.16,36.28,29.1,40.6,24.8,10.5,55.0,False,True,False,True,True,False,True,False,False,4,False,1a차
20260928,FVNNU,Future Vision II Acquisition Units,NASDAQ,11.0,4309.0,11.92,11.22,11.31,8.8,19.25,25.0,42.9,55.0,False,False,False,True,True,True,False,False,False,3,False,자료 부족
20260928,FWONA,Liberty Media Formula One Ord Shs Series A,NASDAQ,86.62,160700.0,90.72,84.96,84.59,73.7,99.52,17.5,13.0,55.0,False,True,True,True,True,False,True,False,False,5,False,1 형성중
20260928,GSK,GSK plc ADR,NYSE,49.7,3586600.0,50.85,52.6,52.42,39.29,61.7,26.5,19.4,55.0,False,False,True,True,False,True,True,False,False,4,False,베이스 없음
20260928,GSM,Ferroglobe PLC,NASDAQ,3.99,895400.0,4.01,4.11,4.31,3.08,5.74,29.5,30.5,55.0,False,False,False,True,False,True,False,False,False,2,False,베이스 없음
20260928,HCA,HCA Healthcare  Inc.,NYSE,432.6,1045200.0,411.28,433.89,447.33,353.99,556.52,22.2,22.3,55.0,True,False,False,False,False,False,True,False,True,2,False,베이스 없음
20260928,HHH,Howard Hughes Holdings Inc,NYSE,73.95,1887600.0,65.49,66.04,69.94,60.09,91.07,23.1,18.8,55.0,True,True,False,False,False,False,True,False,True,3,False,베이스 없음
20260928,LAKE,Lakeland Industries Inc,NASDAQ,10.27,75100.0,11.25,10.3,10.04,7.15,18.0,43.6,42.9,55.0,False,False,True,False,True,True,False,False,False,3,False,1 형성중
20260928,MCHB,Mechanics Bancorp,NASDAQ,14.92,350400.0,16.04,15.34,15.22,12.82,17.38,16.4,14.2,55.0,False,False,True,True,True,False,True,False,False,4,False,베이스 없음
20260928,MDLZ,Mondelez International Inc,NASDAQ,60.18,7262700.0,62.06,60.39,59.47,51.2,66.65,17.5,9.7,55.0,False,False,True,True,True,False,True,False,False,4,False,베이스 없음
20260928,MTG,MGIC Investment Corporation,NYSE,28.35,2004200.0,30.28,27.91,27.89,24.69,31.89,14.8,11.1,55.0,False,True,True,True,True,False,True,False,False,5,False,1 형성중
20260928,NICE,NICE Ltd. ADR,NASDAQ,109.09,547800.0,102.48,102.6,104.76,83.1,152.2,31.3,28.3,55.0,True,True,False,False,False,True,False,False,True,3,False,베이스 없음
20260424,NOM,Nuveen Missouri Quality Municipal Income Fund,NYSE,11.0,28858.0,10.92,11.13,11.08,9.88,12.19,11.4,9.8,55.0,False,False,True,True,False,False,True,False,True,4,False,베이스 없음
20260928,OACC,Oaktree Acquisition III Life Sciences Corp,NASDAQ,10.78,0.0,10.75,10.69,10.67,10.45,10.88,3.2,0.9,55.0,False,True,True,True,True,False,True,False,True,6,False,Stage2 아님
20260928,OCCIN,OFS Credit Company 5 25 Prf Shs Series E Due 2026,NASDAQ,24.95,4415.0,24.91,24.78,24.73,24.25,26.0,2.9,4.0,55.0,False,True,True,True,True,False,True,False,True,6,False,Stage2 아님
20260928,PCRX,Pacira BioSciences  Inc.,NASDAQ,25.39,478800.0,25.29,24.15,23.91,18.8,27.66,35.1,8.2,55.0,True,True,True,True,True,True,True,False,True,7,False,1 형성중
20260928,PG,The Procter & Gamble Company,NYSE,149.03,8815000.0,146.08,147.26,147.56,137.62,167.25,8.3,10.9,55.0,False,True,False,False,False,False,True,False,True,3,False,베이스 없음
20260928,PMN,ProMIS Neurosciences Inc,NASDAQ,10.65,25100.0,13.76,13.54,12.77,6.27,27.4,69.9,61.1,55.0,False,False,True,True,True,True,False,False,False,4,False,Stage2 아님
20260928,PNC,The PNC Financial Services Group  Inc.,NYSE,223.67,1336200.0,244.6,230.03,227.66,176.88,258.96,26.5,13.6,55.0,False,False,True,True,True,True,True,False,False,5,False,베이스 없음
20260928,PYT,Merrill Lynch Depositor PPLUS Floating Rate TRUPS Series GSC-2,NYSE,23.77,0.0,23.63,23.51,23.52,22.75,24.67,4.5,3.6,55.0,False,True,False,True,True,False,True,False,True,5,False,베이스 없음
20260928,RPAY,Repay Holdings Corp,NASDAQ,3.75,434000.0,3.82,3.53,3.52,2.3,5.39,63.0,30.4,55.0,False,True,True,True,True,True,False,False,False,5,False,1 형성중
20260928,SFBS,ServisFirst Bancshares Inc,NYSE,41.02,580100.0,43.35,40.79,40.46,33.6,46.04,22.1,10.9,55.0,False,True,True,True,True,False,True,False,False,5,False,1 형성중
20260928,SKYW,SkyWest  Inc.,NASDAQ,100.72,317800.0,102.17,95.16,96.89,77.89,117.72,29.3,14.4,55.0,False,True,False,False,True,True,True,False,False,4,False,베이스 없음
20260928,SQM,Sociedad Quimica y Minera de Chile SA ADR,NYSE,65.16,915500.0,72.33,77.7,76.66,40.58,98.0,60.6,33.5,55.0,False,False,True,True,False,True,False,False,False,3,False,베이스 없음
20260928,SST,System1  Inc.,NYSE,2.71,121400.0,2.46,2.76,3.1,1.35,9.3,100.7,70.9,55.0,True,False,False,False,False,True,False,False,True,2,False,Stage2 아님
20260928,STHO,Star Holdings,NASDAQ,8.47,32400.0,9.39,8.84,8.66,7.01,9.94,20.8,14.7,55.0,False,False,True,True,True,False,True,False,False,4,False,베이스 없음
20260928,STRO,Sutro Biopharma Inc,NASDAQ,16.03,165700.0,20.83,26.01,22.79,7.15,43.85,124.2,63.4,55.0,False,False,True,True,False,True,False,False,False,3,False,베이스 없음
20260928,TACO,Berto Acquisition Corp,NASDAQ,10.455,157300.0,10.47,10.38,10.33,10.11,10.65,3.4,1.8,55.0,False,True,True,True,True,False,True,False,False,5,False,Stage2 아님
20260928,UHS,Universal Health Services Inc,NYSE,177.48,764400.0,170.2,170.5,182.04,140.08,246.33,26.7,28.0,55.0,True,False,False,False,False,True,False,False,True,2,False,베이스 없음
20260928,WHF,WhiteHorse Finance Inc,NASDAQ,6.97,52500.0,6.91,6.99,6.97,6.07,7.84,14.8,11.1,55.0,False,False,True,False,False,False,True,False,True,3,False,Stage2 아님
20260928,WRLD,World Acceptance Corp,NASDAQ,171.38,48500.0,186.55,167.73,160.08,110.0,227.68,55.8,24.7,55.0,False,True,True,True,True,True,True,False,False,6,False,1 형성중
20260928,ZOOZ,Zooz Strategy Ltd,NASDAQ,7.6,21400.0,6.19,6.2,6.89,4.55,48.6,67.0,84.4,55.0,True,True,False,False,False,True,False,False,True,3,False,Stage2 아님
20260928,AGNCP,Agnc Invt 1000 Dep Shs Repstg Cum Red Prf Series F,NASDAQ,25.2,47645.0,25.28,25.0,25.0,23.62,25.54,6.7,1.3,54.0,False,True,True,True,True,False,True,False,False,5,False,베이스 없음
20260904,ALFUU,Centurion Acquisition Units Expiry 22nd May 2029,NASDAQ,10.91,0.0,10.94,10.88,10.89,10.59,12.79,3.0,14.7,54.0,False,True,False,False,True,False,True,False,False,3,False,자료 부족
20260928,ATLCL,Atlanticus Holdings 6 125 Senior Notes due 2026,NASDAQ,25.255,6576.0,25.13,25.1,25.03,24.51,25.39,3.0,0.5,54.0,False,True,True,True,True,False,True,False,True,6,False,Stage2 아님
20260928,AUBN,Auburn National Bancorporation Inc,NASDAQ,26.81,2200.0,26.47,25.2,25.32,21.01,28.88,27.6,7.2,54.0,True,True,False,True,True,True,True,False,True,6,False,1 형성중
20260928,BCO,The Brink's Company,NYSE,104.75,427000.0,112.31,108.45,112.29,91.05,136.37,15.0,23.2,54.0,False,False,False,False,True,False,True,False,False,2,False,베이스 없음
20260928,BEAG,Bold Eagle Acquisition Corp,NASDAQ,10.69,14038007.0,10.74,10.64,10.63,10.35,11.11,3.3,3.8,54.0,False,True,True,True,True,False,True,False,False,5,False,Stage2 아님
20260928,BOSC,BOS Better Online Solutions Ltd,NASDAQ,4.67,24600.0,4.57,4.58,4.61,3.8,6.72,22.9,30.5,54.0,True,True,False,False,False,False,False,False,True,2,False,베이스 없음
20260928,CIFR,Cipher Digital Inc,NASDAQ,16.74,22270400.0,18.19,18.99,18.35,11.01,30.14,52.0,44.5,54.0,False,False,True,False,False,True,False,False,False,2,False,1 형성중
20260928,COLM,Columbia Sportswear Company,NASDAQ,58.69,724600.0,58.71,60.11,59.37,47.47,69.06,23.6,15.0,54.0,False,False,True,True,False,False,True,False,False,3,False,베이스 없음
20260928,COR,Cencora  Inc.,NYSE,303.81,1399800.0,317.41,308.82,318.96,244.82,377.54,24.1,19.5,54.0,False,False,False,False,False,False,True,False,False,1,False,1 형성중
20260928,CPSS,Consumer Portfolio Services Inc,NASDAQ,8.97,30800.0,9.35,9.06,9.02,7.3,10.49,22.9,14.5,54.0,False,False,True,True,True,False,True,False,False,4,False,베이스 없음
20260928,DDT,Dillards Capital Trust I 7.50% Capital Securities Exp 01 Aug 2038,NYSE,26.32,7389.0,26.23,26.17,26.18,25.11,26.8,4.8,1.8,54.0,False,True,False,True,True,False,True,False,True,5,False,Stage2 아님
20260928,DOW,Dow Inc.,NYSE,27.89,7993900.0,30.05,33.48,31.9,20.65,42.74,35.1,34.7,54.0,False,False,True,True,False,True,False,False,False,3,False,베이스 없음
20260928,DTI,Drilling Tools International Corp,NASDAQ,2.36,183000.0,2.44,2.86,2.97,1.87,4.69,26.2,49.7,54.0,False,False,False,True,False,True,False,False,False,2,False,1 형성중
20260928,ESS,Essex Property Trust  Inc.,NYSE,273.01,462900.0,282.85,272.16,267.99,238.46,303.35,14.5,10.0,54.0,False,True,True,True,True,False,True,False,False,5,False,1 형성중
20260928,GFS,GLOBALFOUNDRIES Inc.,NASDAQ,47.78,3159100.0,49.12,58.32,54.03,32.02,92.55,49.2,48.4,54.0,False,False,True,True,False,True,False,False,False,3,False,베이스 없음
20260928,GHC,Graham Holdings Co,NYSE,1140.01,30400.0,1162.88,1129.18,1128.39,929.76,1262.35,22.6,9.7,54.0,False,True,True,True,True,False,True,False,False,5,False,베이스 없음
20260928,GTERU,Globa Terra Acquisition Units,NASDAQ,10.45,1019.0,10.46,10.42,10.39,10.14,10.9,3.1,4.1,54.0,False,True,True,True,True,False,True,False,False,5,False,자료 부족
20260928,HOFT,Hooker Furnishings Corp,NASDAQ,13.11,31500.0,13.82,13.71,13.43,8.62,18.09,52.1,27.5,54.0,False,False,True,True,True,True,False,False,False,4,False,베이스 없음
20260928,HTB,HomeTrust Bancshares Inc,NYSE,45.5,149700.0,48.3,46.47,45.81,38.3,52.5,18.8,13.3,54.0,False,False,True,True,True,False,True,False,False,4,False,베이스 없음
20260928,LAD,Lithia Motors Inc,NYSE,303.07,199500.0,357.88,306.86,312.86,239.78,439.49,26.4,31.0,54.0,False,False,False,True,True,True,False,False,False,3,False,베이스 없음
20260928,LPAA,Launch One Acquisition Corp,NASDAQ,10.76,0.0,10.82,10.77,10.72,10.44,11.67,3.1,7.8,54.0,False,False,True,True,True,False,True,False,False,4,False,Stage2 아님
20260928,MCGA,Yorkville Acquisition Corp,NASDAQ,10.35,900.0,10.3,10.22,10.2,10.09,10.83,2.6,4.4,54.0,False,True,True,True,True,False,True,False,True,6,False,Stage2 아님
20260928,NATH,Nathan's Famous Inc,NASDAQ,101.48,13900.0,97.92,99.95,99.18,88.67,113.86,14.4,10.9,54.0,False,True,True,True,False,False,True,False,True,5,False,베이스 없음
20260928,ONCH,1rt Acquisition Corp,NASDAQ,10.33,4200.0,10.3,10.24,10.23,10.13,10.55,2.0,2.1,54.0,False,True,True,True,True,False,True,False,True,6,False,자료 부족
20260928,OST,Ostin Technology Group Co.  Ltd,NASDAQ,1.695,0.0,1.7,1.7,1.7,1.55,1.9,9.4,10.8,54.0,False,False,False,False,False,False,True,False,False,1,False,Stage2 아님
20260928,PAAS,Pan American Silver Corp.,NYSE,45.77,3633300.0,48.53,51.91,52.84,33.08,69.99,38.4,34.6,54.0,False,False,False,True,False,True,False,False,False,2,False,1 형성중
20260928,PEPG,PepGen Inc.,NASDAQ,2.59,740000.0,2.69,2.7,3.46,1.31,7.8,97.7,66.8,54.0,False,False,False,False,False,True,False,False,False,1,False,베이스 없음
20260928,PMTR,Perimeter Acquisition I Corp,NASDAQ,10.42,2000.0,10.41,10.38,10.36,10.15,10.67,2.7,2.3,54.0,False,True,True,True,True,False,True,False,True,6,False,Stage2 아님
20260928,POLE,Andretti Acquisition Corp. II,NASDAQ,10.73,600.0,10.79,10.73,10.68,10.46,12.0,2.6,10.6,54.0,False,True,True,True,True,False,True,False,False,5,False,Stage2 아님
20260928,QNST,QuinStreet Inc,NASDAQ,14.21,781300.0,17.85,14.5,14.3,10.29,22.29,38.1,36.2,54.0,False,False,True,True,True,True,False,False,False,4,False,베이스 없음
20260928,QSR,Restaurant Brands International Inc.,NYSE,71.43,3431200.0,75.58,75.17,73.61,64.1,81.96,11.4,12.8,54.0,False,False,True,True,True,False,True,False,False,4,False,베이스 없음
20260928,RVT,Royce Small-Cap Trust Inc,NYSE,17.2,239765.0,18.2,17.97,17.75,14.97,19.12,14.9,10.0,54.0,False,False,True,True,True,False,True,False,False,4,False,베이스 없음
20260928,TDC,Teradata Corporation,NYSE,28.55,1191300.0,28.68,29.62,29.82,20.33,41.78,40.4,31.7,54.0,False,False,False,True,False,True,False,False,False,2,False,베이스 없음
20260928,TFPM,Triple Flag Precious Metals Corp.,NYSE,30.83,497300.0,31.85,32.56,33.28,26.61,41.7,15.9,26.1,54.0,False,False,False,True,False,False,False,False,False,1,False,베이스 없음
20260928,TOST,Toast  Inc.,NYSE,30.38,8455500.0,32.85,28.87,29.89,22.26,39.72,36.5,23.5,54.0,False,True,False,False,True,True,True,False,False,4,False,베이스 없음
20260928,TROW,T. Rowe Price Group  Inc.,NASDAQ,103.81,1375300.0,111.14,104.24,103.84,85.22,122.0,21.8,14.9,54.0,False,False,True,True,True,False,True,False,False,4,False,베이스 없음
20260928,TVA,Texas Ventures Acquisition III Corp,NASDAQ,10.57,17300.0,10.54,10.49,10.54,10.31,12.27,2.5,13.9,54.0,False,True,False,False,True,False,True,False,True,4,False,Stage2 아님
20260928,TVACU,Texas Ventures Acquisition III Units,NASDAQ,10.65,0.0,10.75,10.78,10.85,10.23,12.72,4.1,16.3,54.0,False,False,False,False,False,False,True,False,False,1,False,자료 부족
20260928,TXNM,TXNM Energy Inc,NYSE,58.27,1789800.0,57.85,58.26,58.45,55.64,59.53,4.7,2.1,54.0,False,False,False,True,False,False,True,False,True,3,False,1a차
20260928,VIK,Viking Holdings Ltd,NYSE,79.3,5438600.0,93.6,87.37,83.67,56.37,110.09,40.7,28.0,54.0,False,False,True,True,True,True,False,False,False,4,False,베이스 없음
20260928,VLY,Valley National Bancorp,NASDAQ,12.78,11951100.0,14.13,13.61,13.3,9.64,15.2,32.6,15.9,54.0,False,False,True,True,True,True,True,False,False,5,False,베이스 없음
20260928,WLKP,Westlake Chemical Partners Units,NYSE,21.55,9900.0,21.65,22.24,21.77,17.75,23.88,21.4,9.8,54.0,False,False,True,True,False,False,True,False,False,3,False,베이스 없음
20260928,WMK,Weis Markets  Inc.,NYSE,72.89,140000.0,73.12,72.51,71.55,59.99,83.74,21.5,13.0,54.0,False,True,True,True,True,False,True,False,False,5,False,베이스 없음
20260928,AFG,American Financial Group  Inc.,NYSE,138.18,328300.0,142.86,136.05,135.17,123.09,150.02,12.3,7.9,53.0,False,True,True,True,True,False,True,False,False,5,False,베이스 없음
20260928,AFGE,American Financial Group 4 500 Subordinated Debentures due 2060,NYSE,16.78,4354.0,16.19,16.41,16.62,15.6,19.41,7.6,13.5,53.0,True,True,False,False,False,False,True,False,True,3,False,베이스 없음
20260928,AGNCM,AGNC Investment 1000 DS Rep 6.875 Fixed to Floating Cumulative Redeemable Pref,NASDAQ,25.11,22800.0,25.19,24.95,24.93,23.63,25.54,6.3,1.7,53.0,False,True,True,True,True,False,True,False,False,5,False,베이스 없음
20260928,ARTNA,Artesian Resources Corp,NASDAQ,32.89,45600.0,34.9,33.39,33.18,30.5,36.98,7.8,11.1,53.0,False,False,True,True,True,False,True,False,False,4,False,베이스 없음
20260928,BKH,Black Hills Corp,NYSE,69.73,1699100.0,72.67,72.98,72.64,59.33,78.69,17.5,11.4,53.0,False,False,True,True,False,False,True,False,False,3,False,2 형성중
20260928,BRC,Brady Corporation,NYSE,84.1,266800.0,91.33,87.08,86.55,70.57,99.29,19.2,15.3,53.0,False,False,True,True,True,False,True,False,False,4,False,베이스 없음
20260928,CCII,Cohen Circle Acquisition Corp II,NASDAQ,10.3,0.0,10.33,10.29,10.29,10.11,10.5,1.9,1.9,53.0,False,True,True,True,True,False,True,False,False,5,False,자료 부족
20260928,CEPF,Cantor Equity Partners IV Inc,NASDAQ,10.3,463700.0,10.38,10.33,10.34,10.13,10.67,1.7,3.5,53.0,False,False,False,False,True,False,True,False,False,2,False,Stage2 아님
20260928,CGNT,COGNYTE SOFTWARE LTD.,NASDAQ,8.53,468300.0,8.69,8.91,8.89,6.29,12.31,35.6,30.7,53.0,False,False,True,True,False,True,False,False,False,3,False,베이스 없음
20260928,CIMP,Chimera Investment 8 875 Senior Notes due 2030,NYSE,25.0,14387.0,25.19,25.12,25.12,24.25,25.64,3.1,2.5,53.0,False,False,False,True,True,False,True,False,False,3,False,Stage2 아님
20260928,CMRE,Costamare Inc.,NYSE,14.72,284900.0,15.1,15.95,15.99,10.84,18.06,35.8,18.5,53.0,False,False,False,True,False,True,True,False,False,3,False,베이스 없음
20260928,CPK,Chesapeake Utilities Corporation,NYSE,127.3,175000.0,132.97,128.97,128.55,118.88,140.83,7.1,9.6,53.0,False,False,True,False,True,False,True,False,False,3,False,베이스 없음
20260928,DDL,Dingdong (Cayman) Ltd ADR,NYSE,2.19,177300.0,2.3,2.43,2.51,1.65,3.41,32.7,35.8,53.0,False,False,False,True,False,True,False,False,False,2,False,베이스 없음
20260928,DLR,Digital Realty Trust  Inc.,NYSE,177.18,1363300.0,188.05,186.82,180.53,146.23,208.14,21.2,14.9,53.0,False,False,True,True,True,False,True,False,False,4,False,베이스 없음
20260928,DPRO,Draganfly Inc,NASDAQ,5.595,3218000.0,4.88,5.52,6.11,3.78,14.4,48.0,61.1,53.0,True,False,False,False,False,True,False,False,True,2,False,베이스 없음
20260928,DSGX,The Descartes Systems Group Inc.,NASDAQ,78.85,798400.0,76.8,73.0,75.01,62.56,98.35,26.0,19.8,53.0,True,True,False,False,True,True,True,False,True,5,False,베이스 없음
20260928,EFSC,Enterprise Financial Services Corp,NASDAQ,60.15,238000.0,64.4,61.05,60.03,51.18,68.73,17.5,12.5,53.0,False,False,True,True,True,False,True,False,False,4,False,1 형성중
20260928,EOI,Eaton Vance Enhanced Equity Income Closed Fund,NYSE,19.74,62444.0,19.87,19.74,19.92,18.04,21.1,9.4,6.4,53.0,False,False,False,False,False,False,True,False,False,1,False,베이스 없음
20260928,ESNT,Essent Group Ltd.,NYSE,63.44,496500.0,67.42,62.82,63.01,55.34,70.37,14.6,9.8,53.0,False,True,False,True,True,False,True,False,False,4,False,1 형성중
20260928,FRT,Federal Realty Investment Trust,NYSE,109.83,1284700.0,118.04,115.53,112.2,90.03,128.21,22.0,14.3,53.0,False,False,True,True,True,False,True,False,False,4,False,베이스 없음
20260928,GGZ,Gabelli Global Small and Mid Cap Value Closed Fund,NYSE,15.4233,8071.0,16.2,15.95,15.81,13.35,17.08,15.5,9.7,53.0,False,False,True,True,True,False,True,False,False,4,False,1a차
20260928,GJT,STRATS SM Trust for Allstate Securities Certificates Series 2006-3,NYSE,23.22,1700.0,23.38,23.26,23.23,22.05,23.75,5.3,2.2,53.0,False,False,True,True,True,False,True,False,False,4,False,Stage2 아님
20260928,HNNA,Hennessy Advisors Inc,NASDAQ,10.03,9000.0,10.06,9.98,9.96,8.9,11.19,12.7,10.4,53.0,False,True,True,True,True,False,True,False,False,5,False,베이스 없음
20260928,JELD,JELD-WEN Holding Inc,NYSE,1.77,685600.0,1.83,1.62,1.88,0.92,5.24,91.4,66.2,53.0,False,False,False,False,False,True,False,False,False,1,False,베이스 없음
20260928,KZIA,Kazia Therapeutics Ltd ADR,NASDAQ,9.6,285500.0,12.48,11.57,10.52,4.86,17.4,97.5,44.8,53.0,False,False,True,True,True,True,False,False,False,4,False,베이스 없음
20260928,LOGI,Logitech international S.A.,NASDAQ,100.33,466000.0,102.03,100.64,99.9,83.32,129.66,20.4,22.6,53.0,False,False,True,False,True,False,True,False,False,3,False,베이스 없음
20260928,MAIN,Main Street Capital Corp,NYSE,55.07,469000.0,56.62,54.57,56.31,48.95,65.23,12.5,15.6,53.0,False,False,False,False,True,False,True,False,False,2,False,베이스 없음
20260928,MITN,TPG Mortgage Investment Trust 9 500 Senior Notes Due 2029,NYSE,25.315,3309.0,25.42,25.38,25.38,24.55,26.0,3.1,2.6,53.0,False,False,False,True,True,False,True,False,False,3,False,Stage2 아님
20260928,MXF,Mexico Closed Fund,NYSE,20.7,23702.0,21.46,21.52,21.42,18.3,23.0,13.1,10.0,53.0,False,False,True,True,False,False,True,False,False,3,False,베이스 없음
20260928,MYRG,MYR Group Inc,NASDAQ,285.93,206000.0,319.09,355.97,327.46,185.29,503.57,54.3,43.2,53.0,False,False,True,True,False,True,False,False,False,3,False,베이스 없음
20260928,NMPAU,NMP Acquisition Units,NASDAQ,10.35,0.0,10.4,10.34,10.32,10.08,11.41,2.7,9.3,53.0,False,True,True,True,True,False,True,False,False,5,False,자료 부족
20260928,NNDM,Nano Dimension Ltd. ADR,NASDAQ,1.56,949900.0,1.55,1.62,1.67,1.19,2.32,31.1,32.8,53.0,False,False,False,False,False,True,False,False,True,2,False,베이스 없음
20260928,NRGV,Energy Vault Holdings  Inc.,NYSE,4.05,4133600.0,3.68,3.94,4.15,2.5,6.64,62.0,39.1,53.0,False,False,False,True,False,True,False,False,True,3,False,1 형성중
20260928,NXPI,NXP Semiconductors NV,NASDAQ,236.32,3597200.0,235.43,250.13,245.53,183.0,339.95,29.1,30.5,53.0,False,False,True,True,False,True,False,False,True,4,False,베이스 없음
20260513,OCCIO,OFS Credit Company 6 125 Prf Series C,NASDAQ,24.98,0.0,25.01,24.99,24.99,24.5,25.8,2.0,3.2,53.0,False,False,False,True,True,False,True,False,False,3,False,Stage2 아님
20260928,OXLCN,Oxford Lane Capital 7 125 Prf Shs Series 2029,NASDAQ,24.5,205.0,24.66,24.62,24.59,23.93,25.1,2.4,2.4,53.0,False,False,True,True,True,False,True,False,False,4,False,Stage2 아님
20260928,PCYO,Pure Cycle Corp,NASDAQ,10.93,101200.0,11.04,10.84,10.96,9.7,12.44,12.6,12.1,53.0,False,False,False,False,True,False,True,False,False,2,False,베이스 없음
20260928,POWI,Power Integrations  Inc.,NASDAQ,51.84,618900.0,57.16,62.71,57.5,30.86,91.18,68.0,43.1,53.0,False,False,True,True,False,True,False,False,False,3,False,베이스 없음
20260928,RHLD,Resolute Holdings Management  Inc,NYSE,124.22,84200.0,129.59,136.3,152.79,64.6,236.19,92.3,47.4,53.0,False,False,False,False,False,True,False,False,False,1,False,베이스 없음
20260928,SNA,Snap-On Inc,NYSE,369.21,314300.0,393.47,384.08,378.81,320.8,423.02,15.1,12.7,53.0,False,False,True,True,True,False,True,False,False,4,False,베이스 없음
20260928,SON,Sonoco Products Company,NYSE,49.97,910500.0,54.63,53.18,51.75,38.65,60.67,29.3,17.6,53.0,False,False,True,True,True,True,True,False,False,5,False,베이스 없음
20260928,WTRG,Essential Utilities Inc,NYSE,38.96,1701000.0,40.44,39.34,39.14,36.11,42.51,7.9,8.4,53.0,False,False,True,True,True,False,True,False,False,4,False,베이스 없음
20260928,ABCB,Ameris Bancorp,NYSE,81.44,447800.0,86.36,84.46,83.29,68.8,93.22,18.4,12.6,52.0,False,False,True,True,True,False,True,False,False,4,False,베이스 없음
20260928,AFGC,American Financial Group 5 125 Subordinated Debentures due 2059,NYSE,18.55,28586.0,17.99,18.24,18.46,17.55,20.7,5.7,10.4,52.0,False,True,False,False,False,False,True,False,True,3,False,베이스 없음
20260928,AFL,Aflac Incorporated,NYSE,113.55,1482900.0,119.91,116.23,114.94,105.43,130.22,7.7,12.8,52.0,False,False,True,True,True,False,True,False,False,4,False,베이스 없음
20260928,AIN,Albany International Corp,NYSE,60.08,195800.0,64.08,62.51,60.67,41.15,77.0,46.0,22.0,52.0,False,False,True,True,True,True,True,False,False,5,False,베이스 없음
20260928,ALGM,Allegro Microsystems Inc,NASDAQ,36.94,2747400.0,39.65,42.45,40.05,22.41,71.77,64.8,48.5,52.0,False,False,True,True,False,True,False,False,False,3,False,베이스 없음
20260928,AQST,Aquestive Therapeutics  Inc.,NASDAQ,4.75,1273800.0,4.49,4.28,4.38,2.93,7.55,62.1,37.1,52.0,False,True,False,False,True,True,False,False,True,4,False,1 형성중
20260928,ATLCZ,Atlanticus Holding 9 25 Senior Notes due 2029,NASDAQ,25.5,36499.0,25.46,25.43,25.46,24.72,25.89,3.2,1.5,52.0,False,True,False,True,True,False,True,False,True,5,False,Stage2 아님
20260928,BBIO,BridgeBio Pharma  Inc.,NASDAQ,66.61,2946000.0,77.67,73.19,73.71,48.78,93.42,36.6,28.7,52.0,False,False,False,True,True,True,False,False,False,3,False,베이스 없음
20260928,BIP,Brookfield Infrastructure Partners Units,NYSE,34.84,538300.0,38.3,37.7,37.19,30.98,44.04,12.5,20.9,52.0,False,False,True,True,True,False,True,False,False,4,False,베이스 없음
20260909,BRNS,Barinthus Biotherapeutics PLC ADR,NASDAQ,0.7401,376145.0,0.63,0.64,0.66,0.51,1.83,44.6,59.6,52.0,True,True,False,False,False,True,False,False,True,3,False,Stage2 아님
20260928,BRUN,Boost Run Inc,NASDAQ,16.24,1499700.0,18.78,20.28,18.18,10.59,42.0,53.4,61.3,52.0,False,False,True,True,False,True,False,False,False,3,False,베이스 없음
20260928,CAPL,CrossAmerica Partners Common Units,NYSE,21.59,12700.0,22.52,22.0,21.89,19.67,24.63,9.8,12.3,52.0,False,False,True,True,True,False,True,False,False,4,False,베이스 없음
20260928,CART,Maplebear Inc.,NASDAQ,43.34,4522400.0,47.34,43.25,42.59,32.73,52.67,32.4,17.7,52.0,False,True,True,True,True,True,True,False,False,6,False,2 형성중
20260928,CMC,Commercial Metals Co,NYSE,64.49,1369000.0,68.43,68.37,70.02,53.08,84.87,21.5,24.0,52.0,False,False,False,True,False,False,True,False,False,2,False,베이스 없음
20260928,COLB,Columbia Banking System Inc,NASDAQ,29.06,2046000.0,30.88,29.9,29.81,23.83,33.68,21.9,13.7,52.0,False,False,True,True,True,False,True,False,False,4,False,베이스 없음
20260928,EEA,The European Equity Fund Inc,NYSE,10.54,14057.0,10.98,10.7,10.73,9.62,11.43,9.6,7.8,52.0,False,False,False,True,True,False,True,False,False,3,False,베이스 없음
20260928,EIIA,Eagle Point Institutional Income 8 125 Term Prf Shs Series A,NYSE,25.11,990.0,25.22,25.2,25.2,24.9,25.52,0.8,1.6,52.0,False,False,False,False,True,False,True,False,False,2,False,Stage2 아님
20260928,ESTA,Establishment Labs Holdings Inc,NASDAQ,65.34,345900.0,78.09,74.3,73.42,37.37,97.59,74.8,33.0,52.0,False,False,True,True,True,True,False,False,False,4,False,베이스 없음
20260928,FRPT,Freshpet  Inc.,NASDAQ,57.17,759200.0,65.59,62.74,63.69,46.45,86.0,23.1,33.5,52.0,False,False,False,True,True,False,False,False,False,2,False,베이스 없음
20260928,FTV,Fortive Corporation,NYSE,55.76,1829500.0,58.83,59.08,58.24,47.31,64.56,17.9,13.6,52.0,False,False,True,True,False,False,True,False,False,3,False,베이스 없음
20260928,GWRS,Global Water Resources Inc,NASDAQ,7.95,68800.0,8.2,7.68,7.93,6.55,11.17,21.4,28.8,52.0,False,True,False,False,True,False,False,False,False,2,False,1 형성중
20260928,HRI,Herc Holdings Inc.,NYSE,133.9,471500.0,152.42,136.0,141.76,88.45,188.35,51.4,28.9,52.0,False,False,False,True,True,True,False,False,False,3,False,베이스 없음
20260928,JCAP,Jefferson Capital Inc,NASDAQ,19.32,332600.0,20.9,19.68,20.27,15.5,24.44,24.6,20.9,52.0,False,False,False,False,True,False,True,False,False,2,False,Stage2 아님
20260928,JLL,Jones Lang LaSalle Incorporated,NYSE,314.1,443700.0,352.65,324.44,327.86,259.83,393.84,20.9,20.2,52.0,False,False,False,True,True,False,True,False,False,3,False,베이스 없음
20260928,KVUE,Kenvue Inc.,NYSE,17.88,16006900.0,18.76,18.19,18.02,14.02,20.13,27.5,11.2,52.0,False,False,True,True,True,True,True,False,False,5,False,베이스 없음
20260928,LMT,Lockheed Martin Corp,NYSE,518.1,1076200.0,556.39,563.13,561.78,437.25,692.0,18.5,25.1,52.0,False,False,True,True,False,False,False,False,False,2,False,베이스 없음
20260928,LUV,Southwest Airlines Co,NYSE,42.28,5953100.0,42.82,42.96,43.49,29.26,55.11,44.5,23.3,52.0,False,False,False,True,False,True,True,False,False,3,False,베이스 없음
20260928,MFAN,MFA Financial 8 875 Senior Notes due 2029,NYSE,25.13,8827.0,25.2,25.19,25.2,24.44,25.75,2.8,2.4,52.0,False,False,False,True,True,False,True,False,False,3,False,Stage2 아님
20260928,MFAO,MFA Financial 9 00 Senior Notes due 2029,NYSE,25.2001,12533.0,25.25,25.26,25.29,24.18,25.75,4.2,2.1,52.0,False,False,False,True,False,False,True,False,False,2,False,Stage2 아님
20260928,MITP,TPG Mortgage Investment Trust 9 500 Senior Notes Due 2029,NYSE,25.28,1464.0,25.32,25.32,25.34,24.43,25.7,3.5,1.6,52.0,False,False,False,True,False,False,True,False,False,2,False,Stage2 아님
20260928,NCNO,nCino  Inc.,NASDAQ,18.6,1954100.0,20.09,17.56,18.85,13.8,28.42,34.8,34.5,52.0,False,False,False,False,True,True,False,False,False,2,False,베이스 없음
20260928,NEWTG,NewtekOne 8 50 Fixed Rate Senior Notes due 2029,NASDAQ,25.0799,1091.0,25.45,25.35,25.33,24.5,25.82,2.4,2.9,52.0,False,False,True,True,True,False,True,False,False,4,False,Stage2 아님
20260928,NPCE,NeuroPace  Inc.,NASDAQ,14.15,134300.0,14.46,15.19,15.38,9.22,19.6,53.5,27.8,52.0,False,False,False,False,False,True,False,False,False,1,False,베이스 없음
20260928,OCSL,Oaktree Specialty Lending Corp,NASDAQ,12.0,319900.0,12.52,12.08,12.23,10.63,14.31,12.9,16.1,52.0,False,False,False,False,True,False,True,False,False,2,False,Stage2 아님
20260928,ONL,Orion Properties Inc.,NYSE,2.51,183200.0,2.68,2.64,2.55,1.89,3.05,32.8,17.7,52.0,False,False,True,True,True,True,True,False,False,5,False,베이스 없음
20260928,POWWP,AMMO 8 75 Cumulative Redeemable Perpetual Prf Shs Series A,NASDAQ,24.1,9589.0,24.2,24.37,24.3,22.75,25.5,5.9,5.5,52.0,False,False,True,False,False,False,True,False,False,2,False,베이스 없음
20260928,RES,RPC Inc,NYSE,5.73,1962200.0,6.06,6.49,6.33,4.18,8.16,37.1,29.8,52.0,False,False,True,True,False,True,False,False,False,3,False,베이스 없음
20260626,SVA,Sinovac Biotech Ltd,NASDAQ,6.47,0.0,6.47,6.47,6.47,6.47,6.47,0.0,0.0,52.0,False,False,False,False,False,False,True,False,False,1,False,-
20260928,UAL,United Airlines Holdings  Inc.,NASDAQ,111.51,3998700.0,116.25,108.22,109.04,84.64,138.77,31.7,19.6,52.0,False,True,False,True,True,True,True,False,False,5,False,베이스 없음
20260928,VALE,Vale S.A. ADR,NYSE,13.59,23175900.0,14.61,15.46,15.31,10.58,17.94,28.4,24.2,52.0,False,False,True,True,False,True,True,False,False,4,False,베이스 없음
20260928,VANI,Vivani Medical Inc,NASDAQ,1.25,107000.0,1.34,1.25,1.28,0.92,1.92,35.4,34.9,52.0,False,False,False,False,True,True,False,False,False,2,False,베이스 없음
20260928,VIP,Vulcan Infrastructure and Power Inc,NASDAQ,1.61,123200.0,1.95,1.59,1.56,1.0,3.36,61.0,52.1,52.0,False,True,True,True,True,True,False,False,False,5,False,3 형성중
20260928,VIRC,Virco Mfg Corp,NASDAQ,6.5,15200.0,6.13,6.12,6.21,5.16,7.89,26.0,17.6,52.0,False,True,False,False,False,True,True,False,True,4,False,베이스 없음
20260928,ABXL,Abacus Global Management 9 875 Fixed Rate Senior Notes due 2028,NYSE,25.25,11922.0,25.61,25.63,25.68,24.92,26.35,1.3,4.2,51.0,False,False,False,True,False,False,True,False,False,2,False,베이스 없음
20260928,ACGL,Arch Capital Group Ltd.,NASDAQ,94.9,3563400.0,98.77,96.6,96.33,82.45,107.09,15.1,11.4,51.0,False,False,True,True,True,False,True,False,False,4,False,베이스 없음
20260928,ACN,Accenture PLC,NYSE,174.47,5499800.0,175.03,176.41,197.9,118.15,291.09,47.7,40.1,51.0,False,False,False,False,False,True,False,False,False,1,False,베이스 없음
20260928,ADAM,Adamas Trust  Inc.,NASDAQ,8.01,899400.0,9.31,8.75,8.51,6.45,10.36,24.2,22.7,51.0,False,False,True,True,True,False,True,False,False,4,False,베이스 없음
20260928,AFRM,Affirm Holdings  Inc.,NASDAQ,67.21,3679500.0,73.61,66.33,66.75,42.1,90.44,59.7,25.7,51.0,False,True,False,True,True,True,False,False,False,4,False,1 형성중
20260928,ANY,Sphere 3D Corp,NASDAQ,2.9,249000.0,2.26,2.1,2.38,1.08,12.6,167.5,77.0,51.0,False,True,False,False,False,True,False,False,True,3,False,Stage2 아님
20260928,AOMD,Angel Oak Mortgage Reit 9 750 Senior Notes Due 2030,NYSE,24.85,13052.0,25.22,25.16,25.24,23.52,25.84,5.7,3.8,51.0,False,False,False,False,False,False,True,False,False,1,False,Stage2 아님
20260928,AOMN,Angel Oak Mortgage REIT 9.500 Senior Notes due 2029,NYSE,24.96,12607.0,25.15,25.14,25.19,24.24,25.85,3.0,3.4,51.0,False,False,False,True,False,False,True,False,False,2,False,Stage2 아님
20260928,BCML,BayCom Corp,NASDAQ,30.87,76800.0,30.75,30.63,30.48,26.78,34.98,15.3,11.7,51.0,False,True,True,True,True,False,True,False,True,6,False,베이스 없음
20260928,BILL,BILL Holdings  Inc.,NYSE,41.6,2364100.0,47.22,41.43,43.54,31.41,57.21,32.4,27.3,51.0,False,False,False,False,True,True,False,False,False,2,False,베이스 없음
20260928,CAF,Morgan Stanley China A Share Closed Fund,NYSE,18.0,2933.0,19.07,18.94,18.67,15.6,21.41,15.4,15.9,51.0,False,False,True,True,True,False,True,False,False,4,False,베이스 없음
20260928,CBT,Cabot Corp,NYSE,78.45,370700.0,84.08,81.19,78.67,58.33,94.53,34.5,17.0,51.0,False,False,True,True,True,True,True,False,False,5,False,베이스 없음
20260928,CIMN,Chimera Investment 9 00 Senior Notes due 2029,NYSE,25.01,17632.0,25.17,25.21,25.23,24.37,25.76,2.6,2.9,51.0,False,False,False,True,False,False,True,False,False,2,False,Stage2 아님
20260928,CIMO,Chimera Investment 9 250 Senior Notes due 2029,NYSE,25.19,8369.0,25.3,25.32,25.36,24.65,25.85,2.2,2.6,51.0,False,False,False,True,False,False,True,False,False,2,False,Stage2 아님
20260928,CNDT,Conduent Incorporated,NASDAQ,1.57,1125400.0,1.63,1.54,1.6,1.15,2.85,36.5,44.9,51.0,False,False,False,False,True,True,False,False,False,2,False,베이스 없음
20260928,CTNM,Contineum Therapeutics  Inc.,NASDAQ,12.73,534100.0,14.94,13.98,13.67,8.6,17.78,48.0,28.4,51.0,False,False,True,True,True,True,False,False,False,4,False,베이스 없음
20260928,DERM,Journey Medical Corp,NASDAQ,6.43,148400.0,6.96,6.5,6.89,4.31,9.56,49.2,32.7,51.0,False,False,False,False,True,True,False,False,False,2,False,베이스 없음
20260928,EMBC,Embecta Corp.,NASDAQ,5.93,680900.0,4.72,5.74,7.17,2.77,14.91,114.1,60.2,51.0,True,False,False,False,False,True,False,False,True,2,False,베이스 없음
20260928,FRME,First Merchants Corporation,NASDAQ,40.37,556200.0,42.2,40.9,40.51,34.66,45.33,16.5,10.9,51.0,False,False,True,True,True,False,True,False,False,4,False,베이스 없음
20260928,GLAD,Gladstone Capital Corp,NASDAQ,19.26,184000.0,19.5,19.0,19.33,16.54,22.7,16.4,15.2,51.0,False,False,False,False,True,False,True,False,False,2,False,베이스 없음
20260928,HWM,Howmet Aerospace Inc.,NYSE,228.32,1818100.0,262.38,257.93,247.45,183.83,310.0,24.2,26.3,51.0,False,False,True,True,True,False,False,False,False,3,False,베이스 없음
20260928,JBIO,Jade Biosciences  Inc.,NASDAQ,14.35,598600.0,19.93,19.37,18.31,7.69,28.0,86.5,48.8,51.0,False,False,True,True,True,True,False,False,False,4,False,베이스 없음
20260928,KMI,Kinder Morgan  Inc.,NYSE,30.63,10405300.0,31.65,32.25,31.36,25.6,34.81,19.6,12.0,51.0,False,False,True,True,False,False,True,False,False,3,False,베이스 없음
20260928,KYIV,Kyivstar Group Ltd,NASDAQ,12.76,596600.0,13.45,13.01,12.98,9.29,16.55,37.4,22.9,51.0,False,False,True,True,True,True,True,False,False,5,False,베이스 없음
20260928,LANDO,Gladstone Land 6 00 Cum Redmabe Prf Shs Series B,NASDAQ,19.83,27488.0,21.0,20.7,20.38,18.5,22.08,7.2,10.2,51.0,False,False,True,True,True,False,True,False,False,4,False,베이스 없음
20260928,LPTH,LightPath Technologies Inc,NASDAQ,9.83,2115000.0,11.38,12.49,12.06,5.83,18.94,68.6,48.1,51.0,False,False,True,True,False,True,False,False,False,3,False,베이스 없음
20260928,MCO,Moody's Corporation,NYSE,460.08,751900.0,484.1,463.72,471.82,402.28,546.88,14.4,15.9,51.0,False,False,False,False,True,False,True,False,False,2,False,베이스 없음
20260928,METCI,Ramaco Resources 8 250 Senior Notes due 2030,NASDAQ,25.25,3309.0,25.28,25.24,25.24,24.71,26.2,2.2,3.6,51.0,False,True,True,True,True,False,True,False,False,5,False,Stage2 아님
20260928,METCZ,Ramaco Resources 8 375 Senior Notes due 2029,NASDAQ,25.29,11447.0,25.38,25.33,25.35,24.83,26.0,1.8,2.7,51.0,False,False,False,True,True,False,True,False,False,3,False,Stage2 아님
20260928,NEWTH,NewtekOne 8 625 Fixed Rate Senior Notes due 2029,NASDAQ,25.03,11746.0,25.24,25.22,25.24,24.5,25.7,2.2,2.6,51.0,False,False,False,True,False,False,True,False,False,2,False,Stage2 아님
20260928,NIE,Virtus Equity And Convertible Income Fund,NYSE,25.05,90203.0,25.95,25.73,25.63,22.78,27.24,10.0,8.0,51.0,False,False,True,True,True,False,True,False,False,4,False,베이스 없음
20260928,OMC,Omnicom Group Inc,NYSE,75.1,2763500.0,82.15,78.75,78.34,66.33,89.57,13.2,16.2,51.0,False,False,True,True,True,False,True,False,False,4,False,베이스 없음
20260928,OR,OR Royalties Inc,NYSE,34.28,682400.0,33.99,36.07,36.98,27.54,48.06,24.5,28.7,51.0,True,False,False,True,False,False,False,False,True,2,False,1 형성중
20260928,PCAR,Paccar Inc,NASDAQ,111.65,2890900.0,126.12,121.24,120.72,92.25,139.24,21.0,19.8,51.0,False,False,True,True,True,False,True,False,False,4,False,베이스 없음
20260928,PHUN,Phunware Inc,NASDAQ,2.0,71000.0,2.08,2.0,1.97,1.56,3.13,28.2,36.1,51.0,False,True,True,False,True,True,False,False,False,4,False,Stage2 아님
20260928,PMTV,PennyMac Mortgage Investment Trust 9 00 Senior Notes due 2030,NYSE,25.21,16222.0,25.32,25.32,25.38,25.0,25.87,0.8,2.6,51.0,False,False,False,False,False,False,True,False,False,1,False,Stage2 아님
20260928,PMTW,Pennymac Mortgage Investment 9 00 Senior Notes Due 2030,NYSE,25.0708,7040.0,25.36,25.32,25.37,24.85,25.91,0.9,3.2,51.0,False,False,False,False,False,False,True,False,False,1,False,Stage2 아님
20260928,QRHC,Quest Resource Holding Corp,NASDAQ,1.37,9900.0,1.38,1.3,1.49,0.81,2.41,69.1,43.2,51.0,False,False,False,False,False,True,False,False,False,1,False,베이스 없음
20260928,QTWO,Q2 Holdings Inc,NYSE,55.1,527600.0,60.7,52.5,55.9,40.79,76.24,35.1,27.7,51.0,False,False,False,False,True,True,False,False,False,2,False,베이스 없음
20260928,SEG,Seaport Entertainment Group Inc,NYSE,23.09,99000.0,26.2,24.3,23.29,17.74,29.61,30.2,22.0,51.0,False,False,True,True,True,True,True,False,False,5,False,베이스 없음
20260928,SHW,Sherwin-Williams Co,NYSE,332.79,1456500.0,338.3,329.18,333.22,289.86,377.77,14.8,11.9,51.0,False,False,False,False,True,False,True,False,False,2,False,베이스 없음
20260928,SIGI,Selective Insurance Group  Inc.,NASDAQ,85.08,618800.0,92.3,87.67,86.82,72.78,100.4,16.9,15.3,51.0,False,False,True,True,True,False,True,False,False,4,False,베이스 없음
20260928,SNAP,Snap Inc,NYSE,5.22,28184300.0,5.27,5.22,5.67,3.81,9.13,37.0,42.8,51.0,False,False,False,False,False,True,False,False,False,1,False,1 형성중
20260928,SOR,Source Capital Beneficial Interest,NYSE,45.25,1900.0,46.13,46.07,46.48,44.2,50.41,2.4,10.2,51.0,False,False,False,False,False,False,True,False,False,1,False,베이스 없음
20260928,SRPT,Sarepta Therapeutics  Inc.,NASDAQ,18.8,2266200.0,18.64,18.65,19.2,14.68,25.32,28.1,25.8,51.0,True,False,False,True,False,True,False,False,True,3,False,베이스 없음
20260928,UL,Unilever PLC ADR,NYSE,62.53,2820100.0,63.09,61.28,62.74,54.75,74.98,14.2,16.6,51.0,False,False,False,False,True,False,True,False,False,2,False,베이스 없음
20260928,USAC,USA Compression Partners Common Unit,NYSE,25.33,309900.0,26.47,27.15,26.58,21.85,30.55,15.9,17.1,51.0,False,False,True,True,False,False,True,False,False,3,False,1 형성중
20260928,UTL,Unitil Corp,NYSE,50.35,116600.0,53.53,52.6,51.92,45.74,57.26,10.1,12.1,51.0,False,False,True,True,True,False,True,False,False,4,False,베이스 없음
20260928,WIX,Wix.com Ltd.,NASDAQ,69.6,1014800.0,71.43,68.19,73.62,40.16,181.11,73.3,61.6,51.0,False,False,False,False,False,True,False,False,False,1,False,베이스 없음
20260928,WPRT,Westport Fuel Systems Inc,NASDAQ,2.05,15500.0,1.86,1.95,1.94,1.54,2.55,33.1,19.6,51.0,False,True,True,True,False,True,True,False,True,6,False,Stage2 아님
20260928,WTGUU,Wintergreen Acquisition Units,NASDAQ,10.776,0.0,10.57,10.78,10.65,10.1,12.25,6.7,12.0,51.0,False,False,True,True,False,False,True,False,True,4,False,자료 부족
20260928,ADAMH,Adamas 9 875 Senior Notes Due 2030,NASDAQ,25.09,66258.0,25.39,25.44,25.49,24.49,25.99,2.4,3.5,50.0,False,False,False,False,False,False,True,False,False,1,False,Stage2 아님
20260928,AGYS,Agilysys Inc,NASDAQ,97.1,202900.0,107.7,88.93,93.18,61.5,145.25,57.9,33.1,50.0,False,True,False,False,True,True,False,False,False,3,False,1 형성중
20260928,ALEC,Alector  Inc.,NASDAQ,1.92,713300.0,1.97,2.06,1.98,1.09,3.4,76.1,43.5,50.0,False,False,True,True,False,True,False,False,False,3,False,베이스 없음
20260928,ARLP,Alliance Resource Partners Units,NASDAQ,24.83,296300.0,25.73,25.81,25.43,23.0,29.45,8.0,15.7,50.0,False,False,True,True,False,False,True,False,False,3,False,베이스 없음
20260928,BCC,Boise Cascade Co,NYSE,76.59,350000.0,79.12,76.11,77.33,65.0,91.97,17.8,16.7,50.0,False,False,False,True,True,False,True,False,False,3,False,베이스 없음
20260928,CBIO,Crescent Biopharma  Inc.,NASDAQ,14.53,290900.0,16.9,17.1,15.71,8.72,27.41,66.6,47.0,50.0,False,False,True,True,False,True,False,False,False,3,False,베이스 없음
20260928,CCD,Calamos Dynamic Convertible And Income Closed Fund,NASDAQ,22.41,91443.0,24.73,24.2,23.68,19.98,26.99,12.1,17.0,50.0,False,False,True,True,True,False,True,False,False,4,False,베이스 없음
20260928,CRSP,CRISPR Therapeutics AG,NASDAQ,54.09,1269700.0,53.53,53.05,53.31,44.12,78.48,22.6,31.1,50.0,False,True,False,True,True,False,False,False,True,4,False,1 형성중
20260928,CTRE,CareTrust REIT  Inc.,NYSE,37.42,2029400.0,39.88,39.59,39.04,32.79,43.62,14.1,14.2,50.0,False,False,True,True,True,False,True,False,False,4,False,베이스 없음
20260928,CTRM,Castor Maritime Inc,NASDAQ,2.09,110500.0,2.19,2.09,2.11,1.66,2.66,25.9,21.4,50.0,False,False,False,True,True,True,True,False,False,4,False,베이스 없음
20260928,DEA,Easterly Government Properties Inc,NYSE,22.78,360700.0,24.4,23.7,23.44,20.56,25.96,10.8,12.2,50.0,False,False,True,True,True,False,True,False,False,4,False,베이스 없음
20260928,DRI,Darden Restaurants Inc,NYSE,197.02,1487700.0,211.26,204.71,203.58,169.0,229.76,16.6,14.2,50.0,False,False,True,True,True,False,True,False,False,4,False,베이스 없음
20260928,DUOT,Duos Technologies Group Inc,NASDAQ,8.99,401200.0,8.98,9.21,9.39,6.17,15.28,45.7,41.2,50.0,False,False,False,False,False,True,False,False,True,2,False,베이스 없음
20260928,EDD,Morgan Stanley Emerging Mrkt Domestic Debt Fd Inc,NYSE,5.58,319108.0,5.84,5.68,5.7,4.96,6.18,12.5,9.7,50.0,False,False,False,True,True,False,True,False,False,3,False,베이스 없음
20260928,ELAN,Elanco Animal Health Incorporated,NYSE,22.45,6343300.0,24.03,23.82,23.77,18.48,27.98,21.5,19.8,50.0,False,False,True,True,True,False,True,False,False,4,False,베이스 없음
20260928,GDL,GDL Fund,NYSE,8.3401,17395.0,8.41,8.43,8.44,8.01,8.67,4.1,3.8,50.0,False,False,False,False,False,False,True,False,False,1,False,Stage2 아님
20260928,GJR,STRATS SM Floating Rate Structured Repackaged Asset Backed Gamble Securities,NYSE,24.6,0.0,24.79,24.76,24.78,24.22,25.28,1.6,2.7,50.0,False,False,False,False,True,False,True,False,False,2,False,Stage2 아님
20260928,GJS,Strats Sm Trust For Goldman Sachs Group Securities Certificates Series 2006-2,NYSE,23.12,1600.0,23.42,23.49,23.46,22.7,24.68,1.9,6.3,50.0,False,False,True,True,False,False,True,False,False,3,False,Stage2 아님
20260928,HCI,Hci Group Inc,NYSE,175.29,113000.0,182.76,168.38,169.43,144.75,210.5,21.1,16.7,50.0,False,True,False,True,True,False,True,False,False,4,False,베이스 없음
20260928,HQY,HealthEquity  Inc.,NASDAQ,88.44,1482900.0,98.93,89.33,88.83,72.76,107.62,21.6,17.8,50.0,False,False,True,False,True,False,True,False,False,3,False,베이스 없음
20260928,IIPR,Innovative Industrial Properties Inc,NYSE,55.21,348800.0,57.9,56.64,54.97,44.58,65.38,23.8,15.6,50.0,False,False,True,True,True,False,True,False,False,4,False,1 형성중
20260928,INVA,Innoviva  Inc.,NASDAQ,21.23,854600.0,21.07,22.16,21.76,16.52,25.15,28.5,15.6,50.0,False,False,True,False,False,True,True,False,True,4,False,베이스 없음
20260928,JLHL,Julong Holding Ltd,NASDAQ,5.92,41400.0,6.64,11.27,9.51,2.7,57.95,119.3,89.8,50.0,False,False,True,True,False,True,False,False,False,3,False,Stage2 아님
20260928,KHC,The Kraft Heinz Company,NASDAQ,23.56,9703900.0,25.27,23.96,23.97,21.04,28.09,12.0,16.1,50.0,False,False,False,False,True,False,True,False,False,2,False,베이스 없음
20260928,KTH,Structured Products 8% Corporate-Backed Trust Securities Certificates by PECO,NYSE,28.4,549.0,28.56,28.59,28.63,27.93,30.0,1.7,5.3,50.0,False,False,False,False,False,False,True,False,False,1,False,Stage2 아님
20260928,LEA,Lear Corporation,NYSE,120.24,780400.0,128.62,130.03,128.33,96.04,150.33,25.2,20.0,50.0,False,False,True,True,False,True,True,False,False,4,False,베이스 없음
20260928,LOB,Live Oak Bancshares  Inc.,NYSE,36.77,247100.0,40.7,38.24,38.12,29.36,44.53,25.2,17.4,50.0,False,False,True,True,True,True,True,False,False,5,False,베이스 없음
20260928,MMI,Marcus & Millichap Inc,NYSE,28.95,201100.0,31.16,29.23,28.64,24.43,33.55,18.5,13.7,50.0,False,False,True,True,True,False,True,False,False,4,False,1 형성중
20260928,MTN,Vail Resorts  Inc.,NYSE,138.09,1551300.0,144.2,136.79,137.78,118.51,163.34,16.5,15.5,50.0,False,True,False,False,True,False,True,False,False,3,False,베이스 없음
20260928,OCCIM,OFS Credit Company 7 875 Prf Shs Series F,NASDAQ,24.85,114.0,25.12,25.12,25.14,24.42,26.06,1.8,4.6,50.0,False,False,False,True,False,False,True,False,False,2,False,Stage2 아님
20260928,PDPA,Pearl Diver Credit 8 00 PRF Series A,NYSE,24.952,856.0,25.1,25.13,25.16,24.51,26.63,1.8,6.3,50.0,False,False,False,False,False,False,True,False,False,1,False,Stage2 아님
20260928,PECO,Phillips Edison & Company  Inc.,NASDAQ,37.59,1165900.0,40.01,39.82,38.89,32.98,44.38,14.0,15.3,50.0,False,False,True,True,True,False,True,False,False,4,False,베이스 없음
20260928,PMTU,PennyMac Mortgage Investment 8 50 Senior Notes due 2028,NYSE,25.15,5233.0,25.64,25.58,25.58,25.02,26.26,0.5,4.2,50.0,False,False,False,False,True,False,True,False,False,2,False,Stage2 아님
20260928,RBC,RBC Bearings Incorporated,NYSE,504.2,328900.0,529.26,566.05,547.83,364.5,667.69,38.3,24.5,50.0,False,False,True,True,False,True,True,False,False,4,False,베이스 없음
20260928,RNGR,Ranger Energy Services Inc,NYSE,15.26,178500.0,16.36,16.47,16.09,11.88,18.82,28.5,18.9,50.0,False,False,True,True,False,True,True,False,False,4,False,베이스 없음
20260928,RTAC,Renatus Tactical Acquisition I Corp,NASDAQ,10.44,20100.0,10.47,10.42,10.49,10.26,11.7,1.8,10.8,50.0,False,False,False,False,False,False,True,False,False,1,False,Stage2 아님
20260928,SD,SandRidge Energy Inc,NYSE,13.6,419700.0,14.06,14.9,14.98,11.14,18.45,22.1,26.3,50.0,False,False,False,True,False,False,False,False,False,1,False,베이스 없음
20260928,SNFCA,Security National Financial Corp,NASDAQ,8.8,27300.0,9.06,9.07,8.94,7.33,10.23,20.0,14.0,50.0,False,False,True,True,False,False,True,False,False,3,False,베이스 없음
20260928,SPME,Sound Point Meridian Capital 7 875 Prf Shs Series B Due 2030,NYSE,24.85,2663.0,25.05,25.05,25.08,24.37,26.0,2.0,4.4,50.0,False,False,False,False,False,False,True,False,False,1,False,Stage2 아님
20260928,STAG,STAG Industrial  Inc.,NYSE,37.01,3059300.0,37.88,38.14,38.04,34.4,42.61,7.6,13.1,50.0,False,False,True,False,False,False,True,False,False,2,False,베이스 없음
20260928,SUZ,Suzano SA ADR,NYSE,8.57,2040200.0,8.67,8.93,9.12,7.56,11.54,13.4,25.7,50.0,True,False,False,True,False,False,False,False,False,1,False,1 형성중
20260928,T,AT&T Inc.,NYSE,24.9,29162600.0,24.74,25.13,25.14,19.89,29.44,25.2,15.4,50.0,True,False,False,True,False,True,True,False,True,4,False,베이스 없음
20260928,TCBI,Texas Capital Bancshares  Inc.,NASDAQ,94.7,610200.0,98.55,98.87,98.7,75.41,108.92,25.6,13.1,50.0,False,False,True,True,False,True,True,False,False,4,False,베이스 없음
20260928,TCPC,BlackRock TCP Capital Corp,NASDAQ,3.98,1233000.0,3.83,3.81,4.21,3.08,6.38,29.2,37.6,50.0,False,False,False,False,False,True,False,False,True,2,False,Stage2 아님
20260928,TRS,TriMas Corporation,NASDAQ,39.41,194900.0,39.35,39.17,38.17,30.43,45.43,29.5,13.3,50.0,False,True,True,True,True,True,True,False,True,7,False,2 형성중
20260928,TVC,Tennessee Valley Authority Power Bonds 1998 Series D due 01 June 2028,NYSE,23.7,14761.0,23.96,24.09,24.13,23.65,24.57,0.2,3.5,50.0,False,False,False,False,False,False,True,False,False,1,False,Stage2 아님
20260928,ULH,Universal Logistics Holdings Inc,NASDAQ,17.4,76400.0,17.74,17.45,17.26,11.73,25.8,48.3,32.6,50.0,False,False,True,True,True,True,False,False,False,4,False,베이스 없음
20260928,VLOS,Velos Acquisition I Corp,NASDAQ,10.68,0.0,10.75,10.77,10.74,9.1,11.96,17.4,10.7,50.0,False,False,True,True,False,False,True,False,False,3,False,Stage2 아님
20260928,WMB,The Williams Companies  Inc.,NYSE,68.98,5586500.0,72.52,73.36,70.93,56.19,80.08,22.8,13.9,50.0,False,False,True,True,False,False,True,False,False,3,False,베이스 없음
20260928,WTFC,Wintrust Financial Corporation,NASDAQ,144.02,326600.0,154.85,150.63,149.8,119.61,167.22,20.4,13.9,50.0,False,False,True,True,True,False,True,False,False,4,False,베이스 없음
20260928,WTM,White Mountains Insurance Group  Ltd.,NYSE,2014.97,15100.0,2111.85,2142.75,2128.16,1648.0,2333.0,22.3,13.6,50.0,False,False,True,True,False,False,True,False,False,3,False,베이스 없음
20260928,WTW,Willis Towers Watson Public Limited Company,NASDAQ,292.11,623000.0,322.5,292.13,299.39,240.61,352.79,21.4,17.2,50.0,False,False,False,False,True,False,True,False,False,2,False,베이스 없음
20260928,XPEL,XPEL  Inc.,NASDAQ,42.96,364700.0,47.07,45.38,47.09,31.5,55.91,36.4,23.2,50.0,False,False,False,True,False,True,True,False,False,3,False,베이스 없음
20260928,ZBH,Zimmer Biomet Holdings  Inc.,NYSE,91.62,1628300.0,95.9,91.56,91.36,79.12,106.88,15.8,14.3,50.0,False,True,True,True,True,False,True,False,False,5,False,1 형성중
20260928,ZURA,Zura Bio Ltd,NASDAQ,4.1,1465000.0,5.41,5.3,5.31,2.07,7.44,98.1,44.9,50.0,False,False,False,True,True,True,False,False,False,3,False,베이스 없음
20260928,ABX,Abacus Global Management Inc,NYSE,8.22,490500.0,9.53,9.46,9.15,5.0,12.44,64.4,33.9,49.0,False,False,True,True,True,True,False,False,False,4,False,베이스 없음
20260928,AGNCZ,AGNC Investment 8 75 Fixed Rate Cumulative Redeemable Prf Shs Series H,NASDAQ,25.02,70000.0,25.4,25.38,25.49,24.58,26.37,1.8,5.1,49.0,False,False,False,False,False,False,True,False,False,1,False,Stage2 아님
20260928,AIRJ,AirJoule Technologies Corporation,NASDAQ,4.04,784000.0,4.73,4.08,3.95,2.22,6.75,82.0,40.1,49.0,False,False,True,True,True,True,False,False,False,4,False,Stage2 아님
20260928,ATR,AptarGroup  Inc.,NYSE,124.45,595700.0,130.37,126.65,126.67,103.23,146.91,20.6,15.3,49.0,False,False,False,True,True,False,True,False,False,3,False,베이스 없음
20260928,BNL,Broadstone Net Lease  Inc.,NYSE,18.84,1223300.0,20.92,20.33,19.82,17.16,23.1,9.8,18.4,49.0,False,False,True,True,True,False,True,False,False,4,False,베이스 없음
20260928,BSEM,BioStem Technologies  Inc.,NASDAQ,4.05,181700.0,3.76,4.23,4.45,2.25,8.4,79.9,51.8,49.0,True,False,False,False,False,True,False,False,True,2,False,Stage2 아님
20260928,BTO,John Hancock Financial Opportunities Fund,NYSE,36.02,38101.0,39.59,37.71,37.51,32.01,42.0,12.5,14.2,49.0,False,False,True,True,True,False,True,False,False,4,False,베이스 없음
20260928,COCH,Envoy Medical Inc,NASDAQ,0.692,64900.0,0.71,0.7,0.7,0.36,1.89,90.6,63.4,49.0,False,False,True,False,True,True,False,False,False,3,False,Stage2 아님
20260928,COST,Costco Wholesale Corp,NASDAQ,922.92,2420300.0,933.99,970.12,960.3,844.06,1096.5,9.3,15.8,49.0,False,False,True,True,False,False,True,False,False,3,False,베이스 없음
20260928,CWT,California Water Service Group,NYSE,45.66,382700.0,49.54,46.92,46.26,41.29,53.82,10.6,15.2,49.0,False,False,True,True,True,False,True,False,False,4,False,베이스 없음
20260626,ESHA,ESH Acquisition Corp,NASDAQ,11.57,0.0,11.7,12.04,11.89,10.99,27.0,5.3,57.1,49.0,False,False,True,True,False,False,False,False,False,2,False,베이스 없음
20260928,EXPO,Exponent  Inc.,NASDAQ,64.35,621000.0,66.92,64.6,66.62,51.91,81.95,24.0,21.5,49.0,False,False,False,False,True,False,True,False,False,2,False,베이스 없음
20260928,EXTR,Extreme Networks  Inc.,NASDAQ,21.0,1424500.0,24.63,23.11,21.28,13.48,33.73,55.8,37.7,49.0,False,False,True,True,True,True,False,False,False,4,False,베이스 없음
20260928,FERG,Ferguson Enterprises Inc,NYSE,227.3,2127600.0,232.5,236.27,237.88,212.13,271.64,7.2,16.3,49.0,False,False,False,False,False,False,True,False,False,1,False,베이스 없음
20260928,FNB,FNB Corp,NYSE,17.43,5297200.0,18.58,17.93,17.88,14.46,19.59,20.5,11.0,49.0,False,False,True,True,True,False,True,False,False,4,False,베이스 없음
20260928,GJO,STRATS SM Wal-Mart 4.65 Floating Rate STRATS Certificates Series 2005-4,NYSE,24.62,300.0,24.67,24.77,24.79,24.02,25.29,2.5,2.6,49.0,False,False,False,False,False,False,True,False,False,1,False,Stage2 아님
20260928,HGBL,Heritage Global Inc,NASDAQ,1.31,93900.0,1.22,1.27,1.28,1.01,1.75,29.7,25.1,49.0,True,True,False,True,False,True,False,False,True,4,False,베이스 없음
20260928,INMD,InMode Ltd.,NASDAQ,14.205,201700.0,14.96,14.29,14.4,12.72,16.74,11.7,15.1,49.0,False,False,False,True,True,False,True,False,False,3,False,1 형성중
20260928,IQMX,Iqm Quantum Computers Oyj ADR,NASDAQ,10.25,160700.0,10.23,10.74,10.62,8.74,15.1,17.3,32.1,49.0,False,False,True,False,False,False,False,False,True,2,False,Stage2 아님
20260928,JOUT,Johnson Outdoors Inc,NASDAQ,44.24,48300.0,46.16,46.67,46.4,35.65,53.54,24.1,17.4,49.0,False,False,True,True,False,False,True,False,False,3,False,1 형성중
20260928,MGRC,McGrath RentCorp,NASDAQ,114.86,151900.0,115.66,113.61,113.02,94.99,125.83,20.9,8.7,49.0,False,True,True,True,True,False,True,False,False,5,False,베이스 없음
20260928,MXCT,MaxCyte Inc,NASDAQ,1.16,284700.0,1.21,1.05,1.09,0.64,1.86,80.4,37.8,49.0,False,True,False,False,True,True,False,False,False,3,False,1 형성중
20260928,NVST,Envista Holdings Corporation,NYSE,23.73,2571400.0,26.62,26.06,25.6,18.77,30.42,26.4,22.0,49.0,False,False,True,True,True,True,True,False,False,5,False,베이스 없음
20260928,NXG,NXG NextGen Infrastructure Income Fund,NYSE,53.76,44141.0,57.4,57.16,55.59,47.1,65.78,14.1,18.3,49.0,False,False,True,True,True,False,True,False,False,4,False,베이스 없음
20260928,ODFL,Old Dominion Freight Line  Inc.,NASDAQ,176.85,1904900.0,201.69,207.54,199.17,126.01,252.03,40.3,29.8,49.0,False,False,True,True,False,True,False,False,False,3,False,베이스 없음
20260928,OGG,Osisko Gold Group Inc,NYSE,2.78,2102600.0,2.7,2.99,3.16,2.18,4.8,27.5,42.0,49.0,True,False,False,False,False,True,False,False,True,2,False,베이스 없음
20260928,OMSE,OMS Energy Technologies Inc,NASDAQ,4.23,25900.0,4.42,4.46,4.49,3.27,7.1,29.4,40.4,49.0,False,False,False,False,False,True,False,False,False,1,False,Stage2 아님
20260928,ORIO,Orion Digital Corp,NASDAQ,1.02,34800.0,0.87,0.93,0.98,0.61,2.07,67.2,50.7,49.0,True,True,False,False,False,True,False,False,True,3,False,Stage2 아님
20260928,PLMR,Palomar Holdings  Inc.,NASDAQ,123.04,234200.0,133.04,125.0,125.87,100.81,147.62,22.1,16.7,49.0,False,False,False,True,True,False,True,False,False,3,False,베이스 없음
20260928,PSA,Public Storage,NYSE,284.79,963800.0,311.93,306.37,299.17,256.54,335.55,11.0,15.1,49.0,False,False,True,True,True,False,True,False,False,4,False,베이스 없음
20260928,RANI,Rani Therapeutics Holdings Inc,NASDAQ,0.776,624600.0,0.82,0.91,1.02,0.44,3.87,74.4,79.9,49.0,False,False,False,False,False,True,False,False,False,1,False,Stage2 아님
20260928,RL,Ralph Lauren Corporation,NYSE,357.16,564200.0,365.17,366.48,365.4,299.98,421.6,19.1,15.3,49.0,False,False,True,False,False,False,True,False,False,2,False,베이스 없음
20260928,RMD,ResMed Inc.,NYSE,222.1,852500.0,220.34,217.38,226.36,180.27,284.87,23.2,22.0,49.0,False,False,False,False,False,False,True,False,True,2,False,베이스 없음
20260928,RWAY,Runway Growth Finance Corp,NASDAQ,6.69,241000.0,6.34,6.46,7.11,5.19,10.36,28.9,35.4,49.0,False,False,False,False,False,True,False,False,True,2,False,베이스 없음
20260928,RZC,Reinsurance Group of America 7 125 Fixed Rate Reset Subordinated Debentures due,NYSE,25.33,25753.0,25.54,25.49,25.5,25.01,26.22,1.3,3.4,49.0,False,False,False,False,True,False,True,False,False,2,False,Stage2 아님
20260928,SCI,Service Corporation International,NYSE,77.07,947400.0,81.87,79.8,79.88,68.41,90.99,12.7,15.3,49.0,False,False,False,True,True,False,True,False,False,3,False,베이스 없음
20260928,SIFY,Sify Technologies Ltd ADR,NASDAQ,13.33,25800.0,14.5,14.87,14.55,10.09,17.85,32.1,25.3,49.0,False,False,True,True,False,True,False,False,False,3,False,베이스 없음
20260928,SKYQ,Sky Quarry Inc,NASDAQ,2.6,1066500.0,3.29,3.67,3.46,1.1,19.45,136.4,86.6,49.0,False,False,True,False,False,True,False,False,False,2,False,Stage2 아님
20260928,SLDB,Solid Biosciences Inc,NASDAQ,7.28,1413500.0,8.82,8.08,7.55,3.79,11.45,92.1,36.4,49.0,False,False,True,True,True,True,False,False,False,4,False,베이스 없음
20260928,SPKL,Spark I Acquisition Corp,NASDAQ,11.56,17100.0,11.65,11.72,11.63,11.04,13.93,4.7,17.0,49.0,False,False,True,True,False,False,True,False,False,3,False,베이스 없음
20260928,STEW,SRH Total Return Fund，Inc,NYSE,17.57,28602.0,18.35,17.87,17.95,16.55,19.05,6.2,7.8,49.0,False,False,False,True,True,False,True,False,False,3,False,베이스 없음
20260928,SVRA,Savara Inc.,NASDAQ,5.07,4371000.0,5.44,5.45,5.56,3.34,7.0,51.8,27.6,49.0,False,False,False,True,False,True,False,False,False,2,False,베이스 없음
20260928,SWKHL,SWK Holdings 9 00 Senior Notes due 2027,NASDAQ,25.01,7666.0,25.33,25.41,25.44,24.34,25.92,2.8,3.5,49.0,False,False,False,False,False,False,True,False,False,1,False,Stage2 아님
20260928,TBCH,Turtle Beach Corporation,NASDAQ,12.69,323400.0,12.63,12.22,12.46,9.84,17.39,29.0,27.0,49.0,False,True,False,False,True,True,False,False,True,4,False,베이스 없음
20260928,THRM,Gentherm Incorporated,NASDAQ,33.61,768900.0,39.65,34.46,34.77,27.0,48.35,24.5,30.5,49.0,False,False,False,True,True,False,False,False,False,2,False,베이스 없음
20260928,USA,Liberty All Star Equity Closed Fund,NYSE,5.83,1147270.0,5.91,5.82,5.91,5.4,6.47,8.0,9.9,49.0,False,False,False,False,False,False,True,False,False,1,False,베이스 없음
20260928,VALN,Valneva SE ADR,NASDAQ,6.47,21600.0,6.06,6.5,7.22,4.75,12.23,36.2,47.1,49.0,True,False,False,False,False,True,False,False,True,2,False,베이스 없음
20260928,VFS,VinFast Auto Ltd,NASDAQ,3.14,278800.0,3.14,3.39,3.39,2.78,5.28,12.9,40.6,49.0,False,False,True,False,False,False,False,False,True,2,False,베이스 없음
20260928,VLYPN,Valley National Bancorp 8 250 Fixed Rate Reset Non Cumulative 8.250,NASDAQ,25.37,9388.0,25.77,25.83,25.89,25.19,26.54,0.7,4.4,49.0,False,False,False,True,False,False,True,False,False,2,False,Stage2 아님
20260928,VNO,Vornado Realty Trust,NYSE,34.1,1417200.0,37.69,33.62,33.36,24.57,41.85,38.8,18.5,49.0,False,True,True,True,True,True,True,False,False,6,False,1 형성중
20260928,YORW,York Water Co,NASDAQ,30.62,120400.0,32.48,31.19,31.61,28.26,34.81,8.4,12.0,49.0,False,False,False,True,True,False,True,False,False,3,False,베이스 없음
20260928,AI,C3.ai Inc,NYSE,10.41,3415800.0,10.0,9.51,10.38,7.68,20.22,35.6,48.5,48.0,True,True,False,False,False,True,False,False,True,3,False,베이스 없음
20260928,APG,APi Group Corporation,NYSE,38.35,2597200.0,39.93,41.99,41.87,33.4,49.99,14.8,23.3,48.0,False,False,True,True,False,False,True,False,False,3,False,베이스 없음
20260928,ASO,Academy Sports and Outdoors  Inc.,NASDAQ,48.61,1207600.0,47.9,51.59,52.62,41.29,62.44,17.7,22.2,48.0,False,False,False,True,False,False,True,False,True,3,False,베이스 없음
20260928,BBT,Beacon Financial Corporation,NYSE,27.81,979500.0,30.89,30.21,29.74,22.81,32.83,21.9,15.3,48.0,False,False,True,True,True,False,True,False,False,4,False,베이스 없음
20260928,BZFD,BuzzFeed  Inc.,NASDAQ,1.06,215400.0,1.13,1.09,1.05,0.54,2.21,96.3,52.0,48.0,False,False,True,True,True,True,False,False,False,4,False,베이스 없음
20260928,CARS,Cars.com Inc,NYSE,10.42,618400.0,11.76,10.46,10.85,7.4,13.69,40.8,23.9,48.0,False,False,False,False,True,True,True,False,False,3,False,베이스 없음
20260928,CPHC,Canterbury Park Holding Corp,NASDAQ,15.74,500.0,15.69,15.72,15.63,14.39,17.4,9.4,9.5,48.0,False,True,True,True,False,False,True,False,True,5,False,베이스 없음
20260928,CRAI,CRA International Inc,NASDAQ,165.22,81000.0,170.38,160.22,169.26,132.17,227.29,25.0,27.3,48.0,False,False,False,False,True,True,False,False,False,2,False,베이스 없음
20260928,CRCL,Circle Internet Group  Inc.,NYSE,85.8,9731300.0,80.1,90.37,86.08,49.9,159.47,71.9,46.2,48.0,True,False,True,True,False,True,False,False,True,4,False,Stage2 아님
20260928,CTW,CTW,NASDAQ,2.11,30000.0,2.44,2.37,2.21,1.1,3.14,91.8,32.8,48.0,False,False,True,True,True,True,False,False,False,4,False,베이스 없음
20260928,CVCO,Cavco Industries  Inc.,NASDAQ,557.53,90800.0,565.83,543.71,558.72,443.34,713.01,25.8,21.8,48.0,False,False,False,False,True,True,True,False,False,3,False,베이스 없음
20260928,DTF,DTF Tax-Free Income 2028 Term Fund Inc.,NYSE,11.18,30792.0,11.47,11.46,11.45,11.16,11.61,0.2,3.7,48.0,False,False,True,True,True,False,True,False,False,4,False,Stage2 아님
20260928,EMN,Eastman Chemical Co,NYSE,66.47,1018600.0,70.2,71.53,71.05,56.11,83.47,18.5,20.4,48.0,False,False,True,True,False,False,True,False,False,3,False,베이스 없음
20260928,EVRG,Evergy  Inc.,NASDAQ,77.91,3598300.0,82.33,82.76,80.95,71.41,88.62,9.1,12.1,48.0,False,False,True,True,False,False,True,False,False,3,False,베이스 없음
20260811,FCT,First Trust Senior Floating Rate Income Fund II,NYSE,9.7,0.0,9.62,9.77,9.74,9.4,10.29,3.2,5.7,48.0,False,False,True,False,False,False,True,False,True,3,False,Stage2 아님
20260928,FELE,FRANKLIN ELECTRIC CO.  INC.,NASDAQ,97.58,255300.0,102.24,100.24,100.11,89.54,115.82,9.0,15.7,48.0,False,False,True,True,True,False,True,False,False,4,False,베이스 없음
20260928,GE,General Electric Company,NYSE,318.24,4173000.0,344.25,327.06,323.16,268.91,388.84,18.3,18.2,48.0,False,False,True,True,True,False,True,False,False,4,False,베이스 없음
20260928,GJH,STRATS SM Untd States Cell 6.375 Structured Repackaged Aset Backed Securits,NYSE,9.36,4200.0,9.41,9.6,9.63,9.0,9.99,4.0,6.3,48.0,False,False,False,False,False,False,True,False,False,1,False,베이스 없음
20260928,GJP,STRATS SM Trust for Dominion Resources Securities Certificate Series 2005-6,NYSE,24.22,200.0,24.56,24.57,24.63,23.63,25.05,2.5,3.3,48.0,False,False,False,False,False,False,True,False,False,1,False,Stage2 아님
20260928,GNL,Global Net Lease Inc,NYSE,8.49,2728600.0,8.95,9.21,9.18,7.48,10.04,13.5,15.4,48.0,False,False,True,True,False,False,True,False,False,3,False,1 형성중
20260928,GSBD,Goldman Sachs BDC Inc,NYSE,9.46,1062900.0,9.5,9.32,9.34,8.36,11.07,13.2,14.5,48.0,False,True,False,False,True,False,True,False,False,3,False,Stage2 아님
20260928,HR,Healthcare Realty Trust Inc,NYSE,17.98,5146000.0,19.6,19.32,18.77,16.31,22.04,10.2,18.4,48.0,False,False,True,True,True,False,True,False,False,4,False,베이스 없음
20260928,HUBB,Hubbell Inc,NYSE,465.72,424400.0,473.99,490.4,487.54,403.82,565.5,15.3,17.6,48.0,False,False,True,True,False,False,True,False,False,3,False,베이스 없음
20260928,IREN,IREN Limited,NASDAQ,41.72,26243700.0,41.37,45.48,45.57,28.93,76.87,44.2,45.7,48.0,False,False,False,False,False,True,False,False,True,2,False,1 형성중
20260928,JBK,Lehman 3.50% Adjustable Corporate Backed Trust Certificates Goldman Sachs,NYSE,25.32,400.0,25.88,26.07,26.02,25.02,29.0,1.2,12.7,48.0,False,False,True,False,False,False,True,False,False,2,False,Stage2 아님
20260928,JKHY,Jack Henry & Associates Inc,NASDAQ,147.82,910800.0,157.43,151.39,158.57,121.04,193.39,22.1,23.6,48.0,False,False,False,False,False,False,True,False,False,1,False,베이스 없음
20260928,KIM,Kimco Realty Corp,NYSE,22.49,5311000.0,24.2,23.97,23.21,19.76,26.65,13.8,15.6,48.0,False,False,True,True,True,False,True,False,False,4,False,베이스 없음
20260928,KRG,Kite Realty Group Trust,NYSE,24.8,1286400.0,26.77,26.7,26.0,21.33,29.92,16.3,17.1,48.0,False,False,True,True,True,False,True,False,False,4,False,베이스 없음
20260928,LBTYB,Liberty Global Ltd Class B,NASDAQ,12.05,126900.0,12.51,13.43,12.96,10.2,29.01,18.1,58.5,48.0,False,False,True,True,False,False,False,False,False,2,False,1 형성중
20260928,LFVN,LifeVantage Corp,NASDAQ,6.19,32200.0,6.41,5.95,5.92,3.9,11.71,58.7,47.1,48.0,False,True,True,False,True,True,False,False,False,4,False,1 형성중
20260831,LIXT,Lixte Biotechnology Holdings Inc,NASDAQ,4.14,138000.0,5.37,4.25,4.23,2.36,8.38,75.4,50.6,48.0,False,False,True,False,True,True,False,False,False,3,False,베이스 없음
20260928,LTM,LATAM Airlines Group S.A. ADR,NYSE,51.5,327900.0,52.3,51.88,53.59,41.41,70.42,24.4,26.9,48.0,False,False,False,True,False,False,False,False,False,1,False,베이스 없음
20260928,MARPS,Marine Petroleum Units,NASDAQ,4.52,5800.0,4.69,4.86,4.76,4.05,6.49,11.6,30.4,48.0,False,False,True,True,False,False,False,False,False,2,False,Stage2 아님
20260928,MBINL,Merchants Bancorp Ind Dep Shs Repstg 1 40Th Int Perp Prf Shs Ser E,NASDAQ,23.28,23105.0,24.75,24.6,24.4,22.56,25.34,3.2,8.1,48.0,False,False,True,True,True,False,True,False,False,4,False,Stage2 아님
20260928,MDXG,MiMedx Group  Inc.,NASDAQ,4.68,881300.0,4.43,4.1,4.57,3.03,7.97,54.5,41.3,48.0,True,True,False,False,False,True,False,False,True,3,False,베이스 없음
20260928,MSEX,Middlesex Water Company,NASDAQ,52.45,135400.0,57.08,54.34,53.86,44.17,62.18,18.7,15.6,48.0,False,False,True,True,True,False,True,False,False,4,False,베이스 없음
20260928,NRXP,NRX Pharmaceuticals Inc,NASDAQ,2.87,732500.0,3.45,3.17,2.92,1.62,5.06,77.2,43.2,48.0,False,False,True,True,True,True,False,False,False,4,False,베이스 없음
20260928,OLP,One Liberty Properties Inc,NYSE,22.06,127600.0,23.96,23.59,23.03,19.62,25.88,12.4,14.8,48.0,False,False,True,True,True,False,True,False,False,4,False,베이스 없음
20260928,PLAB,Photronics  Inc.,NASDAQ,30.5,872100.0,30.16,36.35,36.01,20.05,56.0,52.1,45.5,48.0,False,False,True,True,False,True,False,False,True,4,False,베이스 없음
20260928,POCI,Precision Optics Corporation Inc,NASDAQ,4.53,502500.0,4.36,4.6,4.6,3.55,6.15,27.6,26.3,48.0,False,False,True,False,False,True,False,False,True,3,False,베이스 없음
20260928,PPLI,People Incorporated,NASDAQ,39.64,1621200.0,39.94,41.2,40.46,29.56,48.32,34.1,18.0,48.0,False,False,True,True,False,True,True,False,False,4,False,베이스 없음
20260928,RF,Regions Financial Corporation,NYSE,27.26,12374100.0,30.3,28.75,28.69,22.7,32.47,20.1,16.0,48.0,False,False,True,True,True,False,True,False,False,4,False,베이스 없음
20260928,RRC,Range Resources Corporation,NYSE,37.86,3328700.0,39.87,40.5,39.32,32.68,48.31,15.9,21.6,48.0,False,False,True,True,False,False,True,False,False,3,False,베이스 없음
20260928,RSG,Republic Services Inc,NYSE,212.93,993900.0,217.41,215.2,215.16,196.41,233.42,8.4,8.8,48.0,False,False,True,True,True,False,True,False,False,4,False,베이스 없음
20260928,RXRX,Recursion Pharmaceuticals  Inc.,NASDAQ,3.7,12827900.0,3.33,3.35,3.58,2.77,7.18,33.6,48.5,48.0,True,True,False,False,False,True,False,False,True,3,False,1a차
20260928,RYTM,Rhythm Pharmaceuticals  Inc.,NASDAQ,98.56,840600.0,106.21,97.03,99.21,74.5,122.2,32.3,19.3,48.0,False,False,False,False,True,True,True,False,False,3,False,베이스 없음
20260928,SWIM,Latham Group Inc,NASDAQ,6.21,596700.0,6.54,6.05,6.17,4.64,8.97,33.8,30.7,48.0,False,True,False,False,True,True,False,False,False,3,False,1 형성중
20260928,TECX,Tectonic Therapeutic  Inc.,NASDAQ,23.51,234800.0,30.86,30.22,27.83,14.39,39.53,63.4,40.5,48.0,False,False,True,True,True,True,False,False,False,4,False,베이스 없음
20260928,TM,TOYOTA MOTOR CORPORATION ADR,NYSE,188.3,199800.0,189.96,194.19,201.86,166.1,248.9,13.4,24.3,48.0,True,False,False,False,False,False,True,False,False,1,False,베이스 없음
20260928,TR,Tootsie Roll Industries Inc,NYSE,37.78,224400.0,39.3,40.16,39.36,33.44,45.06,13.0,16.2,48.0,False,False,True,True,False,False,True,False,False,3,False,베이스 없음
20260928,UPXI,Upexi  Inc,NASDAQ,1.19,3694300.0,0.97,1.04,1.21,0.54,7.75,120.4,84.6,48.0,True,False,False,False,False,True,False,False,True,2,False,Stage2 아님
20260928,AAL,American Airlines Group Inc.,NASDAQ,13.52,63589900.0,14.14,13.55,13.88,10.09,18.79,34.0,28.0,47.0,False,False,False,False,True,True,False,False,False,2,False,베이스 없음
20260928,ALV,Autoliv  Inc.,NYSE,114.03,823400.0,120.52,117.68,119.15,99.16,132.17,15.0,13.7,47.0,False,False,False,True,True,False,True,False,False,3,False,1 형성중
20260928,AM,Antero Midstream Corporation,NYSE,20.7,2317300.0,22.0,22.07,21.2,16.96,23.84,22.1,13.2,47.0,False,False,True,True,False,False,True,False,False,3,False,베이스 없음
20260928,BANX,ArrowMark Financial Corp.,NASDAQ,19.74,65811.0,20.55,19.88,20.25,18.45,22.5,7.0,12.3,47.0,False,False,False,False,True,False,True,False,False,2,False,베이스 없음
20260928,BF.A,Brown-Forman Corporation Class A,NYSE,26.57,143600.0,27.73,27.22,27.46,23.01,31.14,15.5,14.7,47.0,False,False,False,False,True,False,True,False,False,2,False,Stage2 아님
20260928,BPYPN,Brookfield Ppty Partners 5 750 Cum Red Perp Series 3 Class A,NASDAQ,13.35,11856.0,13.79,13.79,13.75,12.99,14.88,2.8,10.3,47.0,False,False,True,True,True,False,True,False,False,4,False,베이스 없음
20260928,BSL,Blackstone Senior Floating Rate 2027 Term Fund,NYSE,12.89,40955.0,13.0,12.98,13.11,12.45,14.14,3.5,8.8,47.0,False,False,False,False,False,False,True,False,False,1,False,Stage2 아님
20260928,BTCS,BTCS Inc,NASDAQ,1.55,1385500.0,1.27,1.46,1.73,0.96,6.15,61.0,74.8,47.0,True,False,False,False,False,True,False,False,True,2,False,베이스 없음
20260928,BULL,Webull Corp,NASDAQ,7.05,7967300.0,8.2,6.94,7.12,4.5,16.04,56.7,56.0,47.0,False,False,False,False,True,True,False,False,False,2,False,베이스 없음
20260928,BXSL,Blackstone Secured Lending Fund,NYSE,24.39,2041000.0,24.28,24.01,24.56,22.47,28.59,8.5,14.7,47.0,False,False,False,False,False,False,True,False,True,2,False,베이스 없음
20260928,CAL,Caleres Inc,NYSE,12.53,438400.0,12.8,12.43,12.56,8.8,15.04,42.4,16.7,47.0,False,False,False,True,True,True,True,False,False,4,False,베이스 없음
20260928,CBU,Community Financial System Inc,NYSE,60.49,234300.0,64.06,63.05,62.77,53.46,71.11,13.2,14.9,47.0,False,False,True,True,True,False,True,False,False,4,False,베이스 없음
20260928,CHH,Choice Hotels International  Inc.,NYSE,103.0,406800.0,105.18,107.06,105.79,84.04,123.82,22.6,16.8,47.0,False,False,True,True,False,False,True,False,False,3,False,베이스 없음
20260928,CHI,Calamos Convertible Opportunities and Income Closed Fund,NASDAQ,11.36,302454.0,12.63,12.29,11.98,10.26,13.5,10.7,15.9,47.0,False,False,True,True,True,False,True,False,False,4,False,베이스 없음
20260928,CHTRP,Charter Communications Cumulative Redeemable Prf Shs Series A,NASDAQ,22.6,14913.0,22.39,22.57,22.98,21.05,28.47,7.4,20.6,47.0,False,False,False,False,False,False,True,False,True,2,False,Stage2 아님
20260928,DLB,Dolby Laboratories  Inc.,NYSE,58.19,621300.0,59.15,58.31,59.93,48.26,73.01,20.6,20.3,47.0,False,False,False,False,False,False,True,False,False,1,False,베이스 없음
20260928,ETJ,Eaton Vance Risk Managed Diversified Equity Income Closed Fund,NYSE,8.18,170953.0,8.39,8.39,8.49,7.88,9.08,3.8,9.9,47.0,False,False,False,False,False,False,True,False,False,1,False,베이스 없음
20260928,FFIN,First Financial Bankshares Inc,NASDAQ,32.05,764500.0,33.95,32.66,32.52,28.12,36.52,14.0,12.2,47.0,False,False,True,True,True,False,True,False,False,4,False,베이스 없음
20260928,FTS,Fortis Inc.,NYSE,53.12,944200.0,55.75,56.36,55.45,49.42,59.4,7.5,10.6,47.0,False,False,True,True,False,False,True,False,False,3,False,베이스 없음
20260928,GD,General Dynamics Corp,NYSE,334.16,1870400.0,372.62,356.64,355.16,306.77,400.0,8.9,16.5,47.0,False,False,True,True,True,False,True,False,False,4,False,베이스 없음
20260928,H,Hyatt Hotels Corp,NYSE,161.19,727700.0,172.63,171.15,169.32,134.18,206.86,20.1,22.1,47.0,False,False,True,True,True,False,True,False,False,4,False,베이스 없음
20260928,HLN,Haleon PLC ADR,NYSE,9.17,15714500.0,9.73,9.66,9.81,8.65,11.28,6.0,18.7,47.0,False,False,False,False,False,False,True,False,False,1,False,베이스 없음
20260928,HTHT,H World Group Limited ADR,NASDAQ,43.29,2143900.0,43.86,46.7,47.44,36.56,56.64,18.4,23.6,47.0,False,False,False,False,False,False,True,False,False,1,False,베이스 없음
20260928,IGI,Western Asset Investment Grade Opps Trust Inc.,NYSE,15.8,2688.0,15.81,16.02,16.14,15.08,16.93,4.8,6.7,47.0,False,False,False,False,False,False,True,False,False,1,False,Stage2 아님
20260928,IPB,Merrill Lynch Depositor Certificates Series 2003 1 Exp 15 May 2033,NYSE,25.385,1200.0,25.3,25.66,25.73,24.82,27.27,2.3,6.9,47.0,False,False,False,False,False,False,True,False,True,2,False,Stage2 아님
20260928,KTN,Structured Products 8.205% Credit-Enhanced Corporate-Backed Trust Securities,NYSE,25.62,737.0,25.47,25.8,25.84,25.21,26.89,1.6,4.7,47.0,False,False,False,False,False,False,True,False,True,2,False,Stage2 아님
20260928,L,Loews Corporation,NYSE,104.95,812600.0,111.64,109.94,108.93,97.38,121.01,7.8,13.3,47.0,False,False,True,True,True,False,True,False,False,4,False,베이스 없음
20260928,LGI,Lazard Global Total Return & Income Closed Fund,NYSE,17.09,22485.0,18.03,17.9,17.95,15.32,19.88,11.6,14.0,47.0,False,False,False,True,True,False,True,False,False,3,False,베이스 없음
20260928,LIN,Linde PLC,NASDAQ,472.04,1868800.0,483.73,498.21,484.39,387.78,548.2,21.7,13.9,47.0,False,False,True,True,False,False,True,False,False,3,False,베이스 없음
20260928,LOVE,Lovesac Co,NASDAQ,15.42,189000.0,16.18,15.38,15.09,10.33,19.24,49.3,19.9,47.0,False,True,True,True,True,True,True,False,False,6,False,베이스 없음
20260928,MAS,Masco Corporation,NYSE,68.36,2668700.0,73.04,70.53,69.98,58.16,83.64,17.5,18.3,47.0,False,False,True,True,True,False,True,False,False,4,False,베이스 없음
20260928,MSCI,MSCI Inc.,NYSE,542.72,588900.0,564.72,573.52,572.79,501.08,644.77,8.3,15.8,47.0,False,False,True,False,False,False,True,False,False,2,False,베이스 없음
20260928,OC,Owens Corning,NYSE,122.03,843700.0,139.53,127.28,125.96,97.53,159.91,25.1,23.7,47.0,False,False,True,True,True,True,True,False,False,5,False,베이스 없음
20260928,PNFP,Pinnacle Financial Partners  Inc.,NYSE,93.46,808700.0,101.27,96.49,96.95,81.08,110.33,15.3,15.3,47.0,False,False,False,True,True,False,True,False,False,3,False,베이스 없음
20260928,PTC,PTC Inc.,NASDAQ,139.69,913200.0,139.68,139.06,145.87,108.5,206.82,28.7,32.5,47.0,False,False,False,False,False,True,False,False,True,2,False,베이스 없음
20260928,REG,Regency Centers Corp,NASDAQ,73.33,1024900.0,76.88,77.84,76.19,66.86,83.66,9.7,12.3,47.0,False,False,True,True,False,False,True,False,False,3,False,베이스 없음
20260928,RLMD,Relmada Therapeutics Inc,NASDAQ,3.79,986600.0,4.66,5.92,5.47,1.52,8.0,148.5,52.6,47.0,False,False,True,True,False,True,False,False,False,3,False,베이스 없음
20260928,RMBS,Rambus Inc.,NASDAQ,102.12,1813600.0,93.22,109.59,107.75,77.89,174.1,31.1,41.3,47.0,False,False,True,False,False,True,False,False,True,3,False,베이스 없음
20260928,RSF,RiverNorth Capital and Income Interval Fund,NYSE,14.28,26241.0,14.49,14.55,14.53,14.13,15.07,1.0,5.2,47.0,False,False,True,False,False,False,True,False,False,2,False,Stage2 아님
20260928,RYZ,Ryerson Holding Corporation,NYSE,24.29,447600.0,26.63,25.97,26.27,19.34,32.0,25.6,24.1,47.0,False,False,False,True,True,True,True,False,False,4,False,베이스 없음
20260928,SABS,SAB Biotherapeutics Inc,NASDAQ,3.215,697900.0,3.62,3.73,3.79,1.85,5.15,73.8,37.6,47.0,False,False,False,False,False,True,False,False,False,1,False,Stage2 아님
20260928,SMP,Standard Motor Products Inc,NYSE,37.84,119300.0,38.56,38.18,38.64,34.27,46.0,10.4,17.7,47.0,False,False,False,True,False,False,True,False,False,2,False,베이스 없음
20260928,SYY,Sysco Corporation,NYSE,78.57,4086200.0,82.08,79.93,79.73,68.19,91.85,15.2,14.5,47.0,False,False,True,True,True,False,True,False,False,4,False,베이스 없음
20260928,TBLD,Thornburg Income Builder Opportunities Trust,NASDAQ,20.31,45465.0,21.77,21.82,21.54,19.48,23.02,4.3,11.8,47.0,False,False,True,True,False,False,True,False,False,3,False,베이스 없음
20260928,TCBS,Texas Community Bancshares Inc,NASDAQ,17.03,300.0,17.36,17.2,17.13,15.72,20.0,8.3,14.8,47.0,False,False,True,True,True,False,True,False,False,4,False,2 형성중
20260928,TFC,Truist Financial Corporation,NYSE,47.09,6402000.0,50.83,49.44,49.85,40.78,56.2,15.5,16.2,47.0,False,False,False,True,True,False,True,False,False,3,False,베이스 없음
20260928,TVE,Tennessee Valley Authority Power Bonds 1999 Series A due May 1 2029 (Putable,NYSE,23.12,1819.0,23.45,23.72,23.9,22.87,24.73,1.1,6.5,47.0,False,False,False,False,False,False,True,False,False,1,False,Stage2 아님
20260928,TW,Tradeweb Markets Inc,NASDAQ,100.77,1360800.0,103.25,108.67,108.37,91.42,127.69,10.2,21.1,47.0,False,False,True,False,False,False,True,False,False,2,False,베이스 없음
20260928,UBCP,United Bancorp Inc,NASDAQ,14.75,6043.0,15.61,15.65,15.27,12.55,17.34,17.5,14.9,47.0,False,False,True,True,False,False,True,False,False,3,False,베이스 없음
20260928,VUZI,Vuzix Corp,NASDAQ,2.77,587300.0,2.61,2.8,2.85,1.97,5.62,40.6,50.7,47.0,False,False,False,True,False,True,False,False,True,3,False,베이스 없음
20260928,XFLT,XAI Floating Rate Alternative Income Trust Closed End Fund,NYSE,19.16,31971.0,18.95,18.1,19.19,14.92,26.9,28.4,28.8,47.0,True,False,False,False,False,True,False,False,True,2,False,베이스 없음
20260928,XIFR,XPLR Infrastructure LP,NYSE,10.36,1252400.0,11.57,11.25,10.92,8.68,13.25,19.4,21.8,47.0,False,False,True,True,True,False,True,False,False,4,False,베이스 없음
20260928,XLO,Xilio Therapeutics Inc,NASDAQ,9.05,11100.0,9.02,8.53,8.6,6.47,12.74,39.9,29.0,47.0,False,True,False,False,True,True,False,False,True,4,False,Stage2 아님
20260928,ZWS,Zurn Elkay Water Solutions Corp,NYSE,46.73,702400.0,48.55,48.37,48.28,43.06,55.0,8.5,15.0,47.0,False,False,True,False,True,False,True,False,False,3,False,베이스 없음
20260928,AKTX,Akari Therapeutics PLC ADR,NASDAQ,9.81,82000.0,9.06,8.98,9.45,3.02,49.6,225.4,80.2,46.0,False,True,False,False,False,True,False,False,True,3,False,Stage2 아님
20260928,AMR,Alpha Metallurgical Resources  Inc.,NYSE,175.54,223900.0,178.46,183.48,189.68,133.64,253.82,31.4,30.8,46.0,True,False,False,True,False,True,False,False,False,2,False,베이스 없음
20260928,AMTX,Aemetis Inc,NASDAQ,1.845,1052500.0,1.78,2.11,1.96,1.3,3.8,41.9,51.4,46.0,True,False,True,True,False,True,False,False,True,4,False,Stage2 아님
20260928,ATHS,Athene Holding 7 250 Fixed Rate Reset Junior Subordinated Debentures Due 2064,NYSE,23.91,46242.0,24.75,24.75,24.86,23.6,25.98,1.3,8.0,46.0,False,False,False,False,False,False,True,False,False,1,False,Stage2 아님
20260928,AVTX,Avalo Therapeutics  Inc.,NASDAQ,15.08,749600.0,18.4,16.9,16.81,10.7,24.27,40.9,37.9,46.0,False,False,True,True,True,True,False,False,False,4,False,1 형성중
20260928,AX,Axos Financial  Inc.,NYSE,87.72,356300.0,96.45,92.17,92.19,74.89,105.74,17.1,17.0,46.0,False,False,False,True,True,False,True,False,False,3,False,베이스 없음
20260928,CBUS,Cibus Inc,NASDAQ,1.47,103000.0,1.71,1.86,1.89,1.09,4.19,34.9,64.9,46.0,False,False,False,True,False,True,False,False,False,2,False,베이스 없음
20260928,CDNS,Cadence Design Systems  Inc.,NASDAQ,326.7,1983200.0,318.1,330.75,325.46,262.75,416.69,24.3,21.6,46.0,False,False,True,False,False,False,True,False,True,3,False,베이스 없음
20260928,CGBD,Carlyle Secured Lending Inc,NASDAQ,11.2,262000.0,11.05,11.07,11.42,9.94,13.28,12.6,15.7,46.0,False,False,False,False,False,False,True,False,True,2,False,베이스 없음
20260928,CI,The Cigna Group,NYSE,271.83,1700600.0,280.22,280.47,279.88,239.51,315.47,13.5,13.8,46.0,False,False,True,True,False,False,True,False,False,3,False,베이스 없음
20260928,CUBE,CubeSmart,NYSE,37.39,2777700.0,40.51,39.91,39.28,35.09,43.26,6.6,13.6,46.0,False,False,True,True,True,False,True,False,False,4,False,베이스 없음
20260928,CV,CapsoVision Inc,NASDAQ,6.92,352700.0,6.43,6.48,6.83,4.34,15.37,59.4,55.0,46.0,False,True,False,True,False,True,False,False,True,4,False,Stage2 아님
20260928,CXT,Crane NXT  Co.,NYSE,47.5,544500.0,50.37,46.24,47.4,35.71,69.0,33.0,31.2,46.0,False,True,False,False,True,True,False,False,False,3,False,1 형성중
20260928,DAIC,CID HoldCo Inc,NASDAQ,3.26,308000.0,2.1,3.43,6.39,0.37,81.75,781.1,96.0,46.0,True,False,False,False,False,True,False,False,True,2,False,Stage2 아님
20260928,DLNG,Dynagas LNG Partners Common Units,NYSE,3.54,26500.0,3.71,3.82,3.83,3.27,4.45,8.3,20.4,46.0,False,False,False,True,False,False,True,False,False,2,False,베이스 없음
20260928,ED,Consolidated Edison  Inc.,NYSE,102.83,1944200.0,107.83,109.23,107.72,94.96,116.23,8.3,11.5,46.0,False,False,True,True,False,False,True,False,False,3,False,베이스 없음
20260928,EDF,Virtus Stone Harbor Emerging Markets Income Fund,NYSE,4.98,114652.0,5.22,5.24,5.17,4.72,5.67,5.5,12.2,46.0,False,False,True,True,False,False,True,False,False,3,False,1 형성중
20260928,EOS,Eaton Vance Enhanced Equity Income II Closed Fund,NYSE,21.2,196826.0,21.52,21.75,21.97,19.44,24.35,9.1,12.9,46.0,False,False,False,False,False,False,True,False,False,1,False,베이스 없음
20260928,ETY,Eaton Vance Tax Managed Diversified Equity Income Closed Fund,NYSE,14.07,370619.0,14.34,14.45,14.64,13.12,15.93,7.2,11.7,46.0,False,False,False,False,False,False,True,False,False,1,False,베이스 없음
20260928,F,Ford Motor Co,NYSE,12.38,45432600.0,13.95,13.47,13.52,11.11,17.78,11.4,30.4,46.0,False,False,False,True,True,False,False,False,False,2,False,베이스 없음
20260928,FIEE,FiEE Inc,NASDAQ,3.64,2800.0,3.84,5.25,4.99,1.5,10.59,142.7,65.6,46.0,False,False,True,True,False,True,False,False,False,3,False,베이스 없음
20260928,FLOC,Flowco Holdings Inc.,NYSE,18.98,310000.0,20.93,22.41,21.82,14.03,28.26,35.3,32.8,46.0,False,False,True,True,False,True,False,False,False,3,False,베이스 없음
20260928,FMS,Fresenius Medical Care AG ADR,NYSE,22.95,498700.0,23.5,22.97,23.05,20.02,27.64,14.6,17.0,46.0,False,False,False,False,True,False,True,False,False,2,False,베이스 없음
20260928,FSS,Federal Signal Corp,NYSE,115.01,391300.0,119.51,116.13,115.52,101.19,134.51,13.7,14.5,46.0,False,False,True,True,True,False,True,False,False,4,False,베이스 없음
20260928,GGG,Graco Inc.,NYSE,78.25,1387100.0,78.98,80.28,81.96,72.51,95.69,7.9,18.2,46.0,False,False,False,False,False,False,True,False,False,1,False,베이스 없음
20260928,GGT,Gabelli Multimedia Trust Inc,NYSE,3.98,190320.0,4.08,4.14,4.15,3.87,4.37,2.8,8.9,46.0,False,False,False,False,False,False,True,False,False,1,False,베이스 없음
20260928,GIGM,GigaMedia Ltd,NASDAQ,1.44,1000.0,1.41,1.44,1.46,1.11,1.79,29.7,19.6,46.0,False,False,False,False,False,True,True,False,True,3,False,베이스 없음
20260928,GRBK,Green Brick Partners  Inc.,NYSE,68.28,278900.0,70.48,69.68,69.77,60.44,83.18,13.0,17.9,46.0,False,False,False,True,True,False,True,False,False,3,False,베이스 없음
20260928,HCAT,Health Catalyst  Inc.,NASDAQ,1.77,532600.0,1.85,1.65,1.8,0.96,3.62,85.3,51.0,46.0,False,False,False,False,True,True,False,False,False,2,False,Stage2 아님
20260928,HOUR,Hour Loop Inc,NASDAQ,1.915,140400.0,1.85,1.94,1.92,1.67,3.55,14.6,46.0,46.0,False,False,True,False,False,False,False,False,True,2,False,Stage2 아님
20260928,IGIC,International General Insurance Holdings Ltd,NASDAQ,24.42,316600.0,26.66,25.81,25.57,20.82,29.58,17.3,17.5,46.0,False,False,True,True,True,False,True,False,False,4,False,베이스 없음
20260928,IRMD,IRADIMED CORPORATION,NASDAQ,86.66,103800.0,88.32,92.31,93.94,67.84,107.9,27.7,19.7,46.0,False,False,False,False,False,True,True,False,False,2,False,베이스 없음
20260928,IVT,InvenTrust Properties Corp.,NYSE,30.72,534200.0,33.19,32.82,31.92,26.81,37.22,14.6,17.5,46.0,False,False,True,True,True,False,True,False,False,4,False,베이스 없음
20260928,JSPR,Jasper Therapeutics  Inc.,NASDAQ,0.626,251100.0,0.7,0.81,1.0,0.32,2.69,98.7,76.7,46.0,False,False,False,False,False,True,False,False,False,1,False,베이스 없음
20260928,KEY,KeyCorp,NYSE,20.4,18479400.0,22.09,21.67,21.61,16.47,24.07,23.9,15.2,46.0,False,False,True,True,True,False,True,False,False,4,False,베이스 없음
20260928,LKFT,Lakefront Biotherapeutics NV ADR,NASDAQ,29.84,206600.0,28.29,29.18,30.21,25.68,37.78,16.2,21.0,46.0,False,False,False,False,False,False,True,False,True,2,False,베이스 없음
20260928,LNSR,LENSAR Inc,NASDAQ,6.88,34800.0,7.11,6.85,8.13,4.95,12.94,39.0,46.8,46.0,False,False,False,False,False,True,False,False,False,1,False,베이스 없음
20260928,MHO,M/I Homes Inc,NYSE,137.4,190200.0,147.07,138.96,138.07,116.78,163.66,17.7,16.0,46.0,False,False,True,True,True,False,True,False,False,4,False,베이스 없음
20260928,MSIF,MSC Income Fund Inc,NYSE,12.08,154300.0,12.14,12.23,12.49,10.8,14.46,11.9,16.5,46.0,False,False,False,False,False,False,True,False,False,1,False,Stage2 아님
20260928,NJR,New Jersey Resources Corp,NYSE,50.4,709800.0,55.06,55.49,53.76,43.46,60.86,16.0,17.2,46.0,False,False,True,True,False,False,True,False,False,3,False,베이스 없음
20260928,OSS,One Stop Systems Inc,NASDAQ,8.91,515300.0,11.24,12.18,11.34,4.17,20.88,113.7,57.3,46.0,False,False,True,True,False,True,False,False,False,3,False,베이스 없음
20260928,PB,Prosperity Bancshares  Inc.,NYSE,67.32,1186900.0,72.33,70.31,70.71,61.07,77.2,10.2,12.8,46.0,False,False,False,True,True,False,True,False,False,3,False,베이스 없음
20260928,PLOW,Douglas Dynamics Inc,NYSE,39.54,323300.0,42.22,44.23,42.34,28.52,55.0,38.6,28.1,46.0,False,False,True,True,False,True,False,False,False,3,False,베이스 없음
20260928,PPTA,Perpetua Resources Corp.,NASDAQ,21.82,1062700.0,22.74,25.7,26.51,16.43,37.37,32.8,41.6,46.0,False,False,False,True,False,True,False,False,False,2,False,베이스 없음
20260928,QNME,Quanome Technologies  Inc,NASDAQ,0.65,1056900.0,0.42,0.56,0.63,0.25,1.68,160.0,61.3,46.0,True,True,False,False,False,True,False,False,True,3,False,Stage2 아님
20260928,RWTN,Redwood Trust 9 125 Senior Notes Due 2029,NYSE,23.78,4174.0,24.63,24.79,24.85,23.45,25.77,1.4,7.7,46.0,False,False,False,False,False,False,True,False,False,1,False,Stage2 아님
20260928,SBSW,Sibanye Stillwater Limited ADR,NYSE,10.14,5941000.0,10.78,11.51,12.66,7.87,21.29,28.8,52.4,46.0,False,False,False,True,False,True,False,False,False,2,False,베이스 없음
20260928,SPHL,Springview Holdings Ltd,NASDAQ,2.74,83200.0,2.56,2.72,3.03,1.92,25.11,42.7,89.1,46.0,False,False,False,False,False,True,False,False,True,2,False,Stage2 아님
20260928,SVV,Savers Value Village  Inc.,NYSE,9.35,928700.0,10.17,9.19,9.44,6.9,13.89,35.4,32.7,46.0,False,False,False,True,True,True,False,False,False,3,False,베이스 없음
20260928,TAOX,TAO Synergies Inc,NASDAQ,4.35,147200.0,3.78,4.38,4.46,3.06,10.0,41.9,56.5,46.0,True,False,False,False,False,True,False,False,True,2,False,베이스 없음
20260928,TEI,Templeton Emerging Markets Income Closed Fund,NYSE,6.15,221752.0,6.66,6.52,6.55,5.75,7.0,7.0,12.1,46.0,False,False,False,True,True,False,True,False,False,3,False,베이스 없음
20260928,UTSI,UTStarcom Holdings Corp.,NASDAQ,2.36,3300.0,2.37,2.48,2.47,2.0,3.63,18.0,35.0,46.0,False,False,True,False,False,False,False,False,False,1,False,베이스 없음
20260928,VKTX,Viking Therapeutics  Inc.,NASDAQ,33.03,8557300.0,33.89,33.51,33.31,24.88,43.15,32.8,23.5,46.0,False,False,True,False,True,True,True,False,False,4,False,베이스 없음
20260928,VNOM,Viper Energy Inc,NASDAQ,40.53,1575200.0,43.49,44.94,43.71,35.1,51.13,15.5,20.7,46.0,False,False,True,True,False,False,True,False,False,3,False,베이스 없음
20260928,VPV,Invesco Pennsylvania Value Municipal Income Trust,NYSE,10.38,105320.0,11.0,10.93,10.85,10.23,11.5,1.5,9.7,46.0,False,False,True,True,True,False,True,False,False,4,False,1 형성중
20260928,WMG,Warner Music Group Corp.,NASDAQ,27.14,2793200.0,27.37,28.25,28.6,23.34,35.42,16.3,23.4,46.0,False,False,False,False,False,False,True,False,False,1,False,베이스 없음
20260928,WWD,Woodward  Inc.,NASDAQ,325.94,592800.0,355.22,372.3,362.65,233.31,450.92,39.7,27.7,46.0,False,False,True,True,False,True,False,False,False,3,False,베이스 없음
20260928,ADSE,ADS-TEC Energy PLC,NASDAQ,10.89,17800.0,11.65,11.56,11.62,9.2,13.5,18.4,19.3,45.0,False,False,False,True,True,False,True,False,False,3,False,베이스 없음
20260928,ADUR,Aduro Clean Technologies Inc,NASDAQ,12.31,223800.0,14.09,13.4,13.13,9.0,18.19,36.8,32.3,45.0,False,False,True,True,True,True,False,False,False,4,False,베이스 없음
20260928,AGD,abrdn Global Dynamic Dividend Mutual Fund,NYSE,11.55,113461.0,12.14,12.08,12.1,10.41,13.98,11.0,17.4,45.0,False,False,False,True,True,False,True,False,False,3,False,1 형성중
20260928,ASG,Liberty All Star Growth Closed Fund,NYSE,5.06,313006.0,5.18,5.17,5.21,4.55,5.69,11.2,11.1,45.0,False,False,False,False,False,False,True,False,False,1,False,베이스 없음
20260928,AWK,American Water Works Company  Inc.,NYSE,128.93,1744500.0,136.06,132.67,131.94,120.57,145.64,6.9,11.5,45.0,False,False,True,True,True,False,True,False,False,4,False,1 형성중
20260928,BCRX,BioCryst Pharmaceuticals  Inc.,NASDAQ,8.47,4354700.0,9.3,9.17,8.66,6.0,11.22,41.2,24.5,45.0,False,False,True,True,True,True,True,False,False,5,False,베이스 없음
20260928,BGB,Blackstone Strategic Credit 2027 Term Fund,NYSE,11.08,123807.0,11.23,11.27,11.4,10.85,12.3,2.1,9.9,45.0,False,False,False,False,False,False,True,False,False,1,False,Stage2 아님
20260928,BKSY,BlackSky Technology Inc.,NYSE,22.95,594400.0,24.19,29.16,27.48,12.41,52.88,84.9,56.6,45.0,False,False,True,True,False,True,False,False,False,3,False,베이스 없음
20260928,BORR,Borr Drilling Limited,NYSE,4.01,5194600.0,4.26,4.97,4.86,2.44,6.66,64.3,39.7,45.0,False,False,True,True,False,True,False,False,False,3,False,1 형성중
20260928,BRX,Brixmor Property Group Inc,NYSE,28.0,5731100.0,29.84,30.19,29.33,24.66,32.86,13.5,14.8,45.0,False,False,True,True,False,False,True,False,False,3,False,베이스 없음
20260928,BTI,British American Tobacco p.l.c. ADR,NYSE,56.05,3727000.0,57.62,59.35,59.08,49.88,67.3,12.4,16.7,45.0,False,False,True,False,False,False,True,False,False,2,False,베이스 없음
20260928,CCS,Century Communities Inc,NYSE,61.61,219700.0,66.4,61.84,62.66,47.28,76.0,30.3,18.9,45.0,False,False,False,True,True,True,True,False,False,4,False,베이스 없음
20260928,CHY,Calamos Convertible and High Income Closed Fund,NASDAQ,11.61,245692.0,12.8,12.56,12.34,10.41,13.91,11.5,16.5,45.0,False,False,True,True,True,False,True,False,False,4,False,베이스 없음
20260928,CINF,Cincinnati Financial Corporation,NASDAQ,161.92,395800.0,172.92,168.75,167.49,150.0,194.81,7.9,16.9,45.0,False,False,True,True,True,False,True,False,False,4,False,베이스 없음
20260928,CION,Cion Investment Corp,NYSE,7.07,329700.0,6.96,7.01,7.61,5.83,10.4,21.3,32.0,45.0,False,False,False,False,False,False,False,False,True,1,False,베이스 없음
20260928,CNA,CNA Financial Corp,NYSE,45.44,553000.0,50.09,47.7,47.66,41.53,55.71,9.4,18.4,45.0,False,False,True,True,True,False,True,False,False,4,False,베이스 없음
20260928,COYA,Coya Therapeutics Inc,NASDAQ,4.98,120200.0,4.65,4.67,4.77,3.71,7.75,34.2,35.7,45.0,False,True,False,False,False,True,False,False,True,3,False,1a차
20260928,CVV,CVD Equipment Corp,NASDAQ,4.27,59100.0,6.61,6.0,5.49,2.96,9.1,44.3,53.1,45.0,False,False,True,True,True,True,False,False,False,4,False,1 형성중
20260928,DGICA,Donegal Group Inc Class A,NASDAQ,18.02,123700.0,18.93,17.97,18.32,16.11,21.06,11.9,14.4,45.0,False,False,False,False,True,False,True,False,False,2,False,베이스 없음
20260928,DRD,DRDGOLD Ltd ADR,NYSE,24.34,266300.0,25.01,26.77,28.45,19.47,39.37,25.0,38.2,45.0,True,False,False,False,False,True,False,False,False,1,False,베이스 없음
20260928,FGBIP,First Guaranty Bancshares 6.75 Dep Shs Rep Non Cumulative Perpetual Prf Shs,NASDAQ,17.35,3334.0,18.93,18.94,18.36,14.42,21.46,20.4,19.2,45.0,False,False,True,True,False,False,True,False,False,3,False,베이스 없음
20260928,FHN,First Horizon Corporation,NYSE,23.19,6834500.0,24.92,24.38,24.41,19.8,26.56,17.1,12.7,45.0,False,False,False,True,True,False,True,False,False,3,False,베이스 없음
20260928,FOXF,Fox Factory Holding Corp.,NASDAQ,18.74,943900.0,19.8,18.13,18.19,13.08,26.02,43.3,28.0,45.0,False,True,False,True,True,True,False,False,False,4,False,1 형성중
20260928,GBDC,Golub Capital BDC Inc,NASDAQ,12.49,1253000.0,12.9,12.85,12.98,11.77,14.41,6.1,13.3,45.0,False,False,False,False,False,False,True,False,False,1,False,베이스 없음
20260928,GOODO,Gladstone Commercial 6 00 Cum Red Prf Shs Series G,NASDAQ,19.39,16208.0,20.55,20.21,20.3,19.38,22.2,0.1,12.7,45.0,False,False,False,True,True,False,True,False,False,3,False,베이스 없음
20260928,HOVR,New Horizon Aircraft Ltd,NASDAQ,1.7,352500.0,1.78,1.92,1.92,1.16,4.18,46.6,59.3,45.0,False,False,True,False,False,True,False,False,False,2,False,베이스 없음
20260928,IBOC,International Bancshares Corp,NASDAQ,69.53,374800.0,72.74,71.99,71.61,63.2,78.46,10.0,11.4,45.0,False,False,True,True,True,False,True,False,False,4,False,베이스 없음
20260928,IONQ,IonQ  Inc.,NYSE,44.58,34933600.0,39.86,43.47,43.58,25.89,84.64,72.2,47.3,45.0,False,True,False,False,False,True,False,False,True,3,False,베이스 없음
20260928,IPI,Intrepid Potash Inc,NYSE,32.34,186200.0,36.86,37.78,36.05,22.55,50.34,43.4,35.8,45.0,False,False,True,True,False,True,False,False,False,3,False,베이스 없음
20260928,LKFN,Lakeland Financial Corp,NASDAQ,58.76,157500.0,60.95,60.03,59.92,54.36,66.45,8.1,11.6,45.0,False,False,True,True,True,False,True,False,False,4,False,베이스 없음
20260928,LW,Lamb Weston Holdings  Inc.,NYSE,43.18,2220000.0,50.55,45.9,46.22,37.62,67.07,14.8,35.6,45.0,False,False,False,False,True,False,False,False,False,1,False,베이스 없음
20260928,MAYS,J W Mays Inc,NASDAQ,40.0,0.0,40.04,41.52,40.95,37.55,61.99,6.5,35.5,45.0,False,False,True,True,False,False,False,False,False,2,False,베이스 없음
20260928,MBINN,Merchants Bancorp 40 DS Rep Perp Prf Shs Series C,NASDAQ,19.085,9860.0,19.97,20.19,20.01,18.27,21.37,4.5,10.7,45.0,False,False,True,True,False,False,True,False,False,3,False,베이스 없음
20260928,MESO,Mesoblast Limited ADR,NASDAQ,14.5,241700.0,15.94,15.33,16.03,13.05,21.5,11.1,32.6,45.0,False,False,False,False,False,False,False,False,False,0,False,베이스 없음
20260928,MF,MindForge Inc,NASDAQ,13.91,103500.0,11.83,18.37,26.01,2.12,83.5,556.1,83.3,45.0,True,False,False,False,False,True,False,False,True,2,False,Stage2 아님
20260928,MOLN,Molecular Partners AG ADR,NASDAQ,3.86,2300.0,4.14,4.21,4.24,3.53,5.36,9.3,28.0,45.0,False,False,False,True,False,False,False,False,False,1,False,1 형성중
20260928,MTX,Minerals Technologies Inc.,NYSE,66.86,148000.0,71.6,72.91,71.22,53.94,84.34,24.0,20.7,45.0,False,False,True,True,False,False,True,False,False,3,False,베이스 없음
20260928,NBHC,National Bank Holdings Corp,NYSE,39.64,412600.0,42.22,41.89,41.48,35.06,47.28,13.1,16.2,45.0,False,False,True,True,True,False,True,False,False,4,False,베이스 없음
20260928,NCZ,Virtus Convertible and Income Fund II,NYSE,13.91,91767.0,15.33,15.09,14.88,12.95,16.17,7.4,14.0,45.0,False,False,True,True,True,False,True,False,False,4,False,베이스 없음
20260928,NRIM,Northrim BanCorp Inc,NASDAQ,24.52,100800.0,26.24,25.17,25.5,19.6,30.82,25.1,20.4,45.0,False,False,False,True,True,True,True,False,False,4,False,베이스 없음
20260928,NWN,Northwest Natural Holding Company,NYSE,46.8,228700.0,49.65,50.77,49.9,43.62,55.99,7.3,16.4,45.0,False,False,True,True,False,False,True,False,False,3,False,베이스 없음
20260928,PAM,Pampa Energia SA ADR,NYSE,76.55,181400.0,83.15,82.95,83.55,57.14,94.5,34.0,19.0,45.0,False,False,False,False,False,True,True,False,False,2,False,베이스 없음
20260928,PGY,Pagaya Technologies Ltd.,NASDAQ,17.0,2767300.0,20.18,15.95,17.07,10.4,35.55,63.5,52.2,45.0,False,False,False,False,True,True,False,False,False,2,False,베이스 없음
20260928,PPG,PPG Industries  Inc.,NYSE,107.01,1512000.0,112.03,111.73,111.85,93.39,133.43,14.6,19.8,45.0,False,False,False,True,True,False,True,False,False,3,False,베이스 없음
20260928,SBR,Sabine Royalty Units,NYSE,71.1,51500.0,73.26,74.24,73.0,65.31,84.39,8.9,15.7,45.0,False,False,True,False,False,False,True,False,False,2,False,1 형성중
20260928,SKT,Tanger Inc.,NYSE,34.77,791200.0,38.41,37.44,36.48,31.13,42.53,11.7,18.2,45.0,False,False,True,True,True,False,True,False,False,4,False,베이스 없음
20260928,SSBI,Summit State Bank,NASDAQ,12.44,1700.0,12.83,13.24,13.1,10.35,14.0,20.2,11.1,45.0,False,False,True,True,False,False,True,False,False,3,False,베이스 없음
20260928,STRRP,Star Equity Holdings 10 Cumulative Perpetual Prf Shs Series A,NASDAQ,9.26,350.0,9.82,9.92,9.8,8.77,10.92,5.6,15.2,45.0,False,False,True,False,False,False,True,False,False,2,False,베이스 없음
20260928,SWZ,Total Return Securities Fund,NYSE,5.78,72300.0,5.92,5.97,6.01,5.76,6.31,0.3,8.4,45.0,False,False,False,False,False,False,True,False,False,1,False,1 형성중
20260928,TSLX,Sixth Street Specialty Lending  Inc.,NYSE,18.11,276400.0,18.12,17.92,18.79,16.04,23.19,12.9,21.9,45.0,False,False,False,False,False,False,True,False,False,1,False,베이스 없음
20260928,WMT,Walmart Inc,NASDAQ,108.73,16908100.0,109.27,118.29,118.54,98.88,135.16,10.0,19.6,45.0,False,False,False,False,False,False,True,False,False,1,False,베이스 없음
20260928,WRB,W. R. Berkley Corporation,NYSE,67.66,2447200.0,70.5,68.76,68.9,62.87,78.96,7.6,14.3,45.0,False,False,False,False,True,False,True,False,False,2,False,베이스 없음
20260928,WULF,TeraWulf Inc.,NASDAQ,15.12,19330700.0,16.79,19.47,18.06,10.47,29.84,44.4,49.3,45.0,False,False,True,True,False,True,False,False,False,3,False,1 형성중
20260928,XYF,X Financial ADR,NYSE,5.13,36600.0,5.2,4.89,5.13,3.3,14.86,55.5,65.5,45.0,False,False,False,False,True,True,False,False,False,2,False,베이스 없음
20260928,AJG,Arthur J. Gallagher & Co.,NYSE,229.46,1530400.0,250.9,228.88,233.25,190.75,313.55,20.3,26.8,44.0,False,False,False,False,True,False,False,False,False,1,False,베이스 없음
20260928,AMH,American Homes 4 Rent,NYSE,30.56,3049600.0,33.07,31.75,31.66,27.22,35.07,12.3,12.9,44.0,False,False,True,True,True,False,True,False,False,4,False,베이스 없음
20260928,APO,Apollo Global Management  Inc.,NYSE,119.0,3092600.0,128.62,123.34,127.33,99.56,153.29,19.5,22.4,44.0,False,False,False,False,True,False,True,False,False,2,False,베이스 없음
20260928,BF.B,Brown-Forman Corporation Class B,NYSE,26.03,2041900.0,27.24,26.72,27.04,22.61,31.92,15.1,18.5,44.0,False,False,False,False,True,False,True,False,False,2,False,Stage2 아님
20260928,BH,Biglari Holdings Inc Class B,NYSE,342.06,56500.0,376.45,343.07,354.1,234.92,483.6,45.6,29.3,44.0,False,False,False,True,True,True,False,False,False,3,False,베이스 없음
20260928,BKU,BankUnited  Inc.,NYSE,43.07,734700.0,46.06,46.5,46.63,35.1,52.11,22.7,17.3,44.0,False,False,False,True,False,False,True,False,False,2,False,베이스 없음
20260928,BR,Broadridge Financial Solutions Inc,NYSE,162.92,836800.0,166.65,160.67,172.71,133.83,238.73,21.7,31.8,44.0,False,False,False,False,False,False,False,False,False,0,False,베이스 없음
20260928,BXP,BXP  Inc.,NYSE,62.43,1345100.0,67.36,61.98,63.07,49.72,76.37,25.6,18.3,44.0,False,False,False,False,True,True,True,False,False,3,False,베이스 없음
20260928,CDW,CDW Corporation,NASDAQ,130.33,1610400.0,141.98,131.09,131.94,97.12,167.0,34.2,22.0,44.0,False,False,False,True,True,True,True,False,False,4,False,베이스 없음
20260928,CE,Celanese Corp,NYSE,45.92,1755500.0,45.42,52.57,51.2,35.13,70.7,30.7,35.0,44.0,False,False,True,True,False,True,False,False,True,4,False,베이스 없음
20260928,CENX,Century Aluminum Company,NASDAQ,37.4,2470000.0,44.43,52.48,50.32,25.4,70.43,47.2,46.9,44.0,False,False,True,True,False,True,False,False,False,3,False,베이스 없음
20260928,CMRC,Commerce.com  Inc.,NASDAQ,3.17,448400.0,2.78,2.84,3.05,1.95,5.54,62.6,42.8,44.0,True,True,False,False,False,True,False,False,True,3,False,Stage2 아님
20260928,COMP,Compass Inc,NYSE,9.1,17083700.0,11.27,9.63,10.12,6.37,13.96,42.9,34.8,44.0,False,False,False,True,True,True,False,False,False,3,False,1 형성중
20260928,CRC,California Resources Corporation,NYSE,51.84,609400.0,53.25,58.38,56.14,43.24,71.98,19.9,28.0,44.0,False,False,True,True,False,False,False,False,False,2,False,1 형성중
20260928,CVSA,Covista Inc.,NYSE,117.51,670100.0,126.97,120.5,116.72,86.97,156.26,35.1,24.8,44.0,False,False,True,True,True,True,True,False,False,5,False,2 형성중
20260928,D,Dominion Energy  Inc.,NYSE,60.28,3409200.0,66.74,65.52,64.31,55.85,72.99,7.9,17.4,44.0,False,False,True,True,True,False,True,False,False,4,False,베이스 없음
20260928,DORM,Dorman Products  Inc.,NASDAQ,123.71,183100.0,131.27,122.49,123.57,98.45,164.0,25.7,24.6,44.0,False,True,False,False,True,True,True,False,False,4,False,베이스 없음
20260928,DUOL,Duolingo  Inc.,NASDAQ,134.3,1624800.0,140.66,119.69,128.71,87.89,353.0,52.8,62.0,44.0,False,True,False,False,True,True,False,False,False,3,False,1 형성중
20260928,ETR,Entergy Corp,NYSE,98.1,2367800.0,106.82,109.56,106.05,90.21,118.45,8.7,17.2,44.0,False,False,True,True,False,False,True,False,False,3,False,베이스 없음
20260928,FOR,Forestar Group Inc,NYSE,26.29,186600.0,28.08,27.66,27.42,22.81,32.06,15.3,18.0,44.0,False,False,True,True,True,False,True,False,False,4,False,베이스 없음
20260928,GALT,Galectin Therapeutics Inc,NASDAQ,3.93,168800.0,3.71,3.18,3.32,2.03,7.13,93.6,44.9,44.0,False,True,False,False,True,True,False,False,True,4,False,1 형성중
20260928,GCV,Gabelli Convertible and Income Securities Mutual Fund,NYSE,4.17,93859.0,4.56,4.53,4.48,3.98,4.8,4.8,13.1,44.0,False,False,True,True,True,False,True,False,False,4,False,베이스 없음
20260928,GF,New Germany Fund Inc.,NYSE,10.72,15763.0,11.31,11.42,11.51,9.98,12.49,7.4,14.2,44.0,False,False,False,True,False,False,True,False,False,2,False,베이스 없음
20260928,GLRE,Greenlight Capital Re Ltd,NASDAQ,14.81,115500.0,15.67,16.33,15.75,11.57,19.39,28.0,23.6,44.0,False,False,True,True,False,True,True,False,False,4,False,베이스 없음
20260928,GMED,Globus Medical  Inc.,NYSE,74.78,1732300.0,79.48,83.31,84.91,54.15,101.4,38.1,26.3,44.0,False,False,False,False,False,True,False,False,False,1,False,베이스 없음
20260928,GRRR,Gorilla Technology Group Inc,NASDAQ,13.71,279100.0,13.58,14.0,13.7,9.04,23.49,51.7,41.6,44.0,False,False,True,True,False,True,False,False,True,4,False,베이스 없음
20260928,GSIT,GSI Technology Inc,NASDAQ,5.43,286400.0,5.83,7.01,6.99,3.57,18.15,52.1,70.1,44.0,False,False,True,False,False,True,False,False,False,2,False,베이스 없음
20260928,JQC,Nuveen Credit Strategies Income Closed Fund,NYSE,4.69,1058532.0,4.75,4.8,4.86,4.57,5.35,2.6,12.3,44.0,False,False,False,False,False,False,True,False,False,1,False,Stage2 아님
20260928,KAZR,Skyline Builders Group Holding Ltd,NASDAQ,2.88,216200.0,2.16,2.85,2.9,1.03,4.9,179.6,41.2,44.0,False,False,False,False,False,True,False,False,True,2,False,Stage2 아님
20260928,KOSS,Koss Corp,NASDAQ,4.08,99800.0,3.64,3.88,4.02,3.3,5.7,23.6,28.4,44.0,False,True,False,False,False,False,False,False,True,2,False,Stage2 아님
20260928,KR,Kroger Co,NYSE,59.69,12036000.0,58.03,63.51,63.59,54.15,76.58,10.2,22.1,44.0,False,False,False,False,False,False,True,False,True,2,False,베이스 없음
20260928,LGIH,LGI Homes  Inc.,NASDAQ,49.02,249100.0,55.46,50.38,50.45,33.55,66.25,46.1,26.0,44.0,False,False,False,True,True,True,False,False,False,3,False,베이스 없음
20260928,MGIH,Millennium Group International Holdings Ltd,NASDAQ,1.49,13000.0,1.55,1.5,1.48,1.11,2.64,34.2,43.6,44.0,False,False,True,True,True,True,False,False,False,4,False,Stage2 아님
20260928,MIY,BlackRock MuniYield Michigan Quality Fund，Inc.,NYSE,11.28,116473.0,12.27,12.17,12.13,11.18,12.9,0.9,12.6,44.0,False,False,True,True,True,False,True,False,False,4,False,베이스 없음
20260928,MRTN,Marten Transport  Ltd.,NASDAQ,12.92,666400.0,14.69,15.03,14.4,9.35,18.48,38.2,30.1,44.0,False,False,True,True,False,True,False,False,False,3,False,베이스 없음
20260928,NNN,NNN REIT  Inc.,NYSE,41.4,3583100.0,45.56,45.06,44.16,38.9,50.0,6.4,17.2,44.0,False,False,True,True,True,False,True,False,False,4,False,베이스 없음
20260928,NTIC,Northern Technologies International Corp,NASDAQ,7.8,1100.0,8.02,8.17,8.27,7.35,10.03,6.1,22.2,44.0,False,False,False,True,False,False,True,False,False,2,False,베이스 없음
20260928,OGE,OGE Energy Corp.,NYSE,44.68,2138500.0,46.76,47.58,46.63,41.7,50.59,7.1,11.7,44.0,False,False,True,True,False,False,True,False,False,3,False,베이스 없음
20260928,PAHC,Phibro Animal Health Corp,NASDAQ,35.7,485900.0,35.52,41.12,41.41,28.25,60.08,26.4,40.6,44.0,True,False,False,False,False,True,False,False,True,2,False,베이스 없음
20260928,PGP,PIMCO Global StocksPLUS & Income Fund,NYSE,8.12,36511.0,8.57,8.69,8.79,8.04,9.41,1.0,13.7,44.0,False,False,False,False,False,False,True,False,False,1,False,1 형성중
20260928,PINE,Alpine Income Property Trust Inc,NYSE,16.89,149700.0,19.38,19.42,19.0,13.1,21.99,28.9,23.2,44.0,False,False,True,True,False,True,True,False,False,4,False,베이스 없음
20260928,PRQR,ProQR Therapeutics NV,NASDAQ,1.65,471600.0,1.93,1.74,1.76,1.33,3.1,24.1,46.8,44.0,False,False,False,False,True,False,False,False,False,1,False,베이스 없음
20260928,RGCO,RGC Resources Inc,NASDAQ,21.6,12300.0,21.84,22.52,22.33,20.55,27.99,5.1,22.8,44.0,False,False,True,False,False,False,True,False,False,2,False,베이스 없음
20260928,SBSI,Southside Bancshares Inc,NYSE,30.75,109900.0,32.37,32.57,32.46,26.32,36.2,16.8,15.1,44.0,False,False,True,True,False,False,True,False,False,3,False,베이스 없음
20260928,SCD,LMP Capital & Income Fund,NYSE,14.62,70393.0,15.46,15.38,15.36,13.79,16.18,6.0,9.6,44.0,False,False,True,True,True,False,True,False,False,4,False,베이스 없음
20260928,SCHL,Scholastic Corporation,NASDAQ,33.58,772600.0,39.53,39.92,37.99,25.91,48.07,29.6,30.1,44.0,False,False,True,True,False,True,False,False,False,3,False,베이스 없음
20260928,SF,Stifel Financial Corp.,NYSE,70.41,2156300.0,80.0,76.14,78.29,67.81,89.83,3.8,21.6,44.0,False,False,False,False,True,False,True,False,False,2,False,베이스 없음
20260928,SMA,SmartStop Self Storage REIT Inc,NYSE,31.2,773300.0,33.38,32.41,32.35,29.41,38.69,6.1,19.4,44.0,False,False,True,False,True,False,True,False,False,3,False,Stage2 아님
20260928,SPOT,Spotify Technology S.A.,NYSE,497.51,1254900.0,514.78,494.59,502.74,405.0,740.0,22.8,32.8,44.0,True,False,False,False,True,False,False,False,False,1,False,1 형성중
20260928,SWX,Southwest Gas Holdings  Inc.,NYSE,81.87,644500.0,89.19,89.09,87.5,76.74,94.47,6.7,13.3,44.0,False,False,True,True,True,False,True,False,False,4,False,베이스 없음
20260928,TCMD,Tactile Systems Technology  Inc.,NASDAQ,22.82,151400.0,24.85,25.9,26.68,13.38,37.77,70.5,39.6,44.0,False,False,False,False,False,True,False,False,False,1,False,베이스 없음
20260928,TIC,TIC Solutions Inc,NYSE,8.73,1659000.0,8.83,8.47,8.94,6.36,14.94,37.3,41.6,44.0,False,False,False,False,False,True,False,False,False,1,False,Stage2 아님
20260928,ULBI,Ultralife Corp,NASDAQ,6.05,17800.0,6.03,6.33,6.28,4.9,8.25,23.5,26.7,44.0,False,False,True,True,False,False,False,False,True,3,False,베이스 없음
20260928,UPS,United Parcel Service Inc,NYSE,94.25,4778100.0,103.89,104.36,105.09,82.0,122.41,14.9,23.0,44.0,False,False,False,True,False,False,True,False,False,2,False,베이스 없음
20260928,WFC,Wells Fargo & Company,NYSE,80.81,12968300.0,86.7,82.83,85.0,72.78,97.76,11.0,17.3,44.0,False,False,False,True,True,False,True,False,False,3,False,베이스 없음
20260928,AB,AllianceBernstein Holding Units,NYSE,35.13,339600.0,36.64,37.4,38.06,34.92,44.11,0.6,20.4,43.0,False,False,False,False,False,False,True,False,False,1,False,베이스 없음
20260928,ABVX,Abivax SA ADR,NASDAQ,96.85,1680000.0,117.51,117.04,118.48,69.81,148.83,38.7,34.9,43.0,False,False,False,False,False,True,False,False,False,1,False,베이스 없음
20260928,AEP,American Electric Power Company Inc,NASDAQ,118.2,3078100.0,125.09,129.71,126.92,107.78,140.58,9.7,15.9,43.0,False,False,True,True,False,False,True,False,False,3,False,베이스 없음
20260928,AMT,American Tower Corporation,NYSE,168.0,3221300.0,172.91,177.02,177.24,160.06,197.41,5.0,14.9,43.0,False,False,False,False,False,False,True,False,False,1,False,베이스 없음
20260928,APAM,Artisan Partners Asset Management Inc,NYSE,35.83,1018700.0,40.29,38.05,39.27,33.96,46.53,5.5,23.0,43.0,False,False,False,False,True,False,True,False,False,2,False,베이스 없음
20260928,ASUR,Asure Software Inc,NASDAQ,7.72,114700.0,8.4,8.54,8.66,6.8,10.2,13.5,24.3,43.0,False,False,False,True,False,False,True,False,False,2,False,베이스 없음
20260928,AVAT,Avalanche Treasury Corp,NASDAQ,1.67,2360500.0,0.72,5.56,6.78,0.28,10.69,486.0,84.4,43.0,True,False,False,False,False,True,False,False,True,2,False,Stage2 아님
20260928,AWI,Armstrong World Industries  Inc.,NYSE,164.75,400500.0,170.76,166.35,172.75,150.28,206.08,9.6,20.1,43.0,False,False,False,False,False,False,True,False,False,1,False,베이스 없음
20260928,BCTX,Briacell Therapeutics Corp,NASDAQ,4.16,293400.0,3.69,3.75,4.4,2.6,14.68,60.0,71.7,43.0,True,False,False,False,False,True,False,False,True,2,False,Stage2 아님
20260928,BOH,Bank of Hawaii Corporation,NYSE,70.43,417600.0,77.82,77.78,76.54,59.36,86.31,18.6,18.4,43.0,False,False,True,True,True,False,True,False,False,4,False,베이스 없음
20260928,BTT,BlackRock Municipal 2030 Target Term Trust,NYSE,21.42,115167.0,22.41,22.65,22.66,21.3,23.24,0.6,7.8,43.0,False,False,False,False,False,False,True,False,False,1,False,Stage2 아님
20260928,BWBBP,Bridgewater Bancshares DS 1 100th Int 5 875 Non Cumu Perpl Prf Shs Series A,NASDAQ,19.3,3300.0,19.84,20.02,19.89,18.76,21.8,2.9,11.5,43.0,False,False,True,False,False,False,True,False,False,2,False,베이스 없음
20260928,EDIT,Editas Medicine  Inc.,NASDAQ,2.51,2203200.0,2.85,2.81,2.63,1.66,4.54,51.2,44.7,43.0,False,False,True,True,True,True,False,False,False,4,False,베이스 없음
20260928,EFR,Eaton Vance Senior Floating Rate Closed Fund,NYSE,10.21,125942.0,10.54,10.52,10.68,10.11,11.57,1.0,11.8,43.0,False,False,False,False,False,False,True,False,False,1,False,Stage2 아님
20260928,EFT,Eaton Vance Floating Rate Income Closed Fund,NYSE,10.41,69195.0,10.66,10.75,10.91,10.31,11.92,1.0,12.7,43.0,False,False,False,False,False,False,True,False,False,1,False,Stage2 아님
20260928,EXR,Extra Space Storage Inc.,NYSE,131.68,1206900.0,143.42,142.93,141.67,125.71,158.88,4.7,17.1,43.0,False,False,True,True,True,False,True,False,False,4,False,베이스 없음
20260928,FBK,FB Financial Corporation,NYSE,52.27,423700.0,57.78,55.17,55.98,49.24,62.66,6.2,16.6,43.0,False,False,False,False,True,False,True,False,False,2,False,베이스 없음
20260928,FGN,F&G Annuities And Life 7 950 Senior Notes due 2053,NYSE,23.91,23950.0,24.62,24.79,25.02,23.1,26.97,3.5,11.3,43.0,False,False,False,False,False,False,True,False,False,1,False,Stage2 아님
20260928,FSK,FS KKR Capital Corp.,NYSE,11.16,1429000.0,11.64,11.04,11.85,9.72,16.31,14.8,31.6,43.0,False,False,False,False,False,False,False,False,False,0,False,베이스 없음
20260928,GDDY,GoDaddy Inc.,NYSE,93.71,2266700.0,96.2,88.88,94.16,71.59,143.34,30.9,34.6,43.0,False,False,False,False,True,True,False,False,False,2,False,베이스 없음
20260928,GDOT,Green Dot Corporation,NYSE,12.31,496600.0,13.25,12.61,12.58,10.1,14.77,21.9,16.7,43.0,False,False,True,True,True,False,True,False,False,4,False,베이스 없음
20260928,GUT,Gabelli Utility Trust,NYSE,5.86,314944.0,6.35,6.27,6.22,5.42,7.07,8.1,17.1,43.0,False,False,True,True,True,False,True,False,False,4,False,베이스 없음
20260928,HEI,HEICO Corporation,NYSE,304.61,579600.0,338.59,318.55,322.2,256.11,376.86,18.9,19.2,43.0,False,False,False,False,True,False,True,False,False,2,False,베이스 없음
20260928,HMN,Horace Mann Educators Corp,NYSE,44.97,376200.0,50.63,47.62,46.83,41.29,55.56,8.9,19.1,43.0,False,False,True,True,True,False,True,False,False,4,False,베이스 없음
20260928,ICL,ICL Group Ltd.,NYSE,5.02,889000.0,5.43,5.45,5.44,4.76,6.97,5.5,28.0,43.0,False,False,True,True,False,False,False,False,False,2,False,베이스 없음
20260928,IDE,Voya Infrastructure Industrials & Materials Fund,NYSE,12.15,74730.0,12.98,13.31,13.2,11.36,14.3,7.0,15.0,43.0,False,False,True,True,False,False,True,False,False,3,False,베이스 없음
20260928,IMUX,Immunic  Inc.,NASDAQ,9.51,660400.0,13.67,12.8,11.26,5.06,17.43,87.9,45.4,43.0,False,False,True,True,True,True,False,False,False,4,False,베이스 없음
20260928,IPWR,Ideal Power Inc,NASDAQ,3.95,129100.0,4.37,4.49,4.29,2.62,9.3,51.1,57.5,43.0,False,False,True,True,False,True,False,False,False,3,False,Stage2 아님
20260928,IRS,IRSA Inversiones y Representaciones SA ADR,NYSE,14.24,125300.0,15.09,15.18,15.43,10.87,19.14,31.0,25.6,43.0,False,False,False,False,False,True,False,False,False,1,False,1 형성중
20260928,ITRI,Itron  Inc.,NASDAQ,88.49,486700.0,95.69,90.01,91.99,77.77,142.0,13.8,37.7,43.0,False,False,False,False,True,False,False,False,False,1,False,베이스 없음
20260928,LND,BrasilAgro - Companhia Brasileira de Propriedades Agricolas ADR,NYSE,3.51,82200.0,3.67,3.82,3.81,3.43,4.45,2.3,21.1,43.0,False,False,True,True,False,False,True,False,False,3,False,베이스 없음
20260928,LXU,LSB Industries  Inc.,NYSE,9.84,517000.0,10.79,12.4,11.62,7.71,17.22,27.6,42.9,43.0,False,False,True,True,False,True,False,False,False,3,False,베이스 없음
20260928,MCI,Barings Corporate Investors,NYSE,17.73,75064.0,17.85,17.99,18.49,16.21,21.5,9.4,17.5,43.0,False,False,False,False,False,False,True,False,False,1,False,1 형성중
20260928,MDAI,Spectral AI Inc,NASDAQ,1.61,121300.0,1.62,1.74,1.7,1.18,2.97,36.4,45.8,43.0,False,False,True,False,False,True,False,False,False,2,False,베이스 없음
20260928,NGG,National Grid PLC ADR,NYSE,75.24,674700.0,79.3,83.57,83.11,70.35,94.64,7.0,20.5,43.0,False,False,True,True,False,False,True,False,False,3,False,베이스 없음
20260928,NTES,NetEase  Inc. ADR,NASDAQ,121.04,733200.0,123.4,120.2,123.44,106.06,156.44,14.1,22.6,43.0,False,False,False,False,False,False,True,False,False,1,False,베이스 없음
20260928,NTST,NETSTREIT Corp.,NYSE,18.13,1254300.0,20.34,20.35,19.83,17.02,22.47,6.5,19.3,43.0,False,False,True,True,False,False,True,False,False,3,False,베이스 없음
20260928,OLLI,Ollie's Bargain Outlet Holdings Inc,NASDAQ,85.53,1729600.0,75.02,82.76,90.14,60.29,136.41,41.9,37.3,43.0,True,False,False,False,False,True,False,False,True,2,False,베이스 없음
20260928,QNCX,Quince Therapeutics  Inc.,NASDAQ,29.0,40800.0,28.31,24.05,135.66,15.1,910.0,92.1,96.8,43.0,False,False,False,False,False,True,False,False,True,2,False,베이스 없음
20260928,RJET,Republic Airways Holdings Inc.,NASDAQ,18.38,81600.0,18.76,19.15,19.08,15.37,26.7,19.6,31.2,43.0,False,False,True,False,False,False,False,False,False,1,False,베이스 없음
20260928,SABA,Saba Capital Income & Opportunities Fund II,NYSE,7.96,76022.0,8.2,8.28,8.28,7.8,9.18,2.1,13.3,43.0,False,False,False,False,False,False,True,False,False,1,False,베이스 없음
20260928,SELF,Global Self Storage Inc,NASDAQ,4.82,76100.0,5.2,5.2,5.16,4.73,5.75,1.9,16.1,43.0,False,False,True,True,False,False,True,False,False,3,False,베이스 없음
20260928,SGML,Sigma Lithium Corporation,NASDAQ,9.5,1463400.0,10.74,13.57,13.43,4.62,24.48,105.9,61.2,43.0,False,False,True,True,False,True,False,False,False,3,False,베이스 없음
20260928,SLNH,Soluna Holdings Inc,NASDAQ,1.18,5020900.0,1.22,1.24,1.26,0.59,5.14,100.0,77.0,43.0,False,False,False,False,False,True,False,False,False,1,False,Stage2 아님
20260928,SSD,Simpson Manufacturing Co.  Inc.,NYSE,174.79,205200.0,184.96,185.69,184.4,156.32,213.49,11.8,18.1,43.0,False,False,True,True,False,False,True,False,False,3,False,베이스 없음
20260928,SSYS,Stratasys Ltd.,NASDAQ,8.4,726800.0,8.13,8.49,8.92,7.34,12.81,14.4,34.4,43.0,False,False,False,False,False,False,False,False,True,1,False,베이스 없음
20260928,TNDM,Tandem Diabetes Care  Inc.,NASDAQ,16.42,2852500.0,19.51,19.07,19.54,11.46,29.65,43.3,44.6,43.0,False,False,False,False,False,True,False,False,False,1,False,베이스 없음
20260928,TRI,Thomson Reuters Corp,NASDAQ,97.33,1137800.0,100.7,93.53,99.32,76.28,164.3,27.6,40.8,43.0,False,False,False,False,True,True,False,False,False,2,False,베이스 없음
20260928,TRP,TC Energy Corporation,NYSE,58.68,9932900.0,63.74,65.03,62.95,49.27,71.47,19.1,17.9,43.0,False,False,True,True,False,False,True,False,False,3,False,베이스 없음
20260928,UE,Urban Edge Properties,NYSE,19.91,702900.0,21.56,21.69,21.17,18.46,24.11,7.9,17.4,43.0,False,False,True,True,False,False,True,False,False,3,False,베이스 없음
20260928,UHT,Universal Health Realty Income Trust,NYSE,38.79,106100.0,41.55,41.68,41.45,35.26,46.3,10.0,16.2,43.0,False,False,True,True,False,False,True,False,False,3,False,베이스 없음
20260928,UNB,Union Bankshares Inc,NASDAQ,23.14,5400.0,23.91,24.0,24.05,20.65,26.43,12.1,12.4,43.0,False,False,False,True,False,False,True,False,False,2,False,베이스 없음
20260928,UTHR,United Therapeutics Corporation,NASDAQ,485.54,628200.0,511.22,537.28,524.3,409.07,609.35,18.7,20.3,43.0,False,False,True,True,False,False,True,False,False,3,False,베이스 없음
20260928,VMRK,Vivmark Residential,NYSE,61.37,4976000.0,65.6,64.67,64.04,57.57,71.5,6.6,14.2,43.0,False,False,True,True,True,False,True,False,False,4,False,Stage2 아님
20260928,VTVT,vTv Therapeutics Inc,NASDAQ,30.52,111900.0,32.2,34.13,34.59,19.5,44.0,56.5,30.6,43.0,False,False,False,True,False,True,False,False,False,2,False,베이스 없음
20260928,WPC,W. P. Carey Inc.,NYSE,65.82,1567200.0,71.02,72.01,71.0,63.08,77.22,4.3,14.8,43.0,False,False,True,True,False,False,True,False,False,3,False,베이스 없음
20260928,ACIU,AC Immune SA,NASDAQ,2.61,188900.0,2.55,2.69,2.82,2.1,4.0,24.6,34.8,42.0,False,False,False,False,False,False,False,False,True,1,False,베이스 없음
20260928,AEYE,AudioEye Inc,NASDAQ,6.79,94900.0,6.82,6.79,7.47,5.31,16.39,27.9,58.6,42.0,True,False,False,False,False,True,False,False,False,1,False,베이스 없음
20260928,ALLO,Allogene Therapeutics  Inc.,NASDAQ,1.63,5025600.0,1.89,2.12,1.99,1.04,4.46,56.7,63.5,42.0,False,False,True,True,False,True,False,False,False,3,False,베이스 없음
20260928,ANIX,Anixa Biosciences Inc,NASDAQ,2.79,305500.0,3.23,2.97,3.04,2.32,5.46,20.3,48.9,42.0,False,False,False,False,True,False,False,False,False,1,False,베이스 없음
20260928,AOSL,Alpha and Omega Semiconductor Limited,NASDAQ,27.36,392100.0,28.78,32.72,29.92,17.01,54.34,60.8,49.7,42.0,False,False,True,True,False,True,False,False,False,3,False,베이스 없음
20260928,AR,Antero Resources Corporation,NYSE,34.34,4179700.0,36.55,37.11,36.35,29.1,45.75,18.0,24.9,42.0,False,False,True,True,False,False,True,False,False,3,False,베이스 없음
20260928,ASPC,A SPAC III Acquisition Corp,NASDAQ,10.869,400.0,10.83,11.03,12.03,10.3,63.98,5.5,83.0,42.0,False,False,False,True,False,False,False,False,True,2,False,Stage2 아님
20260928,AURA,Aura Biosciences  Inc.,NASDAQ,6.15,483600.0,7.2,6.98,6.64,4.73,9.54,30.0,35.5,42.0,False,False,True,True,True,True,False,False,False,4,False,베이스 없음
20260814,AXIA,Axia Energia SA ADR,NYSE,9.53,1201073.0,10.3,10.88,10.89,6.71,13.54,42.0,29.6,42.0,False,False,False,True,False,True,False,False,False,2,False,베이스 없음
20260928,AYTU,Aytu Biopharma Inc,NASDAQ,2.17,16400.0,2.22,2.34,2.38,1.65,3.07,31.5,29.3,42.0,False,False,False,True,False,True,False,False,False,2,False,베이스 없음
20260928,BGT,BlackRock Floating Rate Income Closed Fund,NYSE,10.36,159026.0,10.86,10.82,10.97,10.22,12.28,1.4,15.6,42.0,False,False,False,False,False,False,True,False,False,1,False,베이스 없음
20260928,BIVI,BioVie Inc,NASDAQ,1.54,182500.0,1.66,1.59,1.51,0.82,3.79,87.8,59.4,42.0,False,False,True,True,True,True,False,False,False,4,False,Stage2 아님
20260928,CAMP,CAMP4 Therapeutics Corp,NASDAQ,3.85,116900.0,4.06,4.32,4.53,2.63,7.75,46.4,50.3,42.0,False,False,False,True,False,True,False,False,False,2,False,베이스 없음
20260928,CMI,Cummins Inc,NYSE,517.84,905700.0,593.26,618.91,602.98,400.72,737.76,29.2,29.8,42.0,False,False,True,True,False,True,False,False,False,3,False,베이스 없음
20260928,DEC,Diversified Energy Co,NYSE,13.57,679600.0,14.15,14.69,14.42,12.33,18.9,10.1,28.2,42.0,False,False,True,False,False,False,False,False,False,1,False,베이스 없음
20260928,DMA,Destra Multi-Alternative Fund,NYSE,7.58,3681.0,7.63,7.71,8.02,6.94,9.15,9.2,17.2,42.0,False,False,False,False,False,False,True,False,False,1,False,베이스 없음
20260928,DOV,Dover Corp,NYSE,191.48,1269800.0,199.5,210.92,210.22,158.97,237.54,20.5,19.4,42.0,False,False,True,True,False,False,True,False,False,3,False,베이스 없음
20260928,ELS,Equity LifeStyle Properties Inc,NYSE,59.08,2015300.0,63.57,63.97,63.71,58.7,69.0,0.6,14.4,42.0,False,False,True,False,False,False,True,False,False,2,False,Stage2 아님
20260928,EVF,Eaton Vance Senior Income Closed Fund,NYSE,4.85,52390.0,4.94,4.97,5.05,4.81,5.54,0.8,12.5,42.0,False,False,False,False,False,False,True,False,False,1,False,베이스 없음
20260928,EVTC,Evertec Inc,NYSE,27.51,335100.0,29.76,28.1,28.29,21.81,34.77,26.1,20.9,42.0,False,False,False,False,True,True,True,False,False,3,False,베이스 없음
20260928,FMY,First Trust Mortgage Income Fund,NYSE,11.275,4946.0,11.55,11.71,11.8,10.76,12.36,4.8,8.8,42.0,False,False,False,False,False,False,True,False,False,1,False,Stage2 아님
20260928,HEI.A,HEICO Corporation Class A,NYSE,230.63,223700.0,248.81,237.14,242.15,199.35,279.66,15.7,17.5,42.0,False,False,False,False,True,False,True,False,False,2,False,베이스 없음
20260928,IMCR,Immunocore Holdings PLC ADR,NASDAQ,30.64,266600.0,34.3,31.74,32.3,27.56,40.72,11.2,24.7,42.0,False,False,False,False,True,False,True,False,False,2,False,베이스 없음
20260928,INVH,Invitation Homes Inc.,NYSE,26.54,5751300.0,29.05,28.16,27.84,24.25,30.89,9.4,14.1,42.0,False,False,True,False,True,False,True,False,False,3,False,베이스 없음
20260928,JACK,Jack in the Box Inc,NASDAQ,13.7,640900.0,15.7,13.87,15.58,8.92,23.86,53.6,42.6,42.0,False,False,False,False,True,True,False,False,False,2,False,베이스 없음
20260928,JFR,Nuveen Floating Rate Income Closed Fund,NYSE,7.26,925743.0,7.61,7.56,7.63,7.16,8.2,1.4,11.5,42.0,False,False,False,False,False,False,True,False,False,1,False,Stage2 아님
20260928,KGC,Kinross Gold Corp,NYSE,24.11,10017500.0,27.39,28.75,29.53,22.01,39.11,9.5,38.4,42.0,False,False,False,True,False,False,False,False,False,1,False,베이스 없음
20260928,KVHI,KVH Industries Inc,NASDAQ,7.33,65900.0,7.95,8.57,8.13,5.09,13.0,44.0,43.6,42.0,False,False,True,True,False,True,False,False,False,3,False,베이스 없음
20260928,LAR,Lithium Argentina AG,NYSE,5.41,1233200.0,6.28,7.72,7.46,3.24,12.05,67.0,55.1,42.0,False,False,True,True,False,True,False,False,False,3,False,베이스 없음
20260928,LOBO,Lobo Technologies Ltd,NASDAQ,0.579,823000.0,0.65,0.64,0.64,0.36,1.48,58.6,60.9,42.0,False,False,False,False,True,True,False,False,False,2,False,Stage2 아님
20260928,LUNR,Intuitive Machines Inc,NASDAQ,15.2,7701000.0,15.25,21.15,20.17,7.78,46.75,95.4,67.5,42.0,False,False,True,True,False,True,False,False,False,3,False,베이스 없음
20260928,LYTS,LSI Industries Inc,NASDAQ,20.96,330800.0,22.08,22.32,21.84,17.21,27.36,21.8,23.4,42.0,False,False,True,True,False,False,True,False,False,3,False,베이스 없음
20260928,MNTN,MNTN  Inc.,NYSE,10.19,1487500.0,11.24,10.01,10.24,7.67,18.96,32.9,46.3,42.0,False,False,False,False,True,True,False,False,False,2,False,Stage2 아님
20260928,MRSH,Marsh & McLennan Companies  Inc.,NYSE,169.03,1919400.0,184.31,175.45,177.37,156.6,207.83,7.9,18.7,42.0,False,False,False,False,True,False,True,False,False,2,False,베이스 없음
20260928,NCV,Virtus Convertible And Income Fund,NYSE,15.07,132440.0,16.54,16.53,16.33,14.46,17.65,4.2,14.6,42.0,False,False,True,True,True,False,True,False,False,4,False,베이스 없음
20260928,NMI,Nuveen Municipal Income Fund Inc,NYSE,9.71,48695.0,10.4,10.46,10.35,9.57,11.28,1.5,13.9,42.0,False,False,True,True,False,False,True,False,False,3,False,Stage2 아님
20260928,OSK,Oshkosh Corp,NYSE,132.79,563400.0,149.05,146.41,146.77,116.77,180.49,13.7,26.4,42.0,False,False,False,True,True,False,False,False,False,2,False,베이스 없음
20260928,OSW,OneSpaWorld Holdings Ltd,NASDAQ,22.78,776500.0,24.76,24.32,23.5,19.06,29.25,19.5,22.1,42.0,False,False,True,True,True,False,True,False,False,4,False,베이스 없음
20260928,OZK,Bank Ozk,NASDAQ,46.61,1459900.0,49.88,48.67,48.53,42.37,53.39,10.0,12.7,42.0,False,False,True,True,True,False,True,False,False,4,False,베이스 없음
20260928,PJT,PJT Partners Inc.,NYSE,149.14,378000.0,168.16,156.8,160.46,127.73,195.62,16.8,23.8,42.0,False,False,False,False,True,False,True,False,False,2,False,베이스 없음
20260928,PRMB,Primo Brands Corp,NYSE,19.49,3739600.0,22.48,22.12,21.04,14.36,26.21,35.7,25.6,42.0,False,False,True,True,True,True,False,False,False,4,False,베이스 없음
20260928,RECT,Rectitude Holdings Ltd,NASDAQ,1.369,1700.0,1.27,1.31,1.4,0.96,4.45,42.9,69.2,42.0,True,False,False,False,False,True,False,False,True,2,False,Stage2 아님
20260928,REFR,Research Frontiers Inc,NASDAQ,0.77,132500.0,0.48,0.7,0.84,0.34,2.7,126.5,71.5,42.0,True,False,False,False,False,True,False,False,True,2,False,베이스 없음
20260928,RMCO,Royalty Management Holding Corp,NASDAQ,2.56,4600.0,2.65,2.82,2.99,1.74,5.0,47.1,48.8,42.0,False,False,False,False,False,True,False,False,False,1,False,베이스 없음
20260928,SBS,Companhia de Saneamento Basico do Estado de Sao Paulo - SABESP ADR,NYSE,5.14,5429700.0,5.18,5.7,5.57,4.43,7.16,16.1,28.2,42.0,False,False,True,False,False,False,False,False,False,1,False,베이스 없음
20260928,SE,Sea Limited ADR,NYSE,98.91,3283200.0,110.56,97.23,103.49,77.05,193.48,28.4,48.9,42.0,False,False,False,False,True,True,False,False,False,2,False,베이스 없음
20260928,SGRY,Surgery Partners  Inc.,NASDAQ,14.69,1103800.0,14.73,14.31,14.59,11.41,23.44,28.7,37.3,42.0,False,True,False,False,True,True,False,False,False,3,False,베이스 없음
20260928,SKIL,Skillsoft Corp,NYSE,6.01,52000.0,6.96,6.32,6.72,3.43,18.45,75.2,67.4,42.0,False,False,False,False,True,True,False,False,False,2,False,베이스 없음
20260928,SLE,Super League Enterprise Inc,NASDAQ,4.51,260500.0,3.75,3.79,4.56,2.12,92.4,112.7,95.1,42.0,True,False,False,False,False,True,False,False,True,2,False,Stage2 아님
20260928,SMMT,Summit Therapeutics Inc.,NASDAQ,15.48,5507700.0,14.85,16.29,16.39,12.07,29.23,28.3,47.0,42.0,True,False,False,False,False,True,False,False,True,2,False,베이스 없음
20260928,SOHU,Sohu.com Ltd ADR,NASDAQ,13.1,35700.0,13.69,14.34,14.77,11.61,17.3,12.8,24.3,42.0,False,False,False,False,False,False,True,False,False,1,False,베이스 없음
20260928,SPGI,S&P Global Inc,NYSE,395.92,1709500.0,420.66,410.39,425.83,361.03,522.47,9.7,24.2,42.0,False,False,False,False,False,False,True,False,False,1,False,베이스 없음
20260928,TFIN,Triumph Financial  Inc.,NYSE,60.63,208900.0,72.01,68.2,67.46,46.43,83.52,30.6,27.4,42.0,False,False,True,True,True,True,False,False,False,4,False,1 형성중
20260928,USLM,United States Lime & Minerals Inc,NASDAQ,111.32,97600.0,114.97,115.54,117.18,96.27,141.44,15.6,21.3,42.0,False,False,False,False,False,False,True,False,False,1,False,베이스 없음
20260928,VRDN,Viridian Therapeutics Inc,NASDAQ,20.57,1339100.0,21.8,20.37,23.13,13.18,34.29,56.1,40.0,42.0,False,False,False,False,False,True,False,False,False,1,False,베이스 없음
20260928,XWEL,XWELL Inc,NASDAQ,0.9,40500.0,0.98,1.15,0.98,0.26,2.2,246.2,59.1,42.0,False,False,True,True,False,True,False,False,False,3,False,Stage2 아님
20260928,ABT,Abbott Laboratories,NYSE,100.98,6729200.0,106.78,99.91,104.59,81.97,135.45,23.2,25.4,41.0,False,False,False,False,True,False,False,False,False,1,False,베이스 없음
20260928,ACV,Virtus Diversified Income And Convertible Fund,NYSE,24.43,29691.0,26.46,26.66,26.74,23.44,29.04,4.2,15.9,41.0,False,False,False,True,False,False,True,False,False,2,False,베이스 없음
20260928,ADMA,ADMA Biologics  Inc.,NASDAQ,10.12,3568200.0,9.28,10.07,12.0,7.21,20.46,40.4,50.5,41.0,True,False,False,False,False,True,False,False,True,2,False,베이스 없음
20260928,AGI,Alamos Gold Inc,NYSE,32.72,5110400.0,33.59,38.55,39.13,27.05,55.41,21.0,40.9,41.0,True,False,False,True,False,False,False,False,False,1,False,베이스 없음
20260928,AIG,American International Group  Inc.,NYSE,72.78,4038700.0,76.98,76.75,77.28,71.25,87.29,2.1,16.6,41.0,False,False,False,False,False,False,True,False,False,1,False,1 형성중
20260928,ARES,Ares Management Corporation,NYSE,118.34,2419700.0,133.17,122.45,131.19,95.8,181.19,23.5,34.7,41.0,False,False,False,False,True,False,False,False,False,1,False,베이스 없음
20260928,AROC,Archrock  Inc.,NYSE,30.55,846900.0,33.25,35.49,33.61,22.88,42.23,33.5,27.7,41.0,False,False,True,True,False,True,False,False,False,3,False,베이스 없음
20260928,AZN,AstraZeneca PLC,NYSE,166.15,1714400.0,164.09,180.65,182.63,145.8,212.71,14.0,21.9,41.0,False,False,False,False,False,False,True,False,True,2,False,베이스 없음
20260928,BAH,Booz Allen Hamilton Holding Corporation,NYSE,70.25,2037400.0,73.93,74.94,78.34,59.5,109.1,18.1,35.6,41.0,False,False,False,False,False,False,False,False,False,0,False,1 형성중
20260928,BGMS,Bio Green Med Solution Inc,NASDAQ,0.9,7000.0,0.91,0.94,1.03,0.57,6.7,57.9,86.6,41.0,False,False,False,False,False,True,False,False,False,1,False,Stage2 아님
20260928,BGX,Blackstone Long Short Credit Income Fund,NYSE,10.52,48919.0,10.73,10.8,11.0,10.38,12.24,1.3,14.1,41.0,False,False,False,False,False,False,True,False,False,1,False,Stage2 아님
20260928,BHFAL,Brighthouse Financial Junior Subordinated Debentures Exp 2058,NASDAQ,15.46,13451.0,15.55,16.28,16.55,14.98,19.26,3.2,19.7,41.0,False,False,False,False,False,False,True,False,False,1,False,베이스 없음
20260928,CCU,Compania Cervecerias Unidas SA ADR,NYSE,10.84,146600.0,11.67,11.67,12.21,10.71,15.36,1.2,29.4,41.0,False,False,False,False,False,False,False,False,False,0,False,베이스 없음
20260928,CHNR,China Natural Resources Inc,NASDAQ,3.92,4600.0,3.92,3.96,3.92,3.18,8.2,23.3,52.2,41.0,False,False,True,True,False,False,False,False,True,3,False,Stage2 아님
20260928,COF,Capital One Financial Corp,NYSE,196.46,2495900.0,211.65,198.23,206.61,174.24,259.64,12.8,24.3,41.0,False,False,False,False,True,False,True,False,False,2,False,베이스 없음
20260928,CSR,Centerspace,NYSE,55.67,366000.0,55.25,59.51,60.84,52.0,69.61,7.1,20.0,41.0,False,False,False,False,False,False,True,False,True,2,False,베이스 없음
20260928,DIN,Dine Brands Global  Inc.,NYSE,28.85,763300.0,32.96,31.16,32.05,23.23,39.68,24.2,27.3,41.0,False,False,False,True,True,False,False,False,False,2,False,베이스 없음
20260928,DJT,Trump Media & Technology Group Corp.,NASDAQ,9.12,2913500.0,9.19,9.11,10.02,6.96,17.97,31.0,49.2,41.0,True,False,False,False,False,True,False,False,False,1,False,베이스 없음
20260928,DNP,DNP Select Income Fund Inc,NYSE,9.72,1044928.0,10.69,10.64,10.5,9.68,11.16,0.4,12.9,41.0,False,False,True,True,True,False,True,False,False,4,False,베이스 없음
20260928,ECHO,EchoStar Corporation,NASDAQ,89.22,2641400.0,89.76,107.59,109.05,65.76,147.25,35.7,39.4,41.0,False,False,False,True,False,True,False,False,False,2,False,베이스 없음
20260928,ELVR,Elevra Lithium Ltd ADR,NASDAQ,40.55,35000.0,55.38,66.07,62.91,21.0,102.8,93.1,60.6,41.0,False,False,True,True,False,True,False,False,False,3,False,Stage2 아님
20260928,EMA,Emera Inc,NYSE,47.76,277700.0,51.1,51.97,51.3,46.78,55.49,2.1,13.9,41.0,False,False,True,True,False,False,True,False,False,3,False,베이스 없음
20260928,EPAC,Enerpac Tool Group Corp.,NYSE,35.23,459000.0,36.21,35.91,37.06,32.35,45.0,8.9,21.7,41.0,False,False,False,False,False,False,True,False,False,1,False,베이스 없음
20260928,HIG,The Hartford Insurance Group  Inc.,NYSE,126.04,2051000.0,137.65,135.88,136.05,120.33,146.07,4.7,13.7,41.0,False,False,False,True,True,False,True,False,False,3,False,베이스 없음
20260928,HLIT,Harmonic Inc.,NASDAQ,10.58,960000.0,11.8,11.96,11.51,8.47,17.68,24.9,40.2,41.0,False,False,True,True,False,False,False,False,False,2,False,베이스 없음
20260928,HON,Honeywell International Inc.,NASDAQ,211.52,2182500.0,223.41,231.74,230.18,195.87,260.28,8.0,18.7,41.0,False,False,True,True,False,False,True,False,False,3,False,베이스 없음
20260928,IBN,ICICI Bank Limited ADR,NYSE,27.3,4166200.0,29.5,28.17,28.71,25.08,33.03,8.9,17.3,41.0,False,False,False,False,True,False,True,False,False,2,False,1 형성중
20260928,IR,Ingersoll Rand Inc,NYSE,76.38,5599500.0,79.8,79.92,81.69,68.07,100.96,12.2,24.3,41.0,False,False,False,False,False,False,True,False,False,1,False,베이스 없음
20260928,JAGX,Jaguar Health Inc,NASDAQ,6.02,1383500.0,2.21,7.01,13.11,0.2,85.4,2911.5,93.0,41.0,True,False,False,False,False,True,False,False,True,2,False,Stage2 아님
20260928,JD,JD.com  Inc. ADR,NASDAQ,26.61,5599000.0,29.35,28.98,28.95,24.51,36.86,8.6,27.8,41.0,False,False,True,False,True,False,False,False,False,2,False,베이스 없음
20260928,JF,J and Friends Holdings Ltd ADR,NASDAQ,0.94,22900.0,0.94,0.97,0.98,0.81,1.24,16.0,24.2,41.0,False,False,False,False,False,False,True,False,True,2,False,베이스 없음
20260928,JJSF,J&J Snack Foods Corp,NASDAQ,77.75,153100.0,83.16,80.22,82.88,68.87,99.14,12.9,21.6,41.0,False,False,False,False,True,False,True,False,False,2,False,베이스 없음
20260928,LIEN,Chicago Atlantic BDC Inc,NASDAQ,9.57,112900.0,9.84,9.77,9.95,8.92,11.27,7.3,15.1,41.0,False,False,False,False,False,False,True,False,False,1,False,베이스 없음
20260928,LZM,Lifezone Metals Ltd,NYSE,3.85,285900.0,3.86,4.2,4.35,3.0,6.4,28.3,39.8,41.0,False,False,False,True,False,True,False,False,False,2,False,베이스 없음
20260928,MDRR,Medalist Diversified Inc,NASDAQ,11.017,300.0,11.73,11.48,11.68,9.47,14.52,16.3,24.1,41.0,False,False,False,False,True,False,True,False,False,2,False,1 형성중
20260928,MEGL,Magic Empire Global Ltd,NASDAQ,1.12,6600.0,1.18,1.15,1.16,0.87,1.9,28.7,41.1,41.0,False,False,False,False,True,True,False,False,False,2,False,Stage2 아님
20260928,MIRM,Mirum Pharmaceuticals  Inc.,NASDAQ,87.96,1236800.0,101.08,100.8,97.69,63.23,130.0,39.1,32.3,41.0,False,False,True,True,True,True,False,False,False,4,False,베이스 없음
20260928,MOD,Modine Manufacturing Company,NYSE,175.04,3130400.0,198.59,230.37,212.99,111.18,323.25,57.4,45.8,41.0,False,False,True,True,False,True,False,False,False,3,False,1 형성중
20260928,MUJ,BlackRock MuniHoldings New Jersey Quality Fd，Inc.,NYSE,11.14,355649.0,12.0,12.12,12.13,11.08,12.68,0.5,12.1,41.0,False,False,False,False,False,False,True,False,False,1,False,베이스 없음
20260928,NEXT,NextDecade Corporation,NASDAQ,6.56,2455300.0,7.06,7.33,6.82,4.75,9.24,38.1,29.0,41.0,False,False,True,True,False,True,False,False,False,3,False,베이스 없음
20260928,NNI,Nelnet  Inc.,NYSE,124.05,125300.0,129.07,130.92,131.55,116.62,144.38,6.4,14.1,41.0,False,False,False,False,False,False,True,False,False,1,False,베이스 없음
20260928,OMF,OneMain Holdings  Inc.,NYSE,56.23,765400.0,62.24,58.0,59.85,45.78,71.93,22.8,21.8,41.0,False,False,False,True,True,False,True,False,False,3,False,베이스 없음
20260928,PAYX,Paychex  Inc.,NASDAQ,99.3,3448300.0,117.82,103.11,104.04,85.45,130.32,16.2,23.8,41.0,False,False,False,True,True,False,True,False,False,3,False,베이스 없음
20260928,PGR,The Progressive Corporation,NYSE,209.47,3548300.0,213.96,208.27,209.64,189.2,248.17,10.7,15.6,41.0,False,False,False,False,True,False,True,False,False,2,False,베이스 없음
20260928,PHM,PulteGroup  Inc.,NYSE,119.13,1585400.0,125.63,123.79,124.89,108.49,144.5,9.8,17.6,41.0,False,False,False,False,True,False,True,False,False,2,False,베이스 없음
20260928,PNW,Pinnacle West Capital Corporation,NYSE,91.32,936100.0,99.06,101.29,98.87,85.91,111.16,6.3,17.8,41.0,False,False,True,True,False,False,True,False,False,3,False,베이스 없음
20260928,SDHY,PGIM Short Duration High Yield Opportunities Fund,NYSE,15.23,78786.0,15.91,16.04,16.17,14.67,17.02,3.8,10.5,41.0,False,False,False,False,False,False,True,False,False,1,False,Stage2 아님
20260928,SGHC,SGHC Limited,NYSE,11.72,2463800.0,13.56,12.77,12.18,8.46,15.86,38.5,26.1,41.0,False,False,True,True,True,True,False,False,False,4,False,베이스 없음
20260928,SKYX,SKYX Platforms Corp,NASDAQ,1.17,699800.0,1.22,1.27,1.53,0.95,3.29,23.7,64.4,41.0,True,False,False,False,False,False,False,False,False,0,False,베이스 없음
20260928,SPIR,Spire Global  Inc.,NYSE,11.74,469800.0,12.49,14.94,13.68,6.6,25.93,77.9,54.7,41.0,False,False,True,True,False,True,False,False,False,3,False,베이스 없음
20260928,STRA,Strategic Education  Inc.,NASDAQ,75.91,194500.0,81.09,80.31,80.59,69.7,89.73,8.9,15.4,41.0,False,False,False,True,True,False,True,False,False,3,False,베이스 없음
20260928,SYF,Synchrony Financial,NYSE,71.52,2586800.0,76.7,73.46,74.94,63.08,88.77,13.4,19.4,41.0,False,False,False,True,True,False,True,False,False,3,False,베이스 없음
20260928,TCI,Transcontinental Realty Investors Inc,NYSE,43.12,6200.0,39.63,38.83,42.49,31.48,59.65,37.0,27.7,41.0,False,True,False,False,False,True,False,False,True,3,False,베이스 없음
20260928,TOL,Toll Brothers Inc,NYSE,136.51,1361300.0,144.21,143.98,144.38,123.15,168.36,10.8,18.9,41.0,False,False,False,True,False,False,True,False,False,2,False,베이스 없음
20260928,USAU,US Gold Corp,NASDAQ,14.8,175600.0,15.04,15.72,16.48,12.23,23.75,21.0,37.7,41.0,False,False,False,False,False,False,False,False,False,0,False,1 형성중
20260928,WAL,Western Alliance Bancorp,NYSE,76.55,922600.0,80.25,78.73,81.32,65.82,97.23,16.3,21.3,41.0,False,False,False,False,False,False,True,False,False,1,False,1 형성중
20260928,AKR,Acadia Realty Trust,NYSE,19.26,982900.0,20.82,20.99,20.86,18.61,23.03,3.5,16.4,40.0,False,False,True,False,False,False,True,False,False,2,False,베이스 없음
20260928,ALTG,Alta Equipment Group Inc,NYSE,5.78,462400.0,6.4,6.5,6.37,4.16,8.69,39.1,33.5,40.0,False,False,True,True,False,True,False,False,False,3,False,베이스 없음
20260928,AUNA,Auna SA,NYSE,5.02,195500.0,5.19,5.15,5.07,4.09,6.85,22.7,26.7,40.0,False,False,True,True,True,False,False,False,False,3,False,베이스 없음
20260928,BANC,Banc of California  Inc.,NYSE,17.66,1786000.0,19.13,18.94,19.22,15.33,21.93,15.2,19.5,40.0,False,False,False,True,False,False,True,False,False,2,False,베이스 없음
20260928,BANF,BancFirst Corp,NASDAQ,107.29,158300.0,112.28,111.75,111.88,101.48,132.29,5.7,18.9,40.0,False,False,False,False,True,False,True,False,False,2,False,베이스 없음
20260928,BH.A,Biglari Holdings Inc Class A,NYSE,1706.17,33407.0,1884.81,1769.31,1826.91,1238.0,2513.0,37.8,32.1,40.0,False,False,False,True,True,True,False,False,False,3,False,베이스 없음
20260928,BHFAM,Brighthouse Financial DS rep 1 1 000 4 625 Cum Prf Shs Series D,NASDAQ,10.3,98230.0,9.97,10.86,11.08,9.45,12.88,9.0,20.0,40.0,False,False,False,False,False,False,True,False,True,2,False,베이스 없음
20260928,CMP,Compass Minerals International  Inc.,NYSE,22.39,286900.0,26.22,26.84,25.66,16.4,34.5,36.5,35.1,40.0,False,False,True,True,False,True,False,False,False,3,False,베이스 없음
20260928,CNTN,Canton Strategic Holdings Inc,NASDAQ,2.69,1167400.0,2.13,2.94,3.06,1.75,6.89,53.7,61.0,40.0,False,False,False,False,False,True,False,False,True,2,False,Stage2 아님
20260928,CRWV,CoreWeave  Inc.,NASDAQ,85.07,19541000.0,86.0,93.99,92.16,60.55,153.2,40.5,44.5,40.0,False,False,True,True,False,True,False,False,False,3,False,Stage2 아님
20260928,CTNT,Cheetah Net Supply Chain Service Inc,NASDAQ,3.6,1189200.0,1.32,74.82,117.88,0.03,424.0,11900.0,99.2,40.0,True,False,False,False,False,True,False,False,True,2,False,Stage2 아님
20260928,DPG,Duff & Phelps Utility and Infrastructure Fund Inc,NYSE,12.79,109035.0,14.28,14.45,14.14,12.52,15.15,2.2,15.6,40.0,False,False,True,True,False,False,True,False,False,3,False,베이스 없음
20260928,DTSS,Datasea Intelligent Technology Ltd,NASDAQ,0.879,128800.0,0.77,0.85,0.88,0.53,2.5,65.8,64.8,40.0,True,False,False,False,False,True,False,False,True,2,False,Stage2 아님
20260928,EFC,Ellington Financial Inc.,NYSE,12.2,1547800.0,13.24,13.04,13.14,11.28,14.12,8.2,13.6,40.0,False,False,False,False,True,False,True,False,False,2,False,베이스 없음
20260928,ELUT,Elutia Inc,NASDAQ,0.81,5600.0,0.88,1.0,0.95,0.5,1.38,62.0,41.5,40.0,False,False,True,True,False,True,False,False,False,3,False,베이스 없음
20260928,EPAM,EPAM Systems  Inc.,NYSE,107.55,1010900.0,106.64,110.3,133.04,73.06,222.53,47.2,51.7,40.0,True,False,False,False,False,True,False,False,True,2,False,베이스 없음
20260928,ERIC,Telefonaktiebolaget LM Ericsson ADR,NASDAQ,9.42,10718100.0,9.98,11.15,10.9,8.05,13.77,17.0,31.6,40.0,False,False,True,True,False,False,False,False,False,2,False,1 형성중
20260928,EVAX,Evaxion A/S ADR,NASDAQ,3.24,55700.0,3.1,3.54,3.77,2.77,12.15,17.0,73.3,40.0,False,False,False,False,False,False,False,False,True,1,False,Stage2 아님
20260928,FHB,First Hawaiian  Inc.,NASDAQ,24.96,1896100.0,26.77,26.75,26.69,22.64,30.58,10.2,18.4,40.0,False,False,True,True,True,False,True,False,False,4,False,베이스 없음
20260928,FOF,Cohen & Steers Closed End Opportunity Closed Fund,NYSE,12.22,138942.0,13.28,13.55,13.59,12.13,15.04,0.7,18.7,40.0,False,False,False,False,False,False,True,False,False,1,False,베이스 없음
20260928,FSCO,FS Credit Opportunities Corp.,NYSE,5.04,859362.0,5.11,5.04,5.32,4.13,7.15,22.0,29.5,40.0,False,False,False,False,False,False,False,False,False,0,False,베이스 없음
20260928,GEHC,GE HealthCare Technologies Inc.,NASDAQ,66.78,4080800.0,68.31,68.15,71.73,58.75,89.77,13.7,25.6,40.0,False,False,False,False,False,False,False,False,False,0,False,베이스 없음
20260928,GWRE,Guidewire Software  Inc.,NYSE,145.18,1132800.0,163.19,146.94,152.2,102.3,255.89,41.9,43.3,40.0,False,False,False,False,True,True,False,False,False,2,False,베이스 없음
20260928,HBNB,Hotel101 Global Holdings Corp,NASDAQ,4.7,2800.0,5.34,6.12,6.56,2.96,10.43,58.8,54.9,40.0,False,False,False,False,False,True,False,False,False,1,False,Stage2 아님
20260928,IMTX,Immatics N.V.,NASDAQ,8.5,1408500.0,9.11,9.89,9.89,6.9,12.41,23.2,31.5,40.0,False,False,True,False,False,False,False,False,False,1,False,베이스 없음
20260928,JHS,John Hancock Income Securities Closed Fund,NYSE,10.42,18862.0,10.8,11.01,11.17,10.37,12.09,0.5,13.8,40.0,False,False,False,False,False,False,True,False,False,1,False,Stage2 아님
20260928,KBDC,Kayne Anderson BDC Inc,NYSE,13.03,552203.0,13.41,13.92,14.08,12.88,15.87,1.2,17.9,40.0,False,False,False,False,False,False,True,False,False,1,False,Stage2 아님
20260928,LWLG,Lightwave Logic  Inc.,NASDAQ,5.0,2923200.0,6.07,8.45,7.26,2.84,18.71,76.1,73.3,40.0,False,False,True,True,False,True,False,False,False,3,False,베이스 없음
20260928,LYFT,Lyft  Inc.,NASDAQ,14.88,6723700.0,16.12,14.7,15.53,12.46,25.54,19.4,41.7,40.0,False,False,False,False,True,False,False,False,False,1,False,베이스 없음
20260928,MQ,Marqeta  Inc.,NASDAQ,16.89,1098500.0,16.53,16.34,16.79,14.8,22.28,14.1,24.2,40.0,True,True,False,False,False,False,True,False,True,3,False,베이스 없음
20260928,MRCY,Mercury Systems Inc,NASDAQ,80.12,604400.0,94.21,93.74,91.61,65.04,128.45,23.2,37.6,40.0,False,False,True,True,True,False,False,False,False,3,False,베이스 없음
20260928,MSD,Morgan Stanley Emerging Markets Debt Closed Fund,NYSE,6.88,56214.0,7.23,7.32,7.38,6.75,7.94,1.9,13.4,40.0,False,False,False,False,False,False,True,False,False,1,False,1 형성중
20260928,NOMD,Nomad Foods Limited,NYSE,10.66,864600.0,11.53,10.66,11.1,8.99,13.48,18.6,20.9,40.0,False,False,False,False,True,False,True,False,False,2,False,베이스 없음
20260928,NVMI,Nova Ltd.,NASDAQ,370.42,250100.0,384.95,455.05,441.75,266.43,615.99,39.0,39.9,40.0,False,False,True,True,False,True,False,False,False,3,False,베이스 없음
20260928,NXE,Nexgen Energy Ltd,NYSE,8.99,4447800.0,9.94,10.88,10.89,7.33,13.96,22.6,35.6,40.0,False,False,False,True,False,False,False,False,False,1,False,베이스 없음
20260928,ORLY,O'Reilly Automotive  Inc.,NASDAQ,86.51,4269500.0,88.41,90.08,91.16,82.59,108.72,4.7,20.4,40.0,False,False,False,False,False,False,True,False,False,1,False,베이스 없음
20260928,OTLK,Outlook Therapeutics Inc,NASDAQ,0.621,6095600.0,0.84,0.72,0.78,0.16,2.54,285.7,75.5,40.0,False,False,False,False,True,True,False,False,False,2,False,베이스 없음
20260928,PDX,PIMCO Dynamic Income Strategy Fund,NYSE,20.26,106274.0,21.35,21.15,20.9,18.47,25.21,9.7,19.6,40.0,False,False,True,False,True,False,True,False,False,3,False,베이스 없음
20260928,PROF,Profound Medical Corp,NASDAQ,5.92,58400.0,6.76,6.67,6.87,4.8,8.95,23.3,33.9,40.0,False,False,False,False,False,False,False,False,False,0,False,베이스 없음
20260928,RAY,Raytech Holding Ltd,NASDAQ,2.7255,36233.0,2.81,3.25,3.18,1.4,8.8,94.3,69.0,40.0,False,False,True,True,False,True,False,False,False,3,False,베이스 없음
20260928,RELX,Relx PLC ADR,NYSE,33.07,1748100.0,34.92,34.1,35.0,27.57,47.97,19.9,31.1,40.0,False,False,False,False,False,False,False,False,False,0,False,1 형성중
20260928,RFI,Cohen Steers Total Return Realty Closed Fund,NYSE,10.48,97901.0,11.28,11.36,11.32,10.45,12.17,0.3,13.9,40.0,False,False,True,False,False,False,True,False,False,2,False,베이스 없음
20260928,RLI,RLI Corp,NYSE,55.98,778700.0,62.05,58.13,58.98,47.26,67.12,18.5,16.6,40.0,False,False,False,False,True,False,True,False,False,2,False,베이스 없음
20260928,RWTP,Redwood Trust 9 125 Senior Notes Due 2030,NYSE,22.55,3193.0,23.78,24.25,24.39,22.0,25.89,2.5,12.9,40.0,False,False,False,False,False,False,True,False,False,1,False,Stage2 아님
20260928,SHMD,SCHMID Group NV,NASDAQ,4.375,5335800.0,4.08,5.44,5.94,2.32,10.65,88.6,58.9,40.0,False,False,False,False,False,True,False,False,True,2,False,베이스 없음
20260928,SID,Companhia Siderurgica Nacional SA ADR,NYSE,1.11,3866600.0,1.06,1.19,1.34,0.84,2.2,32.1,49.5,40.0,True,False,False,False,False,True,False,False,True,2,False,베이스 없음
20260928,SNPS,Synopsys  Inc.,NASDAQ,417.61,1546800.0,400.2,435.71,445.17,362.55,539.48,15.2,22.6,40.0,False,False,False,False,False,False,True,False,True,2,False,베이스 없음
20260928,TPG,TPG Inc,NASDAQ,43.49,1899900.0,48.14,44.07,48.31,36.95,70.38,17.7,38.2,40.0,False,False,False,False,False,False,False,False,False,0,False,베이스 없음
20260928,TRC,Tejon Ranch Co,NYSE,16.41,83100.0,16.59,18.18,17.7,15.31,21.31,7.2,23.0,40.0,False,False,True,True,False,False,True,False,False,3,False,베이스 없음
20260928,UI,Ubiquiti Inc.,NYSE,553.37,94700.0,564.67,679.05,657.04,500.55,1099.99,10.6,49.7,40.0,False,False,True,True,False,False,False,False,False,2,False,베이스 없음
20260928,UTF,Cohen & Steers Infrastructure Fund Inc,NYSE,23.9,548513.0,26.65,26.71,26.28,23.42,28.11,2.0,15.0,40.0,False,False,True,True,False,False,True,False,False,3,False,베이스 없음
20260928,VBF,Invesco Bond Fd,NYSE,14.2,38462.0,14.61,14.9,15.03,14.04,15.87,1.1,10.5,40.0,False,False,False,False,False,False,True,False,False,1,False,베이스 없음
20260928,VSEC,VSE Corp,NASDAQ,174.65,226500.0,204.39,199.36,198.41,154.67,247.85,12.9,29.5,40.0,False,False,True,True,True,False,False,False,False,3,False,베이스 없음
20260928,WDFC,WD-40 Company,NASDAQ,203.9,112700.0,217.09,219.89,218.61,175.38,298.9,16.3,31.8,40.0,False,False,True,True,False,False,False,False,False,2,False,베이스 없음
20260928,WIA,Western Asset Inflation Linked Income Closed End Fund,NYSE,7.6,124809.0,7.9,8.05,8.11,7.6,8.54,0.0,11.0,40.0,False,False,False,False,False,False,True,False,False,1,False,Stage2 아님
20260928,ZJK,ZJK Industrial Co Ltd,NASDAQ,2.03,2800.0,2.0,2.16,2.15,1.45,4.05,40.0,49.9,40.0,False,False,True,False,False,True,False,False,True,3,False,Stage2 아님
20260928,AEO,American Eagle Outfitters  Inc.,NYSE,17.31,9193200.0,16.71,17.41,19.42,14.06,28.46,23.1,39.2,39.0,False,False,False,False,False,False,False,False,True,1,False,베이스 없음
20260928,AESI,Atlas Energy Solutions Inc.,NYSE,12.3,4824100.0,12.5,14.17,13.33,7.64,20.13,61.0,38.9,39.0,False,False,True,True,False,True,False,False,False,3,False,베이스 없음
20260928,AWF,AllianceBernstein Global High Income Closed Fund,NYSE,9.7,280736.0,10.06,10.18,10.3,9.7,11.31,0.0,14.2,39.0,False,False,False,False,False,False,True,False,False,1,False,Stage2 아님
20260928,AXR,AMREP Corp,NYSE,22.28,1900.0,23.11,25.21,24.14,17.61,29.01,26.5,23.2,39.0,False,False,True,True,False,True,True,False,False,4,False,베이스 없음
20260928,BCBP,BCB Bancorp Inc,NASDAQ,8.55,279100.0,9.07,9.49,9.16,7.31,11.71,17.0,27.0,39.0,False,False,True,True,False,False,False,False,False,2,False,베이스 없음
20260928,BOOM,DMC Global Inc,NASDAQ,5.83,100000.0,6.65,6.34,6.68,4.69,9.2,24.3,36.6,39.0,False,False,False,True,False,False,False,False,False,1,False,1 형성중
20260928,CHA,Chagee Holdings Ltd ADR,NASDAQ,11.45,493900.0,11.25,10.98,11.24,8.98,17.66,27.5,35.2,39.0,False,True,False,False,True,True,False,False,True,4,False,Stage2 아님
20260928,CMMB,Chemomab Therapeutics Ltd ADR,NASDAQ,1.64,330800.0,2.1,1.85,1.83,1.35,3.58,21.5,54.2,39.0,False,False,True,False,True,False,False,False,False,2,False,베이스 없음
20260928,CSL,Carlisle Companies Incorporated,NYSE,326.32,451100.0,348.55,350.69,352.09,293.43,432.91,11.2,24.6,39.0,False,False,False,True,False,False,True,False,False,2,False,베이스 없음
20260928,DTM,DT Midstream Inc,NYSE,121.97,1057300.0,132.36,138.07,134.31,104.99,152.88,16.2,20.2,39.0,False,False,True,True,False,False,True,False,False,3,False,베이스 없음
20260928,DXC,DXC Technology Company,NYSE,10.35,2648300.0,10.85,10.79,11.76,7.9,15.68,31.0,34.0,39.0,False,False,False,False,False,True,False,False,False,1,False,베이스 없음
20260928,ECAT,BlackRock ESG Capital Allocation Term Closed End Fund,NYSE,14.01,574475.0,15.07,14.99,15.13,13.36,16.73,4.9,16.3,39.0,False,False,False,False,False,False,True,False,False,1,False,베이스 없음
20260928,EDUC,Educational Development Corp,NASDAQ,1.3,11000.0,1.37,1.4,1.39,1.2,1.73,8.3,24.9,39.0,False,False,True,True,False,False,True,False,False,3,False,베이스 없음
20260928,FFC,Flaherty Crumrine Preferred and Income Securities Mutual Fund  Incorporated,NYSE,14.93,154681.0,15.89,15.97,16.13,14.82,17.0,0.7,12.2,39.0,False,False,False,False,False,False,True,False,False,1,False,1 형성중
20260928,FINS,Angel Oak Financial Strategies Income Term Trust,NYSE,11.86,124268.0,12.49,12.69,12.82,11.85,13.45,0.1,11.8,39.0,False,False,False,False,False,False,True,False,False,1,False,Stage2 아님
20260928,FTHY,First Trust High Yield Opportunities 2027 Term Closed End Fd,NYSE,12.85,171372.0,13.34,13.49,13.63,12.82,14.64,0.2,12.2,39.0,False,False,False,False,False,False,True,False,False,1,False,Stage2 아님
20260928,GTY,Getty Realty Corp.,NYSE,28.45,583900.0,32.75,33.06,32.14,25.39,36.83,12.1,22.8,39.0,False,False,True,True,False,False,True,False,False,3,False,베이스 없음
20260928,IDA,IDACORP  Inc.,NYSE,128.81,625100.0,139.04,142.37,139.64,124.12,154.91,3.8,16.8,39.0,False,False,True,True,False,False,True,False,False,3,False,베이스 없음
20260928,IIF,Morgan Stanley India Investment Closed Fund,NYSE,21.69,48882.0,22.78,22.32,22.94,19.83,27.99,9.4,22.5,39.0,False,False,False,False,False,False,True,False,False,1,False,베이스 없음
20260928,IRON,Disc Medicine  Inc.,NASDAQ,64.92,480500.0,75.62,70.47,72.42,40.0,99.5,62.3,34.8,39.0,False,False,False,False,True,True,False,False,False,2,False,베이스 없음
20260928,KRC,Kilroy Realty Corporation,NYSE,33.92,1489100.0,36.79,34.49,35.02,27.36,43.61,24.0,22.2,39.0,False,False,False,False,True,False,True,False,False,2,False,베이스 없음
20260928,LFWD,Lifeward Ltd,NASDAQ,6.92,6000.0,7.25,7.06,7.17,4.14,10.56,67.1,34.5,39.0,False,False,False,True,True,True,False,False,False,3,False,베이스 없음
20260928,LINE,Lineage  Inc.,NASDAQ,35.43,1213600.0,40.21,39.61,38.77,31.33,45.75,13.1,22.6,39.0,False,False,True,True,True,False,True,False,False,4,False,베이스 없음
20260928,MDU,MDU Resources Group  Inc.,NYSE,18.53,2459400.0,19.91,20.87,20.68,17.01,22.98,8.9,19.4,39.0,False,False,True,False,False,False,True,False,False,2,False,베이스 없음
20260928,MELI,MercadoLibre  Inc.,NASDAQ,1712.41,544200.0,1865.57,1771.03,1843.85,1495.0,2548.5,14.5,32.8,39.0,False,False,False,False,True,False,False,False,False,1,False,베이스 없음
20260928,MMT,Aberdeen Multimarket Income Fund,NYSE,4.23,320868.0,4.39,4.49,4.54,4.22,4.86,0.2,13.0,39.0,False,False,False,False,False,False,True,False,False,1,False,Stage2 아님
20260928,MRKR,Marker Therapeutics Inc,NASDAQ,1.13,164300.0,1.22,1.37,1.44,0.84,2.46,34.5,54.1,39.0,False,False,False,True,False,True,False,False,False,2,False,Stage2 아님
20260928,NBIX,Neurocrine Biosciences  Inc.,NASDAQ,140.44,1423500.0,158.69,150.42,147.54,122.14,186.12,15.0,24.5,39.0,False,False,True,True,True,False,True,False,False,4,False,베이스 없음
20260928,NIM,Nuveen Select Maturities Municipal Fund,NYSE,8.65,29292.0,9.19,9.35,9.37,8.63,9.94,0.2,13.0,39.0,False,False,False,False,False,False,True,False,False,1,False,Stage2 아님
20260928,OBDC,Blue Owl Capital Corp,NYSE,10.77,3590500.0,11.18,11.19,11.47,10.52,13.58,2.4,20.7,39.0,False,False,False,False,False,False,True,False,False,1,False,1 형성중
20260928,ONDS,Ondas Inc,NASDAQ,7.68,52785900.0,8.02,9.09,9.47,4.95,15.28,55.2,49.7,39.0,False,False,False,False,False,True,False,False,False,1,False,베이스 없음
20260928,PAGS,PagSeguro Digital Ltd,NYSE,8.9,2701300.0,9.28,9.56,9.78,8.42,12.32,5.7,27.8,39.0,False,False,False,False,False,False,False,False,False,0,False,베이스 없음
20260928,PAI,Western Asset Investment Grade Income Closed End Fund Inc,NYSE,11.42,8174.0,11.84,12.07,12.2,11.4,12.95,0.2,11.8,39.0,False,False,False,False,False,False,True,False,False,1,False,Stage2 아님
20260928,PFGC,Performance Food Group Company,NYSE,91.97,1412500.0,103.46,98.02,96.87,80.82,117.48,13.8,21.7,39.0,False,False,True,False,True,False,True,False,False,3,False,베이스 없음
20260928,PHG,Koninklijke Philips N.V. ADR,NYSE,25.11,835600.0,26.11,27.04,27.48,23.85,33.44,5.3,24.9,39.0,False,False,False,False,False,False,True,False,False,1,False,베이스 없음
20260928,PIM,Franklin Master Intermediate Income Trust,NYSE,3.01,118693.0,3.12,3.18,3.21,2.98,3.46,1.0,13.0,39.0,False,False,False,False,False,False,True,False,False,1,False,Stage2 아님
20260928,PPT,Franklin Premier Income Trust,NYSE,3.24,229924.0,3.39,3.46,3.49,3.24,3.74,0.0,13.4,39.0,False,False,False,False,False,False,True,False,False,1,False,Stage2 아님
20260928,PSHG,Performance Shipping Inc,NASDAQ,1.76,86000.0,1.75,1.83,1.9,1.61,2.58,9.3,31.8,39.0,False,False,False,False,False,False,False,False,True,1,False,베이스 없음
20260928,PUMP,ProPetro Holding Corp.,NYSE,9.3,3690400.0,11.23,13.52,12.76,4.87,18.5,91.0,49.7,39.0,False,False,True,True,False,True,False,False,False,3,False,베이스 없음
20260928,RDZN,Roadzen Inc,NASDAQ,1.255,214900.0,1.29,1.4,1.5,0.81,2.56,54.7,51.0,39.0,False,False,False,False,False,True,False,False,False,1,False,1 형성중
20260928,RLTY,Cohen & Steers Real Estate Opps and Income Fund,NYSE,13.95,92484.0,15.42,15.47,15.32,13.88,16.41,0.5,15.0,39.0,False,False,True,False,False,False,True,False,False,2,False,베이스 없음
20260928,RWTO,Redwood Trust 9 00 Senior Notes Due 2029,NYSE,22.45,7429.0,24.18,24.54,24.66,22.29,26.0,0.7,13.7,39.0,False,False,False,False,False,False,True,False,False,1,False,Stage2 아님
20260928,SAIA,Saia Inc,NASDAQ,330.25,392000.0,365.38,398.88,388.66,249.32,494.71,32.5,33.2,39.0,False,False,True,True,False,True,False,False,False,3,False,베이스 없음
20260928,SHIM,Shimmick Corp,NASDAQ,3.09,219700.0,3.72,3.95,3.82,1.95,6.76,58.5,54.3,39.0,False,False,True,True,False,True,False,False,False,3,False,베이스 없음
20260928,SR,Spire Inc,NYSE,76.84,382700.0,81.31,84.91,84.79,75.85,95.31,1.3,19.4,39.0,False,False,True,False,False,False,True,False,False,2,False,베이스 없음
20260928,TIPT,Tiptree Inc,NASDAQ,17.23,210800.0,17.91,17.41,17.5,15.49,27.41,11.2,37.1,39.0,False,False,False,False,True,False,False,False,False,1,False,베이스 없음
20260928,TPVG,Triplepoint Venture Growth BDC Corp,NYSE,4.78,177000.0,5.02,5.16,5.43,4.39,6.95,8.8,31.2,39.0,False,False,False,False,False,False,False,False,False,0,False,Stage2 아님
20260928,VERU,Veru Inc.,NASDAQ,2.53,101300.0,2.49,2.52,2.49,2.05,7.33,23.4,65.5,39.0,False,True,True,True,False,False,False,False,True,4,False,Stage2 아님
20260928,WCN,Waste Connections  Inc.,NYSE,156.16,1695000.0,164.38,162.5,164.38,146.89,179.74,6.3,13.1,39.0,False,False,False,False,True,False,True,False,False,2,False,베이스 없음
20260928,WFCF,Where Food Comes From Inc,NASDAQ,11.58,1300.0,12.57,12.48,12.24,9.15,22.15,26.6,47.7,39.0,False,False,True,True,True,True,False,False,False,4,False,베이스 없음
20260928,WIW,Western Asset Inflation Linked Opportunities Income Closed End Fund,NYSE,7.91,562510.0,8.27,8.42,8.47,7.84,9.02,0.9,12.3,39.0,False,False,False,False,False,False,True,False,False,1,False,Stage2 아님
20260928,WM,Waste Management Inc,NYSE,206.44,1625600.0,222.79,225.58,224.98,194.11,248.13,6.4,16.8,39.0,False,False,True,True,False,False,True,False,False,3,False,베이스 없음
20260928,WRBY,Warby Parker Inc.,NYSE,24.66,3249600.0,25.44,25.1,25.23,14.96,31.0,64.8,20.5,39.0,False,False,False,True,True,True,True,False,False,4,False,1a차
20260928,YUMC,Yum China Holdings Inc,NYSE,41.1,1547000.0,44.92,46.52,47.41,40.15,58.39,2.4,29.6,39.0,False,False,False,False,False,False,False,False,False,0,False,베이스 없음
20260928,AAUC,Allied Gold Corporation,NYSE,21.02,284100.0,21.83,26.27,26.56,14.6,32.2,44.0,34.7,38.0,False,False,False,True,False,True,False,False,False,2,False,1 형성중
20260928,AMX,America Movil SAB de CV ADR,NYSE,21.66,2951600.0,23.78,25.09,24.15,19.71,28.46,9.9,23.9,38.0,False,False,True,False,False,False,True,False,False,2,False,1 형성중
20260928,AVK,Advent Convertible and Income Fund,NYSE,11.4,232929.0,12.4,12.44,12.49,10.77,13.28,5.8,14.2,38.0,False,False,False,False,False,False,True,False,False,1,False,베이스 없음
20260928,BAM,BROOKFIELD ASSET MANAGEMENT LTD,NYSE,44.5,4033500.0,49.33,47.53,48.71,42.2,59.33,5.5,25.0,38.0,False,False,False,False,True,False,True,False,False,2,False,베이스 없음
20260928,BEP,Brookfield Renewable Partners Non Voting Units,NYSE,27.87,712200.0,31.79,32.99,31.91,25.19,38.12,10.6,26.9,38.0,False,False,True,True,False,False,False,False,False,2,False,베이스 없음
20260928,BTU,Peabody Energy Corp,NYSE,25.15,1591400.0,25.6,27.49,28.93,20.06,41.14,25.4,38.9,38.0,True,False,False,False,False,True,False,False,False,1,False,베이스 없음
20260928,CASY,Caseys General Stores Inc,NASDAQ,606.24,807100.0,767.77,772.09,729.97,497.38,927.85,21.9,34.7,38.0,False,False,True,True,False,False,False,False,False,2,False,베이스 없음
20260928,CLFD,Clearfield Inc,NASDAQ,30.66,78200.0,29.76,32.89,32.32,23.76,52.73,29.0,41.9,38.0,False,False,True,False,False,True,False,False,True,3,False,베이스 없음
20260928,CRML,Critical Metals Corp,NASDAQ,7.65,4415300.0,6.83,8.92,9.62,5.12,32.15,49.6,76.2,38.0,False,False,False,False,False,True,False,False,True,2,False,베이스 없음
20260928,DLY,DoubleLine Yield Opportunities Fund,NYSE,13.07,300358.0,13.81,13.99,14.17,12.95,15.26,0.9,14.4,38.0,False,False,False,False,False,False,True,False,False,1,False,Stage2 아님
20260928,DSY,Big Tree Cloud Holdings Ltd,NASDAQ,3.58,3500.0,3.74,3.15,3.74,1.67,28.0,114.4,87.2,38.0,False,False,False,False,True,True,False,False,False,2,False,Stage2 아님
20260928,ECVT,Ecovyst Inc.,NYSE,10.04,917500.0,10.85,12.23,11.78,7.41,15.08,35.5,33.4,38.0,False,False,True,True,False,True,False,False,False,3,False,베이스 없음
20260928,ENJ,Entergy Orleans 5% Mortgage Bonds Series Exp 01 Dec 2052,NYSE,19.14,0.0,19.61,20.12,20.38,18.21,22.81,5.1,16.1,38.0,False,False,False,False,False,False,True,False,False,1,False,Stage2 아님
20260928,FRA,BlackRock Floating Rate Income Strategies Fd，Inc.,NYSE,10.44,162980.0,10.81,10.94,11.15,10.38,13.09,0.6,20.2,38.0,False,False,False,False,False,False,True,False,False,1,False,Stage2 아님
20260928,FULTP,Fulton Financial 1 40th DS Cum Prf Shs Series A,NASDAQ,17.35,6799.0,17.79,18.26,18.41,17.21,20.5,0.8,15.4,38.0,False,False,False,False,False,False,True,False,False,1,False,베이스 없음
20260928,G,Genpact Limited,NYSE,32.6,1357400.0,34.76,34.32,36.87,26.85,48.64,21.4,33.0,38.0,False,False,False,False,False,False,False,False,False,0,False,베이스 없음
20260928,GAB,Gabelli Equity Trust Inc,NYSE,5.3,1506036.0,5.61,5.64,5.75,5.26,6.31,0.9,16.0,38.0,False,False,False,False,False,False,True,False,False,1,False,베이스 없음
20260928,GDS,GDS Holdings Limited ADR,NASDAQ,31.66,728000.0,32.27,36.64,37.69,26.97,48.61,17.4,34.9,38.0,False,False,False,False,False,False,False,False,False,0,False,베이스 없음
20260928,GEG,Great Elm Group Inc,NASDAQ,2.15,14200.0,2.17,2.14,2.19,1.8,2.83,19.4,24.0,38.0,False,False,False,False,False,False,True,False,False,1,False,베이스 없음
20260928,GERN,Geron Corporation,NASDAQ,1.25,5621000.0,1.44,1.45,1.45,1.04,2.01,20.2,37.8,38.0,False,False,True,True,False,False,False,False,False,2,False,베이스 없음
20260928,GFI,Gold Fields Limited ADR,NYSE,35.18,7082100.0,40.53,41.94,43.8,31.11,61.64,13.1,42.9,38.0,False,False,False,True,False,False,False,False,False,1,False,1 형성중
20260928,GHI,Greystone Housing Impact Investors Units,NYSE,5.86,37200.0,5.94,5.77,6.18,4.71,10.79,24.4,45.7,38.0,False,False,False,False,False,False,False,False,False,0,False,Stage2 아님
20260928,HBANM,Huntington Bancshares Dep Shs Rep 1 1000 Prf Shs Series I,NASDAQ,19.99,20988.0,20.55,21.37,21.65,19.54,23.81,2.3,16.0,38.0,False,False,False,False,False,False,True,False,False,1,False,베이스 없음
20260928,HEPS,D Market Elektronik Hizmetler ve Ticaret AS ADR,NASDAQ,2.52,247400.0,2.72,2.76,2.73,2.15,3.33,17.2,24.3,38.0,False,False,True,True,False,False,True,False,False,3,False,베이스 없음
20260928,HY,Hyster-Yale Inc,NYSE,31.87,211200.0,33.93,34.81,34.54,26.41,41.3,20.7,22.8,38.0,False,False,True,True,False,False,True,False,False,3,False,베이스 없음
20260928,IEP,Icahn Enterprises Units,NASDAQ,6.87,711200.0,7.2,7.52,7.59,6.51,9.32,5.5,26.3,38.0,False,False,False,False,False,False,False,False,False,0,False,Stage2 아님
20260928,ISRG,Intuitive Surgical  Inc.,NASDAQ,414.79,2568500.0,374.77,422.6,451.11,328.57,603.88,26.2,31.3,38.0,False,False,False,False,False,True,False,False,True,2,False,베이스 없음
20260928,JMM,Nuveen Multi-Market Income Fund,NYSE,5.48,19363.0,5.74,5.83,5.9,5.48,6.42,0.0,14.6,38.0,False,False,False,False,False,False,True,False,False,1,False,Stage2 아님
20260928,JSM,Navient 6 Prcnt Senior Notes Exp 15 Dec 2043,NASDAQ,17.09,22772.0,17.75,18.2,18.58,16.92,20.65,1.0,17.2,38.0,False,False,False,False,False,False,True,False,False,1,False,1 형성중
20260928,JYNT,Joint Corp,NASDAQ,8.1,56400.0,8.39,8.65,8.81,7.5,10.67,8.0,24.1,38.0,False,False,False,True,False,False,True,False,False,2,False,베이스 없음
20260928,KBR,KBR Inc,NYSE,34.84,1938300.0,36.75,36.25,37.85,29.94,49.6,16.4,29.8,38.0,False,False,False,False,False,False,False,False,False,0,False,베이스 없음
20260928,KMB,Kimberly-Clark Corporation,NASDAQ,98.77,3334800.0,106.14,102.92,102.72,92.42,125.32,6.9,21.2,38.0,False,False,True,False,True,False,True,False,False,3,False,베이스 없음
20260928,LSPD,Lightspeed Commerce Inc.,NYSE,9.69,987600.0,10.19,9.65,10.03,7.83,13.72,23.8,29.3,38.0,False,False,False,False,True,False,False,False,False,1,False,베이스 없음
20260928,MCN,XAI Madison Equity Premium Income Closed End Fund,NYSE,5.27,42951.0,5.59,5.75,5.81,5.24,6.39,0.6,17.5,38.0,False,False,False,False,False,False,True,False,False,1,False,베이스 없음
20260928,MIN,Aberdeen Intermediate Income Fund,NYSE,2.32,125581.0,2.41,2.46,2.49,2.3,2.69,0.9,13.8,38.0,False,False,False,False,False,False,True,False,False,1,False,Stage2 아님
20260928,NCA,Nuveen California Municipal Value Fund,NYSE,8.29,102562.0,8.95,9.21,9.21,8.22,9.8,0.9,15.4,38.0,False,False,False,False,False,False,True,False,False,1,False,Stage2 아님
20260928,NFG,National Fuel Gas Company,NYSE,77.76,756300.0,81.65,83.94,83.61,75.17,97.06,3.4,19.9,38.0,False,False,True,True,False,False,True,False,False,3,False,베이스 없음
20260928,NLY,Annaly Capital Management Inc,NYSE,20.35,12306100.0,22.49,22.28,22.48,20.0,24.52,1.8,17.0,38.0,False,False,False,False,True,False,True,False,False,2,False,베이스 없음
20260928,NYT,The New York Times Company,NYSE,64.17,3073300.0,68.63,74.68,73.73,54.1,87.1,18.6,26.3,38.0,False,False,True,True,False,False,False,False,False,2,False,베이스 없음
20260928,O,Realty Income Corporation,NYSE,55.35,10310600.0,61.54,62.46,61.86,55.07,67.94,0.5,18.5,38.0,False,False,True,True,False,False,True,False,False,3,False,베이스 없음
20260928,OMAB,Grupo Aeroportuario del Centro Norte  S.A.B. de C.V. ADR,NASDAQ,101.87,141300.0,103.17,107.57,109.45,95.69,134.99,6.5,24.5,38.0,False,False,False,False,False,False,True,False,False,1,False,베이스 없음
20260928,PFD,Flaherty Crumrine Preferred and Income Mutual Fund  Incorporated,NYSE,10.67,40959.0,11.25,11.41,11.53,10.62,12.13,0.4,12.0,38.0,False,False,False,False,False,False,True,False,False,1,False,1 형성중
20260928,PFO,Flaherty Crumrine Preferred and Income Opportunity Mutual Fund  Incorporated,NYSE,8.56,41621.0,9.01,9.14,9.24,8.56,9.88,0.0,13.4,38.0,False,False,False,False,False,False,True,False,False,1,False,1 형성중
20260928,PSKY,Paramount Skydance Corp,NASDAQ,10.28,24112400.0,9.76,10.16,10.66,7.62,20.09,34.9,48.8,38.0,True,False,False,False,False,True,False,False,True,2,False,베이스 없음
20260928,REYN,Reynolds Consumer Products Inc,NASDAQ,22.08,2124400.0,24.26,23.24,23.32,20.44,27.32,8.0,19.2,38.0,False,False,False,False,True,False,True,False,False,2,False,베이스 없음
20260928,RNP,Cohen & Steers REIT & Preferred & Income Fund Inc,NYSE,18.75,162141.0,20.12,20.5,20.44,18.64,22.58,0.6,17.0,38.0,False,False,True,False,False,False,True,False,False,2,False,베이스 없음
20260928,ROP,Roper Technologies  Inc.,NASDAQ,354.0,879000.0,389.39,360.32,371.04,305.96,521.28,15.7,32.1,38.0,False,False,False,False,True,False,False,False,False,1,False,베이스 없음
20260928,RPM,RPM International Inc,NYSE,100.2,744200.0,106.37,104.96,106.18,92.92,121.94,7.8,17.8,38.0,False,False,False,False,True,False,True,False,False,2,False,베이스 없음
20260928,SCYX,SCYNEXIS Inc,NASDAQ,4.62,7752300.0,4.74,5.68,5.65,3.53,9.12,30.9,49.3,38.0,False,False,True,False,False,True,False,False,False,2,False,베이스 없음
20260928,SRV,NXG Cushing Midstream Energy Closed End Fund,NYSE,41.65,85090.0,46.22,46.54,45.02,38.11,51.54,9.3,19.2,38.0,False,False,True,True,False,False,True,False,False,3,False,베이스 없음
20260928,STE,STERIS plc,NYSE,211.0,493600.0,223.84,220.27,229.19,195.14,269.44,8.1,21.7,38.0,False,False,False,False,False,False,True,False,False,1,False,베이스 없음
20260928,SUPN,Supernus Pharmaceuticals  Inc.,NASDAQ,44.6,728100.0,45.17,47.78,48.29,40.52,59.68,10.1,25.3,38.0,False,False,False,False,False,False,False,False,False,0,False,베이스 없음
20260928,TWAV,TaoWeave Inc,NASDAQ,1.58,100200.0,1.33,1.42,1.51,0.58,3.21,172.4,50.8,38.0,True,True,False,False,False,True,False,False,True,3,False,Stage2 아님
20260928,UZF,Array Digital Infrtre 5 500 Senior Notes Due 2070,NYSE,16.1301,4435.0,16.66,17.34,17.58,16.13,19.37,0.0,16.7,38.0,False,False,False,False,False,False,True,False,False,1,False,베이스 없음
20260928,XXI,Twenty One Capital Inc,NYSE,6.74,1698500.0,5.44,6.3,6.9,4.15,25.63,62.4,73.7,38.0,True,False,False,False,False,True,False,False,True,2,False,Stage2 아님
20260928,YARW,Yarrow Bioscience Inc,NASDAQ,24.0,107700.0,34.39,32.78,31.46,15.8,46.95,51.9,48.9,38.0,False,False,True,True,True,True,False,False,False,4,False,베이스 없음
20260928,ACDC,ProFrac Holding Corp.,NASDAQ,4.49,1200400.0,4.77,5.81,5.51,3.08,8.22,45.8,45.4,37.0,False,False,True,True,False,True,False,False,False,3,False,베이스 없음
20260928,ACEL,Accel Entertainment Inc,NYSE,11.01,449100.0,11.85,11.9,11.74,9.55,14.0,15.3,21.4,37.0,False,False,True,True,False,False,True,False,False,3,False,베이스 없음
20260928,AEE,Ameren Corporation,NYSE,99.39,2392200.0,107.09,109.55,107.77,96.57,118.32,2.9,16.0,37.0,False,False,True,True,False,False,True,False,False,3,False,베이스 없음
20260928,AMBR,Amber International Holding Ltd ADR,NASDAQ,1.775,132700.0,1.31,1.79,1.88,0.83,3.76,113.9,52.7,37.0,True,False,False,False,False,True,False,False,True,2,False,1 형성중
20260928,ARCO,Arcos Dorados Holdings Inc.,NYSE,7.14,1527500.0,7.99,8.31,8.19,6.54,9.75,9.2,26.8,37.0,False,False,True,True,False,False,False,False,False,2,False,베이스 없음
20260928,AVNW,Aviat Networks Inc,NASDAQ,19.81,91600.0,20.5,20.97,21.35,13.92,27.02,42.3,26.7,37.0,False,False,False,False,False,True,False,False,False,1,False,베이스 없음
20260928,BDC,Belden Inc.,NYSE,109.82,397100.0,117.89,117.94,119.53,98.0,159.99,12.1,31.4,37.0,False,False,False,True,False,False,False,False,False,1,False,베이스 없음
20260928,BRZE,Braze Inc,NASDAQ,23.17,2729300.0,27.2,23.62,24.45,15.26,37.33,51.8,37.9,37.0,False,False,False,False,True,True,False,False,False,2,False,베이스 없음
20260928,BUI,BlackRock Utilities Infrastructure & Power Oppty,NYSE,24.63,117874.0,26.76,27.44,27.3,24.58,30.8,0.2,20.0,37.0,False,False,True,False,False,False,True,False,False,2,False,베이스 없음
20260928,CHRW,C.H. Robinson Worldwide  Inc.,NASDAQ,148.24,987100.0,156.9,171.49,172.44,123.64,210.33,19.9,29.5,37.0,False,False,False,False,False,False,False,False,False,0,False,베이스 없음
20260928,CRWS,Crown Crafts Inc,NASDAQ,2.54,99300.0,2.83,2.81,2.82,2.35,3.14,8.1,19.1,37.0,False,False,False,False,True,False,True,False,False,2,False,베이스 없음
20260928,DASH,DoorDash  Inc.,NASDAQ,178.39,6847900.0,204.42,180.23,187.48,143.3,285.5,24.5,37.5,37.0,False,False,False,True,True,False,False,False,False,2,False,베이스 없음
20260928,DBL,DoubleLine Opportunistic Credit Fund,NYSE,13.42,140508.0,14.04,14.3,14.53,13.41,15.79,0.1,15.0,37.0,False,False,False,False,False,False,True,False,False,1,False,Stage2 아님
20260928,DHF,BNY Mellon High Yield Strategies Fund,NYSE,2.23,462172.0,2.34,2.39,2.42,2.12,2.62,5.2,14.9,37.0,False,False,False,False,False,False,True,False,False,1,False,베이스 없음
20260928,DMC,Del Monte Corporation,NYSE,30.66,261900.0,30.64,34.34,35.24,26.47,43.58,15.8,29.6,37.0,True,False,False,False,False,False,False,False,True,1,False,베이스 없음
20260928,DOLE,Dole PLC,NYSE,12.98,774000.0,13.59,14.26,14.52,12.52,16.57,3.7,21.7,37.0,False,False,False,False,False,False,True,False,False,1,False,베이스 없음
20260928,ELC,Entergy Louisiana Collateral Mortgage Bonds 4.875 Series Exp 01 Sept 2066,NYSE,18.71,12698.0,19.64,20.11,20.28,18.63,21.79,0.4,14.1,37.0,False,False,False,False,False,False,True,False,False,1,False,Stage2 아님
20260928,ETX,Eaton Vance Municipal Income 2028 Term Trust,NYSE,17.25,27012.0,18.12,18.57,18.64,17.11,20.0,0.8,13.7,37.0,False,False,False,False,False,False,True,False,False,1,False,Stage2 아님
20260928,EVG,Eaton Vance Short Duration Diversified Income Closed Fund,NYSE,9.89,43600.0,10.51,10.66,10.73,9.78,11.36,1.2,12.9,37.0,False,False,False,False,False,False,True,False,False,1,False,Stage2 아님
20260928,FCNCO,First Citizens BancShares 5 625 Non Cumulative Perpetual Prf Shs Series C,NASDAQ,19.3,19200.0,20.36,21.05,21.24,19.28,23.43,0.1,17.6,37.0,False,False,False,False,False,False,True,False,False,1,False,베이스 없음
20260928,FE,FirstEnergy Corp,NYSE,43.02,3481100.0,46.85,47.86,47.44,42.67,52.34,0.8,17.8,37.0,False,False,True,False,False,False,True,False,False,2,False,베이스 없음
20260928,FGNX,FG Nexus Inc,NASDAQ,7.5,49910.0,7.42,6.71,8.4,4.18,37.55,79.6,80.0,37.0,False,False,False,False,False,True,False,False,True,2,False,Stage2 아님
20260928,FLC,Flaherty Crumrine Total Return Mutual Fund  Incorporated,NYSE,15.6,48756.0,16.52,16.83,17.02,15.54,18.09,0.4,13.8,37.0,False,False,False,False,False,False,True,False,False,1,False,베이스 없음
20260928,FRMM,Forum Markets  Inc,NASDAQ,4.86,72000.0,5.46,4.63,4.76,1.76,27.1,176.1,82.1,37.0,False,True,False,False,True,True,False,False,False,3,False,Stage2 아님
20260928,GANX,Gain Therapeutics Inc,NASDAQ,1.77,547100.0,1.84,1.93,2.07,1.53,4.34,15.7,59.2,37.0,False,False,False,False,False,False,False,False,False,0,False,베이스 없음
20260928,GBCI,Glacier Bancorp Inc,NYSE,44.06,850800.0,47.75,47.72,47.76,39.9,54.58,10.4,19.3,37.0,False,False,False,True,False,False,True,False,False,2,False,베이스 없음
20260928,GBLI,Global Indemnity Group LLC,NASDAQ,24.5,20600.0,27.69,27.4,27.66,23.97,30.5,2.2,19.7,37.0,False,False,False,False,True,False,True,False,False,2,False,베이스 없음
20260928,HIMS,Hims & Hers Health  Inc.,NYSE,28.78,6460400.0,29.55,27.3,27.7,13.74,65.3,109.5,55.9,37.0,False,True,False,False,True,True,False,False,False,3,False,베이스 없음
20260928,HOV,Hovnanian Enterprises  Inc.,NYSE,113.48,93000.0,125.52,118.89,117.68,91.52,148.48,24.0,23.6,37.0,False,False,True,False,True,False,True,False,False,3,False,베이스 없음
20260928,HRZN,Horizon Technology Finance Corporation,NASDAQ,4.54,273600.0,4.69,4.55,5.05,3.8,6.85,19.5,33.7,37.0,False,False,False,False,False,False,False,False,False,0,False,1 형성중
20260928,INEO,INNEOVA Holdings Ltd,NASDAQ,0.59,16400.0,0.6,0.59,0.58,0.44,1.2,34.1,50.8,37.0,False,True,True,False,True,True,False,False,False,4,False,Stage2 아님
20260928,INSM,Insmed Incorporated,NASDAQ,117.67,1744400.0,119.22,124.32,135.11,90.39,212.75,30.2,44.7,37.0,False,False,False,False,False,True,False,False,False,1,False,베이스 없음
20260928,JGH,Nuveen Global High Income Fund,NYSE,11.53,103292.0,12.33,12.52,12.58,11.4,13.7,1.2,15.8,37.0,False,False,False,False,False,False,True,False,False,1,False,베이스 없음
20260928,JRS,Nuveen Real Estate Income Closed Fund,NYSE,7.29,102560.0,8.29,8.16,8.06,7.12,8.9,2.4,18.1,37.0,False,False,True,True,True,False,True,False,False,4,False,베이스 없음
20260928,KLTR,Kaltura Inc,NASDAQ,1.3,152400.0,1.49,1.39,1.43,1.06,2.05,23.2,36.6,37.0,False,False,False,False,True,False,False,False,False,1,False,베이스 없음
20260928,LBRT,Liberty Energy Inc.,NYSE,18.95,4057000.0,19.99,26.04,24.87,11.52,34.48,64.5,45.0,37.0,False,False,True,True,False,True,False,False,False,3,False,베이스 없음
20260928,LNN,Lindsay Corporation,NYSE,113.9,96300.0,115.54,115.82,118.21,97.27,148.0,17.1,23.0,37.0,False,False,False,True,False,False,True,False,False,2,False,베이스 없음
20260928,MEGI,NYLIM CBRE Global Infrastructure Megatrends Term Closed End Fund Class A,NYSE,13.31,299132.0,14.83,15.03,14.79,13.24,15.89,0.5,16.2,37.0,False,False,True,True,False,False,True,False,False,3,False,베이스 없음
20260928,MGF,Aberdeen Government Markets Income Fund,NYSE,2.69,89587.0,2.81,2.87,2.91,2.69,3.13,0.0,14.1,37.0,False,False,False,False,False,False,True,False,False,1,False,Stage2 아님
20260928,MGY,Magnolia Oil & Gas Corp,NYSE,23.71,4761400.0,26.01,27.7,26.72,21.06,32.76,12.6,27.6,37.0,False,False,True,True,False,False,False,False,False,2,False,베이스 없음
20260928,NTGR,NETGEAR  Inc.,NASDAQ,21.98,392300.0,22.66,23.33,23.16,19.0,36.86,15.7,40.4,37.0,False,False,True,False,False,False,False,False,False,1,False,베이스 없음
20260928,NXP,Nuveen Select Tax-Free Income Portfolio,NYSE,13.01,644018.0,14.01,14.21,14.21,12.87,14.65,1.1,11.2,37.0,False,False,True,False,False,False,True,False,False,2,False,Stage2 아님
20260928,OFS,OFS Capital Corp,NASDAQ,3.66,107100.0,3.65,3.65,3.92,2.72,8.17,34.6,55.2,37.0,True,False,False,False,False,True,False,False,True,2,False,베이스 없음
20260928,RDN,Radian Group Inc.,NYSE,33.0,1913200.0,36.76,35.74,35.41,31.5,41.05,4.8,19.6,37.0,False,False,True,True,True,False,True,False,False,4,False,베이스 없음
20260928,RNAC,Cartesian Therapeutics  Inc.,NASDAQ,7.21,109100.0,8.57,7.91,7.73,5.6,11.0,28.8,34.5,37.0,False,False,True,True,True,True,False,False,False,4,False,베이스 없음
20260928,SHLS,Shoals Technologies Group  Inc.,NASDAQ,7.42,2745500.0,8.06,8.34,8.6,5.43,13.18,36.6,43.7,37.0,False,False,False,False,False,True,False,False,False,1,False,베이스 없음
20260928,TEX,Terex Corporation,NYSE,55.5,1307700.0,63.48,63.1,62.05,41.7,74.69,33.1,25.7,37.0,False,False,True,True,True,True,False,False,False,4,False,1 형성중
20260928,TMDX,TransMedics Group  Inc.,NASDAQ,82.73,422500.0,84.25,90.68,101.13,60.1,156.0,37.6,47.0,37.0,False,False,False,False,False,True,False,False,False,1,False,베이스 없음
20260928,TPL,Texas Pacific Land Corporation,NYSE,338.15,252200.0,373.29,415.61,395.77,269.23,547.2,25.6,38.2,37.0,False,False,True,True,False,True,False,False,False,3,False,베이스 없음
20260928,TRMB,Trimble Inc,NASDAQ,57.51,2532100.0,57.6,59.54,63.26,47.92,84.42,20.0,31.9,37.0,True,False,False,False,False,False,False,False,False,0,False,베이스 없음
20260928,TWI,Titan International Inc,NYSE,7.0,867400.0,7.31,7.65,8.01,6.37,11.7,9.9,40.2,37.0,False,False,False,False,False,False,False,False,False,0,False,베이스 없음
20260928,UCFI,CN Healthy Food Tech Group Corp,NASDAQ,5.51,0.0,5.51,5.51,5.51,3.41,11.58,61.6,52.4,37.0,False,False,False,False,False,True,False,False,False,1,False,1 형성중
20260928,VTS,Vitesse Energy Inc,NYSE,16.75,347200.0,16.73,17.56,18.28,15.0,24.56,11.7,31.8,37.0,True,False,False,False,False,False,False,False,True,1,False,베이스 없음
20260928,VVR,Invesco Senior Income Trust,NYSE,2.87,594818.0,2.94,3.02,3.09,2.84,3.47,1.1,17.3,37.0,False,False,False,False,False,False,True,False,False,1,False,베이스 없음
20260928,WEA,Western Asset Premier Bond Closed Fund,NYSE,9.83,49668.0,10.36,10.55,10.69,9.8,11.42,0.3,13.9,37.0,False,False,False,False,False,False,True,False,False,1,False,Stage2 아님
20260928,ZTO,ZTO Express (Cayman) Inc ADR,NYSE,19.67,4197200.0,22.08,23.28,23.04,18.11,26.2,8.6,24.9,37.0,False,False,True,True,False,False,True,False,False,3,False,베이스 없음
20260928,ZTR,Virtus Total Return Fund Inc.,NYSE,5.96,216154.0,6.64,6.73,6.66,5.93,7.11,0.5,16.2,37.0,False,False,True,True,False,False,True,False,False,3,False,베이스 없음
20260928,ADBE,Adobe Inc,NASDAQ,231.01,5208600.0,256.21,245.86,262.38,190.12,363.7,21.5,36.5,36.0,False,False,False,False,False,False,False,False,False,0,False,베이스 없음
20260928,ADC,Agree Realty Corporation,NYSE,67.3,1453200.0,74.03,75.88,75.17,66.5,82.08,1.2,18.0,36.0,False,False,True,False,False,False,True,False,False,2,False,1 형성중
20260928,AEFC,Aegon Funding Company 5 10 Subordinated Notes due 2049,NYSE,17.73,39481.0,18.15,18.94,19.21,17.51,21.0,1.3,15.6,36.0,False,False,False,False,False,False,True,False,False,1,False,베이스 없음
20260928,AGNC,AGNC Investment Corp.,NASDAQ,9.46,46798100.0,10.56,10.58,10.74,9.43,12.19,0.3,22.4,36.0,False,False,False,False,False,False,True,False,False,1,False,베이스 없음
20260928,ALG,Alamo Group Inc.,NYSE,157.72,238900.0,165.1,166.28,171.82,145.76,219.88,8.2,28.3,36.0,False,False,False,True,False,False,False,False,False,1,False,베이스 없음
20260928,ALT,Altimmune Inc,NASDAQ,2.96,3357500.0,3.08,3.15,3.52,2.56,6.44,15.6,54.0,36.0,False,False,False,False,False,False,False,False,False,0,False,베이스 없음
20260928,AQB,AquaBounty Technologies Inc,NASDAQ,0.949,34400.0,1.13,1.02,1.0,0.77,2.95,22.6,67.8,36.0,False,False,True,True,True,False,False,False,False,3,False,베이스 없음
20260928,ARLO,Arlo Technologies  Inc.,NYSE,12.6,1168300.0,13.69,13.63,13.54,11.05,19.94,14.0,36.8,36.0,False,False,True,False,True,False,False,False,False,2,False,베이스 없음
20260928,ATAT,Atour Lifestyle Holdings Limited ADR,NASDAQ,32.77,787700.0,33.74,35.04,36.1,30.78,43.17,6.5,24.1,36.0,False,False,False,False,False,False,True,False,False,1,False,베이스 없음
20260928,ATO,Atmos Energy Corporation,NYSE,157.05,1039100.0,168.37,176.25,174.71,155.02,192.51,1.3,18.4,36.0,False,False,True,False,False,False,True,False,False,2,False,베이스 없음
20260928,AXP,American Express Company,NYSE,306.33,3354600.0,331.46,323.57,333.94,290.97,387.49,5.3,20.9,36.0,False,False,False,False,False,False,True,False,False,1,False,베이스 없음
20260928,AYI,Acuity Inc.,NYSE,305.91,636700.0,332.02,308.4,315.56,257.04,380.17,19.0,19.5,36.0,False,False,False,False,True,False,True,False,False,2,False,베이스 없음
20260928,BCAT,BlackRock Capital Allocation Term Closed End Fund,NYSE,13.56,837643.0,15.41,15.31,15.12,13.51,16.2,0.4,16.3,36.0,False,False,True,True,True,False,True,False,False,4,False,Stage2 아님
20260928,BMEA,Biomea Fusion  Inc.,NASDAQ,1.29,1444300.0,1.49,1.45,1.42,0.87,2.99,47.9,56.9,36.0,False,False,True,True,True,True,False,False,False,4,False,베이스 없음
20260928,BRT,BRT Apartments Corp,NYSE,13.58,55400.0,14.44,14.46,14.53,13.18,15.98,3.0,15.0,36.0,False,False,False,False,False,False,True,False,False,1,False,베이스 없음
20260928,CAG,Conagra Brands  Inc.,NYSE,14.16,14643500.0,15.22,14.96,15.69,12.53,20.32,13.0,30.3,36.0,False,False,False,False,False,False,False,False,False,0,False,베이스 없음
20260928,CARR,Carrier Global Corporation,NYSE,55.87,5505200.0,60.7,62.93,61.56,50.24,76.76,11.2,27.2,36.0,False,False,True,True,False,False,False,False,False,2,False,베이스 없음
20260928,CELC,Celcuity Inc.,NASDAQ,79.64,559800.0,88.34,104.84,105.03,44.42,151.02,79.3,47.3,36.0,False,False,False,False,False,True,False,False,False,1,False,베이스 없음
20260928,CMG,Chipotle Mexican Grill  Inc.,NYSE,31.85,31427900.0,34.66,33.81,34.91,28.04,42.82,13.6,25.6,36.0,False,False,False,True,False,False,False,False,False,1,False,베이스 없음
20260928,COOK,Traeger  Inc.,NYSE,45.31,94800.0,56.48,51.45,51.19,20.91,86.59,116.7,47.7,36.0,False,False,True,True,True,True,False,False,False,4,False,1 형성중
20260928,CPT,Camden Property Trust,NYSE,98.4,1450500.0,107.17,106.73,107.03,96.53,119.81,1.9,17.9,36.0,False,False,False,False,True,False,True,False,False,2,False,베이스 없음
20260928,CRMD,CorMedix Inc.,NASDAQ,7.89,485000.0,7.9,7.73,8.1,6.13,13.02,28.7,39.4,36.0,False,False,False,False,False,True,False,False,False,1,False,베이스 없음
20260928,CYH,Community Health Systems Inc,NYSE,2.89,1267800.0,2.93,3.03,3.09,2.41,4.43,19.9,34.8,36.0,False,False,False,False,False,False,False,False,False,0,False,베이스 없음
20260928,DGICB,Donegal Group Inc Class B,NASDAQ,16.59,12700.0,22.79,19.95,19.15,14.87,29.99,11.6,44.7,36.0,False,False,True,True,True,False,False,False,False,3,False,1 형성중
20260928,DOCS,Doximity  Inc.,NYSE,26.2,3013200.0,24.42,23.36,27.21,17.15,76.51,52.8,65.8,36.0,False,False,False,False,False,True,False,False,True,2,False,베이스 없음
20260928,DUK,Duke Energy Corp,NYSE,113.41,4193500.0,122.02,125.54,124.0,112.52,134.49,0.8,15.7,36.0,False,False,True,False,False,False,True,False,False,2,False,베이스 없음
20260928,ES,Eversource Energy,NYSE,63.28,3100500.0,70.83,70.65,70.2,62.72,76.57,0.9,17.4,36.0,False,False,True,False,True,False,True,False,False,3,False,베이스 없음
20260928,FTW,Presidio Production Co,NYSE,10.15,69000.0,11.09,11.45,11.22,9.5,17.2,6.8,41.0,36.0,False,False,True,True,False,False,False,False,False,2,False,베이스 없음
20260928,GRFS,Grifols  S.A. ADR,NASDAQ,7.41,597100.0,7.74,7.86,8.19,6.96,10.23,6.5,27.6,36.0,False,False,False,False,False,False,False,False,False,0,False,베이스 없음
20260928,ISBA,Isabella Bank Corp,NASDAQ,37.88,32250.0,39.41,42.07,44.26,33.24,58.83,14.0,35.6,36.0,False,False,False,False,False,False,False,False,False,0,False,1 형성중
20260928,JEF,Jefferies Financial Group Inc,NYSE,47.13,4133000.0,53.09,50.38,53.0,35.53,69.93,32.6,32.6,36.0,False,False,False,False,True,True,False,False,False,2,False,베이스 없음
20260928,JHI,John Hancock Investors Closed Fund,NYSE,12.12,17595.0,13.04,13.21,13.35,12.11,14.27,0.1,15.1,36.0,False,False,False,False,False,False,True,False,False,1,False,Stage2 아님
20260928,KEQU,Kewaunee Scientific Corp,NASDAQ,34.02,1300.0,36.14,36.88,37.4,32.0,46.57,6.3,26.9,36.0,False,False,False,False,False,False,False,False,False,0,False,베이스 없음
20260928,KNSL,Kinsale Capital Group Inc,NYSE,324.92,267700.0,363.99,343.81,356.33,287.2,485.0,13.1,33.0,36.0,False,False,False,False,True,False,False,False,False,1,False,베이스 없음
20260928,LDP,Cohen & Steers Ltd Dur Pref and Income Fund Inc,NYSE,18.92,149949.0,20.34,20.61,20.78,18.84,22.05,0.4,14.2,36.0,False,False,False,False,False,False,True,False,False,1,False,베이스 없음
20260904,LPSN,LivePerson Inc,NASDAQ,3.1,0.0,2.22,2.47,2.92,1.4,15.15,121.4,79.5,36.0,True,True,False,False,False,True,False,False,True,3,False,Stage2 아님
20260928,LSAK,Lesaka Technologies Inc,NASDAQ,4.17,193600.0,4.53,4.75,4.7,3.62,5.54,15.2,24.7,36.0,False,False,True,True,False,False,True,False,False,3,False,베이스 없음
20260928,NPCT,Nuveen Core Plus Impact Fund,NYSE,9.17,109761.0,9.68,10.02,10.09,9.17,11.05,0.0,17.0,36.0,False,False,False,False,False,False,True,False,False,1,False,베이스 없음
20260928,NPFD,Nuveen Variable Rate Preferred Income Closed End Fund,NYSE,17.21,86309.0,18.31,18.73,18.88,16.89,20.12,1.9,14.5,36.0,False,False,False,False,False,False,True,False,False,1,False,베이스 없음
20260928,ORI,Old Republic International Corporation,NYSE,38.02,1907900.0,41.71,40.63,41.17,36.65,46.76,3.7,18.7,36.0,False,False,False,False,True,False,True,False,False,2,False,베이스 없음
20260928,PCF,High Income Securities Fund,NYSE,5.18,268174.0,5.38,5.54,5.68,5.13,6.42,1.0,19.3,36.0,False,False,False,False,False,False,True,False,False,1,False,Stage2 아님
20260928,PCOR,Procore Technologies Inc,NYSE,49.06,2523100.0,54.62,52.03,55.4,38.03,82.32,29.0,40.4,36.0,False,False,False,False,False,True,False,False,False,1,False,베이스 없음
20260928,PDSB,PDS Biotechnology Corp,NASDAQ,0.766,3962500.0,0.52,0.79,0.8,0.2,1.55,292.8,50.6,36.0,False,False,False,False,False,True,False,False,True,2,False,베이스 없음
20260928,RENX,RenX Enterprises Corp,NASDAQ,2.37,247200.0,1.92,2.11,2.53,1.4,33.0,69.3,92.8,36.0,True,False,False,False,False,True,False,False,True,2,False,Stage2 아님
20260928,RQI,Cohen & Steers Quality Income Realty Fund Inc,NYSE,11.0,756197.0,12.15,12.58,12.44,11.0,13.57,0.0,18.9,36.0,False,False,True,False,False,False,True,False,False,2,False,베이스 없음
20260928,RYAN,Ryan Specialty Holdings  Inc.,NYSE,38.12,1696400.0,41.68,37.52,40.45,29.28,59.18,30.2,35.6,36.0,False,False,False,False,True,True,False,False,False,2,False,베이스 없음
20260928,SBGI,Sinclair  Inc.,NASDAQ,12.81,427400.0,13.88,14.2,14.42,12.46,17.88,2.8,28.4,36.0,False,False,False,False,False,False,False,False,False,0,False,베이스 없음
20260928,SJT,San Juan Basin Royalty Units,NYSE,3.72,1199500.0,2.82,3.73,4.23,2.37,6.61,57.0,43.7,36.0,True,False,False,False,False,True,False,False,True,2,False,베이스 없음
20260928,SLM,SLM Corp,NASDAQ,22.9,2048500.0,25.98,23.41,24.24,17.77,31.06,28.9,26.3,36.0,False,False,False,False,True,True,False,False,False,2,False,베이스 없음
20260928,SNY,Sanofi SA ADR,NASDAQ,41.18,2173700.0,43.63,44.41,45.22,40.66,52.68,1.3,21.8,36.0,False,False,False,False,False,False,True,False,False,1,False,베이스 없음
20260928,STI,Solidion Technology  Inc,NASDAQ,6.68,125800.0,7.07,7.7,7.57,2.94,46.0,127.2,85.5,36.0,False,False,True,False,False,True,False,False,False,2,False,Stage2 아님
20260928,TELO,Telomir Pharmaceuticals Inc,NASDAQ,1.2,72100.0,1.16,1.25,1.26,0.89,2.09,35.1,42.6,36.0,False,False,False,False,False,True,False,False,True,2,False,Stage2 아님
20260928,TRSG,Tungray Technologies Inc,NASDAQ,1.22,1137700.0,1.47,1.37,1.32,1.02,1.75,19.6,30.3,36.0,False,False,True,True,True,False,False,False,False,3,False,Stage2 아님
20260928,TSI,TCW Strategic Income Closed Fund,NYSE,4.27,336965.0,4.37,4.49,4.58,4.17,5.04,2.4,15.3,36.0,False,False,False,False,False,False,True,False,False,1,False,Stage2 아님
20260928,UDR,UDR  Inc.,NYSE,33.83,3989200.0,37.04,37.06,37.02,32.94,42.0,2.7,19.5,36.0,False,False,True,True,False,False,True,False,False,3,False,베이스 없음
20260928,UZD,Array Digital Infrtre 6 250 Senior Notes due 2069,NYSE,17.9299,11969.0,18.82,19.48,19.76,17.75,21.99,1.0,18.5,36.0,False,False,False,False,False,False,True,False,False,1,False,베이스 없음
20260928,WAFD,WaFd Inc,NASDAQ,30.85,934300.0,35.58,34.86,34.36,26.31,39.49,17.3,21.9,36.0,False,False,True,True,True,False,True,False,False,4,False,베이스 없음
20260928,AARD,Aardvark Therapeutics  Inc.,NASDAQ,5.27,60600.0,6.16,5.55,7.6,3.35,17.94,57.3,70.6,35.0,False,False,False,False,False,True,False,False,False,1,False,Stage2 아님
20260928,AHRT,AH Realty Trust  Inc,NYSE,5.9,2157000.0,6.64,6.43,6.53,5.13,7.33,15.0,19.5,35.0,False,False,False,False,True,False,True,False,False,2,False,Stage2 아님
20260928,ALGN,Align Technology  Inc.,NASDAQ,145.0,882800.0,162.85,171.14,170.71,122.0,200.44,18.9,27.7,35.0,False,False,True,True,False,False,False,False,False,2,False,베이스 없음
20260928,AMPY,Amplify Energy Corp.,NYSE,4.19,577400.0,4.44,4.99,4.96,3.65,6.79,14.8,38.3,35.0,False,False,True,False,False,False,False,False,False,1,False,베이스 없음
20260928,ANIP,ANI Pharmaceuticals  Inc.,NASDAQ,74.83,391300.0,75.89,78.0,78.74,69.58,97.0,7.5,22.9,35.0,False,False,False,False,False,False,True,False,False,1,False,베이스 없음
20260928,ARL,American Realty Investors Inc,NYSE,15.94,2400.0,15.37,15.68,15.91,12.42,24.44,28.3,34.8,35.0,False,True,False,False,False,True,False,False,True,3,False,베이스 없음
20260928,ATHE,Alterity Therapeutics Limited ADR,NASDAQ,3.5,10400.0,4.38,4.27,4.03,2.66,5.89,31.6,40.6,35.0,False,False,True,True,True,True,False,False,False,4,False,1 형성중
20260928,AWP,abrdn Global Premier Properties Mutual Fund,NYSE,10.5,157475.0,11.6,11.73,11.74,10.46,12.71,0.4,17.4,35.0,False,False,False,False,False,False,True,False,False,1,False,베이스 없음
20260928,AXS,AXIS Capital Holdings Limited,NYSE,94.45,696400.0,102.57,102.26,102.75,88.07,119.99,7.2,21.3,35.0,False,False,False,False,False,False,True,False,False,1,False,베이스 없음
20260928,BABA,Alibaba Group Holding Limited ADR,NYSE,108.76,5857700.0,117.6,123.06,132.08,91.99,192.67,18.2,43.6,35.0,False,False,False,False,False,False,False,False,False,0,False,베이스 없음
20260928,BKD,Brookdale Senior Living Inc,NYSE,11.04,3785700.0,12.85,13.61,13.38,7.97,17.09,38.5,35.4,35.0,False,False,True,True,False,True,False,False,False,3,False,베이스 없음
20260928,BLBD,Blue Bird Corporation,NASDAQ,56.98,474400.0,65.93,65.83,62.3,46.14,83.39,23.5,31.7,35.0,False,False,True,True,True,False,False,False,False,3,False,베이스 없음
20260928,BTZ,BlackRock Credit Allocation Income Trust,NYSE,9.36,436756.0,9.96,10.13,10.28,9.35,11.18,0.1,16.3,35.0,False,False,False,False,False,False,True,False,False,1,False,Stage2 아님
20260928,CNX,CNX Resources Corporation,NYSE,31.7,2519000.0,35.12,36.35,36.72,31.47,43.62,0.7,27.3,35.0,False,False,False,False,False,False,False,False,False,0,False,베이스 없음
20260928,CRNT,Ceragon Networks Ltd,NASDAQ,2.07,369400.0,2.13,2.37,2.33,1.85,3.29,11.9,37.1,35.0,False,False,True,True,False,False,False,False,False,2,False,베이스 없음
20260928,CURI,CuriosityStream Inc,NASDAQ,2.9,689400.0,2.76,2.92,3.12,2.3,5.51,26.1,47.4,35.0,False,False,False,False,False,True,False,False,True,2,False,베이스 없음
20260928,CWST,Casella Waste Systems  Inc.,NASDAQ,81.6,557200.0,90.51,88.24,91.65,74.05,107.96,10.2,24.4,35.0,False,False,False,False,False,False,True,False,False,1,False,베이스 없음
20260928,DHI,D.R. Horton  Inc.,NYSE,139.42,2588600.0,144.69,147.3,148.91,131.75,176.22,5.8,20.9,35.0,False,False,False,False,False,False,True,False,False,1,False,베이스 없음
20260928,EQT,EQT Corporation,NYSE,49.87,5264100.0,52.89,55.9,55.65,47.94,68.24,4.0,26.9,35.0,False,False,True,False,False,False,False,False,False,1,False,베이스 없음
20260928,FCPT,Four Corners Property Trust Inc,NYSE,22.03,1397300.0,24.7,24.88,24.69,21.83,26.86,0.9,18.0,35.0,False,False,True,False,False,False,True,False,False,2,False,베이스 없음
20260928,FVN,Future Vision II Acquisition Corp,NASDAQ,9.66,4100.0,10.73,10.79,10.74,7.9,21.88,22.3,55.9,35.0,False,False,True,False,False,False,False,False,False,1,False,자료 부족
20260928,GEL,Genesis Energy Units Class A,NYSE,14.06,223800.0,15.41,16.07,16.17,13.75,18.64,2.3,24.6,35.0,False,False,False,False,False,False,True,False,False,1,False,베이스 없음
20260928,GIB,CGI Inc,NYSE,67.71,370300.0,71.71,70.06,74.46,59.63,95.2,13.6,28.9,35.0,False,False,False,False,False,False,False,False,False,0,False,베이스 없음
20260928,GIII,G-III Apparel Group Ltd,NASDAQ,27.13,659300.0,32.19,31.41,31.1,24.61,37.54,10.2,27.7,35.0,False,False,True,True,True,False,False,False,False,3,False,베이스 없음
20260928,GNTX,Gentex Corporation,NASDAQ,22.34,2597000.0,23.23,23.26,23.42,20.48,29.01,9.1,23.0,35.0,False,False,False,False,False,False,True,False,False,1,False,베이스 없음
20260928,HYI,Western Asset High Yield Opportunity Fund Inc.,NYSE,9.83,50670.0,10.35,10.61,10.74,9.72,11.84,1.1,17.0,35.0,False,False,False,False,False,False,True,False,False,1,False,Stage2 아님
20260928,INGR,Ingredion Inc,NYSE,96.45,753300.0,101.88,105.24,107.54,94.44,123.49,2.1,21.9,35.0,False,False,False,False,False,False,True,False,False,1,False,베이스 없음
20260928,JLS,Nuveen Mortgage and Income Fund,NYSE,16.13,43295.0,16.95,17.68,17.87,16.07,19.03,0.4,15.2,35.0,False,False,False,False,False,False,True,False,False,1,False,Stage2 아님
20260928,KKR,KKR & Co Inc,NYSE,93.24,6004900.0,103.56,97.98,104.06,82.67,144.84,12.8,35.6,35.0,False,False,False,False,False,False,False,False,False,0,False,베이스 없음
20260928,LDOS,Leidos Holdings  Inc.,NYSE,122.35,961200.0,128.69,136.1,148.81,98.86,205.77,23.8,40.5,35.0,False,False,False,False,False,False,False,False,False,0,False,베이스 없음
20260928,LEVI,Levi Strauss & Co,NYSE,19.81,1371500.0,22.1,21.97,21.82,17.72,25.7,11.8,22.9,35.0,False,False,True,False,True,False,True,False,False,3,False,베이스 없음
20260928,LUCY,Innovative Eyewear Inc,NASDAQ,0.957,53600.0,0.82,0.95,1.04,0.65,2.13,47.2,55.1,35.0,True,False,False,False,False,True,False,False,True,2,False,Stage2 아님
20260928,MFM,Aberdeen Municipal Income Fund,NYSE,4.87,919172.0,5.31,5.4,5.41,4.76,5.67,2.3,14.1,35.0,False,False,False,False,False,False,True,False,False,1,False,베이스 없음
20260928,MNDO,Mind CTI Ltd,NASDAQ,1.0,14600.0,1.02,1.04,1.08,0.85,1.29,17.6,22.5,35.0,False,False,False,False,False,False,True,False,False,1,False,베이스 없음
20260928,MSDL,Morgan Stanley Direct Lending Fund,NYSE,14.16,413202.0,15.06,15.06,15.4,13.66,17.91,3.7,20.9,35.0,False,False,False,False,False,False,True,False,False,1,False,Stage2 아님
20260928,MUC,BlackRock MuniHoldings California Quality Fd，Inc.,NYSE,9.67,867408.0,10.5,10.69,10.71,9.61,11.16,0.6,13.4,35.0,False,False,False,False,False,False,True,False,False,1,False,베이스 없음
20260928,NEE,NextEra Energy  Inc.,NYSE,75.49,13643700.0,84.21,88.52,87.5,73.59,98.75,2.6,23.6,35.0,False,False,True,False,False,False,True,False,False,2,False,베이스 없음
20260928,NERV,Minerva Neurosciences  Inc,NASDAQ,3.4,62300.0,4.24,5.23,5.06,2.06,12.46,64.9,72.7,35.0,False,False,True,True,False,True,False,False,False,3,False,Stage2 아님
20260928,NUV,Nuveen Municipal Value Fund Inc,NYSE,8.15,3393315.0,8.87,9.05,9.06,8.02,9.26,1.7,12.0,35.0,False,False,False,False,False,False,True,False,False,1,False,Stage2 아님
20260928,NUW,Nuveen AMT-Free Municipal Value Fund,NYSE,12.79,143122.0,13.79,14.09,14.16,12.7,14.7,0.7,13.0,35.0,False,False,False,False,False,False,True,False,False,1,False,Stage2 아님
20260928,OMCL,Omnicell Inc,NASDAQ,33.87,563600.0,36.14,38.72,40.4,29.06,55.0,16.6,38.4,35.0,False,False,False,False,False,False,False,False,False,0,False,베이스 없음
20260928,PRG,PROG Holdings Inc,NYSE,31.94,461900.0,39.91,36.68,35.61,25.8,47.73,23.8,33.1,35.0,False,False,True,True,True,False,False,False,False,3,False,1 형성중
20260928,PRTA,Prothena Corporation PLC,NASDAQ,8.72,488900.0,8.87,9.37,9.36,7.73,11.8,12.8,26.1,35.0,False,False,True,False,False,False,False,False,False,1,False,베이스 없음
20260928,PSF,Cohen & Steers Select Preferred and Income Fd Inc,NYSE,18.07,127428.0,19.24,19.6,19.8,18.04,21.16,0.2,14.6,35.0,False,False,False,False,False,False,True,False,False,1,False,베이스 없음
20260928,PTCT,PTC Therapeutics  Inc.,NASDAQ,65.95,1913800.0,70.83,71.54,72.4,57.74,90.87,14.2,27.4,35.0,False,False,False,False,False,False,False,False,False,0,False,베이스 없음
20260928,RITM,Rithm Capital Corp.,NYSE,9.08,8632100.0,9.8,9.61,9.99,8.43,12.15,7.7,25.3,35.0,False,False,False,False,False,False,False,False,False,0,False,베이스 없음
20260928,RMI,RiverNorth Opportunistic Municipal Income Fund Inc,NYSE,13.38,31502.0,15.11,15.29,15.14,13.3,16.36,0.6,18.2,35.0,False,False,True,True,False,False,True,False,False,3,False,1 형성중
20260928,SPE,Special Opportunities Fund，Inc.,NYSE,12.81,19386.0,13.33,13.78,14.09,12.77,15.68,0.3,18.3,35.0,False,False,False,False,False,False,True,False,False,1,False,베이스 없음
20260928,SSP,E W Scripps Co,NASDAQ,2.69,424000.0,3.13,3.52,3.6,1.52,5.39,77.1,50.1,35.0,False,False,False,True,False,True,False,False,False,2,False,베이스 없음
20260928,STRR,Star Equity Holdings Inc,NASDAQ,9.85,1500.0,10.47,10.36,10.4,8.95,11.99,10.1,17.8,35.0,False,False,False,True,True,False,True,False,False,3,False,베이스 없음
20260928,SUI,Sun Communities Inc,NYSE,112.28,1525600.0,119.49,124.26,124.58,110.39,137.85,1.7,18.5,35.0,False,False,False,False,False,False,True,False,False,1,False,베이스 없음
20260928,TLSI,TriSalus Life Sciences Inc,NASDAQ,4.39,253800.0,4.88,4.37,4.75,2.2,7.95,99.5,44.8,35.0,False,False,False,False,True,True,False,False,False,2,False,베이스 없음
20260928,TXRH,Texas Roadhouse Inc,NASDAQ,158.45,1668200.0,192.45,179.54,179.64,153.83,216.3,3.0,26.7,35.0,False,False,False,True,True,False,False,False,False,2,False,베이스 없음
20260928,UZE,Array Digital Infrtre 5 500 Senior Notes due 2070,NYSE,15.96,14568.0,16.64,17.4,17.62,15.9,19.25,0.4,17.1,35.0,False,False,False,False,False,False,True,False,False,1,False,베이스 없음
20260928,VNT,Vontier Corporation,NYSE,30.96,1333900.0,32.29,32.91,34.32,27.25,48.2,13.6,35.8,35.0,False,False,False,False,False,False,False,False,False,0,False,베이스 없음
20260928,WMS,Advanced Drainage Systems Inc,NYSE,130.78,717400.0,138.14,142.74,146.12,124.81,179.32,4.8,27.1,35.0,False,False,False,False,False,False,False,False,False,0,False,베이스 없음
20260928,AEBI,Aebi Schmidt Holding AG,NASDAQ,10.78,467800.0,12.52,12.19,12.69,8.91,15.96,21.0,32.5,34.0,False,False,False,True,False,False,False,False,False,1,False,Stage2 아님
20260928,ALC,Alcon AG,NYSE,65.26,2282200.0,69.76,71.47,73.59,61.84,87.64,5.5,25.5,34.0,False,False,False,False,False,False,False,False,False,0,False,베이스 없음
20260928,BGH,Barings Global Short Duration High Yield Fund,NYSE,13.07,90832.0,14.02,14.03,14.29,13.0,16.41,0.5,20.4,34.0,False,False,False,False,False,False,True,False,False,1,False,베이스 없음
20260928,BTBT,Bit Digital  Inc.,NASDAQ,1.68,18290400.0,1.52,1.64,1.74,1.18,4.55,42.4,63.1,34.0,False,False,False,False,False,True,False,False,True,2,False,베이스 없음
20260928,CBRE,CBRE Group  Inc.,NYSE,130.35,2640100.0,144.4,140.16,145.76,121.69,174.27,7.1,25.2,34.0,False,False,False,False,False,False,False,False,False,0,False,베이스 없음
20260928,CCJ,Cameco Corporation,NYSE,87.04,2919400.0,94.51,105.0,105.76,77.7,135.24,12.0,35.6,34.0,False,False,False,True,False,False,False,False,False,1,False,베이스 없음
20260928,CNL,Collective Mining Ltd.,NASDAQ,12.27,155100.0,14.03,15.59,15.57,9.77,21.97,25.6,44.2,34.0,False,False,True,True,False,True,False,False,False,3,False,베이스 없음
20260928,CPZ,Calamos Long Short Equity Dynamic Income Trust Closed Fund,NASDAQ,12.56,78723.0,13.15,13.43,13.79,12.41,16.5,1.2,23.9,34.0,False,False,False,False,False,False,True,False,False,1,False,Stage2 아님
20260928,DOX,Amdocs Limited,NASDAQ,57.42,700800.0,58.42,60.65,65.18,49.74,85.63,15.4,32.9,34.0,False,False,False,False,False,False,False,False,False,0,False,1 형성중
20260928,DSU,BlackRock Debt Strategies Fund，Inc.,NYSE,8.88,320456.0,9.35,9.63,9.77,8.85,10.67,0.3,16.8,34.0,False,False,False,False,False,False,True,False,False,1,False,Stage2 아님
20260928,DYN,Dyne Therapeutics  Inc.,NASDAQ,16.34,2305800.0,23.11,20.2,19.65,11.92,27.3,37.1,40.2,34.0,False,False,True,False,True,True,False,False,False,3,False,베이스 없음
20260928,EMD,Western Asset Emerging Markets Debt Fund,NYSE,9.37,245977.0,10.37,10.49,10.59,9.28,11.3,1.0,17.1,34.0,False,False,False,False,False,False,True,False,False,1,False,베이스 없음
20260928,ENB,Enbridge Inc.,NYSE,46.97,4282000.0,51.24,53.45,52.15,45.03,58.45,4.3,19.6,34.0,False,False,True,True,False,False,True,False,False,3,False,베이스 없음
20260928,ESOA,Energy Services Of America Corp,NASDAQ,11.13,113400.0,12.95,14.81,13.47,7.84,19.94,42.0,44.2,34.0,False,False,True,True,False,True,False,False,False,3,False,베이스 없음
20260928,ETD,Ethan Allen Interiors Inc.,NYSE,21.2,396800.0,22.69,21.97,22.44,18.28,29.61,16.0,28.4,34.0,False,False,False,False,True,False,False,False,False,1,False,베이스 없음
20260928,FIGR,Figure Technology Solutions  Inc.,NASDAQ,29.33,6159900.0,32.7,32.92,36.75,24.11,78.0,21.7,62.4,34.0,False,False,False,False,False,False,False,False,False,0,False,Stage2 아님
20260928,FUTU,Futu Holdings Limited ADR,NASDAQ,112.27,855800.0,110.65,122.81,133.43,80.5,202.53,39.5,44.6,34.0,True,False,False,False,False,True,False,False,True,2,False,베이스 없음
20260928,GHY,PGIM Global High Yield Fund，Inc,NYSE,10.91,279117.0,11.54,11.81,12.01,10.86,13.25,0.5,17.7,34.0,False,False,False,False,False,False,True,False,False,1,False,베이스 없음
20260928,GOLF,Acushnet Holdings Corp,NYSE,83.79,299500.0,91.78,95.72,94.54,73.09,119.65,14.6,30.0,34.0,False,False,True,True,False,False,False,False,False,2,False,베이스 없음
20260928,HIHO,Highway Holdings Ltd,NASDAQ,0.9,45100.0,0.98,0.87,0.93,0.6,2.21,50.0,59.3,34.0,False,False,False,False,True,True,False,False,False,2,False,베이스 없음
20260928,HTD,John Hancock Tax Advantaged Dividend Income Closed Fund,NYSE,22.11,111447.0,25.01,25.24,24.97,22.1,26.35,0.0,16.1,34.0,False,False,True,False,False,False,True,False,False,2,False,베이스 없음
20260928,IIIN,Insteel Industries Inc,NYSE,29.29,129700.0,31.08,30.49,31.33,24.35,39.22,20.3,25.3,34.0,False,False,False,False,False,False,False,False,False,0,False,베이스 없음
20260928,KIO,KKR Income Opportunities Fund,NYSE,10.22,316419.0,10.95,11.11,11.24,10.22,12.68,0.0,19.4,34.0,False,False,False,False,False,False,True,False,False,1,False,베이스 없음
20260928,LNT,Alliant Energy Corp,NASDAQ,63.21,4040400.0,69.05,71.57,70.31,62.7,78.81,0.8,19.8,34.0,False,False,True,False,False,False,True,False,False,2,False,베이스 없음
20260928,LOAR,Loar Holdings Inc.,NYSE,63.57,646100.0,69.87,66.85,67.39,53.15,83.43,19.6,23.8,34.0,False,False,False,False,True,False,True,False,False,2,False,베이스 없음
20260928,MBLY,Mobileye Global Inc,NASDAQ,7.8,4840400.0,8.4,8.59,9.0,6.47,15.81,20.6,50.7,34.0,False,False,False,False,False,False,False,False,False,0,False,Stage2 아님
20260928,MC,Moelis & Company,NYSE,58.1,729300.0,65.6,64.04,65.88,51.06,78.22,13.8,25.7,34.0,False,False,False,False,False,False,False,False,False,0,False,베이스 없음
20260928,MTH,Meritage Homes Corp,NYSE,65.0,804600.0,69.61,69.04,69.83,58.03,85.38,12.0,23.9,34.0,False,False,False,False,False,False,True,False,False,1,False,베이스 없음
20260928,NAVI,Navient Corporation,NASDAQ,8.86,1150700.0,9.14,8.64,9.41,7.33,13.5,20.9,34.4,34.0,False,False,False,False,False,False,False,False,False,0,False,베이스 없음
20260928,NBB,Nuveen Taxable Municipal Income Fund,NYSE,14.05,91221.0,15.17,15.55,15.65,14.04,16.62,0.1,15.5,34.0,False,False,False,False,False,False,True,False,False,1,False,Stage2 아님
20260928,NGS,Natural Gas Services Group  Inc.,NYSE,32.75,78700.0,36.16,38.68,37.65,25.53,44.61,28.3,26.6,34.0,False,False,True,True,False,True,False,False,False,3,False,베이스 없음
20260928,NNY,Nuveen New York Municipal Value Fund,NYSE,7.63,129093.0,8.16,8.44,8.47,7.62,8.94,0.1,14.7,34.0,False,False,False,False,False,False,True,False,False,1,False,Stage2 아님
20260928,NOC,Northrop Grumman Corp,NYSE,505.8,542100.0,540.58,587.52,599.92,479.02,774.0,5.6,34.7,34.0,False,False,False,False,False,False,False,False,False,0,False,베이스 없음
20260928,OEC,Orion SA,NYSE,5.87,400400.0,6.36,6.49,6.36,4.34,8.64,35.1,32.1,34.0,False,False,True,True,False,True,False,False,False,3,False,베이스 없음
20260928,OGS,ONE Gas  Inc.,NYSE,71.66,695300.0,78.54,81.84,81.22,70.91,90.78,1.1,21.1,34.0,False,False,True,False,False,False,True,False,False,2,False,베이스 없음
20260928,OPCH,Option Care Health Inc,NASDAQ,22.9,1889400.0,23.39,24.39,26.75,18.01,36.8,27.2,37.8,34.0,False,False,False,False,False,True,False,False,False,1,False,베이스 없음
20260928,PDT,John Hancock Premium Dividend Fund,NYSE,11.58,185804.0,12.54,12.88,12.89,11.56,13.65,0.2,15.2,34.0,False,False,False,False,False,False,True,False,False,1,False,베이스 없음
20260928,PEP,PepsiCo  Inc.,NASDAQ,128.5,7474700.0,137.59,146.61,147.74,126.72,171.48,1.4,25.1,34.0,False,False,False,False,False,False,False,False,False,0,False,베이스 없음
20260928,PGZ,Principal Real Estate Income Fund,NYSE,8.95,26287.0,9.87,9.99,10.03,8.95,10.6,0.0,15.6,34.0,False,False,False,False,False,False,True,False,False,1,False,베이스 없음
20260928,PIPR,Piper Sandler Companies,NYSE,71.69,701600.0,75.03,77.31,79.98,68.7,95.06,4.4,24.6,34.0,False,False,False,False,False,False,True,False,False,1,False,베이스 없음
20260928,PNI,PIMCO New York Municipal Income Fund II,NYSE,6.19,118712.0,6.74,6.9,6.92,6.14,7.2,0.8,14.0,34.0,False,False,False,False,False,False,True,False,False,1,False,베이스 없음
20260928,POR,Portland General Electric Co,NYSE,44.18,4578500.0,49.37,50.76,50.46,42.58,54.62,3.8,19.1,34.0,False,False,True,False,False,False,True,False,False,2,False,베이스 없음
20260928,PUK,Prudential PLC ADR,NYSE,25.2,961700.0,27.77,28.68,29.38,24.61,34.03,2.4,25.9,34.0,False,False,False,False,False,False,False,False,False,0,False,베이스 없음
20260928,RA,Brookfield Real Assets Income Closed Fund,NYSE,11.54,405617.0,12.5,12.75,12.83,11.54,13.59,0.0,15.1,34.0,False,False,False,False,False,False,True,False,False,1,False,Stage2 아님
20260928,RFM,RiverNorth Flexible Municipal Income Fund Inc.,NYSE,12.74,81230.0,14.29,14.4,14.37,12.52,15.03,1.8,15.2,34.0,False,False,True,False,False,False,True,False,False,2,False,베이스 없음
20260928,RIV,RiverNorth Opportunities Fund Inc,NYSE,10.38,42331.0,11.03,11.38,11.51,10.34,12.15,0.4,14.6,34.0,False,False,False,False,False,False,True,False,False,1,False,베이스 없음
20260928,SERA,Sera Prognostics  Inc.,NASDAQ,2.02,6900.0,2.05,2.02,2.3,1.56,3.95,29.5,48.9,34.0,True,False,False,False,False,True,False,False,False,1,False,베이스 없음
20260928,SPAI,Safe Pro Group Inc,NASDAQ,4.02,122700.0,4.55,4.52,4.57,3.23,9.05,24.5,55.6,34.0,False,False,False,False,False,False,False,False,False,0,False,1 형성중
20260928,SPH,Suburban Propane Partners Common Units,NYSE,16.47,187500.0,17.62,18.77,18.91,16.34,20.8,0.8,20.8,34.0,False,False,False,False,False,False,True,False,False,1,False,베이스 없음
20260928,SRFM,Surf Air Mobility Inc.,NYSE,1.19,9845900.0,0.73,1.08,1.38,0.46,6.17,161.0,80.7,34.0,True,False,False,False,False,True,False,False,True,2,False,Stage2 아님
20260928,TDF,Templeton Dragon Closed Fund,NYSE,9.69,57478.0,10.62,10.89,11.07,9.67,12.2,0.2,20.6,34.0,False,False,False,False,False,False,True,False,False,1,False,베이스 없음
20260928,TNL,Travel + Leisure Co,NYSE,63.87,693200.0,70.75,71.0,71.28,58.07,81.0,10.0,21.1,34.0,False,False,False,True,False,False,True,False,False,2,False,베이스 없음
20260928,TYL,Tyler Technologies  Inc.,NYSE,324.02,603700.0,333.01,327.21,348.48,270.71,531.94,19.7,39.1,34.0,False,False,False,False,False,False,False,False,False,0,False,베이스 없음
20260928,WBTN,Webtoon Entertainment Inc,NASDAQ,10.95,306400.0,9.74,10.72,11.18,7.85,20.07,39.5,45.4,34.0,False,False,False,False,False,True,False,False,True,2,False,베이스 없음
20260928,WEC,WEC Energy Group  Inc.,NYSE,101.45,3168500.0,107.69,112.31,111.31,100.14,119.91,1.3,15.4,34.0,False,False,True,False,False,False,True,False,False,2,False,베이스 없음
20260928,YMM,Full Truck Alliance Co. Ltd. ADR,NYSE,8.2,7688300.0,8.81,8.68,9.12,7.46,14.07,10.0,41.7,34.0,False,False,False,False,False,False,False,False,False,0,False,베이스 없음
20260928,YUM,Yum! Brands  Inc.,NYSE,138.28,1840700.0,147.4,153.8,154.17,134.26,170.14,3.0,18.7,34.0,False,False,False,False,False,False,True,False,False,1,False,베이스 없음
20260928,AA,Alcoa Corp,NYSE,42.25,3033400.0,47.68,58.25,58.04,30.81,84.38,37.1,49.9,33.0,False,False,True,True,False,True,False,False,False,3,False,베이스 없음
20260928,AAON,AAON  Inc.,NASDAQ,85.34,1733000.0,85.8,101.17,97.78,73.19,150.46,16.6,43.3,33.0,False,False,True,False,False,False,False,False,False,1,False,베이스 없음
20260928,ACHR,Archer Aviation Inc.,NYSE,5.2,17507500.0,5.61,5.74,6.27,4.3,14.62,20.9,64.4,33.0,False,False,False,False,False,False,False,False,False,0,False,1 형성중
20260928,ANNX,Annexon  Inc.,NASDAQ,4.01,5072600.0,4.87,5.31,5.37,2.54,7.18,57.9,44.2,33.0,False,False,False,True,False,True,False,False,False,2,False,베이스 없음
20260928,AOS,A. O. Smith Corporation,NYSE,58.38,1138800.0,60.29,62.13,64.62,54.16,81.87,7.8,28.7,33.0,False,False,False,False,False,False,False,False,False,0,False,베이스 없음
20260928,ATRA,Atara Biotherapeutics  Inc.,NASDAQ,8.37,23500.0,8.92,7.93,8.5,3.92,19.14,113.5,56.3,33.0,False,False,False,False,True,True,False,False,False,2,False,베이스 없음
20260928,BFS,Saul Centers Inc,NYSE,30.21,156000.0,33.25,34.24,33.77,29.16,38.42,3.6,21.4,33.0,False,False,True,True,False,False,True,False,False,3,False,베이스 없음
20260928,BHK,BlackRock Core Bond Closed Fund,NYSE,8.25,334553.0,8.88,9.05,9.18,8.22,10.12,0.4,18.5,33.0,False,False,False,False,False,False,True,False,False,1,False,베이스 없음
20260928,BLW,BlackRock Limited Duration Income Trust,NYSE,11.53,144696.0,12.47,12.64,12.92,11.43,14.19,0.9,18.7,33.0,False,False,False,False,False,False,True,False,False,1,False,Stage2 아님
20260928,BMA,Banco Macro SA ADR,NYSE,66.04,302800.0,81.19,81.0,83.87,39.3,106.15,68.0,37.8,33.0,False,False,False,False,False,True,False,False,False,1,False,베이스 없음
20260928,BON,Bon Natural Life Ltd,NASDAQ,1.22,6000.0,1.14,1.26,1.37,0.98,2.34,24.0,47.9,33.0,False,False,False,False,False,False,False,False,True,1,False,Stage2 아님
20260928,BURL,Burlington Stores  Inc.,NYSE,266.39,2080800.0,309.44,316.04,310.81,226.85,378.33,17.4,29.6,33.0,False,False,True,False,False,False,False,False,False,1,False,베이스 없음
20260928,BZ,KANZHUN LIMITED ADR,NASDAQ,14.18,6900900.0,15.92,14.65,15.83,12.57,24.65,12.8,42.5,33.0,False,False,False,False,True,False,False,False,False,1,False,베이스 없음
20260928,CAE,CAE Inc,NASDAQ,24.28,739300.0,25.18,26.01,27.34,22.76,34.24,6.7,29.1,33.0,False,False,False,False,False,False,False,False,False,0,False,베이스 없음
20260928,CEPU,Central Puerto S.A. ADR,NYSE,12.07,373500.0,13.92,14.73,15.17,7.54,18.5,60.2,34.8,33.0,False,False,False,False,False,True,False,False,False,1,False,1 형성중
20260928,CVNA,Carvana Co,NYSE,60.47,15472300.0,68.61,68.35,72.61,54.46,97.38,11.0,37.9,33.0,False,False,False,True,False,False,False,False,False,1,False,베이스 없음
20260928,DRS,Leonardo DRS Inc,NASDAQ,36.67,563300.0,41.43,43.5,42.14,32.43,50.59,13.1,27.5,33.0,False,False,True,True,False,False,False,False,False,2,False,베이스 없음
20260928,DSL,DoubleLine Income Solutions Fd,NYSE,9.91,967369.0,10.53,10.83,10.96,9.83,12.38,0.8,20.0,33.0,False,False,False,False,False,False,True,False,False,1,False,베이스 없음
20260928,DTG,DTE Energy 2021 4 375 Junior Subordinated Debentures Series E,NYSE,15.3057,24811.0,16.16,16.7,16.9,15.15,18.57,1.0,17.6,33.0,False,False,False,False,False,False,True,False,False,1,False,베이스 없음
20260928,ELTK,Eltek Ltd,NASDAQ,8.15,5400.0,8.42,8.65,8.71,7.3,11.59,11.6,29.7,33.0,False,False,False,False,False,False,False,False,False,0,False,베이스 없음
20260928,FIZZ,National Beverage Corp.,NASDAQ,29.57,483400.0,31.53,33.61,33.67,28.97,38.21,2.1,22.6,33.0,False,False,False,False,False,False,True,False,False,1,False,베이스 없음
20260928,FLG,Flagstar Bank NA,NYSE,12.04,5930000.0,13.61,13.8,13.65,10.57,15.44,13.9,22.0,33.0,False,False,True,True,False,False,True,False,False,3,False,베이스 없음
20260928,FMN,Federated Hermes Premier Municipal Income Closed End Fund,NYSE,9.89,64853.0,10.9,11.1,11.12,9.84,11.76,0.5,15.9,33.0,False,False,False,False,False,False,True,False,False,1,False,베이스 없음
20260928,FRPH,FRP Holdings Inc,NASDAQ,21.09,75800.0,22.22,22.65,22.86,20.53,25.74,2.7,18.1,33.0,False,False,False,False,False,False,True,False,False,1,False,Stage2 아님
20260928,GUG,Guggenheim Active Allocation CEF,NYSE,13.82,175276.0,15.13,15.54,15.57,13.75,16.46,0.5,16.0,33.0,False,False,False,False,False,False,True,False,False,1,False,베이스 없음
20260928,GVA,Granite Construction Incorporated,NYSE,115.77,703800.0,120.83,128.79,126.99,97.26,162.08,19.0,28.6,33.0,False,False,True,True,False,False,False,False,False,2,False,베이스 없음
20260928,HBAN,Huntington Bancshares Inc,NASDAQ,15.3,29728900.0,16.99,16.68,16.97,14.89,19.46,2.8,21.4,33.0,False,False,False,True,True,False,True,False,False,3,False,베이스 없음
20260928,HIO,Western Asset High Income Opportunity Closed Fund,NYSE,3.27,974142.0,3.49,3.6,3.64,3.24,3.96,0.9,17.4,33.0,False,False,False,False,False,False,True,False,False,1,False,Stage2 아님
20260928,HYT,BlackRock Corporate High Yield Fund，Inc.,NYSE,7.77,1319418.0,8.24,8.47,8.59,7.7,9.55,0.9,18.6,33.0,False,False,False,False,False,False,True,False,False,1,False,Stage2 아님
20260928,IDXX,IDEXX Laboratories  Inc.,NASDAQ,529.06,392000.0,546.22,563.11,592.28,500.61,769.98,5.7,31.3,33.0,False,False,False,False,False,False,False,False,False,0,False,베이스 없음
20260928,IRT,Independence Realty Trust  Inc.,NYSE,14.7,3883800.0,16.14,16.18,16.37,14.46,17.79,1.7,17.4,33.0,False,False,False,False,False,False,True,False,False,1,False,베이스 없음
20260928,KTF,DWS Municipal Income Trust,NYSE,8.06,220022.0,8.73,8.99,9.02,8.04,9.37,0.3,14.0,33.0,False,False,False,False,False,False,True,False,False,1,False,베이스 없음
20260928,LAW,CS Disco  Inc.,NYSE,4.16,199400.0,4.18,4.0,4.64,2.45,9.11,69.8,54.3,33.0,False,False,False,False,False,True,False,False,False,1,False,베이스 없음
20260928,LOPE,Grand Canyon Education Inc,NASDAQ,146.4,252600.0,148.01,155.44,158.72,134.27,223.04,9.0,34.4,33.0,False,False,False,False,False,False,False,False,False,0,False,베이스 없음
20260928,MCFT,Mastercraft Boat Holdings Inc,NASDAQ,19.87,289200.0,23.28,22.9,22.5,17.19,28.44,15.6,30.1,33.0,False,False,True,True,True,False,False,False,False,3,False,베이스 없음
20260928,MKC.V,Mccormick & Co Voting Ord Shs,NYSE,50.31,6600.0,52.71,52.53,56.05,44.3,72.14,13.6,30.3,33.0,False,False,False,False,False,False,False,False,False,0,False,Stage2 아님
20260928,MLP,Maui Land & Pineapple Company Inc,NYSE,16.17,8000.0,16.4,16.45,16.58,13.84,19.92,16.8,18.8,33.0,False,False,False,True,False,False,True,False,False,2,False,베이스 없음
20260928,MMD,NYLIM MacKay DefinedTerm Muni Opportunities Closed End Fund Class A,NYSE,13.38,260659.0,14.75,15.06,15.1,13.35,15.82,0.2,15.4,33.0,False,False,False,False,False,False,True,False,False,1,False,Stage2 아님
20260928,NEWT,NewtekOne  Inc.,NASDAQ,11.19,212400.0,13.0,13.0,12.96,9.59,15.69,16.7,28.7,33.0,False,False,True,True,True,False,False,False,False,3,False,베이스 없음
20260928,NOA,North American Construction Group Ltd,NYSE,12.16,86300.0,13.51,14.01,14.25,12.07,17.26,0.7,29.5,33.0,False,False,False,False,False,False,False,False,False,0,False,베이스 없음
20260928,NRK,Nuveen New York AMT-Free Quality Municipal Inc Fd,NYSE,9.12,951430.0,10.15,10.38,10.32,9.12,10.9,0.0,16.3,33.0,False,False,True,False,False,False,True,False,False,2,False,베이스 없음
20260928,NVR,NVR  Inc.,NYSE,6267.8901,36700.0,6301.06,6437.42,6723.06,5501.01,8200.0,13.9,23.6,33.0,False,False,False,False,False,False,True,False,False,1,False,베이스 없음
20260928,OCFC,OceanFirst Financial Corp,NASDAQ,16.72,918500.0,18.96,18.69,18.78,16.66,20.61,0.4,18.9,33.0,False,False,False,False,True,False,True,False,False,2,False,베이스 없음
20260928,OIA,Invesco Muni Income Opportunities Trust,NYSE,5.38,585667.0,5.96,6.08,6.1,5.25,6.4,2.5,15.9,33.0,False,False,False,False,False,False,True,False,False,1,False,베이스 없음
20260928,PAXS,PIMCO Access Income Fund,NYSE,13.11,295483.0,13.96,14.31,14.66,12.92,16.56,1.5,20.8,33.0,False,False,False,False,False,False,True,False,False,1,False,베이스 없음
20260928,PMM,Franklin Managed Municipal Income Trust,NYSE,5.51,332349.0,6.16,6.24,6.24,5.38,6.6,2.3,16.5,33.0,False,False,True,False,False,False,True,False,False,2,False,베이스 없음
20260928,PRDO,Perdoceo Education Corporation,NASDAQ,30.01,531500.0,32.31,33.77,33.04,26.66,38.5,12.6,22.1,33.0,False,False,True,True,False,False,True,False,False,3,False,베이스 없음
20260928,PTA,Cohen & Steers Tax-Adv Pref Secs and Inc Fund,NYSE,17.09,339885.0,18.45,19.0,19.14,17.05,20.92,0.3,18.3,33.0,False,False,False,False,False,False,True,False,False,1,False,베이스 없음
20260928,RAND,Rand Capital Corp,NASDAQ,10.0,0.0,10.36,10.73,11.06,9.77,17.49,2.4,42.8,33.0,False,False,False,False,False,False,False,False,False,0,False,1 형성중
20260928,RRX,Regal Rexnord Corporation,NYSE,156.48,820900.0,174.6,195.85,188.5,127.96,247.8,22.3,36.9,33.0,False,False,True,True,False,False,False,False,False,2,False,베이스 없음
20260928,SBAC,SBA Communications Corp,NASDAQ,163.43,868600.0,181.3,192.66,191.89,162.21,224.46,0.8,27.2,33.0,False,False,True,False,False,False,False,False,False,1,False,Stage2 아님
20260928,SBI,Western Asset Intermediate Muni Fund,NYSE,6.91,117799.0,7.54,7.71,7.73,6.88,8.01,0.4,13.7,33.0,False,False,False,False,False,False,True,False,False,1,False,Stage2 아님
20260928,SRTS,Sensus Healthcare Inc,NASDAQ,2.995,39900.0,3.09,3.44,3.69,2.66,5.49,12.6,45.4,33.0,False,False,False,False,False,False,False,False,False,0,False,베이스 없음
20260928,SXTC,China SXT Pharmaceuticals Inc,NASDAQ,2.52,41700.0,13.7,5.89,28.95,0.04,1047.0,6200.0,99.8,33.0,False,False,False,False,False,True,False,False,False,1,False,Stage2 아님
20260928,TGS,Transportadora de Gas del Sur SA ADR,NYSE,25.86,178500.0,29.1,30.32,30.39,20.01,36.35,29.2,28.9,33.0,False,False,False,False,False,True,False,False,False,1,False,베이스 없음
20260928,VTEX,VTEX,NYSE,3.58,638500.0,3.84,3.82,3.73,2.84,4.62,26.0,22.5,33.0,False,False,True,False,True,True,True,False,False,4,False,베이스 없음
20260928,ALGT,Allegiant Travel Company,NASDAQ,76.55,416400.0,86.13,88.13,89.31,57.11,123.63,34.0,38.1,32.0,False,False,False,True,False,True,False,False,False,2,False,베이스 없음
20260928,AMRN,Amarin Corporation PLC ADR,NASDAQ,13.25,22800.0,13.94,14.53,14.58,12.96,20.9,2.2,36.6,32.0,False,False,False,False,False,False,False,False,False,0,False,베이스 없음
20260928,ARDC,Ares Dynamic Credit Allocation Fund Inc,NYSE,11.41,117830.0,12.26,12.43,12.67,11.36,14.21,0.4,19.7,32.0,False,False,False,False,False,False,True,False,False,1,False,베이스 없음
20260928,AVA,Avista Corporation,NYSE,34.79,620100.0,38.4,40.04,40.03,34.53,43.5,0.8,20.0,32.0,False,False,True,False,False,False,True,False,False,2,False,베이스 없음
20260928,BBN,BlackRock Taxable Municipal Bond Trust,NYSE,14.32,302050.0,15.55,15.9,16.05,14.29,17.45,0.2,17.9,32.0,False,False,False,False,False,False,True,False,False,1,False,베이스 없음
20260928,BCE,BCE Inc,NYSE,20.56,4324500.0,22.6,23.67,23.85,20.46,26.52,0.5,22.5,32.0,False,False,False,False,False,False,True,False,False,1,False,베이스 없음
20260928,BDN,Brandywine Realty Trust,NYSE,2.82,1689100.0,3.05,3.02,3.02,2.47,4.51,14.2,37.5,32.0,False,False,True,False,True,False,False,False,False,2,False,베이스 없음
20260928,BKT,BlackRock Income Trust，Inc.,NYSE,9.55,154858.0,10.2,10.5,10.64,9.49,11.46,0.6,16.7,32.0,False,False,False,False,False,False,True,False,False,1,False,Stage2 아님
20260928,BX,Blackstone Inc.,NYSE,114.56,8078400.0,133.04,123.09,129.28,101.73,178.29,12.6,35.7,32.0,False,False,False,False,True,False,False,False,False,1,False,1 형성중
20260928,CASH,Pathward Financial Inc,NASDAQ,72.29,183700.0,83.12,86.4,85.02,65.87,101.26,9.7,28.6,32.0,False,False,True,True,False,False,False,False,False,2,False,베이스 없음
20260928,CNP,CenterPoint Energy  Inc.,NYSE,36.62,6036400.0,40.26,42.09,41.39,36.49,45.26,0.4,19.1,32.0,False,False,True,False,False,False,True,False,False,2,False,베이스 없음
20260928,CORZ,Core Scientific Inc,NASDAQ,16.52,9134300.0,19.17,20.73,19.8,13.36,30.46,23.7,45.8,32.0,False,False,True,True,False,False,False,False,False,2,False,1 형성중
20260928,DAIO,Data I/O Corp,NASDAQ,2.85,10200.0,2.95,3.02,3.04,2.16,4.49,31.9,36.5,32.0,False,False,False,True,False,True,False,False,False,2,False,베이스 없음
20260928,DMB,BNY Mellon Municipal Bond Infrastructure Fund In,NYSE,9.47,199423.0,10.42,10.73,10.79,9.4,11.28,0.7,16.0,32.0,False,False,False,False,False,False,True,False,False,1,False,베이스 없음
20260928,DX,Dynex Capital  Inc.,NYSE,11.33,8145200.0,12.68,13.01,13.27,11.12,14.93,1.9,24.1,32.0,False,False,False,False,False,False,True,False,False,1,False,베이스 없음
20260928,EHI,Western Asset Global High Income Fund,NYSE,5.38,115139.0,5.72,5.95,6.07,5.35,6.62,0.6,18.7,32.0,False,False,False,False,False,False,True,False,False,1,False,Stage2 아님
20260928,EOT,Eaton Vance National Municipal Opportunities Closed Fund,NYSE,15.16,118447.0,16.89,17.12,17.13,15.12,18.0,0.3,15.8,32.0,False,False,False,False,False,False,True,False,False,1,False,Stage2 아님
20260928,EUDA,EUDA Health Holdings Ltd,NASDAQ,16.2,8500.0,15.51,13.79,19.22,5.26,86.0,208.0,81.2,32.0,True,False,False,False,False,True,False,False,True,2,False,1 형성중
20260928,GENI,Genius Sports Ltd,NYSE,6.15,6672300.0,7.14,5.93,6.78,3.82,13.52,60.8,54.5,32.0,False,False,False,False,True,True,False,False,False,2,False,베이스 없음
20260928,HIX,Western Asset High Income Fund II Inc,NYSE,3.52,690669.0,3.87,3.94,4.0,3.46,4.39,1.7,19.8,32.0,False,False,False,False,False,False,True,False,False,1,False,베이스 없음
20260928,IQI,Invesco Quality Municipal Income Closed Fund,NYSE,8.7,355436.0,9.9,9.92,9.95,8.7,10.42,0.0,16.5,32.0,False,False,False,False,False,False,True,False,False,1,False,베이스 없음
20260928,JBSS,John B. Sanfilippo & Son  Inc.,NASDAQ,67.57,115800.0,76.72,78.72,77.84,59.07,92.08,14.4,26.6,32.0,False,False,True,True,False,False,False,False,False,2,False,베이스 없음
20260928,LEO,BNY Mellon Strategic Municipals Inc,NYSE,5.53,267799.0,6.09,6.27,6.3,5.51,6.55,0.4,15.6,32.0,False,False,False,False,False,False,True,False,False,1,False,베이스 없음
20260928,LOMA,Loma Negra Compania Industrial Argentina SA ADR,NYSE,9.31,342700.0,10.25,10.82,11.14,7.04,13.2,32.2,29.5,32.0,False,False,False,False,False,True,False,False,False,1,False,베이스 없음
20260928,MAMA,Mama's Creations Inc,NASDAQ,13.15,691800.0,16.2,15.89,15.49,9.9,21.0,32.8,37.4,32.0,False,False,True,True,True,True,False,False,False,4,False,베이스 없음
20260928,MAZE,Maze Therapeutics  Inc.,NASDAQ,26.85,1177300.0,27.15,30.15,33.3,21.95,53.65,22.3,50.0,32.0,False,False,False,False,False,False,False,False,False,0,False,베이스 없음
20260928,MHD,BlackRock MuniHoldings Fund，Inc.,NYSE,10.27,1805402.0,11.32,11.57,11.62,10.19,12.08,0.8,15.0,32.0,False,False,False,False,False,False,True,False,False,1,False,베이스 없음
20260928,MKL,Markel Group Inc.,NYSE,1740.4,72900.0,1842.76,1883.54,1938.4,1716.0,2207.59,1.4,21.2,32.0,False,False,False,False,False,False,True,False,False,1,False,베이스 없음
20260928,MMLP,Martin Midstream Partners Units,NASDAQ,2.18,1500.0,2.33,2.5,2.56,1.89,3.31,15.3,34.1,32.0,False,False,False,False,False,False,False,False,False,0,False,베이스 없음
20260928,MOS,Mosaic Co,NYSE,22.25,6946400.0,23.58,23.84,24.56,19.8,36.99,12.4,39.8,32.0,True,False,False,True,False,False,False,False,False,1,False,베이스 없음
20260928,MYI,BlackRock MuniYield Quality Fund III，Inc.,NYSE,9.58,1282725.0,10.55,10.8,10.85,9.5,11.46,0.8,16.4,32.0,False,False,False,False,False,False,True,False,False,1,False,베이스 없음
20260928,MYN,BlackRock MuniYield New York Quality Fund，Inc.,NYSE,8.77,501436.0,9.56,9.83,9.87,8.69,10.26,0.9,14.5,32.0,False,False,False,False,False,False,True,False,False,1,False,베이스 없음
20260928,NSSC,NAPCO Security Technologies  Inc.,NASDAQ,35.06,298000.0,36.99,39.16,39.78,33.91,51.77,3.4,32.3,32.0,False,False,False,False,False,False,False,False,False,0,False,베이스 없음
20260928,ODD,ODDITY Tech Ltd.,NASDAQ,17.6,780800.0,15.36,14.54,19.96,9.25,63.24,90.3,72.2,32.0,True,False,False,False,False,True,False,False,True,2,False,베이스 없음
20260928,OPP,RiverNorth/DoubleLine Strategic Opportunity Fund,NYSE,6.87,72474.0,7.45,7.62,7.69,6.82,8.63,0.7,20.4,32.0,False,False,False,False,False,False,True,False,False,1,False,베이스 없음
20260928,PCQ,PIMCO California Municipal Income Fund,NYSE,7.68,461016.0,8.55,8.72,8.76,7.59,9.19,1.2,16.4,32.0,False,False,False,False,False,False,True,False,False,1,False,Stage2 아님
20260928,PERI,Perion Network Ltd,NASDAQ,8.44,310300.0,9.36,9.38,9.36,7.63,11.27,10.6,25.1,32.0,False,False,True,False,False,False,False,False,False,1,False,베이스 없음
20260928,PLRX,Pliant Therapeutics  Inc.,NASDAQ,1.08,349100.0,1.1,1.19,1.2,1.02,1.95,5.9,44.6,32.0,False,False,False,False,False,False,False,False,False,0,False,베이스 없음
20260928,RFMZ,RiverNorth Flexible Municipal Income Fund II Inc.,NYSE,11.44,201911.0,12.92,13.05,13.03,11.44,13.7,0.0,16.5,32.0,False,False,True,False,False,False,True,False,False,2,False,베이스 없음
20260928,RIVN,Rivian Automotive Inc,NASDAQ,14.79,24987800.0,15.92,15.84,16.22,12.39,22.69,19.4,34.8,32.0,False,False,False,False,False,False,False,False,False,0,False,베이스 없음
20260928,RMM,RiverNorth Managed Duration Muni Income Fd Inc,NYSE,12.38,250587.0,14.09,14.26,14.2,12.32,15.0,0.5,17.5,32.0,False,False,True,False,False,False,True,False,False,2,False,베이스 없음
20260928,RMMZ,RiverNorth Managed Duration Muni Income Fd II Inc.,NYSE,13.02,23360.0,14.48,14.7,14.71,12.9,15.29,0.9,14.8,32.0,False,False,False,False,False,False,True,False,False,1,False,베이스 없음
20260928,SNDL,SNDL Inc,NASDAQ,1.39,724300.0,1.32,1.39,1.46,1.16,2.89,19.3,51.9,32.0,False,False,False,False,False,False,False,False,True,1,False,베이스 없음
20260928,SNDX,Syndax Pharmaceuticals  Inc.,NASDAQ,17.86,1554100.0,19.64,20.96,20.92,12.99,25.59,37.5,30.2,32.0,False,False,True,True,False,True,False,False,False,3,False,베이스 없음
20260928,STEP,StepStone Group Inc.,NASDAQ,43.11,751300.0,47.42,47.7,52.35,38.85,77.8,11.0,44.6,32.0,False,False,False,False,False,False,False,False,False,0,False,베이스 없음
20260928,TAC,TransAlta Corp,NYSE,11.81,2210000.0,12.47,12.94,12.96,11.38,17.88,3.8,33.9,32.0,False,False,False,False,False,False,False,False,False,0,False,베이스 없음
20260928,TDS,Telephone and Data Systems  Inc.,NYSE,34.75,1736400.0,35.07,39.51,40.31,31.51,49.12,10.3,29.3,32.0,False,False,False,False,False,False,False,False,False,0,False,1 형성중
20260928,TG,Tredegar Corp,NYSE,7.03,166800.0,7.59,8.08,8.09,6.25,10.53,12.5,33.2,32.0,False,False,False,False,False,False,False,False,False,0,False,베이스 없음
20260928,TKO,TKO Group Holdings Inc,NYSE,181.58,940300.0,188.5,194.01,197.21,176.0,226.94,3.2,20.0,32.0,False,False,False,True,False,False,True,False,False,2,False,베이스 없음
20260928,TYRA,Tyra Biosciences  Inc.,NASDAQ,21.45,824600.0,26.8,31.35,30.52,12.4,40.65,73.0,47.2,32.0,False,False,True,True,False,True,False,False,False,3,False,베이스 없음
20260928,VGI,Virtus Global Multi-Sector Income Fund,NYSE,6.67,94866.0,7.21,7.4,7.52,6.67,8.04,0.0,17.0,32.0,False,False,False,False,False,False,True,False,False,1,False,Stage2 아님
20260928,VINP,Vinci Compass Investments Ltd,NASDAQ,9.29,35800.0,9.59,10.19,10.84,9.14,13.61,1.7,31.7,32.0,False,False,False,False,False,False,False,False,False,0,False,1 형성중
20260928,VKQ,Invesco Municipal Trust,NYSE,8.55,388383.0,9.58,9.7,9.71,8.41,10.11,1.7,15.4,32.0,False,False,False,False,False,False,True,False,False,1,False,베이스 없음
20260928,XBIT,XBiotech Inc,NASDAQ,2.15,41700.0,2.24,2.34,2.37,2.09,3.44,2.9,37.5,32.0,False,False,False,False,False,False,False,False,False,0,False,베이스 없음
20260928,XEL,Xcel Energy Inc,NASDAQ,69.39,6071600.0,76.56,78.97,78.15,68.72,84.23,1.0,17.6,32.0,False,False,True,False,False,False,True,False,False,2,False,베이스 없음
20260928,YOU,CLEAR Secure  Inc.,NYSE,40.36,2431000.0,46.76,50.71,46.77,29.44,69.07,37.1,41.6,32.0,False,False,True,True,False,True,False,False,False,3,False,베이스 없음
20260904,ZTEK,Zentek Ltd,NASDAQ,0.562,62458.0,0.55,0.57,0.62,0.37,1.1,51.9,48.9,32.0,True,False,False,False,False,True,False,False,True,2,False,베이스 없음
20260928,ADT,ADT Inc,NYSE,6.19,8386700.0,7.2,6.97,7.24,6.15,8.89,0.7,30.3,31.0,False,False,False,False,False,False,False,False,False,0,False,베이스 없음
20260928,APEI,American Public Education  Inc.,NASDAQ,40.62,192200.0,46.41,51.45,48.7,30.2,61.59,34.5,34.0,31.0,False,False,True,True,False,True,False,False,False,3,False,베이스 없음
20260928,APLD,Applied Digital Corporation,NASDAQ,24.53,14940200.0,27.59,32.26,32.18,19.0,50.72,29.1,51.6,31.0,False,False,True,False,False,True,False,False,False,2,False,1 형성중
20260928,APOG,Apogee Enterprises Inc,NASDAQ,36.41,164600.0,39.92,38.0,38.14,30.75,50.88,18.4,28.4,31.0,False,False,False,True,True,False,False,False,False,2,False,베이스 없음
20260928,BIT,BlackRock Multi-Sector Income Trust,NYSE,11.14,533736.0,11.96,12.39,12.6,11.1,13.54,0.4,17.7,31.0,False,False,False,False,False,False,True,False,False,1,False,Stage2 아님
20260928,BKE,The Buckle  Inc.,NYSE,43.07,492000.0,43.09,47.11,48.7,39.44,60.08,9.2,28.3,31.0,False,False,False,False,False,False,False,False,False,0,False,베이스 없음
20260928,BRW,Saba Capital Income & Opportunities Fund,NYSE,6.0,354198.0,6.47,6.61,6.67,5.99,7.91,0.2,24.1,31.0,False,False,False,False,False,False,True,False,False,1,False,Stage2 아님
20260928,CAN,Canaan Inc ADR,NASDAQ,0.374,4758500.0,0.3,0.38,0.46,0.15,2.22,146.1,83.2,31.0,True,False,False,False,False,True,False,False,True,2,False,베이스 없음
20260928,CRUS,Cirrus Logic  Inc.,NASDAQ,119.53,848500.0,121.92,143.91,139.97,106.26,180.42,12.5,33.7,31.0,False,False,True,False,False,False,False,False,False,1,False,베이스 없음
20260928,DCH,Dauch Corp,NYSE,5.11,3770000.0,6.14,6.0,6.34,4.92,9.25,3.9,44.8,31.0,False,False,False,False,False,False,False,False,False,0,False,1 형성중
20260928,DIBS,1stdibs.Com Inc,NASDAQ,3.98,114700.0,4.47,4.81,5.04,2.5,6.62,59.0,39.9,31.0,False,False,False,False,False,True,False,False,False,1,False,베이스 없음
20260928,DOO,BRP Inc.,NASDAQ,56.67,178100.0,61.96,62.16,65.66,48.83,81.89,16.1,30.8,31.0,False,False,False,False,False,False,False,False,False,0,False,베이스 없음
20260928,DTB,DTE Energy 4 375 Junior Subordinated Debentures Series G due 2080,NYSE,15.11,21030.0,15.98,16.63,16.84,15.1,18.97,0.1,20.3,31.0,False,False,False,False,False,False,True,False,False,1,False,베이스 없음
20260928,ECX,Ecarx Holdings Inc.,NASDAQ,1.13,1627800.0,1.07,1.15,1.31,0.88,2.7,28.6,58.1,31.0,False,False,False,False,False,True,False,False,True,2,False,베이스 없음
20260928,EPRT,Essential Properties Realty Trust  Inc.,NYSE,26.4,2005200.0,30.09,31.06,30.95,26.19,34.73,0.8,24.0,31.0,False,False,True,False,False,False,True,False,False,2,False,베이스 없음
20260928,EXC,Exelon Corp,NASDAQ,40.32,7470500.0,44.4,46.14,45.7,39.73,50.65,1.5,20.4,31.0,False,False,True,False,False,False,True,False,False,2,False,베이스 없음
20260928,FPF,First Trust Intermediate Duration Preferred & Inc,NYSE,16.04,279470.0,17.43,17.93,18.14,15.87,19.56,1.1,18.0,31.0,False,False,False,False,False,False,True,False,False,1,False,베이스 없음
20260928,FPH,Five Point Holdings  LLC,NYSE,4.77,147900.0,5.1,5.09,5.2,4.55,6.47,4.8,26.3,31.0,False,False,False,False,False,False,False,False,False,0,False,베이스 없음
20260928,FTEK,Fuel Tech Inc,NASDAQ,1.65,75200.0,1.53,1.48,1.49,1.17,3.45,41.0,52.2,31.0,False,True,False,False,True,True,False,False,True,4,False,베이스 없음
20260928,GLXY,Galaxy Digital Inc,NASDAQ,23.21,3826700.0,23.1,24.82,25.0,16.43,45.92,41.3,49.5,31.0,False,False,False,False,False,True,False,False,True,2,False,Stage2 아님
20260928,HSY,The Hershey Company,NYSE,164.41,1398100.0,177.03,189.55,191.41,161.43,239.48,1.8,31.3,31.0,False,False,False,False,False,False,False,False,False,0,False,베이스 없음
20260928,JXG,JX Luxventure Group Inc,NASDAQ,6.9,9200.0,7.63,6.66,6.4,3.01,15.75,129.2,56.2,31.0,False,True,True,True,True,True,False,False,False,5,False,Stage2 아님
20260928,KAI,Kadant Inc,NYSE,269.84,261000.0,302.82,309.44,310.19,244.87,354.07,10.2,23.8,31.0,False,False,False,True,False,False,True,False,False,2,False,베이스 없음
20260928,KTB,Kontoor Brands  Inc.,NYSE,64.93,434900.0,76.77,74.48,71.62,56.19,88.96,15.6,27.0,31.0,False,False,True,False,True,False,False,False,False,2,False,베이스 없음
20260928,LMAT,LeMaitre Vascular  Inc.,NASDAQ,82.34,238900.0,86.07,97.75,94.66,78.22,118.01,5.3,30.2,31.0,False,False,True,False,False,False,False,False,False,1,False,베이스 없음
20260928,MAA,Mid-America Apartment Communities Inc,NYSE,118.34,1449400.0,129.1,130.13,131.37,116.67,144.41,1.4,18.1,31.0,False,False,False,False,False,False,True,False,False,1,False,베이스 없음
20260928,MIDD,The Middleby Corporation,NASDAQ,106.68,545700.0,119.45,121.32,121.65,89.16,148.55,19.7,28.2,31.0,False,False,False,True,False,False,False,False,False,1,False,베이스 없음
20260928,MQY,BlackRock MuniYield Quality Fund，Inc.,NYSE,10.01,1629956.0,10.97,11.27,11.33,9.9,11.94,1.1,16.2,31.0,False,False,False,False,False,False,True,False,False,1,False,베이스 없음
20260928,MYSE,Myseum AI Inc,NASDAQ,1.85,25500.0,2.49,2.17,2.12,1.31,5.77,41.2,67.9,31.0,False,False,True,True,True,True,False,False,False,4,False,베이스 없음
20260928,NAC,Nuveen California Quality Municipal Income Fund,NYSE,10.27,1216146.0,11.45,11.75,11.78,10.19,12.25,0.8,16.2,31.0,False,False,False,False,False,False,True,False,False,1,False,베이스 없음
20260928,NCDL,Nuveen Churchill Direct Lending Corp,NYSE,11.64,178021.0,12.32,12.92,13.14,11.5,15.07,1.2,22.8,31.0,False,False,False,False,False,False,True,False,False,1,False,Stage2 아님
20260928,NMFC,New Mountain Finance Corp,NASDAQ,6.97,351000.0,7.3,7.66,7.98,6.73,9.87,3.6,29.4,31.0,False,False,False,False,False,False,False,False,False,0,False,Stage2 아님
20260928,ORKT,Orangekloud Technology Inc,NASDAQ,1.0,137300.0,1.02,1.06,1.03,0.62,2.76,62.1,63.7,31.0,False,False,True,False,False,True,False,False,False,2,False,Stage2 아님
20260928,PDO,PIMCO Dynamic Income Opportunities Fund,NYSE,11.67,1716903.0,12.61,12.99,13.24,11.51,14.25,1.4,18.1,31.0,False,False,False,False,False,False,True,False,False,1,False,베이스 없음
20260928,PDYN,Palladyne AI Corp,NASDAQ,5.28,815400.0,5.69,6.29,6.21,4.14,10.73,27.5,50.8,31.0,False,False,True,False,False,True,False,False,False,2,False,1 형성중
20260928,PHI,PLDT Inc. ADR,NYSE,17.11,152500.0,18.88,19.65,20.36,16.95,24.51,0.9,30.2,31.0,False,False,False,False,False,False,False,False,False,0,False,베이스 없음
20260928,PHIN,PHINIA Inc.,NYSE,60.74,334600.0,70.85,73.33,71.84,50.8,86.94,19.6,30.1,31.0,False,False,True,True,False,False,False,False,False,2,False,베이스 없음
20260928,PPL,PPL Corp,NYSE,32.11,7435100.0,34.72,36.32,36.12,31.56,40.11,1.7,19.9,31.0,False,False,True,False,False,False,True,False,False,2,False,베이스 없음
20260928,PTLE,PTL Ltd,NASDAQ,6.74,93100.0,8.33,7.3,7.77,4.0,36.0,68.5,81.3,31.0,False,False,False,False,True,True,False,False,False,2,False,Stage2 아님
20260928,RCI,Rogers Communications Inc,NYSE,31.43,1801200.0,35.11,36.1,36.34,31.22,41.14,0.7,23.6,31.0,False,False,False,False,False,False,True,False,False,1,False,베이스 없음
20260928,REFI,Chicago Atlantic Real Estate Finance Inc,NASDAQ,10.66,232200.0,10.5,11.22,11.53,9.69,13.49,10.0,21.0,31.0,False,False,False,False,False,False,True,False,True,2,False,베이스 없음
20260928,RVLV,Revolve Group  Inc.,NYSE,21.24,689700.0,23.16,22.84,24.28,17.35,31.68,22.4,33.0,31.0,False,False,False,False,False,False,False,False,False,0,False,베이스 없음
20260928,RYAAY,Ryanair Holdings PLC ADR,NASDAQ,55.13,922800.0,56.49,59.19,61.82,51.68,74.24,6.7,25.7,31.0,False,False,False,False,False,False,False,False,False,0,False,베이스 없음
20260928,SO,Southern Co,NYSE,82.35,5048900.0,90.41,93.45,92.18,81.91,100.84,0.5,18.3,31.0,False,False,True,False,False,False,True,False,False,2,False,베이스 없음
20260928,SOGP,Sound Group Inc ADR,NASDAQ,12.03,23300.0,11.85,13.09,13.16,9.76,25.86,23.3,53.5,31.0,True,False,False,False,False,False,False,False,True,1,False,베이스 없음
20260928,SYM,Symbotic Inc,NASDAQ,42.0,898500.0,42.07,47.63,50.93,37.68,87.88,11.5,52.2,31.0,True,False,False,False,False,False,False,False,False,0,False,베이스 없음
20260928,TRN,Trinity Industries Inc,NYSE,27.6,798500.0,30.58,32.5,31.65,24.76,38.31,11.5,28.0,31.0,False,False,True,True,False,False,False,False,False,2,False,베이스 없음
20260928,TROO,TROOPS Inc,NASDAQ,1.7,91500.0,2.01,2.62,2.8,1.02,5.28,66.7,67.8,31.0,False,False,False,True,False,True,False,False,False,2,False,베이스 없음
20260928,TRU,TransUnion,NYSE,66.19,3205500.0,78.69,73.97,75.85,63.37,89.12,4.5,25.7,31.0,False,False,False,False,True,False,False,False,False,1,False,1 형성중
20260928,TSN,Tyson Foods Inc,NYSE,50.95,2537200.0,55.83,59.9,60.17,50.56,69.48,0.8,26.7,31.0,False,False,False,False,False,False,False,False,False,0,False,베이스 없음
20260928,TTWO,Take-Two Interactive Software  Inc.,NASDAQ,202.35,2072900.0,228.67,222.52,225.42,187.63,265.94,7.8,23.9,31.0,False,False,False,False,True,False,True,False,False,2,False,베이스 없음
20260928,TYG,Tortoise Energy Infrastructure Closed Fund,NYSE,38.42,252866.0,43.1,45.43,44.97,38.37,51.18,0.1,24.9,31.0,False,False,True,False,False,False,True,False,False,2,False,베이스 없음
20260928,WAFU,Wah Fu Education Group Ltd,NASDAQ,1.45,117900.0,1.45,1.58,1.59,1.22,3.06,18.9,52.6,31.0,False,False,False,False,False,False,False,False,False,0,False,Stage2 아님
20260928,WKEY,Wisekey International Holding AG ADR,NASDAQ,6.05,34600.0,6.36,7.09,7.32,5.32,19.8,13.7,69.4,31.0,False,False,False,False,False,False,False,False,False,0,False,베이스 없음
20260928,WLDN,Willdan Group  Inc.,NASDAQ,77.21,181700.0,80.1,82.85,91.39,64.67,137.0,19.4,43.6,31.0,False,False,False,False,False,False,False,False,False,0,False,베이스 없음
20260928,WRAP,Wrap Technologies Inc,NASDAQ,1.34,552000.0,1.68,1.57,1.76,1.04,3.23,28.8,58.5,31.0,False,False,False,False,False,True,False,False,False,1,False,베이스 없음
20260928,YALA,Yalla Group Limited ADR,NYSE,5.47,137500.0,5.45,5.97,6.24,5.01,7.83,9.2,30.1,31.0,True,False,False,False,False,False,False,False,True,1,False,베이스 없음
20260928,ACRE,Ares Commercial Real Estate Corp,NYSE,4.11,713500.0,4.52,4.77,4.85,4.09,5.89,0.5,30.2,30.0,False,False,False,False,False,False,False,False,False,0,False,베이스 없음
20260928,AFB,AllianceBernstein National Municipal Income Fund,NYSE,9.49,214038.0,10.68,10.92,10.91,9.49,11.5,0.0,17.5,30.0,False,False,True,False,False,False,True,False,False,2,False,베이스 없음
20260928,ALLY,Ally Financial Inc,NYSE,38.19,3381800.0,42.68,42.48,42.81,35.92,47.29,6.3,19.2,30.0,False,False,False,True,False,False,True,False,False,2,False,1 형성중
20260928,ALOY,REalloys Inc,NASDAQ,8.42,1583900.0,10.0,11.6,11.29,5.92,26.9,42.2,68.7,30.0,False,False,True,True,False,True,False,False,False,3,False,베이스 없음
20260928,ARE,Alexandria Real Estate Equities  Inc,NYSE,48.66,1869600.0,51.14,49.48,50.25,39.41,85.78,23.5,43.3,30.0,False,False,False,True,True,False,False,False,False,2,False,1 형성중
20260928,ASGI,abrdn Global Infrastructure Income Fund,NYSE,19.05,431099.0,22.96,23.28,23.14,18.9,25.95,0.8,26.6,30.0,False,False,True,False,False,False,False,False,False,1,False,베이스 없음
20260928,AZ,A2Z Cust2Mate Solutions Corp,NASDAQ,5.34,323100.0,6.14,6.33,6.4,4.97,8.72,7.4,38.8,30.0,False,False,False,False,False,False,False,False,False,0,False,베이스 없음
20260928,BA,Boeing Co,NYSE,184.39,17954600.0,213.86,217.9,220.95,176.77,254.35,4.3,27.5,30.0,False,False,False,True,False,False,False,False,False,1,False,1 형성중
20260928,BC,Brunswick Corp,NYSE,66.13,787400.0,76.39,77.74,78.87,58.56,90.25,12.9,26.7,30.0,False,False,False,True,False,False,False,False,False,1,False,베이스 없음
20260928,BSY,Bentley Systems  Inc,NASDAQ,31.29,2217100.0,34.09,33.81,34.75,28.08,57.25,11.4,45.3,30.0,False,False,False,False,False,False,False,False,False,0,False,베이스 없음
20260928,BTDR,Bitdeer Technologies Group,NASDAQ,11.03,9543500.0,11.03,12.05,12.0,6.92,27.8,59.5,60.3,30.0,False,False,True,False,False,True,False,False,False,2,False,베이스 없음
20260928,BW,Babcock & Wilcox Enterprises  Inc.,NYSE,5.75,5436900.0,8.33,12.88,11.63,2.64,22.03,117.8,73.9,30.0,False,False,True,True,False,True,False,False,False,3,False,베이스 없음
20260928,CARG,CarGurus  Inc.,NASDAQ,30.81,983500.0,35.06,33.54,33.78,26.39,41.22,16.7,25.3,30.0,False,False,False,False,True,False,False,False,False,1,False,베이스 없음
20260928,CEG,Constellation Energy Corp,NASDAQ,260.43,2060900.0,271.61,280.8,290.28,228.63,412.7,13.9,36.9,30.0,False,False,False,False,False,False,False,False,False,0,False,베이스 없음
20260928,CHCT,Community Healthcare Trust Inc,NYSE,14.31,337800.0,15.79,16.72,16.73,13.23,19.16,8.2,25.3,30.0,False,False,False,False,False,False,False,False,False,0,False,베이스 없음
20260928,CPSH,CPS Technologies Corp,NASDAQ,3.69,280300.0,4.08,4.86,4.72,3.03,14.39,21.8,74.4,30.0,False,False,True,True,False,False,False,False,False,2,False,1 형성중
20260928,CRI,Carter's  Inc.,NYSE,31.0,1472300.0,35.2,36.7,36.36,27.15,44.44,14.2,30.2,30.0,False,False,True,False,False,False,False,False,False,1,False,베이스 없음
20260928,DMO,Western Asset Mortgage Opportunity Fund,NYSE,9.47,56653.0,10.21,10.67,10.78,9.41,12.08,0.6,21.6,30.0,False,False,False,False,False,False,True,False,False,1,False,Stage2 아님
20260928,DTK,DTE Energy Company 2025 6 25 Junior Subordinated Debentures Series H,NYSE,20.94,66758.0,22.92,23.93,24.18,20.45,25.59,2.4,18.2,30.0,False,False,False,False,False,False,True,False,False,1,False,Stage2 아님
20260928,DTW,Dte Energy Company 5 25 Junior Subordinated Debentures due 2077 Series E,NYSE,18.49,41556.0,19.59,20.71,20.99,18.24,22.72,1.3,18.6,30.0,False,False,False,False,False,False,True,False,False,1,False,Stage2 아님
20260928,EARN,Ellington Credit Closed End Fund,NYSE,4.21,262300.0,4.35,4.53,4.73,4.1,5.73,2.7,26.5,30.0,False,False,False,False,False,False,False,False,False,0,False,베이스 없음
20260928,EEFT,Euronet Worldwide Inc,NASDAQ,64.93,554700.0,72.14,71.18,71.91,62.5,90.56,3.9,28.3,30.0,False,False,False,False,True,False,False,False,False,1,False,베이스 없음
20260928,EQ,Equillium Inc,NASDAQ,1.68,241700.0,2.22,2.3,2.06,0.76,3.54,121.1,52.5,30.0,False,False,True,True,False,True,False,False,False,3,False,베이스 없음
20260928,FC,Franklin Covey Co.,NYSE,16.95,42900.0,19.73,19.92,19.53,11.16,26.81,51.9,36.8,30.0,False,False,True,True,False,True,False,False,False,3,False,베이스 없음
20260928,FER,Ferrovial N.V.,NASDAQ,55.77,1787200.0,60.85,65.43,66.09,53.91,74.79,3.5,25.4,30.0,False,False,False,False,False,False,False,False,False,0,False,베이스 없음
20260928,FORTY,Formula Systems 1985 Ltd ADR,NASDAQ,114.99,0.0,113.42,121.92,132.93,102.01,190.56,12.7,39.7,30.0,False,False,False,False,False,False,False,False,True,1,False,1 형성중
20260928,FT,Franklin Universal Closed Fund,NYSE,6.95,77949.0,7.71,7.97,7.99,6.95,8.35,0.0,16.8,30.0,False,False,False,False,False,False,True,False,False,1,False,베이스 없음
20260928,GXO,GXO Logistics  Inc.,NYSE,44.77,1376500.0,48.16,51.24,52.64,43.61,66.85,2.7,33.0,30.0,False,False,False,False,False,False,False,False,False,0,False,베이스 없음
20260928,HUYA,HUYA Inc ADR,NYSE,2.36,1013800.0,2.27,2.72,2.95,2.02,4.93,16.5,52.1,30.0,True,False,False,False,False,False,False,False,True,1,False,베이스 없음
20260928,HYFT,MindWalk Holdings Corp,NASDAQ,1.34,64000.0,1.35,1.35,1.48,0.99,2.99,35.4,55.2,30.0,False,False,False,False,False,True,False,False,False,1,False,베이스 없음
20260928,INR,Infinity Natural Resources Inc,NYSE,12.53,244500.0,13.87,14.86,14.91,11.13,19.58,12.6,36.0,30.0,False,False,False,True,False,False,False,False,False,1,False,베이스 없음
20260928,KYNB,Kyntra Bio  Inc.,NASDAQ,6.9,12200.0,7.38,7.17,7.52,6.32,12.58,9.2,45.2,30.0,False,False,False,False,False,False,False,False,False,0,False,베이스 없음
20260928,LMNR,Limoneira Co,NASDAQ,12.05,145100.0,13.49,13.29,13.47,11.67,15.43,3.3,21.9,30.0,False,False,False,False,True,False,True,False,False,2,False,베이스 없음
20260928,LRN,Stride Inc,NYSE,76.66,364400.0,83.4,87.75,84.2,60.61,155.06,26.5,50.6,30.0,False,False,True,True,False,True,False,False,False,3,False,1 형성중
20260928,MGEE,MGE Energy  Inc.,NASDAQ,68.93,168500.0,78.3,78.14,78.48,68.01,87.94,1.4,21.6,30.0,False,False,False,False,False,False,True,False,False,1,False,베이스 없음
20260928,MHF,Western Asset Municipal High Income Fund,NYSE,6.02,195788.0,6.71,6.85,6.87,5.84,7.5,3.1,19.7,30.0,False,False,False,False,False,False,True,False,False,1,False,Stage2 아님
20260928,MLYS,Mineralys Therapeutics  Inc.,NASDAQ,25.63,1699300.0,27.11,27.21,28.72,22.3,47.65,14.9,46.2,30.0,False,False,False,False,False,False,False,False,False,0,False,베이스 없음
20260928,MPA,BlackRock MuniYield Pennsylvania Quality Closed Fund,NYSE,9.7,57909.0,10.78,11.11,11.16,9.68,11.87,0.2,18.3,30.0,False,False,False,False,False,False,True,False,False,1,False,베이스 없음
20260928,MPV,Barings Participation Investors,NYSE,15.42,22906.0,16.38,17.09,17.49,15.05,20.58,2.5,25.1,30.0,False,False,False,False,False,False,False,False,False,0,False,1 형성중
20260928,MUA,BlackRock MuniAssets Fund，Inc.,NYSE,9.32,878947.0,10.04,10.5,10.61,9.3,11.34,0.2,17.8,30.0,False,False,False,False,False,False,True,False,False,1,False,1 형성중
20260928,NI,NiSource Inc.,NYSE,39.1,5991000.0,42.22,45.44,44.89,38.95,49.21,0.4,20.5,30.0,False,False,True,False,False,False,True,False,False,2,False,1 형성중
20260928,PCN,PIMCO Corporate & Income Strategy Fund,NYSE,10.6,713821.0,11.55,11.81,12.04,10.51,13.49,0.9,21.4,30.0,False,False,False,False,False,False,True,False,False,1,False,베이스 없음
20260928,PFN,Pimco Income Strategy II Closed Fund,NYSE,6.2,748213.0,6.87,6.95,7.07,6.16,7.65,0.7,19.0,30.0,False,False,False,False,False,False,True,False,False,1,False,베이스 없음
20260928,PHK,PIMCO High Income Fund,NYSE,4.07,1961436.0,4.51,4.6,4.68,4.04,5.0,0.7,18.6,30.0,False,False,False,False,False,False,True,False,False,1,False,Stage2 아님
20260928,PMO,Franklin Municipal Opportunities Trust,NYSE,9.06,203293.0,10.13,10.37,10.42,9.02,10.87,0.4,16.7,30.0,False,False,False,False,False,False,True,False,False,1,False,베이스 없음
20260928,PPSI,Pioneer Power Solutions Inc,NASDAQ,3.3,123300.0,3.04,3.52,3.74,2.35,6.29,40.4,47.5,30.0,False,False,False,False,False,True,False,False,True,2,False,베이스 없음
20260928,PSEC,Prospect Capital Corp,NASDAQ,2.13,6257900.0,2.22,2.4,2.48,2.11,3.13,0.9,31.9,30.0,False,False,False,False,False,False,False,False,False,0,False,Stage2 아님
20260928,RERE,ATRenew Inc ADR,NYSE,3.85,432000.0,4.13,4.48,4.77,3.5,6.47,9.9,40.5,30.0,False,False,False,False,False,False,False,False,False,0,False,베이스 없음
20260928,SONM,DNA X Inc,NASDAQ,4.35,44400.0,3.42,4.05,4.28,2.52,16.97,72.6,74.4,30.0,False,True,False,False,False,True,False,False,True,3,False,베이스 없음
20260928,SPCB,Supercom Ltd,NASDAQ,9.06,45400.0,10.43,9.97,9.71,7.07,13.2,28.1,31.4,30.0,False,False,True,True,True,True,False,False,False,4,False,베이스 없음
20260928,TDG,TransDigm Group Incorporated,NYSE,1109.22,330200.0,1188.72,1220.65,1252.29,1071.25,1463.03,3.5,24.2,30.0,False,False,False,False,False,False,True,False,False,1,False,베이스 없음
20260928,TMUSI,T Mobile US 5 500 Senior Notes due June 2070,NASDAQ,18.98,12816.0,20.28,21.21,21.64,18.55,23.83,2.3,20.4,30.0,False,False,False,False,False,False,True,False,False,1,False,Stage2 아님
20260928,TMUSL,T Mobile US 6 250 Senior Notes due 2069,NASDAQ,21.175,18898.0,22.67,23.8,24.11,20.91,25.3,1.3,16.3,30.0,False,False,False,False,False,False,True,False,False,1,False,Stage2 아님
20260928,TMUSZ,T Mobile US 5 500 Senior Notes due March 2070,NASDAQ,18.96,21912.0,20.02,21.09,21.57,18.72,23.94,1.3,20.8,30.0,False,False,False,False,False,False,True,False,False,1,False,Stage2 아님
20260928,TSSI,TSS Inc,NASDAQ,9.72,1024300.0,9.43,11.49,10.82,6.87,21.77,41.5,55.4,30.0,False,False,True,False,False,True,False,False,True,3,False,베이스 없음
20260928,TXT,Textron Inc,NYSE,77.37,1956600.0,84.48,89.14,89.8,75.51,101.57,2.5,23.8,30.0,False,False,False,False,False,False,True,False,False,1,False,베이스 없음
20260928,VMO,Invesco Municipal Opportunity Trust,NYSE,8.37,649861.0,9.52,9.66,9.68,8.31,10.1,0.7,17.1,30.0,False,False,False,False,False,False,True,False,False,1,False,베이스 없음
20260928,ACAD,Acadia Pharmaceuticals Inc.,NASDAQ,20.53,3464900.0,27.28,24.08,24.52,19.69,30.96,4.3,33.7,29.0,False,False,False,True,True,False,False,False,False,2,False,베이스 없음
20260928,ADSK,Autodesk  Inc.,NASDAQ,207.19,1695000.0,232.61,231.29,240.95,185.5,326.2,11.7,36.5,29.0,False,False,False,False,False,False,False,False,False,0,False,베이스 없음
20260928,APRE,Aprea Therapeutics Inc,NASDAQ,0.752,69800.0,0.72,0.78,0.79,0.55,1.69,37.2,55.5,29.0,False,False,False,False,False,True,False,False,True,2,False,베이스 없음
20260928,BBSI,Barrett Business Services Inc,NASDAQ,30.85,513100.0,34.94,32.59,33.56,25.33,45.53,21.8,32.2,29.0,False,False,False,False,True,False,False,False,False,1,False,베이스 없음
20260928,BCSF,Bain Capital Specialty Finance Inc,NYSE,11.13,564300.0,12.06,12.6,12.88,10.95,14.7,1.6,24.3,29.0,False,False,False,False,False,False,True,False,False,1,False,베이스 없음
20260928,BEAM,Beam Therapeutics Inc.,NASDAQ,24.23,1273600.0,26.71,28.53,28.52,20.23,38.26,19.8,36.7,29.0,False,False,True,True,False,False,False,False,False,2,False,베이스 없음
20260928,BFRG,Bullfrog AI Holdings Inc,NASDAQ,0.657,840300.0,0.57,0.68,0.7,0.42,2.04,54.6,67.8,29.0,False,False,False,False,False,True,False,False,True,2,False,Stage2 아님
20260928,BIPC,Brookfield Infrastructure Corp,NYSE,34.99,1083100.0,38.78,40.52,42.03,34.18,51.72,2.4,32.3,29.0,False,False,False,False,False,False,False,False,False,0,False,베이스 없음
20260928,BLIV,Belive Holdings,NASDAQ,2.315,0.0,2.28,2.44,2.68,1.91,4.32,21.2,46.5,29.0,False,False,False,False,False,False,False,False,True,1,False,Stage2 아님
20260928,BMN,BlackRock 2037 Municipal Target Term Trust,NYSE,21.98,76765.0,25.01,25.72,25.82,21.7,27.96,1.3,21.4,29.0,False,False,False,False,False,False,True,False,False,1,False,Stage2 아님
20260928,BWG,BrandywineGLOBAL Global Income Opptys Fd Inc,NYSE,6.96,130629.0,7.6,7.83,8.0,6.95,8.77,0.1,20.6,29.0,False,False,False,False,False,False,True,False,False,1,False,베이스 없음
20260928,CX,Cemex  S.A.B. de C.V. ADR,NYSE,9.53,13420600.0,11.06,11.75,11.86,8.73,13.67,9.2,30.3,29.0,False,False,False,False,False,False,False,False,False,0,False,베이스 없음
20260928,CXDO,Crexendo Inc,NASDAQ,5.86,227400.0,6.39,7.09,7.0,5.54,11.23,5.8,47.8,29.0,False,False,True,False,False,False,False,False,False,1,False,베이스 없음
20260928,DAKT,Daktronics Inc,NASDAQ,17.05,521800.0,19.32,20.1,20.56,16.77,28.27,1.7,39.7,29.0,False,False,False,False,False,False,False,False,False,0,False,베이스 없음
20260928,DSM,BNY Mellon Strategic Municipal Bond Fund Inc,NYSE,5.15,205809.0,5.74,5.96,6.0,5.14,6.3,0.2,18.3,29.0,False,False,False,False,False,False,True,False,False,1,False,베이스 없음
20260928,EIC,Eagle Point Income Company Closed End Fund,NYSE,9.23,63828.0,9.9,10.0,10.24,9.17,13.55,0.7,31.9,29.0,False,False,False,False,False,False,False,False,False,0,False,1 형성중
20260928,EVN,Eaton Vance Municipal Income Trust,NYSE,9.36,362389.0,10.53,10.67,10.72,9.28,11.26,0.9,16.9,29.0,False,False,False,False,False,False,True,False,False,1,False,베이스 없음
20260928,EXE,Expand Energy Corporation,NASDAQ,85.31,4480500.0,93.24,96.24,99.08,84.98,126.62,0.4,32.6,29.0,False,False,False,False,False,False,False,False,False,0,False,베이스 없음
20260928,FLY,Firefly Aerospace Inc.,NASDAQ,24.11,3498800.0,22.45,28.8,27.81,16.0,62.17,50.7,61.2,29.0,False,False,True,True,False,True,False,False,True,4,False,Stage2 아님
20260928,GBAB,Guggenheim Taxable Muni Bd & Inv Grade Dbt Trust,NYSE,12.54,166804.0,13.64,14.16,14.41,12.51,15.8,0.2,20.6,29.0,False,False,False,False,False,False,True,False,False,1,False,베이스 없음
20260928,GBX,Greenbrier Companies Inc,NYSE,42.09,287900.0,45.95,48.84,49.2,38.23,59.19,10.1,28.9,29.0,False,False,False,False,False,False,False,False,False,0,False,베이스 없음
20260928,GEMI,Gemini Space Station Inc,NASDAQ,5.2,2010800.0,4.48,4.95,6.13,3.38,26.75,53.6,80.6,29.0,True,False,False,False,False,True,False,False,True,2,False,Stage2 아님
20260928,GRNT,Granite Ridge Resources  Inc.,NYSE,4.31,1240600.0,4.91,5.1,5.02,4.18,6.14,3.1,29.9,29.0,False,False,True,False,False,False,False,False,False,1,False,베이스 없음
20260928,IFN,Aberdeen India Fund,NYSE,10.65,339345.0,11.46,11.64,12.2,10.59,15.47,0.6,31.2,29.0,False,False,False,False,False,False,False,False,False,0,False,베이스 없음
20260928,IIM,Invesco Value Municipal Income Closed Fund,NYSE,10.67,553270.0,12.33,12.44,12.44,10.51,13.17,1.5,19.0,29.0,False,False,True,False,False,False,True,False,False,2,False,베이스 없음
20260928,IP,International Paper Co,NYSE,34.0,5515800.0,38.59,36.75,38.13,29.26,50.25,16.2,32.3,29.0,False,False,False,False,True,False,False,False,False,1,False,베이스 없음
20260928,ISD,PGIM High Yield Bond Fund，Inc,NYSE,11.61,186212.0,12.3,12.93,13.33,11.46,14.79,1.3,21.5,29.0,False,False,False,False,False,False,True,False,False,1,False,베이스 없음
20260928,JPC,Nuveen Preferred & Income Opportunities Fund,NYSE,6.76,2201404.0,7.45,7.74,7.85,6.63,8.3,2.0,18.6,29.0,False,False,False,False,False,False,True,False,False,1,False,베이스 없음
20260928,KROS,Keros Therapeutics  Inc.,NASDAQ,11.28,208600.0,10.85,11.24,13.18,9.69,22.55,16.4,50.0,29.0,False,False,False,False,False,False,False,False,True,1,False,베이스 없음
20260928,KYTX,Kyverna Therapeutics  Inc.,NASDAQ,6.82,997000.0,7.75,8.39,8.4,5.3,13.67,28.7,50.1,29.0,False,False,False,True,False,True,False,False,False,2,False,베이스 없음
20260928,LHAI,Linkhome Holdings Inc,NASDAQ,1.03,46200.0,0.95,1.06,2.18,0.53,15.66,94.3,93.4,29.0,True,False,False,False,False,True,False,False,True,2,False,Stage2 아님
20260928,LWAY,Lifeway Foods Inc,NASDAQ,21.36,74600.0,26.89,25.4,24.69,17.31,32.71,23.4,34.7,29.0,False,False,True,True,True,False,False,False,False,3,False,베이스 없음
20260928,MKC,McCormick & Co Non-Voting Ord Shs,NYSE,48.46,3165700.0,52.07,52.34,55.96,44.82,72.41,8.1,33.1,29.0,False,False,False,False,False,False,False,False,False,0,False,베이스 없음
20260928,NAN,Nuveen New York Quality Municipal Income Fund,NYSE,9.78,245905.0,10.89,11.27,11.3,9.77,11.8,0.1,17.1,29.0,False,False,False,False,False,False,True,False,False,1,False,베이스 없음
20260928,NAZ,Nuveen Arizona Quality Municipal Income Fund,NYSE,10.39,216727.0,12.08,12.4,12.3,10.18,13.42,2.1,22.6,29.0,False,False,True,False,False,False,True,False,False,2,False,베이스 없음
20260928,NKX,Nuveen California AMT-Free Quality Municipal In Fd,NYSE,10.64,305481.0,11.95,12.28,12.4,10.59,13.2,0.5,19.4,29.0,False,False,False,False,False,False,True,False,False,1,False,베이스 없음
20260928,NXST,Nexstar Media Group Inc,NASDAQ,161.78,371800.0,179.96,192.27,197.57,154.47,254.3,4.7,36.4,29.0,False,False,False,False,False,False,False,False,False,0,False,베이스 없음
20260928,NZF,Nuveen Municipal Credit Income Fund,NYSE,10.72,3155227.0,12.0,12.37,12.44,10.59,13.02,1.2,17.7,29.0,False,False,False,False,False,False,True,False,False,1,False,베이스 없음
20260928,ONEW,OneWater Marine Inc,NASDAQ,9.76,69200.0,11.68,10.95,11.32,8.12,17.35,20.2,43.7,29.0,False,False,False,False,True,False,False,False,False,1,False,베이스 없음
20260928,PHIO,Phio Pharmaceuticals Corp,NASDAQ,1.01,112200.0,1.07,1.11,1.11,0.81,4.19,24.2,75.9,29.0,False,False,True,False,False,False,False,False,False,1,False,Stage2 아님
20260928,PML,PIMCO Municipal Income Fund II,NYSE,6.5,1802153.0,7.2,7.44,7.49,6.46,8.01,0.6,18.9,29.0,False,False,False,False,False,False,True,False,False,1,False,베이스 없음
20260928,PSBD,Palmer Square Capital BDC Inc,NYSE,9.78,76000.0,10.13,10.46,10.8,9.34,13.47,4.7,27.4,29.0,False,False,False,False,False,False,False,False,False,0,False,Stage2 아님
20260928,PTY,PIMCO Corporate & Income Opportunity Fund,NYSE,10.77,1857683.0,11.6,11.92,12.2,10.64,14.69,1.2,26.7,29.0,False,False,False,False,False,False,False,False,False,0,False,베이스 없음
20260928,RGP,Resources Connection  Inc.,NASDAQ,3.76,360800.0,4.16,4.12,4.26,3.06,5.37,22.9,30.0,29.0,False,False,False,False,False,False,False,False,False,0,False,Stage2 아님
20260928,ROCK,Gibraltar Industries  Inc.,NASDAQ,40.55,349000.0,45.47,42.19,44.64,33.56,75.08,20.8,46.0,29.0,False,False,False,False,True,False,False,False,False,1,False,베이스 없음
20260928,TBLA,Taboola.com Ltd,NASDAQ,3.4,2266000.0,4.12,4.14,4.11,2.84,5.71,19.9,40.5,29.0,False,False,True,False,False,False,False,False,False,1,False,베이스 없음
20260928,TSLA,Tesla Inc,NASDAQ,357.45,39347100.0,347.78,380.23,395.18,297.38,498.83,20.2,28.3,29.0,False,False,False,False,False,False,False,False,True,1,False,베이스 없음
20260928,TTGT,TechTarget Inc,NASDAQ,3.78,345500.0,3.91,4.16,4.44,3.37,6.7,12.2,43.6,29.0,False,False,False,False,False,False,False,False,False,0,False,Stage2 아님
20260928,UBER,Uber Technologies  Inc.,NYSE,68.16,16638900.0,73.09,73.35,75.1,65.41,101.3,4.2,32.7,29.0,False,False,False,False,False,False,False,False,False,0,False,베이스 없음
20260928,UFPI,UFP Industries  Inc.,NASDAQ,79.42,415600.0,85.98,87.98,91.42,77.89,118.0,2.0,32.7,29.0,False,False,False,False,False,False,False,False,False,0,False,베이스 없음
20260928,VC,Visteon Corporation,NASDAQ,86.95,756600.0,101.7,103.06,101.86,83.49,126.95,4.1,31.5,29.0,False,False,True,False,False,False,False,False,False,1,False,베이스 없음
20260928,VFC,VF Corp,NYSE,14.42,12661700.0,14.44,16.57,17.32,12.46,22.27,15.8,35.2,29.0,False,False,False,False,False,False,False,False,False,0,False,베이스 없음
20260928,VGM,Invesco Trust For Inv Grade Munis,NYSE,8.72,1044052.0,10.07,10.2,10.25,8.57,10.66,1.8,18.2,29.0,False,False,False,False,False,False,True,False,False,1,False,베이스 없음
20260928,VIV,Telefonica Brasil SA ADR,NYSE,11.29,853000.0,12.15,13.94,13.78,11.18,17.26,1.0,34.6,29.0,False,False,True,False,False,False,False,False,False,1,False,베이스 없음
20260928,WDI,Western Asset Diversified Income Fund,NYSE,11.82,397229.0,12.82,13.33,13.48,11.76,15.0,0.5,21.2,29.0,False,False,False,False,False,False,True,False,False,1,False,베이스 없음
20260928,WH,Wyndham Hotels & Resorts  Inc.,NYSE,70.83,898700.0,72.8,78.58,78.33,66.87,90.35,5.9,21.6,29.0,False,False,True,False,False,False,True,False,False,2,False,베이스 없음
20260928,WYFI,WhiteFiber Inc,NASDAQ,18.83,894800.0,22.3,22.68,21.55,10.51,46.87,79.2,59.8,29.0,False,False,True,False,False,True,False,False,False,2,False,Stage2 아님
20260928,AEVA,Aeva Technologies  Inc.,NASDAQ,14.27,1608100.0,17.5,18.14,17.33,8.83,31.3,61.6,54.4,28.0,False,False,True,True,False,True,False,False,False,3,False,베이스 없음
20260928,ALB,Albemarle Corp,NYSE,107.39,2661700.0,123.47,154.42,155.86,79.3,221.0,35.4,51.4,28.0,False,False,False,True,False,True,False,False,False,2,False,1 형성중
20260928,ARR,ARMOUR Residential REIT  Inc.,NYSE,13.98,4646100.0,16.0,16.78,17.04,13.76,19.31,1.6,27.6,28.0,False,False,False,False,False,False,False,False,False,0,False,베이스 없음
20260928,AZO,AutoZone  Inc.,NYSE,2913.28,432900.0,2977.07,3230.64,3311.89,2766.22,4332.68,5.3,32.8,28.0,False,False,False,False,False,False,False,False,False,0,False,베이스 없음
20260928,BDTX,Black Diamond Therapeutics Inc,NASDAQ,1.83,648300.0,1.97,2.21,2.29,1.6,4.94,14.4,63.0,28.0,False,False,False,False,False,False,False,False,False,0,False,베이스 없음
20260928,BHF,Brighthouse Financial  Inc.,NASDAQ,52.04,1280300.0,56.28,60.1,61.18,44.51,66.8,16.9,22.1,28.0,False,False,False,False,False,False,True,False,False,1,False,베이스 없음
20260928,BKNG,Booking Holdings Inc.,NASDAQ,163.87,8233800.0,190.41,177.88,183.69,150.14,225.0,9.1,27.2,28.0,False,False,False,False,True,False,False,False,False,1,False,베이스 없음
20260928,CGC,Canopy Growth Corporation,NASDAQ,0.925,1462000.0,0.96,1.02,1.07,0.84,2.38,9.6,61.1,28.0,False,False,False,False,False,False,False,False,False,0,False,Stage2 아님
20260928,CWCO,Consolidated Water Co Ltd,NASDAQ,27.53,84400.0,29.34,31.1,32.45,27.23,39.12,1.1,29.6,28.0,False,False,False,False,False,False,False,False,False,0,False,베이스 없음
20260928,EBON,Ebang International Holdings Inc,NASDAQ,2.02,1000.0,2.08,2.17,2.42,1.61,5.9,25.5,65.8,28.0,False,False,False,False,False,True,False,False,False,1,False,베이스 없음
20260928,ERIE,Erie Indemnity Co,NASDAQ,221.92,111400.0,244.39,239.7,250.29,204.63,330.54,8.4,32.9,28.0,False,False,False,False,False,False,False,False,False,0,False,베이스 없음
20260928,EVER,EverQuote  Inc.,NASDAQ,18.59,671300.0,24.27,20.4,21.08,13.88,28.73,33.9,35.3,28.0,False,False,False,False,True,True,False,False,False,2,False,베이스 없음
20260928,FEDU,Four Seasons Education Cayman Inc ADR,NYSE,10.0,0.0,9.25,10.02,10.35,6.68,14.8,49.7,32.4,28.0,False,False,False,False,False,True,False,False,True,2,False,베이스 없음
20260928,FN,Fabrinet,NYSE,409.96,805300.0,455.04,551.52,533.37,354.41,748.89,15.7,45.3,28.0,False,False,True,False,False,False,False,False,False,1,False,베이스 없음
20260928,FSV,FIRSTSERVICE CORPORATION,NASDAQ,129.02,211900.0,139.4,140.57,144.61,119.41,192.9,8.0,33.1,28.0,False,False,False,False,False,False,False,False,False,0,False,베이스 없음
20260928,GEN,Gen Digital Inc.,NASDAQ,20.85,18006200.0,28.24,24.37,24.7,17.78,31.65,17.3,34.1,28.0,False,False,False,True,True,False,False,False,False,2,False,베이스 없음
20260928,GLPI,Gaming and Leisure Properties  Inc.,NASDAQ,38.63,2771100.0,42.59,45.28,45.23,38.32,49.95,0.8,22.7,28.0,False,False,True,False,False,False,True,False,False,2,False,베이스 없음
20260928,GLUE,Monte Rosa Therapeutics  Inc.,NASDAQ,11.71,772400.0,16.01,17.92,18.32,6.38,25.77,83.5,54.6,28.0,False,False,False,False,False,True,False,False,False,1,False,베이스 없음
20260928,HLNE,Hamilton Lane Incorporated,NASDAQ,84.96,369600.0,95.75,93.0,104.17,71.88,155.66,18.2,45.4,28.0,False,False,False,False,False,False,False,False,False,0,False,베이스 없음
20260928,HPI,John Hancock Preferred Income Closed Fund,NYSE,13.87,144316.0,15.63,15.91,16.01,13.78,17.61,0.7,21.2,28.0,False,False,False,False,False,False,True,False,False,1,False,베이스 없음
20260928,HYFM,Hydrofarm Holdings Group Inc,NASDAQ,0.973,17600.0,1.06,1.02,1.19,0.5,3.69,94.6,73.6,28.0,False,False,False,False,False,True,False,False,False,1,False,Stage2 아님
20260928,JBLU,JetBlue Airways Corporation,NASDAQ,4.22,21642400.0,5.08,5.05,5.1,3.87,6.62,9.0,36.3,28.0,False,False,False,True,False,False,False,False,False,1,False,베이스 없음
20260928,LASR,nLIGHT  Inc.,NASDAQ,39.55,560600.0,51.75,62.48,57.77,27.79,86.95,42.3,54.5,28.0,False,False,True,True,False,True,False,False,False,3,False,베이스 없음
20260928,MAT,Mattel Inc,NASDAQ,13.34,7382700.0,14.35,14.66,16.05,12.73,22.48,4.8,40.7,28.0,False,False,False,False,False,False,False,False,False,0,False,베이스 없음
20260928,MMU,Western Asset Managed Municipals Fund,NYSE,8.83,463929.0,9.9,10.19,10.27,8.74,10.71,1.0,17.6,28.0,False,False,False,False,False,False,True,False,False,1,False,베이스 없음
20260928,MNKD,MannKind Corporation,NASDAQ,3.35,2077500.0,3.88,3.46,4.03,2.23,6.51,50.2,48.5,28.0,False,False,False,False,False,True,False,False,False,1,False,베이스 없음
20260928,MOGU,Mogu Inc ADR,NYSE,1.86,1400.0,1.92,2.09,2.16,1.27,3.57,46.5,47.9,28.0,False,False,False,False,False,True,False,False,False,1,False,베이스 없음
20260928,MRP,Millrose Properties Inc,NYSE,26.34,2874800.0,29.36,29.18,29.51,26.28,34.63,0.2,23.9,28.0,False,False,False,False,False,False,True,False,False,1,False,Stage2 아님
20260928,MYPS,PLAYSTUDIOS  Inc.,NASDAQ,0.46,289400.0,0.56,0.53,0.55,0.4,1.01,14.4,54.4,28.0,False,False,False,False,True,False,False,False,False,1,False,베이스 없음
20260928,NEA,Nuveen AMT-Free Quality Municipal Income Fund,NYSE,9.72,4273090.0,11.02,11.35,11.43,9.65,11.9,0.7,18.3,28.0,False,False,False,False,False,False,True,False,False,1,False,베이스 없음
20260928,NHI,National Health Investors  Inc.,NYSE,66.84,269400.0,73.06,76.92,77.79,66.53,91.38,0.5,26.9,28.0,False,False,False,False,False,False,False,False,False,0,False,베이스 없음
20260928,NMT,Nuveen Massachusetts Quality Municipal Income Fund,NYSE,10.23,62704.0,12.17,12.41,12.2,10.02,13.7,2.1,25.3,28.0,False,False,True,True,False,False,False,False,False,2,False,1 형성중
20260928,NMZ,Nuveen Municipal High Income Opportunity Closed Fund,NYSE,8.77,2200378.0,9.91,10.2,10.25,8.73,10.77,0.5,18.6,28.0,False,False,False,False,False,False,True,False,False,1,False,베이스 없음
20260928,NPKI,NPK International Inc.,NYSE,11.58,631600.0,13.31,14.26,14.02,10.73,16.5,7.9,29.8,28.0,False,False,True,True,False,False,False,False,False,2,False,베이스 없음
20260928,OTEX,Open Text Corporation,NASDAQ,22.22,794400.0,23.96,23.29,24.87,19.78,39.9,12.3,44.3,28.0,False,False,False,False,False,False,False,False,False,0,False,베이스 없음
20260928,OWL,Blue Owl Capital Inc.,NYSE,9.15,17353300.0,10.79,9.94,11.09,7.95,18.0,15.1,49.2,28.0,False,False,False,False,False,False,False,False,False,0,False,베이스 없음
20260928,PENN,PENN Entertainment  Inc.,NASDAQ,15.24,2203100.0,18.45,17.66,16.71,11.65,22.36,30.8,31.8,28.0,False,False,True,True,True,True,False,False,False,4,False,베이스 없음
20260928,PFL,Pimco Income Strategy Closed Fund,NYSE,6.83,412054.0,7.53,7.8,7.95,6.75,8.7,1.2,21.5,28.0,False,False,False,False,False,False,True,False,False,1,False,Stage2 아님
20260928,PFLT,PennantPark Floating Rate Capital Ltd,NYSE,6.95,750100.0,7.21,7.84,8.2,6.83,9.75,1.8,28.7,28.0,False,False,False,False,False,False,False,False,False,0,False,베이스 없음
20260928,PSIX,Power Solutions International  Inc.,NASDAQ,45.54,265000.0,37.55,49.35,55.23,25.28,112.98,80.1,59.7,28.0,True,False,False,False,False,True,False,False,True,2,False,베이스 없음
20260928,RCS,PIMCO Strategic Income Fund Inc,NYSE,4.93,177369.0,5.16,5.36,5.55,4.84,8.0,1.9,38.4,28.0,False,False,False,False,False,False,False,False,False,0,False,베이스 없음
20260928,RDY,Dr. Reddy's Laboratories Limited ADR,NYSE,12.51,4029500.0,12.11,13.16,13.33,11.36,15.67,10.1,20.2,28.0,False,False,False,False,False,False,True,False,True,2,False,베이스 없음
20260928,RPC,Ridgepost Capital Inc,NYSE,7.33,518100.0,8.43,8.06,8.58,6.79,11.47,8.0,36.1,28.0,False,False,False,False,False,False,False,False,False,0,False,베이스 없음
20260928,SANG,Sangoma Technologies Corp,NASDAQ,3.59,562100.0,3.89,3.99,4.22,3.4,5.42,5.6,33.8,28.0,False,False,False,False,False,False,False,False,False,0,False,베이스 없음
20260928,SMSI,Smith Micro Software Inc,NASDAQ,2.65,4700.0,2.78,3.28,3.15,2.05,4.65,29.3,43.0,28.0,False,False,True,False,False,True,False,False,False,2,False,Stage2 아님
20260928,SORA,AsiaStrategy,NASDAQ,2.08,33600.0,2.17,2.19,2.35,1.25,6.99,66.4,70.2,28.0,False,False,False,False,False,True,False,False,False,1,False,Stage2 아님
20260928,SPOK,Spok Holdings Inc,NASDAQ,10.37,107200.0,10.73,10.99,11.57,9.95,17.6,4.2,41.1,28.0,False,False,False,False,False,False,False,False,False,0,False,베이스 없음
20260928,STOK,Stoke Therapeutics  Inc.,NASDAQ,25.5,835000.0,30.08,31.82,31.79,20.32,40.22,25.5,36.6,28.0,False,False,True,True,False,True,False,False,False,3,False,베이스 없음
20260928,STRT,Strattec Security Corp,NASDAQ,66.59,67700.0,77.99,77.78,78.81,57.01,93.0,16.8,28.4,28.0,False,False,False,False,False,False,False,False,False,0,False,베이스 없음
20260928,TAP.A,Molson Coors Beverage Company Class A,NYSE,39.52,0.0,42.13,45.6,46.49,39.51,55.92,0.0,29.3,28.0,False,False,False,False,False,False,False,False,False,0,False,자료 부족
20260928,TJX,The TJX Companies  Inc.,NYSE,130.25,5886200.0,143.13,152.59,153.11,122.78,170.0,6.1,23.4,28.0,False,False,False,False,False,False,True,False,False,1,False,베이스 없음
20260928,TKC,Turkcell Iletisim Hizmetleri AS ADR,NYSE,5.1,3743900.0,5.36,5.88,5.97,4.82,7.18,5.8,29.0,28.0,False,False,False,False,False,False,False,False,False,0,False,베이스 없음
20260928,TNC,Tennant Co,NYSE,68.21,142700.0,73.81,76.86,77.12,60.18,91.93,13.3,25.8,28.0,False,False,False,False,False,False,False,False,False,0,False,베이스 없음
20260928,VLT,Invesco High Income Trust II,NYSE,9.07,44081.0,9.85,10.23,10.45,9.04,11.4,0.3,20.4,28.0,False,False,False,False,False,False,True,False,False,1,False,Stage2 아님
20260928,VNDA,Vanda Pharmaceuticals Inc,NASDAQ,5.17,812900.0,5.23,6.34,6.57,4.27,9.94,21.1,48.0,28.0,False,False,False,True,False,False,False,False,False,1,False,베이스 없음
20260928,WSO.B,Watsco  Inc. Class B,NYSE,310.9,100.0,335.83,371.2,369.43,306.82,453.37,1.3,31.4,28.0,False,False,True,False,False,False,False,False,False,1,False,자료 부족
20260928,YDKG,Yueda Digital Holding,NASDAQ,0.92,108300.0,0.97,0.92,0.93,0.73,390.0,26.0,99.8,28.0,False,False,False,False,True,True,False,False,False,2,False,베이스 없음
20260928,AGX,Argan  Inc.,NYSE,355.21,284500.0,490.28,569.8,515.06,240.24,805.75,47.9,55.9,27.0,False,False,True,True,False,True,False,False,False,3,False,베이스 없음
20260928,AIIR,Air Global PLC,NASDAQ,7.06,292500.0,6.95,8.43,8.88,5.29,15.3,33.5,53.9,27.0,True,False,False,False,False,True,False,False,True,2,False,Stage2 아님
20260928,AQN,Algonquin Power & Utilities Corp.,NYSE,5.01,4089300.0,5.64,5.97,6.07,4.96,7.11,1.0,29.5,27.0,False,False,False,False,False,False,False,False,False,0,False,베이스 없음
20260928,ASMB,Assembly Biosciences Inc,NASDAQ,23.61,117500.0,28.93,28.07,28.62,21.8,39.71,8.3,40.5,27.0,False,False,False,False,True,False,False,False,False,1,False,베이스 없음
20260928,ASTS,AST SpaceMobile  Inc.,NASDAQ,61.0,7501000.0,62.86,78.06,81.47,47.5,133.86,28.4,54.4,27.0,False,False,False,False,False,True,False,False,False,1,False,베이스 없음
20260928,ATHR,Aether Holdings Inc,NASDAQ,3.49,2500.0,3.59,3.49,4.04,1.87,6.86,86.6,49.1,27.0,False,False,False,False,False,True,False,False,False,1,False,Stage2 아님
20260928,BRO,Brown & Brown Inc,NYSE,60.24,1800400.0,69.03,65.6,68.34,53.81,96.55,11.9,37.6,27.0,False,False,False,False,True,False,False,False,False,1,False,베이스 없음
20260928,CHKP,Check Point Software Technologies Ltd.,NASDAQ,129.27,937800.0,132.22,135.28,147.13,112.23,210.66,15.2,38.6,27.0,False,False,False,False,False,False,False,False,False,0,False,베이스 없음
20260928,CNM,Core & Main Inc,NYSE,42.39,2009700.0,43.86,47.49,49.53,40.1,59.66,5.7,28.9,27.0,False,False,False,False,False,False,False,False,False,0,False,베이스 없음
20260928,CW,Curtiss-Wright Corporation,NYSE,532.36,370400.0,642.94,696.68,676.73,502.0,808.16,6.0,34.1,27.0,False,False,True,True,False,False,False,False,False,2,False,베이스 없음
20260928,CWEN,Clearway Energy Inc,NYSE,29.21,1031000.0,32.03,36.09,35.89,27.97,41.74,4.4,30.0,27.0,False,False,True,False,False,False,False,False,False,1,False,베이스 없음
20260928,CWK,Cushman & Wakefield Ltd,NYSE,11.86,2128400.0,13.42,13.29,13.91,11.57,17.4,2.5,31.8,27.0,False,False,False,False,False,False,False,False,False,0,False,베이스 없음
20260928,DBD,Diebold Nixdorf Inc,NYSE,60.89,261200.0,71.65,77.09,75.35,54.48,92.08,11.8,33.9,27.0,False,False,True,True,False,False,False,False,False,2,False,베이스 없음
20260928,DH,Definitive Healthcare Corp,NASDAQ,0.915,388200.0,0.81,0.92,1.26,0.61,4.07,50.0,77.5,27.0,True,False,False,False,False,True,False,False,True,2,False,Stage2 아님
20260928,DOMO,Domo Inc,NASDAQ,3.305,1092854.0,3.74,3.58,4.44,1.84,17.34,79.6,80.9,27.0,False,False,False,False,False,True,False,False,False,1,False,베이스 없음
20260928,DOYU,Douyu International Holdings Ltd ADR,NASDAQ,4.6,7600.0,4.57,4.76,5.2,4.2,7.66,9.5,39.9,27.0,False,False,False,False,False,False,False,False,True,1,False,베이스 없음
20260928,DSWL,Deswell Industries Inc,NASDAQ,3.08,13700.0,3.19,3.32,3.35,2.84,4.06,8.5,24.1,27.0,False,False,False,False,False,False,True,False,False,1,False,베이스 없음
20260928,DTE,DTE Energy Company,NYSE,120.83,2284100.0,137.04,143.53,141.05,120.24,155.75,0.5,22.4,27.0,False,False,True,False,False,False,True,False,False,2,False,베이스 없음
20260928,DTST,Data Storage Corp,NASDAQ,3.28,23500.0,3.09,3.57,3.86,2.75,5.15,19.3,36.3,27.0,False,False,False,False,False,False,False,False,True,1,False,베이스 없음
20260928,DUKB,Duke Energy Corporation 5.625% Junior Subordinated Debentures Exp 15 Sep 2078,NYSE,20.13,81938.0,21.99,23.25,23.61,19.9,25.26,1.2,20.3,27.0,False,False,False,False,False,False,True,False,False,1,False,Stage2 아님
20260928,GDO,Western Asset Global Corporate Opportunity Fd Inc.,NYSE,9.39,55258.0,10.12,10.64,10.89,9.37,12.14,0.2,22.7,27.0,False,False,False,False,False,False,True,False,False,1,False,Stage2 아님
20260928,HPF,John Hancock Preferred Income II Closed Fund,NYSE,13.38,85234.0,15.34,15.69,15.8,13.38,17.13,0.0,21.9,27.0,False,False,False,False,False,False,True,False,False,1,False,베이스 없음
20260928,JMIA,Jumia Technologies AG ADR,NYSE,6.7,970900.0,6.58,6.99,8.29,5.69,14.72,17.8,54.5,27.0,True,False,False,False,False,False,False,False,True,1,False,1 형성중
20260928,LADR,Ladder Capital Corp,NYSE,8.99,1610200.0,9.7,9.98,10.22,8.91,11.48,0.9,21.7,27.0,False,False,False,False,False,False,True,False,False,1,False,베이스 없음
20260928,LEN.B,Lennar Corporation Class B,NYSE,80.56,110400.0,82.15,86.51,91.22,74.44,125.48,8.2,35.8,27.0,False,False,False,False,False,False,False,False,False,0,False,Stage2 아님
20260928,MDWD,Mediwound Ltd,NASDAQ,13.93,56600.0,13.72,15.26,15.96,12.55,20.03,11.0,30.5,27.0,False,False,False,False,False,False,False,False,True,1,False,베이스 없음
20260928,MIAX,Miami International Holdings  Inc.,NYSE,33.91,1446600.0,42.05,42.78,42.83,33.74,57.14,0.5,40.7,27.0,False,False,False,False,False,False,False,False,False,0,False,Stage2 아님
20260928,MNDY,monday.com Ltd.,NASDAQ,79.05,1279700.0,87.88,78.85,90.46,57.5,210.49,37.5,62.4,27.0,False,False,False,False,False,True,False,False,False,1,False,1 형성중
20260928,NDMO,Nuveen Dynamic Municipal Opportunities Fund,NYSE,8.66,837997.0,9.75,10.14,10.18,8.57,10.82,1.1,20.0,27.0,False,False,False,False,False,False,True,False,False,1,False,1 형성중
20260928,NU,Nu Holdings Ltd.,NYSE,12.23,143563900.0,14.35,13.99,14.79,11.2,18.98,9.2,35.6,27.0,False,False,False,False,False,False,False,False,False,0,False,1 형성중
20260928,NVG,Nuveen AMT-Free Municipal Credit Income Fund,NYSE,10.48,2312847.0,12.04,12.45,12.54,10.38,13.59,1.0,22.9,27.0,False,False,False,False,False,False,True,False,False,1,False,1 형성중
20260928,OTF,Blue Owl Technology Finance Corp,NYSE,10.22,1634300.0,10.77,11.1,11.73,9.75,15.0,4.8,31.9,27.0,False,False,False,False,False,False,False,False,False,0,False,Stage2 아님
20260928,PAC,Grupo Aeroportuario del Pacifico SAB de CV ADR,NYSE,213.82,114400.0,211.3,233.4,243.09,197.0,300.41,8.5,28.8,27.0,False,False,False,False,False,False,False,False,True,1,False,베이스 없음
20260928,PCM,PCM Fund Inc,NYSE,4.92,33727.0,5.4,5.62,5.74,4.9,6.76,0.4,27.2,27.0,False,False,False,False,False,False,False,False,False,0,False,베이스 없음
20260928,PRVA,Privia Health Group Inc,NASDAQ,19.87,1378200.0,21.94,22.89,22.97,18.92,28.82,5.0,31.1,27.0,False,False,False,False,False,False,False,False,False,0,False,베이스 없음
20260928,PTON,Peloton Interactive Inc,NASDAQ,4.8,9019400.0,5.54,5.23,5.38,3.65,9.2,31.5,47.8,27.0,False,False,False,False,True,True,False,False,False,2,False,베이스 없음
20260928,QNRX,Quoin Pharmaceuticals Ltd ADR,NASDAQ,5.26,70300.0,5.63,5.87,7.09,3.25,41.8,61.8,87.4,27.0,True,False,False,False,False,True,False,False,False,1,False,Stage2 아님
20260928,RILY,BRC Group Holdings Inc,NASDAQ,5.49,432100.0,6.81,7.6,7.39,3.64,11.24,50.8,51.2,27.0,False,False,True,True,False,True,False,False,False,3,False,1 형성중
20260928,RYN,Rayonier Inc.,NYSE,18.79,3711300.0,20.92,20.96,21.37,18.51,27.06,1.5,30.6,27.0,False,False,False,False,False,False,False,False,False,0,False,베이스 없음
20260928,SANA,Sana Biotechnology  Inc.,NASDAQ,2.93,2264400.0,3.43,3.37,3.63,2.61,6.55,12.3,55.3,27.0,False,False,False,False,False,False,False,False,False,0,False,베이스 없음
20260928,SLGN,Silgan Holdings Inc.,NYSE,35.95,1761700.0,41.23,41.31,41.8,35.24,49.55,2.0,27.4,27.0,False,False,False,True,False,False,False,False,False,1,False,베이스 없음
20260928,SLRC,SLR Investment Corp,NASDAQ,11.64,407300.0,12.59,13.47,13.93,11.53,16.36,1.0,28.9,27.0,False,False,False,False,False,False,False,False,False,0,False,베이스 없음
20260928,SNN,Smith & Nephew PLC ADR,NYSE,27.08,826500.0,29.32,30.93,31.63,26.4,37.51,2.6,27.8,27.0,False,False,False,False,False,False,False,False,False,0,False,베이스 없음
20260928,STAA,STAAR Surgical Company,NASDAQ,20.87,540800.0,23.27,24.64,23.72,15.59,35.87,33.9,41.8,27.0,False,False,True,False,False,True,False,False,False,2,False,베이스 없음
20260928,STC,Stewart Information Services Corp,NYSE,57.54,280000.0,67.06,66.51,67.28,57.11,78.61,0.8,26.8,27.0,False,False,False,False,False,False,False,False,False,0,False,1 형성중
20260928,STKS,One Group Hospitality Inc,NASDAQ,1.67,17800.0,1.7,1.81,1.88,1.5,3.38,11.3,50.6,27.0,False,False,False,False,False,False,False,False,False,0,False,Stage2 아님
20260928,TAP,Molson Coors Beverage Company Class B,NYSE,36.27,4009900.0,40.52,41.74,43.49,35.52,54.82,2.1,33.8,27.0,False,False,False,False,False,False,False,False,False,0,False,베이스 없음
20260928,TOUR,Tuniu Corp ADR,NASDAQ,5.18,2100.0,5.05,5.82,6.05,4.53,9.85,14.3,47.4,27.0,True,False,False,False,False,False,False,False,True,1,False,베이스 없음
20260928,TPR,Tapestry  Inc.,NYSE,113.45,2464600.0,132.85,140.34,138.7,93.0,164.8,22.0,31.2,27.0,False,False,True,True,False,False,False,False,False,2,False,베이스 없음
20260928,TV,Grupo Televisa  S.A.B. ADR,NYSE,2.34,856500.0,2.66,2.8,2.88,2.18,3.49,7.3,33.0,27.0,False,False,False,False,False,False,False,False,False,0,False,베이스 없음
20260928,TVGN,Tevogen Inc,NASDAQ,6.76,15600.0,6.68,7.28,9.63,3.64,40.6,85.9,83.3,27.0,False,False,False,False,False,True,False,False,True,2,False,Stage2 아님
20260928,VCV,Invesco California Value Muni Inc Tr,NYSE,8.93,463468.0,10.28,10.57,10.7,8.8,11.38,1.5,21.5,27.0,False,False,False,False,False,False,True,False,False,1,False,베이스 없음
20260928,VRSK,Verisk Analytics  Inc.,NASDAQ,167.77,1152100.0,186.63,185.0,191.15,155.94,253.35,7.6,33.8,27.0,False,False,False,False,False,False,False,False,False,0,False,베이스 없음
20260928,VRTS,Virtus Investment Partners  Inc.,NYSE,129.55,105000.0,156.73,146.21,149.81,121.61,195.0,6.5,33.6,27.0,False,False,False,False,True,False,False,False,False,1,False,베이스 없음
20260928,XBP,XBP Global Holdings Inc,NASDAQ,3.198,4600.0,3.0,3.29,4.28,2.0,8.62,59.9,62.9,27.0,True,False,False,False,False,True,False,False,True,2,False,1 형성중
20260928,YTRA,Yatra Online Inc,NASDAQ,0.957,12100.0,0.95,0.98,1.16,0.72,2.0,32.5,52.2,27.0,False,False,False,False,False,True,False,False,True,2,False,1 형성중
20260928,AACG,ATA Creativity Global ADR,NASDAQ,0.85,6500.0,0.91,1.0,0.98,0.74,1.9,14.9,55.3,26.0,False,False,True,False,False,False,False,False,False,1,False,베이스 없음
20260928,ABG,Asbury Automotive Group Inc,NYSE,179.68,259200.0,210.75,203.34,212.16,172.01,258.75,4.5,30.6,26.0,False,False,False,False,False,False,False,False,False,0,False,베이스 없음
20260928,AGO,Assured Guaranty Ltd,NYSE,69.39,502700.0,76.73,79.4,81.5,68.03,92.4,2.0,24.9,26.0,False,False,False,False,False,False,True,False,False,1,False,베이스 없음
20260928,ALTI,AlTi Global  Inc,NASDAQ,3.09,72000.0,3.65,3.62,3.86,2.75,5.44,12.4,43.3,26.0,False,False,False,False,False,False,False,False,False,0,False,베이스 없음
20260928,AOMR,Angel Oak Mortgage REIT  Inc.,NYSE,7.37,131800.0,8.49,8.56,8.64,7.34,9.6,0.4,23.2,26.0,False,False,False,False,False,False,True,False,False,1,False,베이스 없음
20260928,ARVN,Arvinas  Inc.,NASDAQ,7.51,512100.0,8.64,9.54,10.26,6.97,14.51,7.7,48.2,26.0,False,False,False,False,False,False,False,False,False,0,False,베이스 없음
20260928,ATEC,Alphatec Holdings  Inc.,NASDAQ,10.05,1706500.0,9.51,9.87,11.78,6.82,23.29,47.4,56.8,26.0,True,False,False,False,False,True,False,False,True,2,False,베이스 없음
20260928,ATMU,Atmus Filtration Technologies Inc.,NYSE,44.04,655700.0,48.99,53.27,54.14,42.6,66.5,3.4,33.8,26.0,False,False,False,False,False,False,False,False,False,0,False,베이스 없음
20260928,BKV,BKV Corporation,NYSE,21.9,1455300.0,24.61,26.83,27.15,20.08,32.81,9.1,33.3,26.0,False,False,False,False,False,False,False,False,False,0,False,베이스 없음
20260928,BN,Brookfield Corporation,NYSE,36.27,6399100.0,40.98,42.74,43.7,36.2,49.57,0.2,26.8,26.0,False,False,False,False,False,False,False,False,False,0,False,베이스 없음
20260928,CMCSA,Comcast Corporation,NASDAQ,21.79,29771100.0,24.75,26.08,26.78,21.28,32.86,2.4,33.7,26.0,False,False,False,False,False,False,False,False,False,0,False,베이스 없음
20260928,CMS,CMS Energy Corporation,NYSE,62.6,4128800.0,69.33,73.48,72.97,62.38,80.36,0.4,22.1,26.0,False,False,True,False,False,False,True,False,False,2,False,베이스 없음
20260928,COOT,Australian Oilseeds Holdings Ltd,NASDAQ,0.497,25600.0,0.45,0.55,0.58,0.35,4.5,42.0,89.0,26.0,False,False,False,False,False,True,False,False,True,2,False,베이스 없음
20260928,CRTO,Criteo SA (Pre-Reincorporation),NASDAQ,15.8,298100.0,18.47,18.44,18.76,15.58,25.29,1.4,37.5,26.0,False,False,False,False,False,False,False,False,False,0,False,1 형성중
20260928,CSAN,Cosan S.A. ADR,NYSE,2.96,202364.0,2.88,3.46,3.68,2.38,5.61,24.4,47.2,26.0,True,False,False,False,False,False,False,False,True,1,False,베이스 없음
20260928,DPZ,Domino's Pizza  Inc.,NASDAQ,292.27,610400.0,332.58,339.38,356.77,282.0,442.35,3.6,33.9,26.0,False,False,False,False,False,False,False,False,False,0,False,베이스 없음
20260928,ELBM,Electra Battery Materials Corporation,NASDAQ,0.53,188300.0,0.56,0.6,0.68,0.49,8.7,9.1,93.9,26.0,False,False,False,False,False,False,False,False,False,0,False,베이스 없음
20260928,FBIN,Fortune Brands Innovations  Inc.,NYSE,38.43,2150700.0,45.54,43.66,46.57,32.34,64.84,18.8,40.7,26.0,False,False,False,False,False,False,False,False,False,0,False,베이스 없음
20260928,GIS,General Mills Inc,NYSE,33.6,10681700.0,37.47,36.79,39.1,31.75,51.32,5.8,34.5,26.0,False,False,False,False,False,False,False,False,False,0,False,베이스 없음
20260928,GPOR,Gulfport Energy Corporation,NYSE,152.09,282400.0,166.09,178.51,183.39,149.18,225.78,2.0,32.6,26.0,False,False,False,False,False,False,False,False,False,0,False,베이스 없음
20260928,HAPN,Happen  Inc.,NASDAQ,14.9,1588400.0,18.01,17.12,17.54,13.05,21.67,14.2,31.2,26.0,False,False,False,False,True,False,False,False,False,1,False,베이스 없음
20260928,HII,HUNTINGTON INGALLS INDUSTRIES  INC.,NYSE,257.05,593800.0,294.48,332.42,345.37,256.81,460.0,0.1,44.1,26.0,False,False,False,False,False,False,False,False,False,0,False,베이스 없음
20260928,HLI,Houlihan Lokey Inc,NYSE,129.54,717200.0,132.16,142.01,150.76,112.83,208.78,14.8,38.0,26.0,False,False,False,False,False,False,False,False,False,0,False,베이스 없음
20260928,HPS,John Hancock Preferred Income III Closed Fund,NYSE,12.1,103932.0,13.74,14.24,14.32,12.04,15.68,0.5,22.8,26.0,False,False,False,False,False,False,True,False,False,1,False,베이스 없음
20260928,ICG,Intchains Group Ltd ADR,NASDAQ,0.88,10500.0,0.9,1.03,1.22,0.6,2.28,46.7,61.4,26.0,True,False,False,False,False,True,False,False,False,1,False,Stage2 아님
20260928,JBS,Jbs NV,NYSE,11.6,4586500.0,13.0,14.12,14.34,11.21,18.65,3.5,37.8,26.0,False,False,False,False,False,False,False,False,False,0,False,Stage2 아님
20260904,JFB,JFB Construction Holdings,NASDAQ,4.945,1632135.0,4.39,6.52,7.14,2.45,17.55,101.8,71.8,26.0,False,False,False,False,False,True,False,False,True,2,False,Stage2 아님
20260928,JRI,Nuveen Real Asset Income and Growth Fund,NYSE,10.77,327356.0,12.31,12.63,12.81,10.77,14.27,0.0,24.5,26.0,False,False,False,False,False,False,True,False,False,1,False,베이스 없음
20260928,KC,Kingsoft Cloud Holdings Ltd ADR,NASDAQ,9.15,2700600.0,10.57,12.37,12.34,8.35,18.52,9.6,50.6,26.0,False,False,True,False,False,False,False,False,False,1,False,베이스 없음
20260928,MWA,Mueller Water Products  Inc.,NYSE,21.64,1161600.0,24.43,26.14,26.21,21.33,31.0,1.5,30.2,26.0,False,False,False,False,False,False,False,False,False,0,False,베이스 없음
20260928,NABL,N-Able Inc,NYSE,4.05,1962500.0,4.05,4.24,4.85,2.92,8.74,38.7,53.6,26.0,True,False,False,False,False,True,False,False,True,2,False,베이스 없음
20260928,NAD,Nuveen Quality Municipal Income Fund,NYSE,9.87,4009387.0,11.39,11.7,11.8,9.75,12.31,1.2,19.8,26.0,False,False,False,False,False,False,True,False,False,1,False,베이스 없음
20260928,NMCO,Nuveen Municipal Credit Opportunities Fund,NYSE,8.81,1056543.0,10.15,10.53,10.53,8.79,11.0,0.2,19.9,26.0,False,False,False,False,False,False,True,False,False,1,False,베이스 없음
20260928,NPB,Northpointe Bancshares Inc,NYSE,15.11,206300.0,17.03,17.59,17.58,15.09,19.71,0.1,23.3,26.0,False,False,True,False,False,False,True,False,False,2,False,베이스 없음
20260928,OFIX,Orthofix Medical Inc.,NASDAQ,9.84,438100.0,10.14,10.97,11.83,8.5,16.99,15.8,42.1,26.0,False,False,False,False,False,False,False,False,False,0,False,베이스 없음
20260928,OFLX,Omega Flex Inc,NASDAQ,25.67,27700.0,27.89,30.04,30.67,24.86,37.92,3.3,32.3,26.0,False,False,False,False,False,False,False,False,False,0,False,Stage2 아님
20260928,OGI,Organigram Global Inc,NASDAQ,1.085,534100.0,1.09,1.19,1.3,0.85,2.24,27.2,51.6,26.0,False,False,False,False,False,True,False,False,False,1,False,베이스 없음
20260928,ORA,Ormat Technologies Inc,NYSE,90.36,819700.0,102.35,113.13,114.4,90.12,146.39,0.3,38.3,26.0,False,False,False,False,False,False,False,False,False,0,False,베이스 없음
20260928,OTIS,Otis Worldwide Corporation,NYSE,66.33,4864700.0,71.01,75.11,78.62,65.13,94.56,1.8,29.9,26.0,False,False,False,False,False,False,False,False,False,0,False,베이스 없음
20260928,OXSQ,Oxford Square Capital Corp.,NASDAQ,1.27,1075500.0,1.39,1.55,1.62,1.05,2.05,21.0,38.0,26.0,False,False,False,False,False,False,False,False,False,0,False,Stage2 아님
20260928,PBH,Prestige Consumer Healthcare Inc.,NYSE,46.93,651800.0,50.14,53.12,55.9,42.62,71.07,10.1,34.0,26.0,False,False,False,False,False,False,False,False,False,0,False,베이스 없음
20260928,PODC,Podcastone Inc,NASDAQ,2.07,67200.0,2.95,3.19,3.02,1.5,5.2,38.0,60.2,26.0,False,False,True,True,False,True,False,False,False,3,False,1 형성중
20260928,QUBT,Quantum Computing Inc.,NASDAQ,8.57,6653700.0,8.39,8.82,9.26,6.18,25.84,38.7,66.8,26.0,False,False,False,False,False,True,False,False,True,2,False,베이스 없음
20260928,REBN,Reborn Coffee Inc,NASDAQ,1.42,207200.0,1.22,1.72,1.71,0.68,2.95,110.1,51.9,26.0,False,False,True,False,False,True,False,False,True,3,False,Stage2 아님
20260928,RYM,RYTHM Inc,NASDAQ,21.44,6200.0,21.9,23.35,22.56,14.0,53.65,53.1,60.0,26.0,False,False,True,True,False,True,False,False,False,3,False,Stage2 아님
20260928,SAH,Sonic Automotive Inc,NYSE,62.45,357600.0,81.51,76.88,73.4,54.11,113.67,15.4,45.1,26.0,False,False,True,True,True,False,False,False,False,3,False,베이스 없음
20260928,SLVM,Sylvamo Corp,NYSE,34.98,278500.0,37.05,39.65,42.21,34.25,56.8,2.1,38.4,26.0,False,False,False,False,False,False,False,False,False,0,False,베이스 없음
20260928,SRE,Sempra,NYSE,76.89,4410300.0,85.29,90.78,90.28,76.66,101.04,0.3,23.9,26.0,False,False,True,False,False,False,True,False,False,2,False,베이스 없음
20260928,TMUS,T-Mobile US Inc,NASDAQ,166.45,4792300.0,178.52,189.9,191.99,161.14,242.31,3.3,31.3,26.0,False,False,False,False,False,False,False,False,False,0,False,베이스 없음
20260928,VERA,Vera Therapeutics  Inc.,NASDAQ,32.5,1464600.0,33.58,36.91,39.39,23.05,56.05,41.0,42.0,26.0,False,False,False,True,False,True,False,False,False,2,False,베이스 없음
20260928,VMC,Vulcan Materials Co,NYSE,246.15,1224900.0,268.17,279.68,285.22,240.69,331.09,2.3,25.7,26.0,False,False,False,False,False,False,False,False,False,0,False,베이스 없음
20260928,WETH,Wetouch Technology Inc,NASDAQ,1.01,167400.0,1.17,1.38,1.45,0.92,3.68,9.8,72.6,26.0,False,False,False,False,False,False,False,False,False,0,False,Stage2 아님
20260928,XBIO,Xenetic Biosciences Inc,NASDAQ,2.33,34700.0,3.23,3.05,2.85,1.87,13.93,24.6,83.3,26.0,False,False,True,True,True,False,False,False,False,3,False,베이스 없음
20260928,YI,111 Inc ADR,NASDAQ,3.52,18000.0,3.63,5.1,5.09,2.48,11.17,41.9,68.5,26.0,False,False,True,False,False,True,False,False,False,2,False,베이스 없음
20260928,ACP,abrdn Income Credit Strategies Mutual Fund,NYSE,4.41,1074306.0,4.97,5.19,5.28,4.41,5.83,0.0,24.4,25.0,False,False,False,False,False,False,True,False,False,1,False,Stage2 아님
20260928,ADNT,Adient PLC,NYSE,17.1,1004600.0,19.35,20.58,20.84,16.77,27.32,2.0,37.4,25.0,False,False,False,False,False,False,False,False,False,0,False,베이스 없음
20260928,AXON,Axon Enterprise  Inc.,NASDAQ,424.75,935300.0,534.87,484.39,499.63,339.01,764.02,25.3,44.4,25.0,False,False,False,False,True,True,False,False,False,2,False,베이스 없음
20260928,BBAR,Banco BBVA Argentina SA ADR,NYSE,12.55,641400.0,16.1,16.39,16.81,7.76,22.47,61.7,44.1,25.0,False,False,False,False,False,True,False,False,False,1,False,베이스 없음
20260928,BCDA,BioCardia Inc,NASDAQ,1.04,159200.0,1.0,1.06,1.12,0.75,1.8,38.7,42.2,25.0,False,False,False,False,False,True,False,False,True,2,False,베이스 없음
20260928,BGSF,BGSF Inc,NYSE,4.91,4200.0,5.36,5.62,5.52,3.25,7.23,51.1,32.1,25.0,False,False,True,True,False,True,False,False,False,3,False,베이스 없음
20260928,BNT,Brookfield Wealth Solutions Ltd,NYSE,36.22,16200.0,41.21,43.13,44.02,36.17,49.86,0.1,27.4,25.0,False,False,False,False,False,False,False,False,False,0,False,베이스 없음
20260928,DEI,Douglas Emmett  Inc.,NYSE,9.67,2914000.0,11.39,11.11,11.05,9.04,15.83,7.0,38.9,25.0,False,False,True,False,True,False,False,False,False,2,False,베이스 없음
20260928,DLPN,Dolphin Entertainment Inc,NASDAQ,1.07,10000.0,1.11,1.28,1.36,1.02,1.88,4.9,43.1,25.0,False,False,False,False,False,False,False,False,False,0,False,1 형성중
20260928,DRVN,Driven Brands Holdings Inc.,NASDAQ,11.76,947700.0,13.18,13.03,13.7,9.8,17.3,20.0,32.0,25.0,False,False,False,False,False,False,False,False,False,0,False,베이스 없음
20260928,EVH,Evolent Health  Inc.,NYSE,3.65,2143800.0,4.18,3.92,3.84,2.1,9.62,74.2,62.1,25.0,False,False,True,False,True,True,False,False,False,3,False,베이스 없음
20260928,FCN,FTI Consulting  Inc.,NYSE,132.28,580400.0,151.43,159.59,163.1,129.12,189.3,2.4,30.1,25.0,False,False,False,False,False,False,False,False,False,0,False,베이스 없음
20260928,FNF,Fidelity National Financial Inc,NYSE,41.08,2442600.0,47.44,48.14,49.86,40.81,58.57,0.7,29.9,25.0,False,False,False,False,False,False,False,False,False,0,False,베이스 없음
20260928,FWRD,Forward Air Corp (Delaware),NASDAQ,15.27,705400.0,16.45,16.18,18.91,7.86,31.18,94.3,51.0,25.0,False,False,False,False,False,True,False,False,False,1,False,베이스 없음
20260928,GECC,Great Elm Capital Corp,NASDAQ,5.16,34300.0,5.6,5.58,5.93,4.63,11.46,11.4,55.0,25.0,False,False,False,False,False,False,False,False,False,0,False,베이스 없음
20260928,GGAL,Grupo Financiero Galicia S.A. ADR,NASDAQ,36.98,1079500.0,45.01,46.17,47.65,26.06,62.52,41.9,40.9,25.0,False,False,False,False,False,True,False,False,False,1,False,베이스 없음
20260928,GLIBK,Liberty Capital Corporation Series C,NASDAQ,23.34,302700.0,24.6,28.19,30.42,19.3,41.18,20.9,43.3,25.0,False,False,False,False,False,False,False,False,False,0,False,Stage2 아님
20260928,GSHD,Goosehead Insurance  Inc.,NASDAQ,44.39,398700.0,61.5,49.84,54.13,33.68,79.85,31.8,44.4,25.0,False,False,False,False,True,True,False,False,False,2,False,베이스 없음
20260928,HD,The Home Depot  Inc.,NYSE,289.89,5387300.0,326.42,331.32,340.57,289.1,411.41,0.3,29.5,25.0,False,False,False,False,False,False,False,False,False,0,False,베이스 없음
20260928,HGLB,Highland Global Allocation Fund,NYSE,6.62,269729.0,7.39,7.85,8.13,6.6,10.64,0.3,37.8,25.0,False,False,False,False,False,False,False,False,False,0,False,베이스 없음
20260928,HLMN,Hillman Solutions Corp,NASDAQ,7.11,1735500.0,7.96,8.0,8.36,6.84,10.85,3.9,34.5,25.0,False,False,False,False,False,False,False,False,False,0,False,베이스 없음
20260928,HSAI,Hesai Group ADR,NASDAQ,15.59,979600.0,17.18,19.68,20.97,14.29,30.15,9.1,48.3,25.0,False,False,False,False,False,False,False,False,False,0,False,베이스 없음
20260928,HTT,High Templar Tech Ltd ADR,NYSE,2.39,83000.0,2.51,2.57,2.75,1.88,5.05,27.1,52.7,25.0,False,False,False,False,False,True,False,False,False,1,False,베이스 없음
20260928,IBIO,iBio Inc,NASDAQ,1.17,295600.0,1.35,1.73,1.84,0.78,3.82,50.0,69.4,25.0,False,False,False,True,False,True,False,False,False,2,False,1 형성중
20260928,IPGP,IPG Photonics Corp,NASDAQ,77.23,323100.0,82.52,104.76,101.31,69.41,155.82,11.3,50.4,25.0,False,False,True,False,False,False,False,False,False,1,False,베이스 없음
20260928,IRTC,iRhythm Holdings  Inc,NASDAQ,112.6,454700.0,117.92,118.34,130.01,100.85,212.0,11.7,46.9,25.0,False,False,False,False,False,False,False,False,False,0,False,베이스 없음
20260928,IVA,Inventiva SA ADR,NASDAQ,3.53,3418700.0,4.4,4.88,5.04,3.1,7.98,13.7,55.8,25.0,False,False,False,True,False,False,False,False,False,1,False,베이스 없음
20260928,KMRK,K-Tech Solutions Co Ltd,NASDAQ,0.931,3600.0,1.08,1.69,1.64,0.78,6.59,19.8,85.9,25.0,False,False,True,False,False,False,False,False,False,1,False,Stage2 아님
20260928,KREF,KKR Real Estate Finance Trust Inc,NYSE,6.26,827900.0,7.25,6.9,7.18,5.25,9.53,19.2,34.3,25.0,False,False,False,False,True,False,False,False,False,1,False,베이스 없음
20260928,LBTYA,Liberty Global Ltd Class A,NASDAQ,9.43,4589900.0,10.38,11.42,11.34,9.28,13.52,1.6,30.3,25.0,False,False,True,False,False,False,False,False,False,1,False,베이스 없음
20260928,LEN,Lennar Corporation Class A,NYSE,82.03,6782000.0,83.72,89.04,95.18,75.7,133.76,8.4,38.7,25.0,False,False,False,False,False,False,False,False,False,0,False,베이스 없음
20260928,LOAN,Manhattan Bridge Capital Inc,NASDAQ,3.88,34700.0,4.07,4.27,4.36,3.88,5.8,0.0,33.1,25.0,False,False,False,False,False,False,False,False,False,0,False,베이스 없음
20260928,LPX,Louisiana-Pacific Corporation,NYSE,66.06,1034900.0,71.0,73.6,77.17,64.49,100.34,2.4,34.2,25.0,False,False,False,False,False,False,False,False,False,0,False,베이스 없음
20260928,MFA,MFA Financial  Inc.,NYSE,8.01,2056800.0,8.88,9.45,9.52,7.96,10.43,0.6,23.2,25.0,False,False,False,False,False,False,True,False,False,1,False,베이스 없음
20260928,NN,NextNav Inc.,NASDAQ,14.24,1834900.0,15.26,17.35,16.98,10.87,24.42,31.0,41.7,25.0,False,False,True,True,False,True,False,False,False,3,False,베이스 없음
20260928,NPWR,NET Power Inc.,NYSE,1.56,387000.0,1.68,1.75,1.91,1.35,5.2,15.6,70.0,25.0,False,False,False,False,False,False,False,False,False,0,False,베이스 없음
20260928,NXT,Nextpower Inc,NASDAQ,79.13,1984900.0,90.94,109.95,107.94,69.22,163.13,14.3,51.5,25.0,False,False,True,False,False,False,False,False,False,1,False,베이스 없음
20260928,NYAX,Nayax Ltd.,NASDAQ,44.66,27900.0,54.9,60.65,58.84,39.17,76.86,14.0,41.9,25.0,False,False,True,True,False,False,False,False,False,2,False,베이스 없음
20260928,OXLC,Oxford Lane Capital Corp,NASDAQ,8.91,1180294.0,9.22,9.31,10.29,8.01,17.33,11.2,48.6,25.0,False,False,False,False,False,False,False,False,False,0,False,베이스 없음
20260928,PDD,PDD Holdings Inc. ADR,NASDAQ,78.49,3656700.0,84.38,90.7,95.22,71.94,139.41,9.1,43.7,25.0,False,False,False,False,False,False,False,False,False,0,False,베이스 없음
20260928,PNBK,Patriot National Bancorp Inc,NASDAQ,1.0,97600.0,1.06,1.15,1.27,0.86,2.0,16.3,50.0,25.0,False,False,False,False,False,False,False,False,False,0,False,베이스 없음
20260928,PPC,Pilgrims Pride Corp,NASDAQ,28.11,1638600.0,29.24,31.45,33.86,25.9,44.84,8.5,37.3,25.0,False,False,False,False,False,False,False,False,False,0,False,베이스 없음
20260928,PWP,Perella Weinberg Partners,NASDAQ,14.64,1559800.0,15.8,17.17,17.9,12.52,25.92,16.9,43.5,25.0,False,False,False,False,False,False,False,False,False,0,False,베이스 없음
20260928,RDAC,Rising Dragon Acquisition Corp,NASDAQ,5.32,34300.0,5.99,6.31,6.77,4.5,23.99,18.2,77.8,25.0,False,False,False,False,False,False,False,False,False,0,False,Stage2 아님
20260928,RSSS,Research Solutions Inc,NASDAQ,2.15,56700.0,2.18,2.3,2.42,1.92,3.95,12.0,45.6,25.0,False,False,False,False,False,False,False,False,False,0,False,베이스 없음
20260928,SAFX,XCF Global Inc,NASDAQ,0.372,2336600.0,0.41,0.41,0.37,0.12,1.44,212.6,74.2,25.0,False,False,True,False,False,True,False,False,False,2,False,Stage2 아님
20260928,SHEN,Shenandoah Telecommunications Co,NASDAQ,11.35,746100.0,12.23,14.14,13.56,9.67,17.35,17.4,34.6,25.0,False,False,True,True,False,False,False,False,False,2,False,베이스 없음
20260928,STN,Stantec Inc.,NYSE,68.72,211100.0,71.66,78.42,82.98,66.26,114.52,3.7,40.0,25.0,False,False,False,False,False,False,False,False,False,0,False,1 형성중
20260928,USAR,USA Rare Earth  Inc.,NASDAQ,14.415,13634600.0,16.85,19.67,19.36,11.45,43.98,25.9,67.2,25.0,False,False,True,True,False,True,False,False,False,3,False,베이스 없음
20260928,VEL,Velocity Financial Inc,NYSE,15.2,200800.0,17.52,17.9,18.33,15.09,21.4,0.7,29.0,25.0,False,False,False,False,False,False,False,False,False,0,False,베이스 없음
20260928,VICI,VICI Properties Inc,NYSE,23.19,10684300.0,25.7,27.25,27.55,23.14,33.01,0.2,29.7,25.0,False,False,False,False,False,False,False,False,False,0,False,베이스 없음
20260928,VST,Vistra Corp.,NYSE,138.02,4272600.0,145.25,152.98,155.51,132.66,217.1,4.0,36.4,25.0,False,False,False,False,False,False,False,False,False,0,False,베이스 없음
20260928,VTN,Invesco Trust For Inv Grade NY Munis,NYSE,9.15,83573.0,10.65,11.01,11.16,9.15,12.1,0.0,24.4,25.0,False,False,False,False,False,False,True,False,False,1,False,1 형성중
20260928,WLK,Westlake Corp,NYSE,66.84,444200.0,74.22,90.14,88.45,56.33,124.23,18.7,46.2,25.0,False,False,True,True,False,False,False,False,False,2,False,베이스 없음
20260928,WSO,Watsco  Inc.,NYSE,313.22,521400.0,323.41,371.78,372.93,295.75,459.0,5.9,31.8,25.0,False,False,False,False,False,False,False,False,False,0,False,베이스 없음
20260928,XPER,Xperi Inc,NYSE,5.48,495700.0,6.47,6.78,6.54,5.07,8.75,8.2,37.4,25.0,False,False,True,False,False,False,False,False,False,1,False,베이스 없음
20260928,BKKT,Bakkt Inc,NYSE,8.0,1011700.0,7.86,8.58,9.69,6.71,49.79,19.2,83.9,24.0,False,False,False,False,False,False,False,False,True,1,False,베이스 없음
20260928,BMI,Badger Meter  Inc.,NYSE,126.53,334100.0,132.69,136.05,144.08,112.09,204.0,12.9,38.0,24.0,False,False,False,False,False,False,False,False,False,0,False,베이스 없음
20260928,BNKK,Bonk Inc,NASDAQ,1.87,9020100.0,1.21,1.92,2.38,0.91,16.87,106.2,88.9,24.0,True,False,False,False,False,True,False,False,True,2,False,베이스 없음
20260928,CC,The Chemours Company,NYSE,14.13,1244600.0,15.7,19.39,18.31,10.44,28.67,35.3,50.7,24.0,False,False,True,True,False,True,False,False,False,3,False,베이스 없음
20260928,CDRE,Cadre Holdings Inc,NYSE,26.06,409800.0,30.37,31.39,34.09,25.64,48.76,1.7,46.6,24.0,False,False,False,False,False,False,False,False,False,0,False,베이스 없음
20260928,CLIR,ClearSign Technologies Corp,NASDAQ,3.65,31800.0,4.0,4.41,4.91,3.16,11.2,15.5,67.4,24.0,False,False,False,False,False,False,False,False,False,0,False,베이스 없음
20260928,CRE,Cre8 Enterprise Ltd,NASDAQ,2.62,48700.0,2.91,2.84,3.0,1.68,14.64,56.0,82.1,24.0,False,False,False,False,False,True,False,False,False,1,False,Stage2 아님
20260928,CSPI,CSP Inc,NASDAQ,7.65,7500.0,7.88,8.56,9.37,7.11,15.0,7.6,49.0,24.0,False,False,False,False,False,False,False,False,False,0,False,베이스 없음
20260928,CYD,China Yuchai International Ltd,NYSE,32.44,167100.0,41.09,44.39,44.03,28.65,61.48,13.2,47.2,24.0,False,False,True,False,False,False,False,False,False,1,False,1 형성중
20260928,DRIO,DarioHealth Corp,NASDAQ,6.71,8100.0,7.17,7.64,8.58,5.84,17.74,14.8,62.2,24.0,False,False,False,False,False,False,False,False,False,0,False,Stage2 아님
20260928,EDN,Empresa Distribuidora y Comercializadora Norte SA ADR,NYSE,20.23,70300.0,24.19,25.66,26.65,14.38,36.7,40.7,44.9,24.0,False,False,False,False,False,True,False,False,False,1,False,베이스 없음
20260928,EXP,Eagle Materials Inc,NYSE,175.87,431100.0,198.67,203.64,208.42,171.99,245.53,2.3,28.4,24.0,False,False,False,False,False,False,False,False,False,0,False,베이스 없음
20260928,FUL,H.B. Fuller Company,NYSE,49.37,1384900.0,55.62,58.7,59.6,46.7,68.63,5.7,28.1,24.0,False,False,False,False,False,False,False,False,False,0,False,베이스 없음
20260928,GLOB,GLOBANT S.A.,NYSE,33.79,750300.0,36.98,39.5,45.63,27.56,72.1,22.6,53.1,24.0,False,False,False,False,False,False,False,False,False,0,False,베이스 없음
20260928,GROV,Grove Collaborative Holdings Inc,NYSE,1.07,224400.0,1.05,1.18,1.22,0.86,1.57,24.0,31.8,24.0,False,False,False,False,False,False,False,False,True,1,False,Stage2 아님
20260928,HAYW,Hayward Holdings  Inc.,NYSE,12.52,5063400.0,14.22,14.57,14.98,12.41,17.73,0.9,29.4,24.0,False,False,False,False,False,False,False,False,False,0,False,베이스 없음
20260928,HERZ,Herzfeld Credit Income Fund，Inc.,NASDAQ,15.4,18900.0,16.02,16.54,17.69,13.71,28.3,12.3,45.6,24.0,False,False,False,False,False,False,False,False,False,0,False,베이스 없음
20260928,HLLY,Holley Inc.,NYSE,2.42,757700.0,2.81,2.9,3.21,2.33,4.48,3.9,46.0,24.0,False,False,False,False,False,False,False,False,False,0,False,베이스 없음
20260928,HWKN,Hawkins Inc,NASDAQ,127.83,146300.0,128.6,144.65,144.87,116.05,186.15,10.2,31.3,24.0,False,False,False,False,False,False,False,False,False,0,False,베이스 없음
20260928,IBM,International Business Machines Corporation,NYSE,220.67,5285800.0,230.36,244.99,257.64,199.19,332.46,10.8,33.6,24.0,False,False,False,False,False,False,False,False,False,0,False,1 형성중
20260928,JBDI,JBDI Holdings Ltd,NASDAQ,1.19,2100.0,1.27,1.25,1.33,0.78,4.56,51.8,73.9,24.0,False,False,False,False,False,True,False,False,False,1,False,Stage2 아님
20260928,JFU,9f Inc ADR,NASDAQ,2.57,2700.0,2.5,3.05,3.78,1.98,9.48,29.8,72.9,24.0,False,False,False,False,False,True,False,False,True,2,False,베이스 없음
20260928,KBH,KB Home,NYSE,47.88,1445200.0,53.57,53.72,55.46,44.03,67.57,8.7,29.1,24.0,False,False,False,False,False,False,False,False,False,0,False,베이스 없음
20260928,KEP,Korea Electric Power Corporation ADR,NYSE,11.07,775600.0,11.72,13.6,15.0,10.78,23.41,2.7,52.7,24.0,False,False,False,False,False,False,False,False,False,0,False,베이스 없음
20260928,KRKR,36Kr Holdings Inc ADR,NASDAQ,3.06,0.0,3.03,3.31,3.58,2.5,8.69,22.4,64.8,24.0,False,False,False,False,False,False,False,False,True,1,False,Stage2 아님
20260928,LBTYK,Liberty Global Ltd Class C,NASDAQ,9.13,2185600.0,10.12,11.1,11.08,9.03,13.12,1.1,30.4,24.0,False,False,True,False,False,False,False,False,False,1,False,베이스 없음
20260928,LCII,LCI Industries,NYSE,85.52,328300.0,99.93,109.32,116.24,82.78,159.66,3.3,46.4,24.0,False,False,False,False,False,False,False,False,False,0,False,베이스 없음
20260928,LVWR,LiveWire Group  Inc.,NYSE,1.56,173500.0,1.31,1.41,1.9,0.65,6.44,140.7,75.8,24.0,True,False,False,False,False,True,False,False,True,2,False,베이스 없음
20260928,MCHX,Marchex Inc,NASDAQ,1.32,33600.0,1.66,1.61,1.62,1.16,2.04,13.8,35.3,24.0,False,False,False,False,True,False,False,False,False,1,False,베이스 없음
20260928,MFIC,MidCap Financial Investment Corp,NASDAQ,8.76,894300.0,9.48,10.34,10.61,8.72,12.5,0.5,29.9,24.0,False,False,False,False,False,False,False,False,False,0,False,베이스 없음
20260928,MNR,Mach Natural Resources Units,NYSE,10.32,731800.0,12.52,13.07,12.73,10.25,15.02,0.7,31.3,24.0,False,False,True,False,False,False,False,False,False,1,False,베이스 없음
20260928,MP,MP Materials Corp.,NYSE,46.45,5272400.0,50.95,56.05,56.93,37.81,100.25,22.9,53.7,24.0,False,False,False,False,False,False,False,False,False,0,False,1 형성중
20260928,NCEL,NewcelX AG,NASDAQ,2.92,7200.0,3.37,3.22,3.08,1.83,24.6,59.6,88.1,24.0,False,False,True,False,True,True,False,False,False,3,False,베이스 없음
20260922,NHIC,NewHold Investment Corp III,NASDAQ,8.64,318954.0,10.48,10.58,10.53,8.5,11.6,1.6,25.5,24.0,False,False,True,False,False,False,False,False,False,1,False,Stage2 아님
20260928,NMS,Nuveen Minnesota Quality Municipal Income Fund,NYSE,9.74,44025.0,11.1,11.8,11.83,9.71,12.5,0.3,22.1,24.0,False,False,False,False,False,False,True,False,False,1,False,베이스 없음
20260928,NPV,Nuveen Virginia Quality Municipal Income Fund,NYSE,9.21,100097.0,10.47,11.14,11.17,9.2,11.81,0.1,22.0,24.0,False,False,False,False,False,False,True,False,False,1,False,베이스 없음
20260928,NRDS,NerdWallet  Inc.,NASDAQ,8.52,652800.0,9.4,9.58,10.35,7.33,16.24,16.2,47.5,24.0,False,False,False,False,False,False,False,False,False,0,False,베이스 없음
20260928,NTLA,INTELLIA THERAPEUTICS  INC.,NASDAQ,11.42,3294100.0,11.91,13.27,12.78,7.95,28.25,43.6,59.6,24.0,False,False,True,True,False,True,False,False,False,3,False,베이스 없음
20260928,NVO,Novo Nordisk A/S ADR,NYSE,38.71,11313000.0,45.66,43.4,45.9,35.12,64.16,10.2,39.7,24.0,False,False,False,False,False,False,False,False,False,0,False,베이스 없음
20260928,PDC,Perpetuals.com Ltd ADR,NASDAQ,3.35,7200.0,3.24,4.91,5.03,2.35,8.83,42.6,62.1,24.0,False,False,False,False,False,True,False,False,True,2,False,베이스 없음
20260928,PEG,Public Service Enterprise Group Incorporated,NYSE,66.73,3363100.0,74.12,78.61,79.14,66.15,87.63,0.9,23.9,24.0,False,False,False,False,False,False,True,False,False,1,False,베이스 없음
20260928,PII,Polaris Inc,NYSE,52.3,751600.0,64.58,63.09,64.3,47.14,77.98,10.9,32.9,24.0,False,False,False,False,True,False,False,False,False,1,False,베이스 없음
20260928,PRZO,Parazero Technologies Ltd,NASDAQ,0.581,141200.0,0.64,0.71,0.83,0.38,1.9,52.5,69.4,24.0,False,False,False,False,False,True,False,False,False,1,False,베이스 없음
20260928,RDDT,Reddit  Inc.,NYSE,143.08,4312700.0,159.32,158.84,170.62,119.27,263.5,20.0,45.7,24.0,False,False,False,False,False,False,False,False,False,0,False,1 형성중
20260928,RIBB,Ribbon Acquisition Corp,NASDAQ,8.52,14500.0,10.28,10.52,10.5,6.91,18.47,23.3,53.9,24.0,False,False,True,False,False,False,False,False,False,1,False,자료 부족
20260928,RSI,Rush Street Interactive  Inc.,NYSE,19.55,2739800.0,26.34,25.77,23.95,15.51,34.53,26.0,43.4,24.0,False,False,True,True,True,True,False,False,False,4,False,베이스 없음
20260928,SAFE,Safehold Inc,NYSE,12.21,679800.0,15.1,15.17,14.98,11.93,17.45,2.3,30.0,24.0,False,False,True,True,False,False,False,False,False,2,False,베이스 없음
20260928,SEED,Origin Agritech Ltd,NASDAQ,0.91,6700.0,1.0,1.09,1.13,0.87,2.49,4.6,63.5,24.0,False,False,False,False,False,False,False,False,False,0,False,베이스 없음
20260928,SMRT,SmartRent Inc,NYSE,1.19,647000.0,1.22,1.3,1.44,0.9,2.2,31.5,45.9,24.0,False,False,False,False,False,True,False,False,False,1,False,베이스 없음
20260928,SPXC,SPX Technologies Inc,NYSE,170.11,644200.0,200.65,211.28,212.48,169.19,251.08,0.5,32.2,24.0,False,False,False,False,False,False,False,False,False,0,False,베이스 없음
20260928,SQFTP,Presidio Property Trus 9.375 Cumulative Redeemable Perpetual Cumulative,NASDAQ,6.64,4400.0,6.52,6.29,7.61,3.65,15.99,81.9,58.5,24.0,False,False,False,False,False,True,False,False,True,2,False,베이스 없음
20260928,TDOC,Teladoc Health Inc,NYSE,5.89,4148700.0,6.89,6.71,6.6,4.4,9.89,33.9,40.4,24.0,False,False,True,False,True,True,False,False,False,3,False,Stage2 아님
20260928,TLS,Telos Corp,NASDAQ,4.06,696200.0,4.45,4.42,4.62,3.78,8.36,7.3,51.4,24.0,False,False,False,False,False,False,False,False,False,0,False,베이스 없음
20260928,TTAM,Titan America SA,NYSE,13.76,176900.0,15.33,16.1,16.44,13.28,19.57,3.6,29.7,24.0,False,False,False,False,False,False,False,False,False,0,False,베이스 없음
20260928,TUYA,Tuya Inc. ADR,NYSE,1.72,230600.0,1.77,2.06,2.09,1.6,2.7,7.5,36.3,24.0,False,False,False,False,False,False,False,False,False,0,False,베이스 없음
20260928,VLRS,Controladora Vuela Compania de Aviacion SAB de CV ADR,NYSE,6.76,199500.0,7.25,7.6,8.02,5.79,10.8,16.8,37.4,24.0,False,False,False,False,False,False,False,False,False,0,False,베이스 없음
20260928,VRCA,Verrica Pharmaceuticals Inc,NASDAQ,4.6,33000.0,5.04,5.68,6.13,3.28,9.82,40.2,53.2,24.0,False,False,False,False,False,True,False,False,False,1,False,베이스 없음
20260928,ACIC,American Coastal Insurance Corp,NASDAQ,9.26,331800.0,9.75,10.67,10.91,9.03,13.06,2.5,29.1,23.0,False,False,False,False,False,False,False,False,False,0,False,베이스 없음
20260928,ALK,Alaska Air Group Inc,NYSE,39.7,3652500.0,43.87,43.57,45.72,33.03,60.63,20.2,34.5,23.0,False,False,False,False,False,False,False,False,False,0,False,베이스 없음
20260928,AMPX,Amprius Technologies Inc,NYSE,9.6,14824600.0,10.19,14.5,13.47,7.71,24.22,24.5,60.4,23.0,False,False,True,False,False,False,False,False,False,1,False,베이스 없음
20260928,AN,AutoNation  Inc.,NYSE,161.36,480400.0,200.26,196.22,199.79,161.33,235.81,0.0,31.6,23.0,False,False,False,False,True,False,False,False,False,1,False,베이스 없음
20260928,AON,Aon PLC,NYSE,272.1,1833800.0,336.0,330.24,333.25,270.0,382.34,0.8,28.8,23.0,False,False,False,False,True,False,False,False,False,1,False,베이스 없음
20260928,AS,Amer Sports Inc,NYSE,27.62,5407400.0,31.71,33.8,34.9,26.1,42.76,5.8,35.4,23.0,False,False,False,False,False,False,False,False,False,0,False,베이스 없음
20260928,BLRX,BioLine RX Ltd ADR,NASDAQ,2.43,12500.0,2.7,2.8,2.84,2.15,4.56,13.0,46.7,23.0,False,False,False,False,False,False,False,False,False,0,False,베이스 없음
20260928,BNTC,Benitec Biopharma Inc,NASDAQ,10.02,152800.0,12.11,11.92,11.97,9.26,16.76,8.3,40.2,23.0,False,False,False,False,True,False,False,False,False,1,False,베이스 없음
20260928,BYD,Boyd Gaming Corporation,NYSE,69.19,1331500.0,80.65,83.3,83.76,69.03,91.41,0.2,24.3,23.0,False,False,False,False,False,False,True,False,False,1,False,베이스 없음
20260928,CALM,Cal-Maine Foods  Inc.,NASDAQ,67.36,976700.0,80.64,80.17,80.58,66.62,101.86,1.1,33.9,23.0,False,False,False,False,True,False,False,False,False,1,False,베이스 없음
20260928,CDZI,Cadiz Inc,NASDAQ,3.58,3267500.0,3.55,4.24,4.6,2.87,6.96,24.7,48.6,23.0,False,False,False,False,False,False,False,False,True,1,False,베이스 없음
20260928,CG,Carlyle Group Inc,NASDAQ,39.52,2548700.0,45.7,46.68,50.0,38.72,67.3,2.1,41.3,23.0,False,False,False,False,False,False,False,False,False,0,False,베이스 없음
20260928,CHDN,Churchill Downs Incorporated,NASDAQ,75.72,1602200.0,85.7,87.82,92.16,74.92,118.35,1.1,36.0,23.0,False,False,False,False,False,False,False,False,False,0,False,베이스 없음
20260928,CIGI,Colliers International Group Inc.,NASDAQ,89.91,268100.0,98.7,101.59,111.14,87.36,171.51,2.9,47.6,23.0,False,False,False,False,False,False,False,False,False,0,False,베이스 없음
20260928,CNXC,Concentrix Corporation,NASDAQ,25.45,3341900.0,26.74,26.99,30.11,19.12,55.52,33.1,54.2,23.0,False,False,False,False,False,True,False,False,False,1,False,1 형성중
20260928,CPB,Campbell's Co,NASDAQ,20.04,7296200.0,22.18,21.99,23.42,19.26,33.81,4.0,40.7,23.0,False,False,False,False,False,False,False,False,False,0,False,베이스 없음
20260928,CRNC,Cerence Inc.,NASDAQ,7.8,523500.0,8.41,8.9,9.36,5.85,13.74,33.3,43.2,23.0,False,False,False,False,False,True,False,False,False,1,False,베이스 없음
20260928,CXM,Sprinklr  Inc.,NYSE,4.98,2762200.0,6.31,5.75,6.05,4.72,8.28,5.6,39.8,23.0,False,False,False,False,True,False,False,False,False,1,False,1 형성중
20260928,DNUT,Krispy Kreme  Inc.,NASDAQ,2.89,1655100.0,3.23,3.42,3.51,2.88,5.11,0.3,43.4,23.0,False,False,False,False,False,False,False,False,False,0,False,베이스 없음
20260928,FIG,Figma  Inc.,NYSE,20.25,10185000.0,24.41,22.8,24.88,16.6,71.48,22.0,71.7,23.0,False,False,False,False,False,False,False,False,False,0,False,Stage2 아님
20260928,GPCR,Structure Therapeutics Inc. ADR,NASDAQ,35.065,728300.0,46.27,47.63,54.35,24.54,94.9,42.9,63.1,23.0,False,False,False,True,False,True,False,False,False,2,False,베이스 없음
20260928,HRL,Hormel Foods Corp,NYSE,19.97,5433400.0,23.16,22.98,23.25,19.42,26.6,2.8,24.9,23.0,False,False,False,False,False,False,True,False,False,1,False,베이스 없음
20260928,HUIZ,Huize Holding Ltd ADR,NASDAQ,1.3,25900.0,1.4,1.49,1.74,1.04,4.16,25.0,68.8,23.0,True,False,False,False,False,True,False,False,False,1,False,베이스 없음
20260928,INDI,indie Semiconductor Inc,NASDAQ,2.9,3693100.0,3.58,3.69,3.76,2.32,6.05,25.0,52.1,23.0,False,False,False,False,False,True,False,False,False,1,False,베이스 없음
20260928,KWY,Kingsway Corp,NYSE,9.2,46025.0,9.63,10.4,11.04,8.41,16.51,9.4,44.3,23.0,False,False,False,False,False,False,False,False,False,0,False,베이스 없음
20260928,LAZ,Lazard  Inc.,NYSE,35.79,1897400.0,41.9,43.92,45.92,35.16,58.75,1.8,39.1,23.0,False,False,False,False,False,False,False,False,False,0,False,베이스 없음
20260928,LKQ,LKQ Corp,NASDAQ,23.22,3284000.0,24.62,27.07,28.38,21.17,37.13,9.7,37.5,23.0,False,False,False,False,False,False,False,False,False,0,False,베이스 없음
20260928,LRE,Lead Real Estate Co Ltd ADR,NASDAQ,1.09,8000.0,1.28,1.3,1.33,1.0,1.89,9.0,42.3,23.0,False,False,False,False,False,False,False,False,False,0,False,Stage2 아님
20260928,LZB,La-Z-Boy Inc,NYSE,29.83,621500.0,35.63,35.79,36.39,28.92,44.9,3.1,33.6,23.0,False,False,False,False,False,False,False,False,False,0,False,베이스 없음
20260928,MCD,McDonald's Corp,NYSE,233.6,5330000.0,261.89,284.05,291.68,233.23,341.75,0.2,31.6,23.0,False,False,False,False,False,False,False,False,False,0,False,1 형성중
20260928,MDBH,MDB Capital Holdings LLC,NASDAQ,2.57,2800.0,2.92,3.17,3.21,2.45,4.8,4.9,46.5,23.0,False,False,False,False,False,False,False,False,False,0,False,Stage2 아님
20260928,MLM,Martin Marietta Materials  Inc.,NYSE,490.77,803800.0,527.96,573.97,592.85,476.82,710.97,2.9,31.0,23.0,False,False,False,False,False,False,False,False,False,0,False,베이스 없음
20260928,MMYT,MakeMyTrip Limited,NASDAQ,47.39,793000.0,55.09,49.81,55.29,32.67,98.07,45.1,51.7,23.0,False,False,False,False,False,True,False,False,False,1,False,베이스 없음
20260928,ORC,Orchid Island Capital Inc,NYSE,5.68,5344600.0,6.45,6.8,7.01,5.59,8.4,1.6,32.4,23.0,False,False,False,False,False,False,False,False,False,0,False,베이스 없음
20260928,OSIS,OSI Systems  Inc.,NASDAQ,193.04,123300.0,213.12,238.64,246.66,186.5,311.72,3.5,38.1,23.0,False,False,False,False,False,False,False,False,False,0,False,1 형성중
20260928,PAX,Patria Investments Ltd,NASDAQ,10.06,1022400.0,10.99,11.58,12.61,9.9,17.8,1.6,43.5,23.0,False,False,False,False,False,False,False,False,False,0,False,베이스 없음
20260928,PEGA,Pegasystems Inc.,NASDAQ,33.23,1411400.0,33.37,36.07,40.19,25.1,68.1,32.4,51.2,23.0,False,False,False,False,False,True,False,False,False,1,False,베이스 없음
20260928,PULM,Pulmatrix Inc,NASDAQ,1.59,40100.0,1.58,1.61,1.89,1.16,5.5,37.1,71.1,23.0,False,False,False,False,False,True,False,False,True,2,False,베이스 없음
20260928,RLX,RLX Technology Inc ADR,NYSE,1.7,2441700.0,1.87,2.03,2.11,1.64,2.68,3.3,36.6,23.0,False,False,False,False,False,False,False,False,False,0,False,베이스 없음
20260928,RRR,Red Rock Resorts  Inc.,NASDAQ,50.45,681000.0,59.19,58.53,59.54,47.78,68.99,5.6,26.9,23.0,False,False,False,False,False,False,False,False,False,0,False,베이스 없음
20260928,SAM,The Boston Beer Company  Inc.,NYSE,165.36,219200.0,177.81,197.12,201.54,158.68,264.46,4.2,37.5,23.0,False,False,False,False,False,False,False,False,False,0,False,베이스 없음
20260928,SARO,StandardAero  Inc.,NYSE,22.22,5272000.0,26.02,26.69,27.59,21.99,34.48,1.0,35.6,23.0,False,False,False,False,False,False,False,False,False,0,False,베이스 없음
20260928,SGA,Saga Communications Inc,NASDAQ,8.31,26600.0,9.07,10.02,10.36,8.24,13.19,0.8,37.0,23.0,False,False,False,False,False,False,False,False,False,0,False,1 형성중
20260928,SRL,Scully Royalty Ltd,NYSE,5.21,1200.0,5.53,6.47,6.87,4.21,10.39,23.8,49.9,23.0,False,False,False,False,False,False,False,False,False,0,False,베이스 없음
20260928,STWD,Starwood Property Trust Inc (Maryland),NYSE,14.32,5929600.0,15.93,16.9,17.24,14.15,20.14,1.2,28.9,23.0,False,False,False,False,False,False,False,False,False,0,False,베이스 없음
20260928,SYK,Stryker Corporation,NYSE,275.31,2486000.0,314.18,322.64,331.86,267.0,392.55,3.1,29.9,23.0,False,False,False,False,False,False,False,False,False,0,False,베이스 없음
20260928,TATT,TAT Technologies Ltd,NASDAQ,35.64,166800.0,39.12,42.35,43.77,31.52,64.5,13.1,44.7,23.0,False,False,False,False,False,False,False,False,False,0,False,1 형성중
20260928,THO,THOR Industries  Inc.,NYSE,71.38,918800.0,75.83,78.18,86.36,67.31,122.83,6.0,41.9,23.0,False,False,False,False,False,False,False,False,False,0,False,베이스 없음
20260928,TRON,TRON Inc,NASDAQ,1.415,434800.0,1.58,1.79,1.71,1.12,4.65,26.3,69.6,23.0,False,False,True,False,False,True,False,False,False,2,False,1 형성중
20260928,UA,Under Armour Inc Class C,NYSE,4.24,3767082.0,5.48,5.84,5.81,3.95,7.91,7.3,46.4,23.0,False,False,True,True,False,False,False,False,False,2,False,베이스 없음
20260928,UNCY,Unicycive Therapeutics Inc,NASDAQ,4.64,601500.0,5.18,6.38,6.35,3.71,8.74,25.1,46.9,23.0,False,False,True,False,False,True,False,False,False,2,False,베이스 없음
20260928,WAVE,Eco Wave Power Global AB (publ) ADR,NASDAQ,6.05,25700.0,6.76,7.21,6.81,4.52,10.87,33.8,44.3,23.0,False,False,True,False,False,True,False,False,False,2,False,베이스 없음
20260928,WEN,Wendy's Co,NASDAQ,6.39,7803200.0,7.73,7.4,7.59,6.07,10.12,5.3,36.9,23.0,False,False,False,False,True,False,False,False,False,1,False,베이스 없음
20260928,WFF,WF Holding Ltd,NASDAQ,2.17,379700.0,2.11,2.03,2.09,0.91,10.71,138.5,79.7,23.0,False,True,False,False,True,True,False,False,True,4,False,Stage2 아님
20260928,WY,Weyerhaeuser Company,NYSE,19.72,7770900.0,23.47,23.9,24.23,19.6,27.75,0.6,28.9,23.0,False,False,False,True,False,False,False,False,False,1,False,베이스 없음
20260928,XRAY,DENTSPLY SIRONA Inc.,NASDAQ,9.28,5676100.0,11.55,11.49,11.66,8.9,14.76,4.3,37.1,23.0,False,False,False,False,False,False,False,False,False,0,False,베이스 없음
20260928,XYL,Xylem Inc,NYSE,100.91,2042400.0,113.75,116.63,121.87,100.9,154.27,0.0,34.6,23.0,False,False,False,False,False,False,False,False,False,0,False,베이스 없음
20260928,AFYA,Afya Limited,NASDAQ,12.04,765200.0,13.93,14.26,14.37,12.03,16.43,0.1,26.7,22.0,False,False,False,False,False,False,False,False,False,0,False,베이스 없음
20260928,AIOS,AIOS Tech Inc,NASDAQ,13.71,52800.0,13.16,13.33,17.16,6.54,90.0,109.6,84.8,22.0,True,False,False,False,False,True,False,False,True,2,False,베이스 없음
20260928,AMPG,Amplitech Group Inc,NASDAQ,3.15,714000.0,4.32,4.11,3.88,1.64,10.11,92.1,68.8,22.0,False,False,True,True,True,True,False,False,False,4,False,1 형성중
20260928,AMTM,Amentum Holdings  Inc.,NYSE,18.49,1190200.0,21.06,23.66,25.84,18.48,38.11,0.1,51.5,22.0,False,False,False,False,False,False,False,False,False,0,False,베이스 없음
20260928,ASIX,AdvanSix Inc.,NYSE,15.78,279200.0,17.83,20.43,19.66,14.1,26.73,11.9,41.0,22.0,False,False,True,True,False,False,False,False,False,2,False,베이스 없음
20260928,BCIC,BCP Investment Corp,NASDAQ,6.79,34700.0,7.33,7.8,8.89,6.7,13.5,1.3,49.7,22.0,False,False,False,False,False,False,False,False,False,0,False,Stage2 아님
20260928,CCI,Crown Castle Inc,NYSE,67.1,3164200.0,74.76,82.34,83.55,66.17,100.5,1.4,33.2,22.0,False,False,False,False,False,False,False,False,False,0,False,Stage2 아님
20260928,CCM,Concord Medical Services Holdings Ltd ADR,NYSE,3.54,11200.0,4.4,4.35,4.31,3.18,6.98,11.3,49.3,22.0,False,False,True,False,True,False,False,False,False,2,False,Stage2 아님
20260928,CLX,The Clorox Company,NYSE,81.42,3204400.0,96.66,99.32,101.81,80.84,128.9,0.7,36.8,22.0,False,False,False,False,False,False,False,False,False,0,False,베이스 없음
20260928,CTMX,CytomX Therapeutics  Inc.,NASDAQ,2.69,2693900.0,3.27,3.83,4.09,2.33,8.21,15.5,67.2,22.0,False,False,False,False,False,False,False,False,False,0,False,베이스 없음
20260928,ECC,Eagle Point Credit Company Inc,NYSE,3.46,633196.0,3.76,3.87,4.26,3.46,6.99,0.0,50.5,22.0,False,False,False,False,False,False,False,False,False,0,False,Stage2 아님
20260928,EVR,Evercore Inc.,NYSE,261.62,396200.0,297.83,318.29,326.7,254.31,388.71,2.9,32.7,22.0,False,False,False,False,False,False,False,False,False,0,False,베이스 없음
20260928,FBLG,Fibrobiologics Inc,NASDAQ,1.36,241600.0,1.22,2.01,2.96,0.62,12.4,119.4,89.0,22.0,True,False,False,False,False,True,False,False,True,2,False,Stage2 아님
20260928,GIBO,Gibo Holdings Ltd,NASDAQ,32.48,125100.0,30.87,32.13,36.57,1.25,77.5,2498.4,58.1,22.0,False,False,False,False,False,True,False,False,True,2,False,Stage2 아님
20260928,GILT,Gilat Satellite Networks Ltd.,NASDAQ,10.01,363700.0,10.59,14.15,14.46,9.37,20.93,6.8,52.2,22.0,False,False,False,False,False,False,False,False,False,0,False,베이스 없음
20260928,GLIBA,Liberty Capital Corporation Series A,NASDAQ,23.45,28800.0,24.94,28.4,30.61,19.61,41.87,19.6,44.0,22.0,False,False,False,False,False,False,False,False,False,0,False,Stage2 아님
20260928,HDL,Super Hi International Holding Ltd. ADR,NASDAQ,11.69,100.0,13.0,13.87,14.58,11.55,18.79,1.2,37.8,22.0,False,False,False,False,False,False,False,False,False,0,False,Stage2 아님
20260928,HFFG,Hf Foods Group Inc,NASDAQ,1.58,36900.0,1.67,1.82,1.89,1.38,3.46,14.5,54.3,22.0,False,False,False,False,False,False,False,False,False,0,False,베이스 없음
20260928,HUN,Huntsman Corp,NYSE,8.63,2234400.0,10.18,12.1,11.95,7.3,16.09,18.2,46.4,22.0,False,False,True,True,False,False,False,False,False,2,False,베이스 없음
20260928,IMTE,Integrated Media Technology Ltd,NASDAQ,0.48,3100.0,0.48,0.53,0.57,0.4,1.34,20.0,64.2,22.0,False,False,False,False,False,False,False,False,False,0,False,Stage2 아님
20260928,IMXI,International Money Express Inc,NASDAQ,11.65,740000.0,13.17,14.61,14.82,10.36,15.95,12.5,27.0,22.0,False,False,False,False,False,False,False,False,False,0,False,베이스 없음
20260928,INAB,IN8bio  Inc.,NASDAQ,1.24,74300.0,1.12,1.41,1.55,0.88,2.73,40.9,54.6,22.0,False,False,False,False,False,True,False,False,True,2,False,Stage2 아님
20260928,IVR,Invesco Mortgage Capital Inc,NYSE,6.25,4006200.0,7.22,7.79,8.02,6.15,9.5,1.6,34.2,22.0,False,False,False,False,False,False,False,False,False,0,False,베이스 없음
20260928,JBTM,JBT Marel Corporation,NYSE,111.15,559700.0,121.48,129.63,136.58,109.22,170.19,1.8,34.7,22.0,False,False,False,False,False,False,False,False,False,0,False,베이스 없음
20260928,LHX,L3Harris Technologies  Inc.,NYSE,237.7,1985300.0,269.42,307.06,311.69,234.59,379.23,1.3,37.3,22.0,False,False,False,False,False,False,False,False,False,0,False,베이스 없음
20260928,LOW,Lowe's Companies Inc,NYSE,187.66,3946100.0,206.67,222.96,233.06,186.3,293.06,0.7,36.0,22.0,False,False,False,False,False,False,False,False,False,0,False,베이스 없음
20260928,MAX,MediaAlpha  Inc.,NYSE,9.2,621700.0,12.33,10.75,10.8,7.09,14.7,29.8,37.4,22.0,False,False,False,False,True,True,False,False,False,2,False,베이스 없음
20260928,MBUU,Malibu Boats Inc,NASDAQ,23.13,199000.0,27.14,26.83,27.92,22.82,34.97,1.4,33.9,22.0,False,False,False,False,False,False,False,False,False,0,False,베이스 없음
20260928,MEC,Mayville Engineering Company Inc,NYSE,16.85,672700.0,22.44,24.37,23.1,12.25,38.76,37.6,56.5,22.0,False,False,True,True,False,True,False,False,False,3,False,베이스 없음
20260928,MOB,Mobilicom Limited,NASDAQ,4.63,74900.0,5.28,5.57,5.91,4.33,11.02,6.9,58.0,22.0,False,False,False,False,False,False,False,False,False,0,False,1 형성중
20260928,MOMO,Hello Group Inc. ADR,NASDAQ,4.9,1063300.0,5.54,5.86,6.07,4.86,7.7,0.9,36.4,22.0,False,False,False,False,False,False,False,False,False,0,False,베이스 없음
20260928,OKYO,OKYO Pharma Ltd,NASDAQ,1.37,141700.0,1.5,1.57,1.71,1.28,3.2,7.0,57.2,22.0,False,False,False,False,False,False,False,False,False,0,False,베이스 없음
20260928,OPXS,Optex Systems Holdings Inc,NASDAQ,10.45,7900.0,10.97,11.81,12.44,9.04,17.76,15.6,41.2,22.0,False,False,False,False,False,False,False,False,False,0,False,베이스 없음
20260928,PACK,Ranpak Holdings Corp,NYSE,4.35,463800.0,5.07,5.3,5.37,3.22,7.81,35.1,44.3,22.0,False,False,False,False,False,True,False,False,False,1,False,베이스 없음
20260928,PDI,PIMCO Dynamic Income Fund,NYSE,13.9,3266512.0,15.35,16.52,16.93,13.73,19.96,1.2,30.4,22.0,False,False,False,False,False,False,False,False,False,0,False,베이스 없음
20260928,PINS,Pinterest  Inc.,NYSE,18.41,8813100.0,21.84,20.6,21.38,13.84,35.42,33.0,48.0,22.0,False,False,False,False,True,True,False,False,False,2,False,베이스 없음
20260928,PLUG,Plug Power Inc.,NASDAQ,1.86,65167700.0,2.13,2.58,2.47,1.7,4.58,9.4,59.4,22.0,False,False,True,False,False,False,False,False,False,1,False,1 형성중
20260928,QSI,Quantum-Si Inc,NASDAQ,0.795,1562300.0,0.77,0.88,0.95,0.69,3.1,15.2,74.4,22.0,False,False,False,False,False,False,False,False,True,1,False,Stage2 아님
20260928,RCL,Royal Caribbean Cruises Ltd.,NYSE,242.59,3365300.0,283.62,282.54,286.91,222.22,356.39,9.2,31.9,22.0,False,False,False,False,False,False,False,False,False,0,False,베이스 없음
20260928,RGTI,Rigetti Computing  Inc.,NASDAQ,15.95,12929700.0,16.09,17.46,18.53,12.53,58.15,27.3,72.6,22.0,False,False,False,False,False,True,False,False,False,1,False,베이스 없음
20260928,SEVN,Seven Hills Realty Trust,NASDAQ,7.22,124800.0,7.62,8.13,8.33,7.2,10.91,0.3,33.8,22.0,False,False,False,False,False,False,False,False,False,0,False,베이스 없음
20260928,SFHG,Samfine Creation Holdings Group Ltd,NASDAQ,2.3,1700.0,2.37,2.45,2.75,1.6,4.95,43.7,53.5,22.0,False,False,False,False,False,True,False,False,False,1,False,Stage2 아님
20260928,SHAK,Shake Shack Inc,NYSE,57.52,1753000.0,65.17,73.43,77.46,51.6,107.46,11.5,46.5,22.0,False,False,False,False,False,False,False,False,False,0,False,베이스 없음
20260928,SJ,Scienjoy Holding Corp,NASDAQ,0.65,13000.0,0.85,1.05,1.03,0.45,1.63,44.4,60.1,22.0,False,False,True,True,False,True,False,False,False,3,False,베이스 없음
20260928,SOFI,SoFi Technologies  Inc.,NASDAQ,15.93,58283800.0,17.56,17.36,19.16,14.88,32.73,7.1,51.3,22.0,False,False,False,False,False,False,False,False,False,0,False,베이스 없음
20260928,STZ,Constellation Brands  Inc.,NYSE,112.92,1410400.0,128.57,141.47,144.0,111.92,168.6,0.9,33.0,22.0,False,False,False,False,False,False,False,False,False,0,False,베이스 없음
20260928,TIMB,TIM S.A. ADR,NYSE,17.64,338900.0,18.88,22.43,22.43,17.14,28.22,2.9,37.5,22.0,False,False,True,False,False,False,False,False,False,1,False,베이스 없음
20260928,TLN,Talen Energy Corp,NASDAQ,303.5,616900.0,324.8,347.98,352.96,279.77,451.28,8.5,32.7,22.0,False,False,False,False,False,False,False,False,False,0,False,베이스 없음
20260928,TRAK,ReposiTrak Inc,NYSE,8.2,72100.0,8.27,8.67,9.39,6.94,17.43,18.2,53.0,22.0,False,False,False,False,False,False,False,False,False,0,False,베이스 없음
20260928,TSCO,Tractor Supply Company,NASDAQ,32.07,11013500.0,33.4,36.28,40.33,28.36,58.21,13.1,44.9,22.0,False,False,False,False,False,False,False,False,False,0,False,베이스 없음
20260928,VIPS,Vipshop Holdings Limited ADR,NYSE,12.47,2300500.0,13.86,14.46,15.39,12.02,21.08,3.7,40.8,22.0,False,False,False,False,False,False,False,False,False,0,False,베이스 없음
20260928,VVV,Valvoline Inc,NYSE,28.48,2299400.0,33.53,34.74,34.25,26.21,41.08,8.7,30.7,22.0,False,False,True,False,False,False,False,False,False,1,False,베이스 없음
20260928,VYX,NCR Voyix Corporation,NYSE,6.83,2591300.0,8.07,7.51,8.16,6.02,13.02,13.5,47.5,22.0,False,False,False,False,False,False,False,False,False,0,False,베이스 없음
20260928,WBX,Wallbox NV,NYSE,2.73,8400.0,3.23,3.21,3.13,2.3,7.83,18.7,65.1,22.0,False,False,True,False,True,False,False,False,False,2,False,베이스 없음
20260928,WGO,Winnebago Industries  Inc.,NYSE,27.01,576800.0,30.2,31.35,34.64,26.27,50.16,2.8,46.2,22.0,False,False,False,False,False,False,False,False,False,0,False,베이스 없음
20260928,WOOF,Petco Health and Wellness Company Inc,NASDAQ,2.27,1847400.0,2.64,2.71,2.75,2.24,3.96,1.3,42.7,22.0,False,False,False,False,False,False,False,False,False,0,False,베이스 없음
20260928,WSC,WillScot Holdings Corporation,NASDAQ,17.87,3051700.0,22.06,22.77,22.27,14.91,29.77,19.9,40.0,22.0,False,False,True,True,False,False,False,False,False,2,False,베이스 없음
20260928,XNET,Xunlei Ltd ADR,NASDAQ,4.87,169700.0,5.13,5.58,5.89,4.52,11.03,7.7,55.8,22.0,False,False,False,False,False,False,False,False,False,0,False,베이스 없음
20260928,AIRO,AIRO Group Holdings Inc,NASDAQ,6.97,242500.0,7.58,8.03,8.55,5.71,22.47,22.1,69.0,21.0,False,False,False,False,False,False,False,False,False,0,False,Stage2 아님
20260928,ALLR,Allarity Therapeutics Inc,NASDAQ,0.968,270900.0,1.27,1.3,1.24,0.77,1.84,25.9,47.4,21.0,False,False,True,True,False,True,False,False,False,3,False,Stage2 아님
20260928,ALXO,ALX Oncology Holdings Inc,NASDAQ,1.39,1958700.0,1.91,1.92,1.84,1.05,2.66,32.4,47.7,21.0,False,False,True,True,False,True,False,False,False,3,False,베이스 없음
20260928,ARBB,ARB IOT Group Ltd,NASDAQ,4.27,1200.0,4.33,4.58,4.89,3.71,11.5,15.1,62.9,21.0,False,False,False,False,False,False,False,False,False,0,False,Stage2 아님
20260928,AVAV,AeroVironment  Inc.,NASDAQ,147.23,1089200.0,158.66,177.6,203.93,135.2,417.86,8.9,64.8,21.0,False,False,False,False,False,False,False,False,False,0,False,베이스 없음
20260928,BIRK,Birkenstock Holding PLC,NYSE,32.97,1529100.0,36.16,38.82,39.4,29.93,50.73,10.2,35.0,21.0,False,False,False,False,False,False,False,False,False,0,False,베이스 없음
20260928,BRID,Bridgford Foods Corp,NASDAQ,5.73,1400.0,6.17,6.94,7.17,5.65,8.62,1.4,33.5,21.0,False,False,False,False,False,False,False,False,False,0,False,Stage2 아님
20260928,BRLS,Borealis Foods Inc (Oakville),NASDAQ,1.28,2400.0,1.12,1.3,1.34,0.6,5.02,113.3,74.5,21.0,False,False,False,False,False,True,False,False,True,2,False,1 형성중
20260928,CDIO,Cardio Diagnostics Holdings Inc,NASDAQ,1.894,10300.0,1.86,2.18,2.21,0.97,7.91,95.3,76.1,21.0,False,False,False,False,False,True,False,False,True,2,False,Stage2 아님
20260928,CGTX,Cognition Therapeutics Inc,NASDAQ,0.938,200200.0,1.0,1.09,1.15,0.55,2.05,70.5,54.2,21.0,False,False,False,False,False,True,False,False,False,1,False,베이스 없음
20260928,CHRS,Coherus Oncology Inc,NASDAQ,1.14,1143300.0,1.34,1.54,1.58,1.09,2.62,4.6,56.4,21.0,False,False,False,True,False,False,False,False,False,1,False,베이스 없음
20260928,COO,The Cooper Companies  Inc.,NASDAQ,56.57,4708700.0,68.09,68.54,71.91,51.01,89.83,10.9,37.0,21.0,False,False,False,False,False,False,False,False,False,0,False,베이스 없음
20260928,CPRT,Copart Inc,NASDAQ,27.22,8004000.0,30.39,31.87,33.75,26.81,45.89,1.5,40.7,21.0,False,False,False,False,False,False,False,False,False,0,False,베이스 없음
20260928,DRUG,Bright Minds Biosciences Inc.,NASDAQ,51.66,91900.0,71.08,75.26,77.28,48.9,123.75,5.6,58.3,21.0,False,False,False,False,False,False,False,False,False,0,False,베이스 없음
20260928,EFX,Equifax Inc.,NYSE,145.78,2323500.0,175.67,175.71,184.19,143.74,258.4,1.4,43.6,21.0,False,False,False,False,False,False,False,False,False,0,False,베이스 없음
20260928,ENSC,Ensysce Biosciences Inc,NASDAQ,0.401,210300.0,0.39,0.39,0.51,0.23,2.75,74.3,85.4,21.0,True,False,False,False,False,True,False,False,True,2,False,Stage2 아님
20260928,FENG,Phoenix New Media Ltd ADR,NYSE,1.42,300.0,1.48,1.62,1.69,1.39,3.65,2.2,61.1,21.0,False,False,False,False,False,False,False,False,False,0,False,베이스 없음
20260928,HDB,HDFC Bank Limited ADR,NYSE,22.41,7094000.0,23.28,25.18,27.39,21.76,37.45,3.0,40.2,21.0,False,False,False,False,False,False,False,False,False,0,False,베이스 없음
20260928,HDSN,Hudson Technologies Inc,NASDAQ,5.1,261300.0,5.62,5.82,6.17,4.64,10.06,9.9,49.3,21.0,False,False,False,False,False,False,False,False,False,0,False,베이스 없음
20260928,HNRG,Hallador Energy Company,NASDAQ,14.39,611500.0,15.49,16.69,17.4,13.65,24.7,5.4,41.7,21.0,False,False,False,False,False,False,False,False,False,0,False,베이스 없음
20260928,HUBS,HubSpot  Inc.,NYSE,202.84,2453900.0,230.16,224.74,250.42,169.63,524.63,19.6,61.3,21.0,False,False,False,False,False,False,False,False,False,0,False,베이스 없음
20260928,IBP,Installed Building Products  Inc.,NYSE,196.09,276200.0,226.94,244.92,257.17,192.65,349.0,1.8,43.8,21.0,False,False,False,False,False,False,False,False,False,0,False,베이스 없음
20260928,INFY,Infosys Limited ADR,NYSE,10.52,13014600.0,11.64,12.33,13.65,10.3,30.0,2.1,64.9,21.0,False,False,False,False,False,False,False,False,False,0,False,베이스 없음
20260928,INO,Inovio Pharmaceuticals Inc,NASDAQ,1.17,1837100.0,1.1,1.25,1.38,0.56,2.72,108.9,57.0,21.0,True,False,False,False,False,True,False,False,True,2,False,베이스 없음
20260928,JL,J-Long Group Ltd,NASDAQ,4.66,1700.0,5.1,5.69,5.53,1.5,8.22,210.7,43.3,21.0,False,False,True,False,False,True,False,False,False,2,False,Stage2 아님
20260928,LE,Lands' End  Inc.,NASDAQ,10.42,132300.0,11.64,12.1,13.11,9.56,20.04,9.0,48.0,21.0,False,False,False,False,False,False,False,False,False,0,False,베이스 없음
20260928,MGM,MGM Resorts International,NYSE,31.86,9314200.0,42.24,41.23,39.85,29.19,51.59,9.1,38.2,21.0,False,False,True,True,True,False,False,False,False,3,False,베이스 없음
20260928,MMS,Maximus  Inc.,NYSE,52.1,928400.0,57.65,62.08,68.54,51.04,100.0,2.1,47.9,21.0,False,False,False,False,False,False,False,False,False,0,False,베이스 없음
20260928,MTVA,MetaVia Inc,NASDAQ,1.67,135000.0,1.58,1.64,2.58,0.97,14.85,72.9,88.8,21.0,True,False,False,False,False,True,False,False,True,2,False,베이스 없음
20260928,NFLX,Netflix  Inc.,NASDAQ,69.23,43145800.0,75.54,83.76,84.58,65.08,124.86,6.4,44.6,21.0,False,False,False,False,False,False,False,False,False,0,False,베이스 없음
20260928,NIPG,NIP Group Inc ADR,NASDAQ,11.7,6000.0,12.2,15.58,19.5,4.2,54.0,178.6,78.3,21.0,True,False,False,False,False,True,False,False,False,1,False,Stage2 아님
20260928,NOAH,Noah Holdings Limited ADR,NYSE,7.96,120800.0,8.46,9.82,10.12,7.85,12.45,1.4,36.1,21.0,False,False,False,False,False,False,False,False,False,0,False,베이스 없음
20260928,OPAL,Opal Fuels Inc.,NASDAQ,1.8,343400.0,2.13,2.17,2.23,1.65,2.87,9.1,37.3,21.0,False,False,False,False,False,False,False,False,False,0,False,Stage2 아님
20260928,PHR,Phreesia  Inc.,NYSE,10.1,645900.0,11.04,10.4,11.59,7.77,24.24,30.0,58.3,21.0,False,False,False,False,False,True,False,False,False,1,False,베이스 없음
20260928,POST,Post Holdings  Inc.,NYSE,74.87,829200.0,82.89,92.5,94.78,72.52,117.28,3.2,36.2,21.0,False,False,False,False,False,False,False,False,False,0,False,베이스 없음
20260928,PRKS,United Parks & Resorts Inc.,NYSE,32.04,855700.0,41.58,39.24,38.53,28.77,55.71,11.4,42.5,21.0,False,False,True,True,True,False,False,False,False,3,False,베이스 없음
20260928,PROK,Prokidney Corp,NASDAQ,1.61,1814500.0,1.66,1.82,1.91,1.3,3.48,23.8,53.7,21.0,False,False,False,False,False,False,False,False,False,0,False,베이스 없음
20260928,QTEX,Qtrex Quantum Ltd,NASDAQ,0.688,3919700.0,0.9,0.95,0.92,0.28,3.85,143.1,82.1,21.0,False,False,True,False,False,True,False,False,False,2,False,베이스 없음
20260928,RM,Regional Management Corp,NYSE,30.43,76300.0,34.28,35.46,36.03,30.12,44.3,1.0,31.3,21.0,False,False,False,False,False,False,False,False,False,0,False,베이스 없음
20260928,RYET,Ruanyun Edai Technology Inc,NASDAQ,0.89,22000.0,0.95,1.0,1.03,0.66,2.03,35.9,56.2,21.0,False,False,False,False,False,True,False,False,False,1,False,Stage2 아님
20260928,SAMG,Silvercrest Asset Management Group Inc,NASDAQ,10.38,70100.0,10.01,11.72,12.59,9.09,16.16,14.2,35.8,21.0,False,False,False,False,False,False,False,False,True,1,False,베이스 없음
20260928,SFD,Smithfield Foods Inc,NASDAQ,19.14,1881800.0,22.88,24.91,24.5,18.81,29.8,1.7,35.8,21.0,False,False,True,False,False,False,False,False,False,1,False,베이스 없음
20260928,SGI,Somnigroup International Inc.,NYSE,62.28,3079100.0,66.43,72.24,77.18,60.39,98.56,3.1,36.8,21.0,False,False,False,False,False,False,False,False,False,0,False,베이스 없음
20260928,SNTG,Sentage Holdings Inc,NASDAQ,1.72,34900.0,1.82,1.96,2.01,1.58,4.08,8.9,57.8,21.0,False,False,False,False,False,False,False,False,False,0,False,Stage2 아님
20260928,SPWH,Sportsman's Warehouse Holdings Inc,NASDAQ,1.165,109600.0,1.18,1.29,1.32,1.08,3.35,7.9,65.2,21.0,False,False,False,False,False,False,False,False,False,0,False,베이스 없음
20260928,SUNS,Sunrise Realty Trust Inc,NASDAQ,7.06,95900.0,7.63,8.05,8.42,7.05,11.09,0.1,36.4,21.0,False,False,False,False,False,False,False,False,False,0,False,Stage2 아님
20260928,SUPV,Grupo Supervielle S.A. ADR,NYSE,6.96,775000.0,8.64,9.01,9.61,4.54,13.55,53.3,48.6,21.0,False,False,False,False,False,True,False,False,False,1,False,베이스 없음
20260928,TLK,Telkom Indonesia (Persero) Tbk PT ADR,NYSE,13.23,732200.0,14.62,16.25,17.51,13.17,23.52,0.5,43.8,21.0,False,False,False,False,False,False,False,False,False,0,False,베이스 없음
20260928,TRDA,Entrada Therapeutics  Inc.,NASDAQ,6.22,442600.0,6.9,8.98,9.45,5.18,16.45,20.1,62.2,21.0,False,False,False,False,False,False,False,False,False,0,False,베이스 없음
20260928,TRUP,Trupanion  Inc.,NASDAQ,23.27,450400.0,26.9,25.67,27.82,21.16,46.98,10.0,50.5,21.0,False,False,False,False,False,False,False,False,False,0,False,베이스 없음
20260928,UAA,Under Armour Inc Class A,NYSE,4.28,12694400.0,5.65,6.01,5.96,4.13,8.15,3.6,47.5,21.0,False,False,True,True,False,False,False,False,False,2,False,베이스 없음
20260928,UPBD,Upbound Group  Inc.,NASDAQ,15.79,1132700.0,19.06,19.08,19.09,15.37,24.76,2.7,36.2,21.0,False,False,False,True,False,False,False,False,False,1,False,베이스 없음
20260928,UVV,Universal Corporation,NYSE,41.87,416600.0,47.5,51.12,51.92,41.72,59.38,0.4,29.5,21.0,False,False,False,False,False,False,False,False,False,0,False,1 형성중
20260928,VS,Versus Systems Inc,NASDAQ,1.04,11900.0,1.26,1.23,1.22,0.75,2.47,38.6,57.9,21.0,False,False,True,False,True,True,False,False,False,3,False,Stage2 아님
20260928,WBUY,Webuy Global Ltd,NASDAQ,0.9,37736000.0,0.87,0.98,1.1,0.62,4.96,44.5,81.9,21.0,True,False,False,False,False,True,False,False,True,2,False,Stage2 아님
20260928,XTLB,X T L Biopharmaceuticals Ltd ADR,NASDAQ,2.23,3600.0,2.67,2.66,2.84,2.01,10.28,10.9,78.3,21.0,False,False,False,False,False,False,False,False,False,0,False,Stage2 아님
20260928,ZSTK,Zerostack Corp,NASDAQ,4.24,27200.0,3.35,4.78,5.6,1.32,23.7,221.2,82.1,21.0,True,False,False,False,False,True,False,False,True,2,False,Stage2 아님
20260928,AD,Array Digital Infrastructure Inc,NYSE,33.45,296700.0,35.83,42.75,44.96,33.43,60.82,0.1,45.0,20.0,False,False,False,False,False,False,False,False,False,0,False,베이스 없음
20260928,ALGS,Aligos Therapeutics  Inc.,NASDAQ,5.54,79500.0,5.72,6.18,6.85,3.98,13.69,39.2,59.5,20.0,False,False,False,False,False,True,False,False,False,1,False,Stage2 아님
20260928,APWC,Asia Pacific Wire & Cable Corporation Ltd,NASDAQ,1.33,1700.0,1.45,1.48,1.54,1.27,2.28,4.7,41.7,20.0,False,False,False,False,False,False,False,False,False,0,False,베이스 없음
20260928,ASLE,AerSale Corp,NASDAQ,5.32,491200.0,5.79,6.3,6.55,5.22,8.58,2.0,38.0,20.0,False,False,False,False,False,False,False,False,False,0,False,1 형성중
20260928,ASTE,Astec Industries  Inc.,NASDAQ,41.11,138400.0,45.44,52.25,51.59,39.72,65.69,3.5,37.4,20.0,False,False,True,False,False,False,False,False,False,1,False,베이스 없음
20260928,BARK,Bark Inc,NYSE,8.19,34400.0,9.57,10.42,11.54,8.01,20.8,2.2,60.6,20.0,False,False,False,False,False,False,False,False,False,0,False,베이스 없음
20260928,BFAM,Bright Horizons Family Solutions Inc.,NYSE,63.73,754800.0,71.74,73.12,78.26,57.63,109.86,10.6,42.0,20.0,False,False,False,False,False,False,False,False,False,0,False,베이스 없음
20260928,BLIN,Bridgeline Digital Inc,NASDAQ,0.82,7100.0,1.02,1.0,0.96,0.69,1.62,18.8,49.4,20.0,False,False,True,False,True,False,False,False,False,2,False,베이스 없음
20260928,BLNK,Blink Charging Co,NASDAQ,0.56,684600.0,0.56,0.64,0.67,0.45,2.65,24.4,78.9,20.0,False,False,False,False,False,False,False,False,True,1,False,Stage2 아님
20260928,BV,BrightView Holdings  Inc.,NYSE,10.26,628600.0,11.77,12.41,12.59,9.82,15.0,4.5,31.6,20.0,False,False,False,False,False,False,False,False,False,0,False,베이스 없음
20260928,CCL,Carnival Corporation Ltd,NYSE,22.14,31165600.0,25.33,26.5,27.53,21.45,34.03,3.2,34.9,20.0,False,False,False,False,False,False,False,False,False,0,False,베이스 없음
20260928,CELH,Celsius Holdings  Inc.,NASDAQ,28.0,6790000.0,29.46,32.82,36.76,23.56,66.74,18.8,58.0,20.0,False,False,False,False,False,False,False,False,False,0,False,베이스 없음
20260928,CIM,Chimera Investment Corporation,NYSE,10.17,1543900.0,11.7,12.77,12.8,10.05,14.18,1.2,28.3,20.0,False,False,False,False,False,False,False,False,False,0,False,베이스 없음
20260928,CLB,Core Laboratories Inc.,NYSE,10.03,618600.0,11.7,13.61,14.74,9.79,20.36,2.5,50.7,20.0,False,False,False,False,False,False,False,False,False,0,False,베이스 없음
20260928,CUVL,Clinuvel Pharmaceuticals Ltd ADR,NASDAQ,5.75,8700.0,6.59,6.81,7.16,5.6,8.92,2.7,35.5,20.0,False,False,False,False,False,False,False,False,False,0,False,베이스 없음
20260928,DBVT,Dbv Technologies SA ADR,NASDAQ,11.64,712900.0,13.5,17.25,18.04,8.86,26.18,31.5,55.5,20.0,False,False,False,False,False,True,False,False,False,1,False,베이스 없음
20260928,EBS,Emergent BioSolutions Inc.,NYSE,6.86,682900.0,6.25,7.69,8.73,4.36,14.06,57.3,51.2,20.0,False,False,False,False,False,True,False,False,True,2,False,베이스 없음
20260928,EIX,Edison International,NYSE,51.47,5498700.0,66.52,70.23,68.2,51.33,81.62,0.3,36.9,20.0,False,False,True,False,False,False,False,False,False,1,False,1 형성중
20260928,ENPH,Enphase Energy  Inc.,NASDAQ,30.91,5261600.0,37.58,42.3,41.19,25.78,73.74,19.9,58.1,20.0,False,False,True,True,False,False,False,False,False,2,False,베이스 없음
20260928,FTAI,FTAI Aviation Ltd.,NASDAQ,167.1,1665900.0,201.76,234.72,235.68,149.5,323.51,11.8,48.3,20.0,False,False,False,True,False,False,False,False,False,1,False,베이스 없음
20260928,GGR,Gogoro Inc,NASDAQ,3.16,20200.0,2.78,3.51,3.43,2.02,7.1,56.4,55.5,20.0,False,False,True,False,False,True,False,False,True,3,False,Stage2 아님
20260928,GPK,Graphic Packaging Holding Company,NYSE,9.25,4851100.0,10.79,10.45,11.48,8.79,19.71,5.2,53.1,20.0,False,False,False,False,False,False,False,False,False,0,False,베이스 없음
20260928,HGV,Hilton Grand Vacations Inc.,NYSE,35.94,1759300.0,43.31,45.78,45.79,34.61,55.4,3.8,35.1,20.0,False,False,False,False,False,False,False,False,False,0,False,베이스 없음
20260928,HOLO,MicroCloud Hologram Inc,NASDAQ,1.62,173400.0,1.66,1.81,2.03,1.43,5.66,13.3,71.4,20.0,False,False,False,False,False,False,False,False,False,0,False,Stage2 아님
20260928,ILAG,Intelligent Living Application Group Inc,NASDAQ,2.78,1400.0,3.19,3.26,3.38,2.04,7.19,36.3,61.3,20.0,False,False,False,False,False,True,False,False,False,1,False,베이스 없음
20260928,INGN,Inogen  Inc.,NASDAQ,5.44,301900.0,5.76,6.25,6.28,5.04,9.13,7.8,40.4,20.0,False,False,False,False,False,False,False,False,False,0,False,베이스 없음
20260928,IOTR,iOThree Ltd,NASDAQ,2.03,2800.0,2.58,2.58,2.68,1.5,7.47,35.3,72.8,20.0,False,False,False,False,False,True,False,False,False,1,False,Stage2 아님
20260928,IQ,iQIYI Inc ADR,NASDAQ,1.03,2925600.0,1.12,1.19,1.38,0.86,2.71,19.8,62.0,20.0,False,False,False,False,False,False,False,False,False,0,False,베이스 없음
20260928,IVVD,Invivyd  Inc.,NASDAQ,0.95,6061500.0,0.78,1.13,1.39,0.53,3.07,79.9,69.1,20.0,False,False,False,False,False,True,False,False,True,2,False,베이스 없음
20260928,KITT,Nauticus Robotics Inc,NASDAQ,1.81,914100.0,0.91,2.33,3.64,0.52,29.2,247.1,93.8,20.0,True,False,False,False,False,True,False,False,True,2,False,Stage2 아님
20260928,LUMN,Lumen Technologies  Inc.,NYSE,5.53,12920600.0,6.38,7.46,7.62,5.5,11.95,0.5,53.7,20.0,False,False,False,False,False,False,False,False,False,0,False,베이스 없음
20260928,MGX,Metagenomi Therapeutics Inc,NASDAQ,1.14,132000.0,1.19,1.31,1.39,1.07,3.95,6.5,71.1,20.0,False,False,False,False,False,False,False,False,False,0,False,Stage2 아님
20260928,MIRA,MIRA Pharmaceuticals Inc,NASDAQ,0.903,65800.0,0.8,0.96,1.07,0.6,2.45,50.5,63.1,20.0,False,False,False,False,False,True,False,False,True,2,False,Stage2 아님
20260928,NC,NACCO Industries Inc,NYSE,37.78,16900.0,42.3,47.89,48.45,36.03,59.42,4.9,36.4,20.0,False,False,False,False,False,False,False,False,False,0,False,베이스 없음
20260928,NEOV,NeoVolta Inc,NASDAQ,2.28,1425400.0,3.06,2.89,3.14,1.36,7.13,67.6,68.0,20.0,False,False,False,False,False,True,False,False,False,1,False,베이스 없음
20260928,NMRK,Newmark Group Inc,NASDAQ,12.49,1720600.0,14.92,15.03,15.51,12.42,19.84,0.5,37.0,20.0,False,False,False,False,False,False,False,False,False,0,False,1 형성중
20260928,NWTG,Newton Golf Company Inc,NASDAQ,1.005,296100.0,1.18,1.21,1.3,0.7,1.97,43.8,49.0,20.0,False,False,False,False,False,True,False,False,False,1,False,Stage2 아님
20260928,OKUR,Onkure Therapeutics Inc,NASDAQ,2.76,442200.0,3.69,3.96,3.68,2.23,5.38,23.8,48.7,20.0,False,False,True,True,False,False,False,False,False,2,False,베이스 없음
20260928,ONON,On Holding AG,NYSE,30.0,7277300.0,31.82,35.71,38.48,26.36,51.08,13.8,41.3,20.0,False,False,False,False,False,False,False,False,False,0,False,베이스 없음
20260928,ORCL,Oracle Corporation,NYSE,132.6,35014000.0,142.37,159.35,164.09,114.5,322.54,15.8,58.9,20.0,False,False,False,False,False,False,False,False,False,0,False,베이스 없음
20260928,OWLT,Owlet Inc,NYSE,5.11,62400.0,5.25,5.73,7.67,4.19,16.94,22.0,69.8,20.0,False,False,False,False,False,False,False,False,False,0,False,베이스 없음
20260928,PL,Planet Labs PBC,NYSE,16.77,8381600.0,20.28,28.94,27.34,10.52,51.76,59.4,67.6,20.0,False,False,True,True,False,True,False,False,False,3,False,베이스 없음
20260928,QBTS,D-Wave Quantum Inc.,NASDAQ,16.78,13764700.0,18.21,19.74,21.0,12.75,46.75,31.6,64.1,20.0,False,False,False,False,False,True,False,False,False,1,False,베이스 없음
20260928,REAL,The RealReal  Inc.,NASDAQ,8.81,2223100.0,10.81,10.68,11.7,8.05,17.39,9.4,49.3,20.0,False,False,False,False,False,False,False,False,False,0,False,베이스 없음
20260928,REZI,Resideo Technologies  Inc.,NYSE,18.22,1238000.0,21.49,23.18,23.63,17.96,31.52,1.4,42.2,20.0,False,False,False,False,False,False,False,False,False,0,False,베이스 없음
20260928,ROAD,Construction Partners  Inc.,NASDAQ,91.47,691000.0,105.07,113.3,114.0,88.74,151.0,3.1,39.4,20.0,False,False,False,False,False,False,False,False,False,0,False,1 형성중
20260928,SINT,SINTX Technologies Inc,NASDAQ,1.99,107500.0,1.65,2.12,2.46,1.4,4.85,42.1,59.0,20.0,False,False,False,False,False,True,False,False,True,2,False,Stage2 아님
20260928,SMG,Scotts Miracle-Gro Co,NYSE,48.44,1733300.0,60.98,62.57,62.45,48.34,75.34,0.2,35.7,20.0,False,False,True,True,False,False,False,False,False,2,False,베이스 없음
20260928,TBBK,Bancorp Inc,NASDAQ,49.16,394500.0,62.85,59.13,60.86,48.48,81.65,1.4,39.8,20.0,False,False,False,False,True,False,False,False,False,1,False,베이스 없음
20260928,TMS,Teamshares Inc.,NASDAQ,7.73,30484.0,7.01,9.05,9.37,5.04,13.2,53.4,41.4,20.0,False,False,False,False,False,True,False,False,True,2,False,베이스 없음
20260928,ULS,UL Solutions Inc,NYSE,64.8,1071400.0,76.47,86.16,83.68,63.17,107.54,2.6,39.7,20.0,False,False,True,False,False,False,False,False,False,1,False,베이스 없음
20260928,VERX,Vertex  Inc.,NASDAQ,11.06,1185900.0,12.65,12.73,14.09,10.21,26.54,8.3,58.3,20.0,False,False,False,False,False,False,False,False,False,0,False,베이스 없음
20260928,VRM,Vroom  Inc.,NASDAQ,9.75,1400.0,9.14,11.11,13.38,6.8,28.58,43.4,65.9,20.0,False,False,False,False,False,True,False,False,True,2,False,Stage2 아님
20260928,WRD,WeRide Inc ADR,NASDAQ,5.53,2858500.0,5.86,6.6,7.08,5.18,12.4,6.8,55.4,20.0,False,False,False,False,False,False,False,False,False,0,False,Stage2 아님
20260928,WTF,Waton Financial Ltd,NASDAQ,2.46,900.0,2.79,3.25,3.29,2.24,7.2,9.8,65.8,20.0,False,False,False,False,False,False,False,False,False,0,False,Stage2 아님
20260928,WW,WW International Inc,NASDAQ,15.03,485800.0,15.4,15.34,17.84,8.36,38.38,79.7,60.8,20.0,False,False,False,False,False,True,False,False,False,1,False,Stage2 아님
20260928,ALMU,Aeluma Inc,NASDAQ,12.76,265200.0,14.79,17.78,17.67,10.24,31.79,24.6,59.9,19.0,False,False,True,False,False,False,False,False,False,1,False,베이스 없음
20260928,AMSC,American Superconductor Corp,NASDAQ,29.29,525300.0,30.45,37.17,35.72,24.87,70.49,17.8,58.4,19.0,False,False,True,False,False,False,False,False,False,1,False,베이스 없음
20260928,ANNA,AleAnna Inc,NASDAQ,2.6,135800.0,2.95,3.63,3.4,2.31,10.64,12.6,75.6,19.0,False,False,True,False,False,False,False,False,False,1,False,Stage2 아님
20260928,AREC,American Resources Corp,NASDAQ,1.83,1174300.0,2.24,2.33,2.52,1.48,7.11,24.1,74.3,19.0,False,False,False,False,False,False,False,False,False,0,False,베이스 없음
20260928,ASR,Grupo Aeroportuario del Sureste SAB de CV ADR,NYSE,243.96,69600.0,261.41,297.49,307.78,235.79,381.52,3.5,36.1,19.0,False,False,False,False,False,False,False,False,False,0,False,베이스 없음
20260928,BBUC,Brookfield Business Holdings Corp,NYSE,25.33,278600.0,28.38,31.24,32.4,24.84,38.25,2.0,33.8,19.0,False,False,False,False,False,False,False,False,False,0,False,베이스 없음
20260928,BBWI,Bath & Body Works  Inc.,NYSE,16.19,8832800.0,18.91,19.42,19.97,14.28,27.4,13.4,40.9,19.0,False,False,False,False,False,False,False,False,False,0,False,베이스 없음
20260928,CFND,C1 Fund Inc,NYSE,2.99,52300.0,2.99,3.39,3.72,2.04,8.64,46.6,65.4,19.0,False,False,False,False,False,True,False,False,False,1,False,Stage2 아님
20260928,CHWY,Chewy Inc,NYSE,18.61,10768400.0,22.14,22.9,24.86,17.4,40.55,7.0,54.1,19.0,False,False,False,False,False,False,False,False,False,0,False,베이스 없음
20260928,CRBP,Corbus Pharmaceuticals Holdings  Inc.,NASDAQ,6.92,932000.0,9.3,9.26,9.03,6.32,20.56,9.4,66.3,19.0,False,False,True,False,True,False,False,False,False,2,False,베이스 없음
20260928,CREX,Creative Realities Inc,NASDAQ,2.46,10800.0,2.92,3.45,3.35,2.22,4.42,10.8,44.3,19.0,False,False,True,False,False,False,False,False,False,1,False,베이스 없음
20260928,CSBR,Champions Oncology Inc,NASDAQ,4.93,4400.0,5.25,5.74,5.99,4.59,8.31,7.4,40.7,19.0,False,False,False,False,False,False,False,False,False,0,False,베이스 없음
20260928,CTXR,Citius Pharmaceuticals Inc,NASDAQ,0.549,279500.0,0.6,0.66,0.72,0.47,2.19,17.1,74.9,19.0,False,False,False,False,False,False,False,False,False,0,False,1 형성중
20260928,DECK,Deckers Outdoor Corporation,NYSE,78.36,3292800.0,90.0,100.3,101.81,77.36,122.29,1.3,35.9,19.0,False,False,False,False,False,False,False,False,False,0,False,베이스 없음
20260928,DOUG,Douglas Elliman Inc,NYSE,1.53,428500.0,1.78,1.83,2.02,1.48,3.19,3.4,52.0,19.0,False,False,False,False,False,False,False,False,False,0,False,베이스 없음
20260928,FABC,Fabric.AI  Inc,NASDAQ,2.36,109100.0,2.57,2.99,2.97,1.64,7.85,43.9,69.9,19.0,False,False,True,False,False,True,False,False,False,2,False,베이스 없음
20260928,FG,F&G Annuities & Life Inc,NYSE,21.61,528000.0,25.76,26.23,27.11,20.57,35.33,5.1,38.8,19.0,False,False,False,False,False,False,False,False,False,0,False,베이스 없음
20260928,FSLR,First Solar  Inc.,NASDAQ,172.97,2243100.0,210.21,219.34,226.21,170.8,320.95,1.3,46.1,19.0,False,False,False,False,False,False,False,False,False,0,False,베이스 없음
20260928,FWRG,First Watch Restaurant Group  Inc.,NASDAQ,10.15,862000.0,11.97,11.94,13.01,9.88,18.82,2.7,46.1,19.0,False,False,False,False,False,False,False,False,False,0,False,베이스 없음
20260928,GDTC,CytoMed Therapeutics Ltd,NASDAQ,0.925,6500.0,0.9,0.99,1.05,0.68,3.68,36.0,74.9,19.0,False,False,False,False,False,True,False,False,True,2,False,Stage2 아님
20260928,GENK,GEN Restaurant Group Inc,NASDAQ,1.71,16300.0,1.87,1.89,1.97,1.43,3.22,19.6,46.9,19.0,False,False,False,False,False,False,False,False,False,0,False,Stage2 아님
20260928,GIL,Gildan Activewear Inc.,NYSE,42.62,3049300.0,52.06,55.98,58.34,39.93,73.7,6.7,42.2,19.0,False,False,False,False,False,False,False,False,False,0,False,베이스 없음
20260928,GNLX,Genelux Corporation,NASDAQ,2.47,103700.0,2.68,2.76,2.89,2.29,8.54,7.9,71.1,19.0,False,False,False,False,False,False,False,False,False,0,False,Stage2 아님
20260928,HTLM,HomesToLife Ltd,NASDAQ,1.75,2100.0,1.85,1.88,2.05,1.56,4.19,12.2,58.2,19.0,False,False,False,False,False,False,False,False,False,0,False,Stage2 아님
20260928,HUBG,Hub Group  Inc.,NASDAQ,30.22,763800.0,40.46,41.09,42.05,29.72,53.26,1.7,43.3,19.0,False,False,False,False,False,False,False,False,False,0,False,베이스 없음
20260928,HXHX,Haoxin Holdings Ltd,NASDAQ,0.423,17300.0,0.48,0.5,0.51,0.32,1.84,30.2,77.0,19.0,False,False,False,False,False,True,False,False,False,1,False,Stage2 아님
20260928,IMA,ImageneBio Inc,NASDAQ,4.64,2200.0,5.37,5.62,5.9,3.94,9.1,17.8,49.0,19.0,False,False,False,False,False,False,False,False,False,0,False,1 형성중
20260928,INVE,Identiv Inc,NASDAQ,2.39,116700.0,2.67,3.36,3.37,2.32,5.3,3.2,54.9,19.0,False,False,False,False,False,False,False,False,False,0,False,베이스 없음
20260928,JZXN,Jiuzi Holdings Inc,NASDAQ,1.14,80500.0,1.28,1.2,1.41,0.75,48.76,52.0,97.7,19.0,False,False,False,False,False,True,False,False,False,1,False,베이스 없음
20260928,KMPR,Kemper Corporation,NYSE,25.33,608100.0,27.63,28.89,31.22,22.69,52.25,11.6,51.5,19.0,False,False,False,False,False,False,False,False,False,0,False,베이스 없음
20260928,KVYO,Klaviyo  Inc.,NYSE,15.4,8984600.0,17.62,17.38,19.52,12.53,34.75,22.9,55.7,19.0,False,False,False,False,False,False,False,False,False,0,False,베이스 없음
20260928,LAB,Standard BioTools Inc.,NASDAQ,0.73,479000.0,0.75,0.89,1.02,0.63,1.72,15.9,57.6,19.0,False,False,False,False,False,False,False,False,False,0,False,베이스 없음
20260928,LI,Li Auto Inc. ADR,NASDAQ,11.71,3223500.0,12.36,14.97,15.53,11.43,27.1,2.4,56.8,19.0,False,False,False,False,False,False,False,False,False,0,False,베이스 없음
20260928,LRMR,Larimar Therapeutics  Inc.,NASDAQ,3.17,1672800.0,3.94,4.09,3.94,2.72,6.42,16.8,50.6,19.0,False,False,True,True,False,False,False,False,False,2,False,베이스 없음
20260928,LZ,LegalZoom.com  Inc.,NASDAQ,5.45,2658900.0,6.41,6.34,7.02,5.22,12.4,4.4,56.0,19.0,False,False,False,False,False,False,False,False,False,0,False,베이스 없음
20260928,MFI,mF International Limited,NASDAQ,9.72,7200.0,8.78,9.81,11.53,5.56,43.58,75.0,77.7,19.0,False,False,False,False,False,True,False,False,True,2,False,베이스 없음
20260928,MITT,TPG Mortgage Investment Trust Inc,NYSE,6.05,673300.0,6.77,7.45,7.75,5.92,9.27,2.2,34.7,19.0,False,False,False,False,False,False,False,False,False,0,False,베이스 없음
20260928,MNRO,Monro  Inc.,NASDAQ,13.4,1094600.0,13.32,15.64,16.92,11.06,23.91,21.2,44.0,19.0,False,False,False,False,False,False,False,False,True,1,False,베이스 없음
20260928,MRNO,Murano Global Investments Plc,NASDAQ,0.3,150200.0,0.23,0.35,0.53,0.18,2.91,68.5,89.7,19.0,True,False,False,False,False,True,False,False,True,2,False,베이스 없음
20260928,MTRX,Matrix Service Co,NASDAQ,9.63,534300.0,11.11,11.92,12.06,9.51,15.97,1.3,39.7,19.0,False,False,False,False,False,False,False,False,False,0,False,베이스 없음
20260928,NMAD,NOMAD Power Solutions  Inc,NASDAQ,3.6,107000.0,4.06,4.48,4.25,2.36,8.38,52.5,57.0,19.0,False,False,True,False,False,True,False,False,False,2,False,베이스 없음
20260928,NSLR,Neostellar Capital Corp,NASDAQ,7.84,228600.0,9.74,11.28,10.82,7.6,14.98,3.2,47.7,19.0,False,False,True,False,False,False,False,False,False,1,False,베이스 없음
20260928,ONMD,Onemednet Corp,NASDAQ,0.633,566700.0,0.65,0.75,0.82,0.49,4.22,29.2,85.0,19.0,False,False,False,False,False,True,False,False,False,1,False,Stage2 아님
20260928,PRME,Prime Medicine  Inc.,NASDAQ,2.875,3681400.0,3.22,3.41,3.51,2.67,6.94,7.7,58.6,19.0,False,False,False,False,False,False,False,False,False,0,False,베이스 없음
20260928,QNTM,Quantum Biopharma Ltd,NASDAQ,3.96,139800.0,3.31,3.91,4.57,2.07,19.3,91.3,79.5,19.0,False,False,False,False,False,True,False,False,True,2,False,베이스 없음
20260928,RDCM,Radcom Ltd,NASDAQ,10.12,64500.0,10.74,12.46,12.53,9.4,16.74,7.7,39.5,19.0,False,False,False,False,False,False,False,False,False,0,False,베이스 없음
20260928,ROOT,Root Inc,NASDAQ,46.73,205500.0,54.27,53.32,57.48,40.91,94.04,14.2,50.3,19.0,False,False,False,False,False,False,False,False,False,0,False,베이스 없음
20260928,SCM,Stellus Capital Investment Corp,NYSE,7.51,67000.0,8.1,8.82,9.74,6.83,13.66,10.0,45.0,19.0,False,False,False,False,False,False,False,False,False,0,False,베이스 없음
20260928,SHOE,Shoe Station Group Inc,NASDAQ,13.21,979900.0,14.39,16.28,16.97,10.2,22.38,29.5,41.0,19.0,False,False,False,False,False,True,False,False,False,1,False,베이스 없음
20260928,TCOM,Trip.com Group Limited ADR,NASDAQ,39.9,2581600.0,43.48,47.39,52.06,38.04,78.99,4.9,49.5,19.0,False,False,False,False,False,False,False,False,False,0,False,베이스 없음
20260928,TMC,TMC the metals company Inc.,NASDAQ,3.86,3218700.0,4.12,4.85,5.4,3.4,11.35,13.5,66.0,19.0,False,False,False,False,False,False,False,False,False,0,False,베이스 없음
20260928,TSQ,Townsquare Media Inc,NYSE,4.61,158200.0,5.71,6.24,6.15,4.3,7.97,7.2,42.2,19.0,False,False,True,True,False,False,False,False,False,2,False,1 형성중
20260928,TTAN,ServiceTitan  Inc.,NASDAQ,59.92,2090000.0,78.38,71.13,75.95,53.01,111.36,13.0,46.2,19.0,False,False,False,False,True,False,False,False,False,1,False,Stage2 아님
20260928,VWAV,VisionWave Holdings Inc,NASDAQ,4.57,7530100.0,1.8,4.53,5.88,0.26,15.8,1657.7,71.1,19.0,False,False,False,False,False,True,False,False,True,2,False,Stage2 아님
20260928,XFOR,X4 Pharmaceuticals Inc,NASDAQ,3.015,838300.0,3.87,3.97,3.92,2.8,4.83,7.7,37.6,19.0,False,False,True,False,False,False,False,False,False,1,False,베이스 없음
20260928,ZVIA,Zevia PBC,NYSE,1.27,382600.0,1.43,1.4,1.56,1.11,2.81,14.4,54.8,19.0,False,False,False,False,False,False,False,False,False,0,False,1 형성중
20260928,ACI,Albertsons Companies  Inc.,NYSE,11.64,7658100.0,12.26,14.86,15.49,10.86,20.0,7.2,41.8,18.0,False,False,False,False,False,False,False,False,False,0,False,베이스 없음
20260928,ALNY,Alnylam Pharmaceuticals  Inc.,NASDAQ,255.36,1113500.0,244.66,286.17,307.04,197.81,495.55,29.1,48.5,18.0,False,False,False,False,False,True,False,False,True,2,False,베이스 없음
20260928,BEEM,Beam Global,NASDAQ,1.14,206000.0,1.24,1.4,1.47,0.96,4.04,18.1,71.8,18.0,False,False,False,False,False,False,False,False,False,0,False,Stage2 아님
20260928,BEPC,Brhc Holdings Ltd,NYSE,27.97,2021800.0,32.32,36.72,37.55,27.63,45.18,1.2,38.1,18.0,False,False,False,False,False,False,False,False,False,0,False,1 형성중
20260928,BRSL,Brightstar Lottery PLC,NYSE,9.87,2264400.0,10.87,11.69,12.47,9.63,18.57,2.5,46.8,18.0,False,False,False,False,False,False,False,False,False,0,False,베이스 없음
20260928,CABA,Cabaletta Bio  Inc.,NASDAQ,2.0,5436200.0,2.82,3.07,2.92,1.98,4.23,1.0,52.7,18.0,False,False,True,True,False,False,False,False,False,2,False,베이스 없음
20260928,CCAP,Crescent Capital BDC Inc,NASDAQ,9.5,187800.0,10.63,11.72,12.4,9.38,15.48,1.3,38.7,18.0,False,False,False,False,False,False,False,False,False,0,False,베이스 없음
20260928,CCLD,CareCloud Inc,NASDAQ,2.05,183100.0,2.32,2.56,2.63,2.03,3.85,1.0,46.8,18.0,False,False,False,False,False,False,False,False,False,0,False,베이스 없음
20260928,CRH,CRH PLC,NYSE,83.75,7738300.0,94.29,104.09,109.36,82.17,131.55,1.9,36.3,18.0,False,False,False,False,False,False,False,False,False,0,False,베이스 없음
20260928,CSV,Carriage Services Inc,NYSE,31.38,201000.0,35.05,40.49,41.17,30.11,52.1,4.2,39.8,18.0,False,False,False,False,False,False,False,False,False,0,False,베이스 없음
20260928,CTEV,Claritev Corp,NYSE,22.47,137300.0,31.79,25.93,27.3,11.5,73.68,95.4,69.5,18.0,False,False,False,False,True,True,False,False,False,2,False,베이스 없음
20260928,DKNG,DraftKings Inc.,NASDAQ,21.16,16018500.0,23.88,24.35,26.09,20.35,43.66,4.0,51.5,18.0,False,False,False,False,False,False,False,False,False,0,False,베이스 없음
20260928,ELVA,Electrovaya Inc,NASDAQ,6.13,471600.0,7.5,8.68,8.66,4.1,12.78,49.5,52.0,18.0,False,False,True,True,False,True,False,False,False,3,False,1 형성중
20260928,EVCM,EverCommerce Inc,NASDAQ,7.97,130100.0,9.58,10.37,10.68,6.22,14.41,28.1,44.7,18.0,False,False,False,False,False,True,False,False,False,1,False,베이스 없음
20260928,EVLV,Evolv Technologies Holdings  Inc.,NASDAQ,4.65,2640100.0,5.35,5.79,5.95,4.61,8.81,1.0,47.2,18.0,False,False,False,False,False,False,False,False,False,0,False,베이스 없음
20260928,FHTX,Foghorn Therapeutics Inc.,NASDAQ,3.52,337200.0,5.26,4.94,5.07,3.27,7.61,7.6,53.7,18.0,False,False,False,True,True,False,False,False,False,2,False,베이스 없음
20260928,FISV,Fiserv Inc,NASDAQ,46.02,9295400.0,51.37,54.56,57.28,44.82,130.85,2.7,64.8,18.0,False,False,False,False,False,False,False,False,False,0,False,베이스 없음
20260928,FND,Floor & Decor Holdings  Inc.,NYSE,46.36,2833600.0,53.1,53.36,56.89,42.64,78.41,8.7,40.9,18.0,False,False,False,False,False,False,False,False,False,0,False,베이스 없음
20260928,GEVO,Gevo  Inc.,NASDAQ,1.34,2876400.0,1.58,1.76,1.83,1.33,2.97,0.8,54.9,18.0,False,False,False,False,False,False,False,False,False,0,False,베이스 없음
20260928,GNSS,Genasys Inc,NASDAQ,1.45,116300.0,1.62,1.78,1.86,1.4,2.64,3.6,45.1,18.0,False,False,False,False,False,False,False,False,False,0,False,베이스 없음
20260928,GTM,ZoomInfo Technologies Inc.,NASDAQ,3.59,3458300.0,3.76,4.43,5.55,2.54,12.31,41.3,70.8,18.0,False,False,False,False,False,True,False,False,False,1,False,Stage2 아님
20260928,HIND,Vyome Holdings Inc,NASDAQ,2.03,5100.0,2.13,2.24,2.48,1.75,6.56,16.0,69.1,18.0,False,False,False,False,False,False,False,False,False,0,False,Stage2 아님
20260928,HUHU,Huhutech International Group Inc,NASDAQ,5.74,76200.0,4.98,7.42,7.69,3.71,12.2,54.7,53.0,18.0,False,False,False,False,False,True,False,False,True,2,False,베이스 없음
20260928,INTZ,Intrusion Inc,NASDAQ,0.67,80700.0,0.76,0.83,0.92,0.59,2.27,13.6,70.5,18.0,False,False,False,False,False,False,False,False,False,0,False,Stage2 아님
20260928,IONR,ioneer Ltd ADR,NASDAQ,3.13,106000.0,3.22,3.7,4.02,2.79,8.2,12.2,61.8,18.0,False,False,False,False,False,False,False,False,False,0,False,1 형성중
20260928,KRRO,Korro Bio  Inc.,NASDAQ,9.51,132400.0,12.08,12.23,11.63,5.2,55.89,82.7,83.0,18.0,False,False,True,False,False,True,False,False,False,2,False,베이스 없음
20260928,LEGN,Legend Biotech Corporation ADR,NASDAQ,18.62,1714900.0,20.24,23.18,22.5,16.24,37.5,14.7,50.3,18.0,False,False,True,False,False,False,False,False,False,1,False,베이스 없음
20260928,LUCD,Lucid Diagnostics Inc,NASDAQ,0.806,781600.0,0.92,1.07,1.1,0.75,1.63,7.5,50.5,18.0,False,False,False,False,False,False,False,False,False,0,False,베이스 없음
20260928,LXEH,Lixiang Education Holding Co Ltd ADR,NASDAQ,1.58,42900.0,1.62,1.63,1.81,0.83,32.8,89.9,95.2,18.0,False,False,False,False,False,True,False,False,False,1,False,1 형성중
20260928,MAMO,Massimo Group,NASDAQ,0.999,73700.0,1.0,1.0,1.54,0.66,5.59,51.4,82.1,18.0,False,False,False,False,False,True,False,False,False,1,False,베이스 없음
20260928,MATW,Matthews International Corp,NASDAQ,19.52,803300.0,23.1,25.36,25.7,18.69,30.93,4.4,36.9,18.0,False,False,False,False,False,False,False,False,False,0,False,베이스 없음
20260928,MGRX,Mangoceuticals Inc,NASDAQ,0.385,1001800.0,0.46,0.41,0.48,0.16,2.75,137.7,86.0,18.0,False,False,False,False,False,True,False,False,False,1,False,Stage2 아님
20260928,MLCI,Mount Logan Capital Inc,NASDAQ,3.56,15100.0,3.18,3.67,4.69,2.56,8.68,39.1,59.0,18.0,True,False,False,False,False,True,False,False,True,2,False,베이스 없음
20260928,MPAA,Motorcar Parts of America Inc,NASDAQ,10.53,182300.0,12.18,12.0,12.11,9.29,18.12,13.3,41.9,18.0,False,False,False,False,True,False,False,False,False,1,False,베이스 없음
20260928,MPT,Medical Properties Trust Inc,NYSE,3.5,8761100.0,4.15,4.69,4.83,3.36,6.47,4.2,45.9,18.0,False,False,False,False,False,False,False,False,False,0,False,베이스 없음
20260928,MREO,Mereo BioPharma Group PLC ADR,NASDAQ,0.37,1744300.0,0.3,0.31,0.45,0.2,2.37,85.0,84.4,18.0,True,False,False,False,False,True,False,False,True,2,False,베이스 없음
20260928,NAMS,NewAmsterdam Pharma Company N.V.,NASDAQ,23.58,2056700.0,26.33,30.56,31.45,21.02,42.2,12.2,44.1,18.0,False,False,False,False,False,False,False,False,False,0,False,베이스 없음
20260928,NEUP,Neuphoria Therapeutics Inc,NASDAQ,3.65,2900.0,3.77,4.3,4.23,3.19,21.4,14.4,82.9,18.0,False,False,True,False,False,False,False,False,False,1,False,베이스 없음
20260928,OCUL,Ocular Therapeutix  Inc.,NASDAQ,7.655,15420400.0,9.83,9.38,9.8,6.23,16.44,22.9,53.4,18.0,False,False,False,False,True,False,False,False,False,1,False,1 형성중
20260928,ONIT,Onity Group Inc,NYSE,29.48,68600.0,36.14,38.34,40.25,29.41,54.1,0.2,45.5,18.0,False,False,False,False,False,False,False,False,False,0,False,베이스 없음
20260928,PASG,Passage Bio Inc,NASDAQ,4.675,18600.0,4.67,5.91,7.34,3.29,20.0,42.1,76.6,18.0,False,False,False,False,False,True,False,False,True,2,False,베이스 없음
20260928,PNNT,PennantPark Investment Corporation,NYSE,3.29,408461.0,3.55,4.01,4.46,3.19,6.8,3.1,51.6,18.0,False,False,False,False,False,False,False,False,False,0,False,베이스 없음
20260928,QTRX,Quanterix Corporation,NASDAQ,3.52,1044600.0,3.12,3.56,4.35,2.15,8.77,63.7,59.9,18.0,False,False,False,False,False,True,False,False,True,2,False,베이스 없음
20260928,RAVE,Rave Restaurant Group Inc,NASDAQ,2.35,201500.0,3.02,2.91,2.97,2.1,3.6,11.9,34.7,18.0,False,False,False,False,True,False,False,False,False,1,False,베이스 없음
20260928,RBA,RB Global  Inc (Ontario),NYSE,80.77,1064400.0,92.19,100.26,102.45,79.75,119.33,1.3,32.3,18.0,False,False,False,False,False,False,False,False,False,0,False,베이스 없음
20260928,RCKT,Rocket Pharmaceuticals  Inc.,NASDAQ,2.61,2074000.0,3.41,3.61,3.58,2.51,5.45,4.0,52.1,18.0,False,False,True,True,False,False,False,False,False,2,False,베이스 없음
20260928,RFIL,RF Industries Ltd,NASDAQ,7.92,131800.0,11.08,13.59,12.27,5.54,22.3,43.0,64.5,18.0,False,False,True,True,False,True,False,False,False,3,False,베이스 없음
20260928,RPT,Rithm Property Trust Inc,NYSE,10.78,4500.0,12.26,13.58,14.19,9.8,17.94,10.0,39.9,18.0,False,False,False,False,False,False,False,False,False,0,False,Stage2 아님
20260928,SEDG,SolarEdge Technologies  Inc.,NASDAQ,31.53,1293700.0,36.32,45.32,42.16,28.21,81.25,11.8,61.2,18.0,False,False,True,False,False,False,False,False,False,1,False,1 형성중
20260928,SFM,Sprouts Farmers Market Inc,NASDAQ,63.45,3057900.0,77.97,79.33,78.19,61.88,116.47,2.5,45.5,18.0,False,False,True,False,False,False,False,False,False,1,False,베이스 없음
20260928,SMID,Smith-Midland Corp,NASDAQ,24.11,6500.0,26.84,30.02,31.31,23.65,42.15,1.9,42.8,18.0,False,False,False,False,False,False,False,False,False,0,False,베이스 없음
20260928,SPMC,Sound Point Meridian Capital Inc,NYSE,8.32,20400.0,9.68,10.03,10.89,7.82,18.2,6.4,54.3,18.0,False,False,False,False,False,False,False,False,False,0,False,Stage2 아님
20260928,SWAG,Stran & Company Inc,NASDAQ,1.4,104500.0,1.82,1.85,1.85,1.33,3.5,5.3,60.0,18.0,False,False,False,False,False,False,False,False,False,0,False,1 형성중
20260928,TIL,Instil Bio  Inc.,NASDAQ,7.04,11600.0,7.37,7.89,8.13,5.67,21.98,24.2,68.0,18.0,False,False,False,False,False,False,False,False,False,0,False,베이스 없음
20260928,TME,Tencent Music Entertainment Group ADR,NYSE,8.37,5830500.0,8.7,9.57,11.42,7.7,24.24,8.7,65.5,18.0,False,False,False,False,False,False,False,False,False,0,False,베이스 없음
20260928,WB,Weibo Corp ADR,NASDAQ,6.47,640800.0,7.28,8.05,8.64,6.47,12.96,0.0,50.1,18.0,False,False,False,False,False,False,False,False,False,0,False,베이스 없음
20260928,WU,The Western Union Company,NYSE,6.12,8196400.0,7.2,8.13,8.48,5.94,10.35,3.0,40.9,18.0,False,False,False,False,False,False,False,False,False,0,False,베이스 없음
20260928,XENE,Xenon Pharmaceuticals Inc.,NASDAQ,36.72,2515700.0,58.86,56.67,53.13,35.97,72.66,2.1,49.5,18.0,False,False,True,True,True,False,False,False,False,3,False,베이스 없음
20260928,AAP,Advance Auto Parts Inc,NYSE,39.77,2590400.0,49.18,53.28,51.68,37.89,65.2,5.0,39.0,17.0,False,False,True,False,False,False,False,False,False,1,False,1 형성중
20260928,ACET,ADICET Bio  Inc.,NASDAQ,6.35,2137100.0,8.79,8.11,8.05,6.01,17.44,5.7,63.6,17.0,False,False,True,False,True,False,False,False,False,2,False,Stage2 아님
20260928,AEC,Anfield Energy Inc,NASDAQ,3.57,20400.0,4.19,4.81,5.24,3.26,12.49,9.5,71.4,17.0,False,False,False,False,False,False,False,False,False,0,False,베이스 없음
20260928,AENT,Alliance Entertainment Holding Corp,NASDAQ,4.79,56900.0,5.47,6.11,6.39,4.36,8.8,9.9,45.6,17.0,False,False,False,False,False,False,False,False,False,0,False,베이스 없음
20260928,APYX,Apyx Medical Inc,NASDAQ,2.5,362300.0,3.35,3.72,3.74,1.89,5.08,32.3,50.8,17.0,False,False,False,False,False,True,False,False,False,1,False,1 형성중
20260928,ARBE,Arbe Robotics Ltd,NASDAQ,0.6,1309400.0,0.71,0.79,0.9,0.55,2.88,8.7,79.2,17.0,False,False,False,False,False,False,False,False,False,0,False,Stage2 아님
20260928,ARKO,Arko Corp.,NASDAQ,4.26,670000.0,5.54,6.35,6.08,3.71,8.76,14.8,51.3,17.0,False,False,True,False,False,False,False,False,False,1,False,베이스 없음
20260928,ASTI,Ascent Solar Technologies Inc,NASDAQ,2.72,285400.0,3.05,4.51,4.65,1.4,9.87,94.3,72.4,17.0,False,False,False,True,False,True,False,False,False,2,False,베이스 없음
20260928,ATER,Aterian Inc,NASDAQ,0.649,106300.0,0.58,0.82,0.79,0.35,1.87,83.3,65.3,17.0,False,False,True,False,False,True,False,False,True,3,False,Stage2 아님
20260928,BCYC,Bicycle Therapeutics PLC ADR,NASDAQ,3.71,442500.0,4.0,4.45,4.97,3.57,9.16,3.9,59.5,17.0,False,False,False,False,False,False,False,False,False,0,False,베이스 없음
20260928,BIDU,Baidu  Inc. ADR,NASDAQ,86.97,2183000.0,98.73,113.94,120.59,86.29,165.3,0.8,47.4,17.0,False,False,False,False,False,False,False,False,False,0,False,베이스 없음
20260928,BILI,Bilibili Inc ADR,NASDAQ,15.14,4312800.0,16.82,19.9,22.23,14.4,36.4,5.2,58.4,17.0,False,False,False,False,False,False,False,False,False,0,False,베이스 없음
20260928,BOLT,Bolt Biotherapeutics  Inc.,NASDAQ,3.46,19900.0,3.78,4.29,4.65,3.1,7.2,11.6,51.9,17.0,False,False,False,False,False,False,False,False,False,0,False,Stage2 아님
20260928,BOOT,Boot Barn Holdings  Inc.,NYSE,126.16,850400.0,149.52,159.14,167.06,120.64,210.25,4.6,40.0,17.0,False,False,False,False,False,False,False,False,False,0,False,베이스 없음
20260928,CALX,Calix  Inc.,NYSE,33.19,1167300.0,37.07,41.82,44.77,32.35,71.22,2.6,53.4,17.0,False,False,False,False,False,False,False,False,False,0,False,베이스 없음
20260928,CATO,Cato Corp,NYSE,2.42,77400.0,2.94,3.01,3.06,2.3,4.67,5.2,48.2,17.0,False,False,False,False,False,False,False,False,False,0,False,Stage2 아님
20260928,CENN,Cenntro Inc (The Corporation),NASDAQ,4.355,20000.0,3.87,4.57,5.63,3.07,39.6,41.9,89.0,17.0,True,False,False,False,False,True,False,False,True,2,False,Stage2 아님
20260928,CHGG,Chegg Inc,NYSE,0.72,486900.0,0.84,0.91,0.89,0.45,1.67,60.0,56.9,17.0,False,False,True,False,False,True,False,False,False,2,False,Stage2 아님
20260928,CLNE,Clean Energy Fuels Corp.,NASDAQ,1.59,1085800.0,1.76,2.04,2.11,1.54,3.11,3.2,48.9,17.0,False,False,False,False,False,False,False,False,False,0,False,베이스 없음
20260928,CNVS,Cineverse Corp,NASDAQ,2.04,131400.0,2.42,2.56,2.47,1.77,3.55,15.3,42.5,17.0,False,False,True,False,False,False,False,False,False,1,False,베이스 없음
20260928,CPRI,Capri Holdings Ltd,NYSE,14.79,3215800.0,14.75,17.53,19.11,12.4,28.27,19.3,47.7,17.0,False,False,False,False,False,False,False,False,True,1,False,베이스 없음
20260928,CRDF,Cardiff Oncology  Inc.,NASDAQ,1.2,377400.0,1.03,1.42,1.66,0.76,3.31,57.9,63.7,17.0,False,False,False,False,False,True,False,False,True,2,False,베이스 없음
20260928,CTRI,Centuri Holdings Inc,NYSE,19.92,1356100.0,22.65,28.26,28.11,19.03,42.98,4.7,53.7,17.0,False,False,True,False,False,False,False,False,False,1,False,베이스 없음
20260928,ENOV,Enovis Corporation,NYSE,18.16,1188500.0,23.76,23.72,23.99,17.31,34.28,4.9,47.0,17.0,False,False,False,False,False,False,False,False,False,0,False,베이스 없음
20260928,FBRT,Franklin BSP Realty Trust Inc,NYSE,6.71,2148700.0,7.9,8.43,8.85,6.68,11.34,0.5,40.9,17.0,False,False,False,False,False,False,False,False,False,0,False,1 형성중
20260928,FXHO,UTime Ltd,NASDAQ,9.53,57700.0,11.43,16.23,21.39,5.02,6350.0,89.8,99.8,17.0,False,False,False,False,False,True,False,False,False,1,False,Stage2 아님
20260928,GHG,GreenTree Hospitality Group Ltd ADR,NYSE,1.01,10200.0,1.09,1.18,1.29,1.0,2.31,1.0,56.2,17.0,False,False,False,False,False,False,False,False,False,0,False,베이스 없음
20260928,GLAS,Glass House Brands Inc,NYSE,6.85,1584100.0,9.19,9.65,9.41,5.15,13.93,33.0,50.8,17.0,False,False,True,True,False,True,False,False,False,3,False,베이스 없음
20260928,HROW,Harrow  Inc.,NASDAQ,31.6,851800.0,38.3,38.42,40.76,28.54,54.85,10.7,42.4,17.0,False,False,False,False,False,False,False,False,False,0,False,베이스 없음
20260928,IMRX,Immuneering Corporation,NASDAQ,4.16,597900.0,4.65,4.94,5.07,3.86,9.6,7.8,56.7,17.0,False,False,False,False,False,False,False,False,False,0,False,베이스 없음
20260928,KD,Kyndryl Holdings  Inc.,NYSE,11.23,3964000.0,12.88,12.59,15.27,10.1,31.08,11.2,63.9,17.0,False,False,False,False,False,False,False,False,False,0,False,베이스 없음
20260928,LPL,LG Display Co Ltd ADR,NYSE,3.0,2775000.0,3.2,4.0,4.05,2.76,5.83,8.7,48.5,17.0,False,False,False,False,False,False,False,False,False,0,False,베이스 없음
20260928,LVS,Las Vegas Sands Corp.,NYSE,38.78,3766000.0,44.54,49.44,52.41,38.06,70.45,1.9,45.0,17.0,False,False,False,False,False,False,False,False,False,0,False,베이스 없음
20260928,MATH,Metalpha Technology Holding Ltd,NASDAQ,1.03,79000.0,0.9,1.02,1.28,0.73,4.1,41.1,74.9,17.0,False,False,False,False,False,True,False,False,True,2,False,베이스 없음
20260928,MLCO,Melco Resorts & Entertainment Ltd ADR,NASDAQ,4.67,1580300.0,5.26,5.47,5.82,4.54,9.9,3.0,52.8,17.0,False,False,False,False,False,False,False,False,False,0,False,베이스 없음
20260928,MLEC,Moolec Science SA,NASDAQ,4.93,11100.0,6.86,7.96,7.47,3.08,23.22,60.3,78.8,17.0,False,False,True,False,False,True,False,False,False,2,False,Stage2 아님
20260928,MZTI,The Marzetti Company,NASDAQ,101.1,326300.0,108.67,121.64,132.48,98.01,176.26,3.2,42.6,17.0,False,False,False,False,False,False,False,False,False,0,False,베이스 없음
20260928,NGEN,NervGen Pharma Corp,NASDAQ,1.88,525400.0,1.91,2.77,3.27,1.58,6.3,19.0,70.2,17.0,False,False,False,False,False,False,False,False,False,0,False,베이스 없음
20260928,OLED,Universal Display Corp,NASDAQ,75.47,402600.0,82.76,89.26,96.92,73.23,153.38,3.1,50.8,17.0,False,False,False,False,False,False,False,False,False,0,False,1 형성중
20260928,PCG,PG&E Corp,NYSE,11.95,33090900.0,15.91,16.77,16.59,11.91,19.16,0.3,37.6,17.0,False,False,True,False,False,False,False,False,False,1,False,베이스 없음
20260928,PCSA,Processa Pharmaceuticals Inc,NASDAQ,1.84,9400.0,2.18,2.41,2.66,1.67,14.25,10.2,87.1,17.0,False,False,False,False,False,False,False,False,False,0,False,Stage2 아님
20260928,PDCC,Pearl Diver Credit Company Inc,NYSE,8.672,700.0,8.98,9.99,10.99,8.45,16.75,2.6,48.2,17.0,False,False,False,False,False,False,False,False,False,0,False,Stage2 아님
20260928,PSFE,Paysafe Ltd,NYSE,6.02,306400.0,7.07,7.43,7.45,5.95,13.56,1.2,55.6,17.0,False,False,False,False,False,False,False,False,False,0,False,베이스 없음
20260928,PTN,Palatin Technologies Inc,NASDAQ,9.58,39300.0,9.78,14.67,15.52,5.61,31.0,70.8,69.1,17.0,False,False,False,False,False,True,False,False,False,1,False,베이스 없음
20260928,RAIL,FreightCar America Inc,NASDAQ,7.1,107800.0,7.47,8.48,9.2,6.58,14.9,7.8,52.3,17.0,False,False,False,False,False,False,False,False,False,0,False,베이스 없음
20260928,RGNX,REGENXBIO Inc.,NASDAQ,7.47,1237600.0,9.5,9.15,10.01,5.46,16.19,36.9,53.9,17.0,False,False,False,False,False,True,False,False,False,1,False,베이스 없음
20260928,RH,RH,NYSE,122.08,863300.0,157.23,148.26,160.76,106.3,239.4,14.8,49.0,17.0,False,False,False,False,False,False,False,False,False,0,False,베이스 없음
20260928,RTO,Rentokil Initial PLC ADR,NYSE,20.5,2699700.0,24.15,28.97,29.49,20.07,34.67,2.1,40.9,17.0,False,False,False,False,False,False,False,False,False,0,False,베이스 없음
20260928,SAR,Saratoga Investment Corp,NYSE,16.8,95100.0,18.5,20.96,21.54,16.72,24.76,0.5,32.1,17.0,False,False,False,False,False,False,False,False,False,0,False,베이스 없음
20260928,SITE,SiteOne Landscape Supply Inc,NYSE,90.93,1059000.0,96.68,114.48,120.85,86.2,168.56,5.5,46.1,17.0,False,False,False,False,False,False,False,False,False,0,False,베이스 없음
20260928,SOUN,SoundHound AI  Inc.,NASDAQ,5.83,14990400.0,6.62,7.24,7.91,5.65,22.17,3.2,73.7,17.0,False,False,False,False,False,False,False,False,False,0,False,베이스 없음
20260928,TIGR,UP Fintech Holding Limited ADR,NASDAQ,4.65,1777800.0,4.87,5.66,6.49,4.0,11.35,16.3,59.0,17.0,False,False,False,False,False,False,False,False,False,0,False,베이스 없음
20260928,TNYA,Tenaya Therapeutics  Inc.,NASDAQ,0.59,6054500.0,0.71,0.74,0.75,0.53,2.35,10.9,74.9,17.0,False,False,False,False,False,False,False,False,False,0,False,베이스 없음
20260928,TRTX,TPG RE Finance Trust Inc,NYSE,6.33,1856300.0,7.8,8.14,8.35,6.18,9.37,2.3,32.4,17.0,False,False,False,False,False,False,False,False,False,0,False,베이스 없음
20260928,TULP,Bloomia Holdings  Inc,NASDAQ,2.9,3100.0,3.46,3.74,3.76,2.87,5.6,1.0,48.2,17.0,False,False,False,False,False,False,False,False,False,0,False,베이스 없음
20260928,UIS,Unisys Corporation,NYSE,2.24,822400.0,2.79,2.92,2.87,1.97,4.98,13.7,55.0,17.0,False,False,True,False,False,False,False,False,False,1,False,베이스 없음
20260928,WYNN,Wynn Resorts  Limited,NASDAQ,80.52,2669200.0,94.19,99.63,104.2,77.06,134.72,4.5,40.2,17.0,False,False,False,False,False,False,False,False,False,0,False,베이스 없음
20260928,AHT,Ashford Hospitality Trust Inc,NYSE,2.51,31800.0,3.11,3.05,3.27,2.44,6.05,2.9,58.5,16.0,False,False,False,False,False,False,False,False,False,0,False,Stage2 아님
20260928,AIMD,Ainos Inc,NASDAQ,1.33,82300.0,1.44,1.65,1.71,1.25,4.44,6.4,70.0,16.0,False,False,False,False,False,False,False,False,False,0,False,베이스 없음
20260928,ALKT,Alkami Technology  Inc.,NASDAQ,13.39,1749800.0,18.75,17.41,18.23,13.35,25.96,0.3,48.4,16.0,False,False,False,False,True,False,False,False,False,1,False,베이스 없음
20260928,AMRC,Ameresco Inc,NYSE,20.32,457000.0,23.34,26.59,27.75,18.38,44.93,10.6,54.8,16.0,False,False,False,False,False,False,False,False,False,0,False,베이스 없음
20260928,AORT,Artivion Inc,NYSE,22.95,446100.0,26.09,28.64,32.23,19.16,48.25,19.8,52.4,16.0,False,False,False,False,False,False,False,False,False,0,False,베이스 없음
20260928,ARAY,Accuray Incorporated,NASDAQ,0.3,376005300.0,0.26,0.34,0.46,0.22,2.1,36.4,85.7,16.0,False,False,False,False,False,True,False,False,True,2,False,베이스 없음
20260928,ASPS,Altisource Portfolio Solutions S.A.,NASDAQ,5.3,1000.0,5.64,6.37,6.29,4.3,14.36,23.3,63.1,16.0,False,False,True,False,False,False,False,False,False,1,False,1 형성중
20260928,BHR,Braemar Hotels & Resorts Inc,NYSE,1.66,577300.0,2.0,2.28,2.43,1.64,3.19,1.2,48.0,16.0,False,False,False,False,False,False,False,False,False,0,False,베이스 없음
20260928,BRSP,BrightSpire Capital  Inc.,NYSE,4.06,1765800.0,4.78,5.38,5.5,3.97,6.16,2.3,34.1,16.0,False,False,False,False,False,False,False,False,False,0,False,베이스 없음
20260928,CAVA,CAVA Group  Inc.,NYSE,51.58,2905200.0,62.19,75.23,72.21,43.41,98.79,18.8,47.8,16.0,False,False,True,True,False,False,False,False,False,2,False,베이스 없음
20260928,CLBT,Cellebrite DI Ltd,NASDAQ,11.07,2879000.0,12.81,13.45,14.26,9.58,19.98,15.6,44.6,16.0,False,False,False,False,False,False,False,False,False,0,False,베이스 없음
20260928,CRK,Comstock Resources  Inc.,NYSE,12.69,1737400.0,13.82,15.65,17.24,12.12,28.1,4.7,54.8,16.0,False,False,False,False,False,False,False,False,False,0,False,베이스 없음
20260928,DEFT,DeFi Technologies Inc,NASDAQ,0.492,2458200.0,0.51,0.6,0.68,0.39,2.31,26.2,78.7,16.0,False,False,False,False,False,True,False,False,False,1,False,Stage2 아님
20260928,DY,Dycom Industries Inc,NYSE,266.79,660900.0,356.24,397.45,390.4,265.13,566.47,0.6,52.9,16.0,False,False,True,False,False,False,False,False,False,1,False,베이스 없음
20260928,EGAN,eGain Corp,NASDAQ,5.67,235300.0,6.57,7.3,8.05,5.02,15.95,12.9,64.5,16.0,False,False,False,False,False,False,False,False,False,0,False,베이스 없음
20260928,EPSM,Epsium Enterprise Ltd,NASDAQ,1.33,24300.0,1.4,1.41,1.59,0.83,42.45,60.2,96.9,16.0,False,False,False,False,False,True,False,False,False,1,False,Stage2 아님
20260928,FIS,Fidelity National Information Services Inc,NYSE,34.31,8891500.0,40.57,43.35,47.58,34.22,69.14,0.3,50.4,16.0,False,False,False,False,False,False,False,False,False,0,False,베이스 없음
20260928,FKWL,Franklin Wireless Corp,NASDAQ,2.42,6500.0,2.39,2.98,3.29,2.21,5.48,9.5,55.8,16.0,False,False,False,False,False,False,False,False,True,1,False,베이스 없음
20260928,FLWS,1-800-FLOWERS.COM  Inc.,NASDAQ,2.64,311700.0,3.63,3.71,3.82,2.41,7.1,9.5,62.8,16.0,False,False,False,False,False,False,False,False,False,0,False,베이스 없음
20260928,GELS,Gelteq Ltd,NASDAQ,0.547,96000.0,0.61,0.64,0.71,0.39,2.01,41.3,72.8,16.0,False,False,False,False,False,True,False,False,False,1,False,Stage2 아님
20260928,GOF,Guggenheim Strategic Opportunities Mutual Fund,NYSE,8.49,3078605.0,9.77,10.71,11.17,8.4,15.11,1.1,43.8,16.0,False,False,False,False,False,False,False,False,False,0,False,베이스 없음
20260928,GRAB,Grab Holdings Limited,NASDAQ,3.095,66761000.0,3.38,3.61,3.88,2.74,6.6,13.0,53.1,16.0,False,False,False,False,False,False,False,False,False,0,False,베이스 없음
20260928,GURE,Gulf Resources Inc,NASDAQ,3.15,80100.0,3.35,4.11,4.21,2.04,11.83,54.4,73.4,16.0,False,False,False,False,False,True,False,False,False,1,False,Stage2 아님
20260928,INTR,Inter & Co Inc,NASDAQ,5.04,5984500.0,5.46,6.5,7.07,4.97,10.36,1.4,51.4,16.0,False,False,False,False,False,False,False,False,False,0,False,베이스 없음
20260928,ITOC,iTonic Holdings Ltd,NASDAQ,0.285,203200.0,0.29,0.32,0.36,0.22,1.15,30.1,75.2,16.0,False,False,False,False,False,True,False,False,False,1,False,Stage2 아님
20260928,KTTA,Pasithea Therapeutics Corp,NASDAQ,0.48,151200.0,0.5,0.63,0.71,0.28,2.06,70.8,76.7,16.0,False,False,False,False,False,True,False,False,False,1,False,Stage2 아님
20260928,LII,Lennox International Inc.,NYSE,368.41,461700.0,419.13,481.52,490.02,352.36,587.27,4.6,37.3,16.0,False,False,False,False,False,False,False,False,False,0,False,베이스 없음
20260928,MENS,Jyong Biotech Ltd,NASDAQ,1.97,46400.0,2.18,2.15,2.97,1.43,63.0,37.8,96.9,16.0,False,False,False,False,False,True,False,False,False,1,False,Stage2 아님
20260928,MIR,Mirion Technologies  Inc.,NYSE,14.35,5380000.0,15.72,17.74,19.4,14.11,30.28,1.7,52.6,16.0,False,False,False,False,False,False,False,False,False,0,False,1 형성중
20260928,MTZ,MasTec Inc,NYSE,204.09,1759100.0,265.16,327.83,305.42,182.34,441.43,11.9,53.8,16.0,False,False,True,True,False,False,False,False,False,2,False,베이스 없음
20260928,MYGN,Myriad Genetics  Inc.,NASDAQ,4.24,1181100.0,3.84,4.45,4.83,2.74,8.59,54.7,50.6,16.0,False,False,False,False,False,True,False,False,True,2,False,베이스 없음
20260928,NIU,NIU Technologies ADR,NASDAQ,1.91,440700.0,2.2,2.6,2.76,1.79,5.67,6.7,66.3,16.0,False,False,False,False,False,False,False,False,False,0,False,베이스 없음
20260928,NKE,NIKE  Inc.,NYSE,36.39,33863600.0,39.53,44.57,49.36,35.22,76.97,3.3,52.7,16.0,False,False,False,False,False,False,False,False,False,0,False,베이스 없음
20260928,NTRP,Nexttrip Inc,NASDAQ,1.89,70900.0,1.6,2.23,2.51,0.9,5.2,110.0,63.7,16.0,False,False,False,False,False,True,False,False,True,2,False,베이스 없음
20260928,NYC,American Strategic Investment Co,NYSE,6.33,13400.0,7.27,8.09,8.32,5.52,13.97,14.7,54.7,16.0,False,False,False,False,False,False,False,False,False,0,False,베이스 없음
20260928,ORN,Orion Group Holdings Inc,NYSE,8.35,455900.0,9.92,12.16,12.04,8.08,17.4,3.3,52.0,16.0,False,False,True,False,False,False,False,False,False,1,False,베이스 없음
20260928,OXM,Oxford Industries Inc,NYSE,25.85,648600.0,35.0,38.19,38.04,25.27,49.58,2.3,47.9,16.0,False,False,True,False,False,False,False,False,False,1,False,베이스 없음
20260928,PEW,GrabAGun Digital Holdings Inc,NYSE,2.11,94200.0,2.4,2.67,2.79,2.06,5.46,2.4,61.4,16.0,False,False,False,False,False,False,False,False,False,0,False,베이스 없음
20260928,PHAR,Pharming Group N.V. ADR,NASDAQ,10.52,15500.0,11.48,13.7,14.66,9.62,21.34,9.4,50.7,16.0,False,False,False,False,False,False,False,False,False,0,False,베이스 없음
20260928,POOL,Pool Corporation,NASDAQ,163.31,723600.0,185.6,197.66,210.47,160.38,313.75,1.8,47.9,16.0,False,False,False,False,False,False,False,False,False,0,False,베이스 없음
20260928,PSN,Parsons Corp,NYSE,41.6,1247500.0,48.17,52.99,56.36,36.26,89.5,14.7,53.5,16.0,False,False,False,False,False,False,False,False,False,0,False,베이스 없음
20260928,RKT,Rocket Companies Inc,NYSE,11.64,45478200.0,13.51,14.29,15.71,11.38,24.36,2.3,52.2,16.0,False,False,False,False,False,False,False,False,False,0,False,베이스 없음
20260928,RZLV,Rezolve AI PLC,NASDAQ,2.12,8623600.0,2.45,2.56,2.65,2.05,7.58,3.4,72.0,16.0,False,False,False,False,False,False,False,False,False,0,False,베이스 없음
20260928,SCOR,Comscore Inc,NASDAQ,4.86,24500.0,5.98,6.81,7.01,4.6,10.18,5.7,52.3,16.0,False,False,False,False,False,False,False,False,False,0,False,베이스 없음
20260928,SLDP,Solid Power  Inc.,NASDAQ,2.26,2879000.0,2.33,2.81,3.26,1.98,8.86,14.1,74.5,16.0,False,False,False,False,False,False,False,False,False,0,False,1 형성중
20260928,SLSN,Solesence Inc,NASDAQ,0.83,7600.0,0.9,1.05,1.19,0.61,4.55,36.1,81.8,16.0,False,False,False,False,False,True,False,False,False,1,False,베이스 없음
20260928,TARA,Protara Therapeutics Inc,NASDAQ,3.25,431100.0,3.87,4.57,4.91,3.19,7.82,1.9,58.4,16.0,False,False,False,False,False,False,False,False,False,0,False,베이스 없음
20260928,TGLS,Tecnoglass Holdings Inc.,NYSE,34.63,446900.0,40.99,42.76,44.97,34.05,68.36,1.7,49.3,16.0,False,False,False,False,False,False,False,False,False,0,False,베이스 없음
20260928,TLSA,Tiziana Life Sciences Ltd,NASDAQ,0.98,389000.0,1.0,1.2,1.28,0.76,2.35,28.7,58.3,16.0,False,False,False,False,False,True,False,False,False,1,False,베이스 없음
20260928,USGO,US GoldMining Inc,NASDAQ,6.92,112200.0,8.23,10.1,10.37,6.58,17.98,5.2,61.5,16.0,False,False,False,False,False,False,False,False,False,0,False,베이스 없음
20260928,USNA,USANA Health Sciences Inc,NYSE,14.82,157400.0,16.33,18.14,18.78,12.57,28.97,17.9,48.8,16.0,False,False,False,False,False,False,False,False,False,0,False,베이스 없음
20260928,WALD,Waldencast PLC,NASDAQ,1.06,263600.0,1.39,1.4,1.5,0.72,3.22,47.2,67.1,16.0,False,False,False,False,False,True,False,False,False,1,False,베이스 없음
20260928,WDH,Waterdrop Inc. ADR,NYSE,1.03,148700.0,1.04,1.37,1.48,0.96,2.03,7.3,49.3,16.0,False,False,False,False,False,False,False,False,False,0,False,베이스 없음
20260928,WKHS,Workhorse Group Inc,NASDAQ,2.9,66500.0,3.07,3.08,3.59,2.31,14.88,25.5,80.5,16.0,False,False,False,False,False,True,False,False,False,1,False,Stage2 아님
20260928,YB,Yuanbao Inc ADR,NASDAQ,12.08,10200.0,13.4,15.51,16.68,12.01,24.4,0.6,50.5,16.0,False,False,False,False,False,False,False,False,False,0,False,Stage2 아님
20260928,ZTS,Zoetis Inc,NYSE,71.43,3813600.0,74.81,91.11,99.52,69.52,148.79,2.7,52.0,16.0,False,False,False,False,False,False,False,False,False,0,False,베이스 없음
20260928,ABAT,American Battery Technology Company,NASDAQ,2.27,1674200.0,2.41,2.91,3.23,2.0,11.49,13.5,80.2,15.0,False,False,False,False,False,False,False,False,False,0,False,베이스 없음
20260928,ADCT,ADC Therapeutics SA,NYSE,1.26,834600.0,1.15,2.43,2.76,0.78,4.98,61.5,74.7,15.0,True,False,False,False,False,True,False,False,True,2,False,베이스 없음
20260928,AMRZ,Amrize AG,NYSE,38.05,3703600.0,44.75,51.57,52.69,36.87,65.94,3.2,42.3,15.0,False,False,False,False,False,False,False,False,False,0,False,Stage2 아님
20260928,AMTD,AMTD IDEA Group ADR,NYSE,0.728,3400.0,0.76,0.92,0.95,0.7,1.65,4.0,55.9,15.0,False,False,False,False,False,False,False,False,False,0,False,Stage2 아님
20260928,AVXL,Anavex Life Sciences Corp,NASDAQ,2.35,522500.0,2.83,3.11,3.4,2.26,10.38,4.2,77.4,15.0,False,False,False,False,False,False,False,False,False,0,False,베이스 없음
20260928,BL,BlackLine Inc,NASDAQ,26.56,1229500.0,30.19,31.15,36.18,24.7,59.57,7.5,55.4,15.0,False,False,False,False,False,False,False,False,False,0,False,베이스 없음
20260928,BMR,Beamr Imaging Ltd,NASDAQ,1.26,25900.0,1.27,1.55,1.64,1.06,3.24,18.8,61.1,15.0,False,False,False,False,False,False,False,False,False,0,False,Stage2 아님
20260928,BSX,Boston Scientific Corp,NYSE,44.11,21764200.0,46.82,54.07,62.94,42.2,105.65,4.5,58.2,15.0,False,False,False,False,False,False,False,False,False,0,False,베이스 없음
20260928,BWXT,BWX Technologies Inc,NYSE,134.35,1292200.0,159.83,189.52,190.66,133.9,241.82,0.3,44.4,15.0,False,False,False,False,False,False,False,False,False,0,False,베이스 없음
20260928,CINT,CI&T Inc.,NYSE,2.89,91200.0,3.35,3.94,4.14,2.8,5.8,3.2,50.2,15.0,False,False,False,False,False,False,False,False,False,0,False,베이스 없음
20260928,CNTY,Century Casinos Inc,NASDAQ,1.05,85500.0,1.2,1.34,1.38,1.05,2.73,0.0,61.5,15.0,False,False,False,False,False,False,False,False,False,0,False,Stage2 아님
20260928,CPS,Cooper-Standard Holdings Inc.,NYSE,21.77,216800.0,26.69,28.92,30.16,21.63,47.98,0.6,54.6,15.0,False,False,False,False,False,False,False,False,False,0,False,베이스 없음
20260928,DMRC,Digimarc Corporation,NASDAQ,4.9,125700.0,6.09,7.34,7.14,4.07,17.47,20.4,72.0,15.0,False,False,True,False,False,False,False,False,False,1,False,베이스 없음
20260928,ESRT,Empire State Realty Trust  Inc.,NYSE,4.06,3550800.0,4.72,5.2,5.54,3.93,8.04,3.3,49.5,15.0,False,False,False,False,False,False,False,False,False,0,False,베이스 없음
20260928,FBIO,Fortress Biotech Inc,NASDAQ,2.17,262800.0,2.81,2.81,2.99,2.17,4.53,0.0,52.1,15.0,False,False,False,False,False,False,False,False,False,0,False,베이스 없음
20260928,GDEV,GDEV Inc,NASDAQ,10.7,1000.0,11.72,13.59,14.33,10.0,42.2,7.0,74.6,15.0,False,False,False,False,False,False,False,False,False,0,False,베이스 없음
20260928,GDHG,Golden Heaven Group Holdings Ltd,NASDAQ,1.18,39100.0,1.29,1.57,1.74,1.06,8.13,11.3,85.5,15.0,False,False,False,False,False,False,False,False,False,0,False,Stage2 아님
20260928,GOOS,Canada Goose Holdings Inc.,NYSE,7.67,736700.0,8.41,9.9,10.6,7.36,14.69,4.2,47.8,15.0,False,False,False,False,False,False,False,False,False,0,False,베이스 없음
20260928,GPI,Group 1 Automotive Inc,NYSE,242.23,431000.0,279.43,308.34,327.08,239.18,461.27,1.3,47.5,15.0,False,False,False,False,False,False,False,False,False,0,False,베이스 없음
20260928,GRCE,Grace Therapeutics  Inc,NASDAQ,2.12,58700.0,2.18,2.81,3.0,1.79,5.18,18.4,59.1,15.0,False,False,False,False,False,False,False,False,False,0,False,베이스 없음
20260928,GRI,GRI Bio Inc,NASDAQ,2.1,118100.0,1.79,2.09,3.45,1.36,64.12,54.4,96.7,15.0,True,False,False,False,False,True,False,False,True,2,False,Stage2 아님
20260928,HCKT,The Hackett Group  Inc.,NASDAQ,9.78,224100.0,10.77,11.62,13.36,9.16,20.68,6.8,52.7,15.0,False,False,False,False,False,False,False,False,False,0,False,베이스 없음
20260928,IMDX,Insight Molecular Diagnostics Inc,NASDAQ,3.18,590500.0,4.34,4.71,5.11,2.42,8.51,31.4,62.6,15.0,False,False,False,False,False,True,False,False,False,1,False,베이스 없음
20260928,IVDA,Iveda Solutions Inc,NASDAQ,0.3,162300.0,0.3,0.31,0.43,0.21,2.24,42.9,86.6,15.0,False,False,False,False,False,True,False,False,True,2,False,Stage2 아님
20260928,JBI,Janus International Group  Inc.,NYSE,4.31,3097400.0,4.96,5.26,5.67,4.03,10.32,7.1,58.2,15.0,False,False,False,False,False,False,False,False,False,0,False,베이스 없음
20260928,KTOS,Kratos Defense & Security Solutions  Inc.,NASDAQ,44.07,4548200.0,51.44,61.31,69.74,43.09,134.0,2.3,67.1,15.0,False,False,False,False,False,False,False,False,False,0,False,베이스 없음
20260928,LAES,Sealsq Corp,NASDAQ,2.28,3653100.0,2.47,2.88,3.21,1.99,8.71,14.6,73.8,15.0,False,False,False,False,False,False,False,False,False,0,False,Stage2 아님
20260928,LEU,Centrus Energy Corp.,NYSE,140.37,581200.0,170.98,182.04,203.23,135.85,464.25,3.3,69.8,15.0,False,False,False,False,False,False,False,False,False,0,False,베이스 없음
20260928,LIF,Life360  Inc.,NASDAQ,39.98,378500.0,48.04,46.34,49.9,37.01,112.54,8.0,64.5,15.0,False,False,False,False,False,False,False,False,False,0,False,베이스 없음
20260928,LMND,Lemonade Inc,NYSE,43.91,1139400.0,52.72,57.41,62.56,43.28,99.9,1.5,56.0,15.0,False,False,False,False,False,False,False,False,False,0,False,베이스 없음
20260928,LU,Lufax Holding Ltd ADR,NYSE,1.26,2084000.0,1.36,1.67,1.92,1.14,4.57,10.5,72.4,15.0,False,False,False,False,False,False,False,False,False,0,False,베이스 없음
20260928,LULU,lululemon athletica inc.,NASDAQ,100.58,4520300.0,113.41,131.11,146.97,95.35,225.98,5.5,55.5,15.0,False,False,False,False,False,False,False,False,False,0,False,베이스 없음
20260928,MSB,Mesabi Trust,NYSE,19.96,203400.0,22.51,26.33,28.78,18.5,42.38,7.9,52.9,15.0,False,False,False,False,False,False,False,False,False,0,False,베이스 없음
20260928,NAUT,Nautilus Biotechnology  Inc.,NASDAQ,1.11,4069700.0,1.06,2.09,2.08,0.72,4.31,55.0,74.2,15.0,False,False,True,False,False,True,False,False,True,3,False,베이스 없음
20260928,NEON,Neonode Inc,NASDAQ,0.89,35400.0,0.87,1.25,1.42,0.72,4.06,23.6,78.1,15.0,False,False,False,False,False,False,False,False,True,1,False,베이스 없음
20260928,NEXM,NexMetals Mining Corp,NASDAQ,2.025,67200.0,2.26,2.55,2.87,1.95,6.65,3.8,69.6,15.0,False,False,False,False,False,False,False,False,False,0,False,Stage2 아님
20260928,NXRT,NexPoint Residential Trust Inc,NYSE,19.84,1185000.0,23.97,26.32,27.24,19.41,32.36,2.2,38.7,15.0,False,False,False,False,False,False,False,False,False,0,False,베이스 없음
20260928,ODYS,Odysight.AI Inc,NASDAQ,3.0,6700.0,3.87,4.7,4.63,2.6,11.3,15.4,73.5,15.0,False,False,True,True,False,False,False,False,False,2,False,베이스 없음
20260928,OLN,Olin Corp,NYSE,16.05,2446700.0,18.72,23.16,23.05,16.03,30.46,0.1,47.3,15.0,False,False,True,False,False,False,False,False,False,1,False,베이스 없음
20260928,PMT,PennyMac Mortgage Investment Trust,NYSE,8.07,2241100.0,9.33,10.55,11.1,7.97,13.81,1.3,41.6,15.0,False,False,False,False,False,False,False,False,False,0,False,베이스 없음
20260928,PONY,Pony AI Inc ADR,NASDAQ,6.94,2975500.0,7.39,8.96,10.49,6.36,24.92,9.0,72.2,15.0,False,False,False,False,False,False,False,False,False,0,False,Stage2 아님
20260928,RKTO,Rocket One Inc,NASDAQ,0.738,204600.0,0.76,0.87,0.91,0.49,2.45,50.9,69.9,15.0,False,False,False,False,False,True,False,False,False,1,False,Stage2 아님
20260928,RWT,Redwood Trust  Inc.,NYSE,3.69,3189200.0,4.47,5.14,5.29,3.22,6.97,14.6,47.1,15.0,False,False,False,False,False,False,False,False,False,0,False,베이스 없음
20260928,SNAL,Snail Inc,NASDAQ,2.42,15600.0,3.45,3.5,3.61,1.7,10.8,42.8,77.6,15.0,False,False,False,False,False,True,False,False,False,1,False,베이스 없음
20260928,SNOA,Sonoma Pharmaceuticals Inc,NASDAQ,1.26,30400.0,1.26,1.55,2.01,0.85,4.6,48.2,72.6,15.0,False,False,False,False,False,True,False,False,False,1,False,베이스 없음
20260928,SPRC,Scisparc Ltd,NASDAQ,4.91,6500.0,5.9,5.8,6.94,2.98,80.1,64.8,93.9,15.0,False,False,False,False,False,True,False,False,False,1,False,Stage2 아님
20260928,STNE,StoneCo Ltd.,NASDAQ,9.27,3842600.0,10.18,11.72,12.69,9.04,19.95,2.5,53.5,15.0,False,False,False,False,False,False,False,False,False,0,False,베이스 없음
20260928,SVC,Service Properties Trust,NASDAQ,6.57,959600.0,7.69,8.29,8.75,5.65,13.9,16.3,52.7,15.0,False,False,False,False,False,False,False,False,False,0,False,베이스 없음
20260928,TE,T1 Energy Inc.,NYSE,3.57,19030200.0,4.71,6.28,6.52,2.07,12.49,72.5,71.4,15.0,False,False,False,True,False,True,False,False,False,2,False,베이스 없음
20260928,TKLF,Tokyo Lifestyle Co Ltd ADR,NASDAQ,1.63,3700.0,1.86,2.13,2.34,1.61,4.32,1.2,62.3,15.0,False,False,False,False,False,False,False,False,False,0,False,Stage2 아님
20260928,VNET,VNET Group  Inc. ADR,NASDAQ,5.98,4934600.0,6.87,8.41,8.91,5.91,14.48,1.2,58.7,15.0,False,False,False,False,False,False,False,False,False,0,False,1 형성중
20260928,VTSI,VirTra Inc,NASDAQ,2.82,8300.0,3.04,3.57,3.83,2.82,6.29,0.0,55.2,15.0,False,False,False,False,False,False,False,False,False,0,False,베이스 없음
20260928,VYGR,Voyager Therapeutics  Inc.,NASDAQ,2.7,646100.0,3.18,3.62,3.7,2.61,5.55,3.4,51.4,15.0,False,False,False,False,False,False,False,False,False,0,False,베이스 없음
20260928,WINA,Winmark Corporation,NASDAQ,299.64,44700.0,332.45,380.64,394.34,280.05,527.37,7.0,43.2,15.0,False,False,False,False,False,False,False,False,False,0,False,베이스 없음
20260928,XRTX,XORTX Therapeutics Inc,NASDAQ,1.71,29800.0,2.07,2.2,2.32,1.59,7.05,7.5,75.7,15.0,False,False,False,False,False,False,False,False,False,0,False,Stage2 아님
20260928,AAPG,Ascentage Pharma Group International ADR,NASDAQ,14.89,4800.0,17.33,20.15,21.73,14.54,40.48,2.4,63.2,14.0,False,False,False,False,False,False,False,False,False,0,False,Stage2 아님
20260928,ACM,AECOM,NYSE,59.42,2224200.0,66.58,75.31,80.86,58.08,135.52,2.3,56.2,14.0,False,False,False,False,False,False,False,False,False,0,False,베이스 없음
20260928,ANGI,Angi Inc,NASDAQ,5.56,980400.0,5.16,6.13,7.63,4.26,16.97,30.5,67.2,14.0,False,False,False,False,False,True,False,False,True,2,False,Stage2 아님
20260928,ARKR,Ark Restaurants Corp,NASDAQ,4.47,1000.0,5.33,6.16,6.29,4.46,9.5,0.2,52.9,14.0,False,False,False,False,False,False,False,False,False,0,False,Stage2 아님
20260928,AVX,AVAX One Technology Ltd,NASDAQ,6.32,379700.0,3.61,5.66,8.06,2.81,52.32,124.9,87.9,14.0,True,False,False,False,False,True,False,False,True,2,False,Stage2 아님
20260928,AWRE,Aware Inc,NASDAQ,1.1,30300.0,1.2,1.3,1.46,1.02,2.84,7.8,61.3,14.0,False,False,False,False,False,False,False,False,False,0,False,1 형성중
20260928,BGS,B&G Foods Inc,NYSE,3.06,1792100.0,3.39,4.27,4.35,2.87,6.38,6.6,52.0,14.0,False,False,False,False,False,False,False,False,False,0,False,베이스 없음
20260928,BIOX,Bioceres Crop Solutions Corp,NASDAQ,0.358,39000.0,0.39,0.44,0.61,0.3,2.19,18.9,83.7,14.0,False,False,False,False,False,False,False,False,False,0,False,베이스 없음
20260928,BLDP,Ballard Power Systems Inc,NASDAQ,2.06,1527100.0,2.46,3.15,3.0,1.92,6.57,7.3,68.6,14.0,False,False,True,False,False,False,False,False,False,1,False,베이스 없음
20260928,BMBL,Bumble Inc.,NASDAQ,2.53,2590600.0,2.84,3.18,3.23,2.52,6.49,0.4,61.0,14.0,False,False,False,False,False,False,False,False,False,0,False,Stage2 아님
20260928,CAR,Avis Budget Group Inc,NASDAQ,104.93,318500.0,137.43,167.4,156.52,85.96,847.7,22.1,87.6,14.0,False,False,True,False,False,False,False,False,False,1,False,베이스 없음
20260928,CCIF,Carlyle Credit Income Fund,NYSE,2.39,52546.0,2.67,3.0,3.37,2.2,5.95,8.6,59.8,14.0,False,False,False,False,False,False,False,False,False,0,False,Stage2 아님
20260928,CLNN,Clene Inc,NASDAQ,4.06,91700.0,4.55,5.52,5.47,3.26,13.5,24.5,69.9,14.0,False,False,True,False,False,False,False,False,False,1,False,베이스 없음
20260928,COUR,Coursera  Inc.,NYSE,4.64,10042000.0,5.61,5.73,6.0,4.6,12.32,1.0,62.3,14.0,False,False,False,False,False,False,False,False,False,0,False,1 형성중
20260928,CRBU,Caribou Biosciences  Inc.,NASDAQ,1.23,818600.0,1.52,1.8,1.75,1.22,3.54,0.8,65.2,14.0,False,False,True,False,False,False,False,False,False,1,False,베이스 없음
20260928,CSIQ,Canadian Solar Inc.,NASDAQ,10.42,1676100.0,13.81,15.29,16.93,10.34,34.59,0.8,69.9,14.0,False,False,False,False,False,False,False,False,False,0,False,베이스 없음
20260928,DOMH,Dominari Holdings Inc,NASDAQ,2.48,290400.0,2.48,2.89,3.21,1.91,7.54,29.8,67.1,14.0,False,False,False,False,False,True,False,False,False,1,False,베이스 없음
20260928,DPU,Top KingWin Ltd,NASDAQ,1.53,28900.0,1.99,2.08,2.17,1.53,5.03,0.0,69.6,14.0,False,False,False,False,False,False,False,False,False,0,False,Stage2 아님
20260928,DTCX,Datacentrex Inc,NASDAQ,1.79,130900.0,2.05,2.2,2.31,1.51,5.94,18.5,69.9,14.0,False,False,False,False,False,False,False,False,False,0,False,1 형성중
20260928,EMPD,Empery Digital Inc,NASDAQ,2.98,207000.0,3.04,3.9,4.03,2.48,8.11,20.0,63.3,14.0,False,False,False,False,False,False,False,False,False,0,False,Stage2 아님
20260928,ETOR,eToro Group Ltd.,NASDAQ,25.82,1148900.0,31.82,34.58,34.08,24.74,44.21,4.4,41.6,14.0,False,False,True,False,False,False,False,False,False,1,False,Stage2 아님
20260928,EYE,National Vision Holdings  Inc.,NASDAQ,16.12,2376000.0,18.92,21.04,22.68,14.75,30.02,9.3,46.3,14.0,False,False,False,False,False,False,False,False,False,0,False,1 형성중
20260928,FEBO,Fenbo Holdings Ltd,NASDAQ,0.636,7900.0,0.75,0.95,1.0,0.61,1.46,4.3,56.4,14.0,False,False,False,False,False,False,False,False,False,0,False,베이스 없음
20260928,FINW,Finwise Bancorp,NASDAQ,11.39,17100.0,13.49,14.57,15.38,10.79,21.15,5.6,46.2,14.0,False,False,False,False,False,False,False,False,False,0,False,베이스 없음
20260928,FTLF,FitLife Brands Inc,NASDAQ,9.29,8400.0,9.91,10.86,12.14,8.67,20.98,7.2,55.7,14.0,False,False,False,False,False,False,False,False,False,0,False,베이스 없음
20260928,FUFU,BitFuFu Inc,NASDAQ,1.37,42900.0,1.36,1.78,2.03,1.18,4.06,16.1,66.3,14.0,False,False,False,False,False,False,False,False,True,1,False,Stage2 아님
20260928,GPGI,GPGI Inc (Nevada),NYSE,11.63,1743700.0,13.42,15.03,16.82,11.16,26.78,4.2,56.6,14.0,False,False,False,False,False,False,False,False,False,0,False,베이스 없음
20260928,GT,Goodyear Tire & Rubber Co,NASDAQ,5.02,7501000.0,6.18,6.51,7.18,4.91,10.62,2.2,52.7,14.0,False,False,False,False,False,False,False,False,False,0,False,베이스 없음
20260928,HE,Hawaiian Electric Industries  Inc.,NYSE,8.95,3274400.0,11.52,13.43,13.61,8.76,17.38,2.2,48.5,14.0,False,False,False,False,False,False,False,False,False,0,False,1 형성중
20260928,ICON,Icon Energy Corp,NASDAQ,0.93,18500.0,0.99,1.07,1.44,0.78,10.9,18.6,91.5,14.0,False,False,False,False,False,False,False,False,False,0,False,Stage2 아님
20260928,INTU,Intuit Inc.,NASDAQ,269.4,3803400.0,322.88,349.91,402.99,252.84,703.96,6.5,61.7,14.0,False,False,False,False,False,False,False,False,False,0,False,베이스 없음
20260928,IPST,IP Strategy Holdings Inc,NASDAQ,3.42,286700.0,3.89,5.51,14.15,1.54,356.0,122.1,99.0,14.0,True,False,False,False,False,True,False,False,False,1,False,Stage2 아님
20260928,ISPR,Ispire Technology Inc,NASDAQ,1.325,8900.0,1.5,1.68,1.99,1.01,3.87,31.2,65.8,14.0,False,False,False,False,False,True,False,False,False,1,False,Stage2 아님
20260928,KLXE,KLX Energy Services Holdings Inc,NASDAQ,1.52,888400.0,1.75,2.47,2.4,1.35,4.5,12.6,66.2,14.0,False,False,True,False,False,False,False,False,False,1,False,베이스 없음
20260928,LFMD,LifeMD Inc,NASDAQ,2.93,601300.0,3.4,3.93,3.8,2.56,7.32,14.5,60.0,14.0,False,False,True,False,False,False,False,False,False,1,False,1 형성중
20260928,LIDR,AEye Inc,NASDAQ,1.185,465200.0,1.24,1.58,1.68,1.01,4.0,17.3,70.4,14.0,False,False,False,False,False,False,False,False,False,0,False,Stage2 아님
20260928,LOT,Lotus Technology Inc ADR,NASDAQ,0.87,28400.0,0.99,1.14,1.18,0.81,2.26,7.1,61.5,14.0,False,False,False,False,False,False,False,False,False,0,False,베이스 없음
20260928,MEDS,DataMeds AI Inc,NASDAQ,3.81,33334900.0,2.32,4.56,8.42,0.82,73.0,362.9,94.8,14.0,True,False,False,False,False,True,False,False,True,2,False,Stage2 아님
20260928,NB,NioCorp Developments Ltd.,NASDAQ,3.47,2823100.0,4.28,4.91,5.23,3.4,12.58,1.9,72.4,14.0,False,False,False,False,False,False,False,False,False,0,False,베이스 없음
20260928,NVNO,enVVeno Medical Corp,NASDAQ,8.81,1000.0,10.41,10.71,10.82,7.01,35.17,25.7,75.0,14.0,False,False,False,False,False,True,False,False,False,1,False,베이스 없음
20260928,OLMA,Olema Pharmaceuticals  Inc.,NASDAQ,8.61,979200.0,10.73,13.26,16.63,6.65,36.26,29.5,76.3,14.0,False,False,False,False,False,True,False,False,False,1,False,베이스 없음
20260928,PLBY,Playboy Inc,NASDAQ,1.03,413500.0,1.18,1.43,1.54,1.01,2.75,2.0,62.5,14.0,False,False,False,False,False,False,False,False,False,0,False,베이스 없음
20260928,PRT,PermRock Royalty Units,NYSE,1.97,37600.0,2.17,2.54,2.74,1.82,4.01,8.2,50.9,14.0,False,False,False,False,False,False,False,False,False,0,False,베이스 없음
20260928,PTLO,Portillos Inc,NASDAQ,3.52,2731900.0,4.4,4.77,4.89,3.29,6.83,7.0,48.5,14.0,False,False,False,False,False,False,False,False,False,0,False,베이스 없음
20260928,RBBN,Ribbon Communications Inc.,NASDAQ,1.73,1226800.0,2.0,2.32,2.41,1.55,4.09,11.6,57.7,14.0,False,False,False,False,False,False,False,False,False,0,False,베이스 없음
20260928,RXST,RxSight  Inc.,NASDAQ,4.67,1022900.0,6.01,6.21,7.15,4.48,13.22,4.2,64.7,14.0,False,False,False,False,False,False,False,False,False,0,False,베이스 없음
20260928,SDHC,Smith Douglas Homes Corp,NYSE,10.28,20000.0,12.73,13.31,14.72,9.75,23.49,5.4,56.2,14.0,False,False,False,False,False,False,False,False,False,0,False,Stage2 아님
20260928,SIGA,SIGA Technologies Inc,NASDAQ,3.46,640600.0,3.15,4.19,4.78,2.83,9.29,22.3,62.8,14.0,False,False,False,False,False,False,False,False,True,1,False,베이스 없음
20260928,SKIN,Skinhealth Systems Inc,NASDAQ,0.65,211100.0,0.69,0.8,0.95,0.55,2.07,18.0,68.6,14.0,False,False,False,False,False,False,False,False,False,0,False,베이스 없음
20260928,SQNS,Sequans Communications SA ADR,NYSE,2.72,71500.0,2.82,3.09,3.5,2.38,10.42,14.3,73.9,14.0,False,False,False,False,False,False,False,False,False,0,False,베이스 없음
20260928,SYPR,Sypris Solutions Inc,NASDAQ,1.7,7200.0,1.87,2.64,2.7,1.67,4.74,1.8,64.1,14.0,False,False,False,False,False,False,False,False,False,0,False,1 형성중
20260928,TGE,Generation Essentials Group,NYSE,0.844,10700.0,0.91,1.05,1.11,0.78,3.21,8.5,73.7,14.0,False,False,False,False,False,False,False,False,False,0,False,Stage2 아님
20260928,TROX,Tronox Holdings PLC,NYSE,3.97,1690300.0,5.4,7.11,6.78,2.86,10.59,38.8,62.5,14.0,False,False,True,True,False,True,False,False,False,3,False,베이스 없음
20260928,TTI,TETRA Technologies  Inc.,NYSE,5.91,1491400.0,7.42,8.78,9.19,5.38,12.54,9.9,52.9,14.0,False,False,False,False,False,False,False,False,False,0,False,베이스 없음
20260928,UPWK,Upwork Inc.,NASDAQ,8.07,3471800.0,8.82,9.72,12.1,7.44,22.84,8.5,64.7,14.0,False,False,False,False,False,False,False,False,False,0,False,베이스 없음
20260928,VHC,VirnetX Holding Corp,NASDAQ,10.23,18700.0,12.79,13.65,15.04,9.82,29.0,4.2,64.7,14.0,False,False,False,False,False,False,False,False,False,0,False,베이스 없음
20260928,YHGJ,Yunhong Green CTI Ltd,NASDAQ,2.44,0.0,2.95,3.03,3.23,2.38,10.29,2.5,76.3,14.0,False,False,False,False,False,False,False,False,False,0,False,1 형성중
20260928,ZUMZ,Zumiez Inc.,NASDAQ,14.14,785900.0,17.54,20.59,22.0,13.07,31.7,8.2,55.4,14.0,False,False,False,False,False,False,False,False,False,0,False,베이스 없음
20260928,AISP,Airship AI Holdings Inc,NASDAQ,1.8,241400.0,1.99,2.34,2.51,1.68,7.2,6.8,75.0,13.0,False,False,False,False,False,False,False,False,False,0,False,베이스 없음
20260928,AMSF,Amerisafe Inc,NASDAQ,23.76,589900.0,27.29,30.77,32.62,23.2,44.66,2.4,46.8,13.0,False,False,False,False,False,False,False,False,False,0,False,베이스 없음
20260928,AQMS,Aqua Metals Inc,NASDAQ,2.52,27800.0,2.66,3.57,4.03,2.16,39.4,16.6,93.6,13.0,False,False,False,False,False,False,False,False,False,0,False,베이스 없음
20260928,ARQ,Arq  Inc.,NASDAQ,1.93,443000.0,2.12,2.38,2.67,1.54,7.7,25.3,74.9,13.0,False,False,False,False,False,True,False,False,False,1,False,베이스 없음
20260928,ATS,ATS Corporation,NYSE,18.82,303100.0,21.61,27.44,27.86,18.41,35.82,2.2,47.5,13.0,False,False,False,False,False,False,False,False,False,0,False,베이스 없음
20260928,BRAG,Bragg Gaming Group Inc,NASDAQ,1.36,3300.0,1.5,1.7,1.81,1.26,3.2,7.9,57.5,13.0,False,False,False,False,False,False,False,False,False,0,False,베이스 없음
20260928,BTOC,Armlogi Holding Corp,NASDAQ,0.246,34800.0,0.27,0.29,0.35,0.22,1.22,9.3,79.8,13.0,False,False,False,False,False,False,False,False,False,0,False,Stage2 아님
20260928,BXMT,Blackstone Mortgage Trust Inc,NYSE,12.41,2232400.0,14.35,17.19,17.8,12.23,20.67,1.5,40.0,13.0,False,False,False,False,False,False,False,False,False,0,False,베이스 없음
20260928,BYSI,Beyondspring Inc,NASDAQ,1.12,8040300.0,0.85,1.34,1.42,0.57,2.44,97.9,54.1,13.0,False,False,False,False,False,True,False,False,True,2,False,베이스 없음
20260928,CDXS,Codexis  Inc.,NASDAQ,1.36,698900.0,1.55,1.97,1.86,0.96,2.98,41.7,54.4,13.0,False,False,True,False,False,True,False,False,False,2,False,베이스 없음
20260928,CLVT,Clarivate PLC,NYSE,1.71,3613900.0,1.99,2.29,2.44,1.66,3.96,3.0,56.8,13.0,False,False,False,False,False,False,False,False,False,0,False,Stage2 아님
20260928,CPNG,Coupang  Inc.,NYSE,13.75,12331700.0,15.61,17.43,18.4,13.4,32.96,2.6,58.3,13.0,False,False,False,False,False,False,False,False,False,0,False,베이스 없음
20260928,DRMA,Dermata Therapeutics Inc,NASDAQ,1.12,25000.0,1.27,1.27,1.48,0.95,5.87,17.8,80.9,13.0,False,False,False,False,False,False,False,False,False,0,False,Stage2 아님
20260928,DXLG,Destination XL Group Inc,NASDAQ,0.47,114300.0,0.61,0.61,0.67,0.44,1.58,6.8,70.3,13.0,False,False,False,False,False,False,False,False,False,0,False,베이스 없음
20260928,ELME,Elme Communities,NYSE,1.7,522000.0,1.64,1.87,3.52,1.26,17.68,34.9,90.4,13.0,False,False,False,False,False,True,False,False,True,2,False,베이스 없음
20260928,ENVB,Enveric Biosciences Inc,NASDAQ,1.47,54600.0,1.46,1.95,2.43,1.17,13.25,25.6,88.9,13.0,False,False,False,False,False,True,False,False,True,2,False,Stage2 아님
20260928,EQS,EQUUS Total Return Inc,NYSE,1.04,5300.0,1.08,1.28,1.33,0.94,2.45,10.5,57.6,13.0,False,False,False,False,False,False,False,False,False,0,False,베이스 없음
20260928,ESAB,ESAB Corp,NYSE,67.25,1182100.0,79.31,92.15,99.19,64.84,137.42,3.7,51.1,13.0,False,False,False,False,False,False,False,False,False,0,False,베이스 없음
20260928,EU,enCore Energy Corp.,NASDAQ,1.2,4133800.0,1.17,1.54,1.86,0.77,4.18,55.8,71.3,13.0,False,False,False,False,False,True,False,False,True,2,False,베이스 없음
20260928,EVEX,Eve Holding  Inc.,NYSE,2.0,953700.0,2.38,2.66,3.03,1.98,5.16,0.8,61.2,13.0,False,False,False,False,False,False,False,False,False,0,False,베이스 없음
20260928,FOUR,Shift4 Payments  Inc.,NYSE,37.03,1813600.0,45.6,45.27,49.66,34.56,80.98,7.1,54.3,13.0,False,False,False,False,False,False,False,False,False,0,False,베이스 없음
20260928,FOXX,Foxx Development Holdings Inc,NASDAQ,2.57,7800.0,2.63,3.73,3.94,1.71,7.9,50.3,67.5,13.0,False,False,False,False,False,True,False,False,False,1,False,베이스 없음
20260928,FUBO,FuboTV Inc.,NYSE,9.45,688400.0,10.02,10.84,14.94,7.95,52.68,18.9,82.1,13.0,False,False,False,False,False,False,False,False,False,0,False,베이스 없음
20260928,HAIN,Hain Celestial Group Inc,NASDAQ,0.49,517500.0,0.6,0.67,0.79,0.48,1.69,2.1,71.0,13.0,False,False,False,False,False,False,False,False,False,0,False,Stage2 아님
20260928,HUDI,Huadi International Group Co.  Ltd.,NASDAQ,0.74,23600.0,0.8,1.01,1.06,0.66,1.67,12.1,55.7,13.0,False,False,False,False,False,False,False,False,False,0,False,Stage2 아님
20260928,INTS,Intensity Therapeutics Inc,NASDAQ,3.65,36200.0,4.22,4.93,6.14,3.51,43.5,4.0,91.6,13.0,False,False,False,False,False,False,False,False,False,0,False,Stage2 아님
20260928,IZEA,IZEA Worldwide Inc,NASDAQ,2.52,52900.0,3.09,3.55,3.69,2.38,5.86,5.9,57.0,13.0,False,False,False,False,False,False,False,False,False,0,False,베이스 없음
20260928,KAVL,Kaival Brands Innovations Group Inc,NASDAQ,0.024,8900.0,0.03,0.03,0.04,0.01,0.71,84.6,96.6,13.0,False,False,False,False,False,True,False,False,False,1,False,Stage2 아님
20260928,KRMD,KORU Medical Systems Inc,NASDAQ,3.06,226700.0,3.48,3.99,4.37,2.99,6.61,2.3,53.7,13.0,False,False,False,False,False,False,False,False,False,0,False,1 형성중
20260928,LANV,Lanvin Group Holdings Ltd,NYSE,1.085,15000.0,1.12,1.43,1.5,0.95,2.31,13.9,53.0,13.0,False,False,False,False,False,False,False,False,False,0,False,베이스 없음
20260928,LINC,Lincoln Educational Services Corp,NASDAQ,21.72,813600.0,30.9,39.6,36.11,17.29,56.34,25.6,61.4,13.0,False,False,True,True,False,True,False,False,False,3,False,베이스 없음
20260928,MB,Masterbeef Group,NASDAQ,3.99,3800.0,4.5,5.5,5.69,3.51,19.75,13.7,79.8,13.0,False,False,False,False,False,False,False,False,False,0,False,Stage2 아님
20260928,MBC,MasterBrand  Inc.,NYSE,6.96,3807900.0,8.3,8.57,9.43,6.27,13.96,11.0,50.1,13.0,False,False,False,False,False,False,False,False,False,0,False,베이스 없음
20260928,MTEK,Maris Tech Ltd,NASDAQ,0.971,46954400.0,1.09,1.26,1.31,0.93,4.27,4.4,77.3,13.0,False,False,False,False,False,False,False,False,False,0,False,1 형성중
20260928,NCLH,Norwegian Cruise Line Holdings Ltd.,NYSE,14.31,23314000.0,17.14,18.56,19.56,13.63,26.09,5.0,45.2,13.0,False,False,False,False,False,False,False,False,False,0,False,베이스 없음
20260928,NIO,NIO Inc. ADR,NYSE,3.59,23940400.0,4.26,5.16,5.09,3.55,8.02,1.1,55.2,13.0,False,False,True,False,False,False,False,False,False,1,False,베이스 없음
20260928,NMG,Nouveau Monde Graphite Inc,NYSE,1.25,592700.0,1.38,1.75,1.98,1.25,6.06,0.0,79.4,13.0,False,False,False,False,False,False,False,False,False,0,False,1 형성중
20260928,NNE,NANO Nuclear Energy Inc.,NASDAQ,16.16,1435200.0,17.56,21.63,23.9,14.71,60.87,9.9,73.5,13.0,False,False,False,False,False,False,False,False,False,0,False,베이스 없음
20260928,OCCI,OFS Credit Company Inc,NASDAQ,2.23,90979.0,2.47,2.81,3.26,2.15,5.63,3.7,60.4,13.0,False,False,False,False,False,False,False,False,False,0,False,베이스 없음
20260928,ONCY,Oncolytics Biotech Inc,NASDAQ,0.66,1129200.0,0.8,0.89,0.92,0.64,1.51,2.8,56.3,13.0,False,False,False,False,False,False,False,False,False,0,False,베이스 없음
20260928,PAR,PAR Technology Corporation,NYSE,13.64,807700.0,17.34,15.95,19.87,11.59,40.79,17.7,66.6,13.0,False,False,False,False,False,False,False,False,False,0,False,1 형성중
20260928,PATK,Patrick Industries  Inc.,NASDAQ,69.0,542600.0,81.08,93.68,101.21,67.0,148.5,3.0,53.5,13.0,False,False,False,False,False,False,False,False,False,0,False,베이스 없음
20260928,PLUT,Plutus Financial Group Ltd,NASDAQ,2.11,0.0,2.72,2.96,3.03,1.88,4.19,12.2,49.6,13.0,False,False,False,False,False,False,False,False,False,0,False,Stage2 아님
20260928,POLA,Polar Power Inc,NASDAQ,1.26,97500.0,1.5,1.68,1.7,1.23,5.75,2.4,78.1,13.0,False,False,False,False,False,False,False,False,False,0,False,Stage2 아님
20260928,RBLX,Roblox Corporation,NYSE,41.86,18034700.0,43.35,50.02,56.68,33.88,142.0,23.6,70.5,13.0,False,False,False,False,False,False,False,False,False,0,False,1 형성중
20260928,SRAD,Sportradar Group AG,NASDAQ,12.48,1921700.0,13.29,14.88,16.2,11.55,29.56,8.1,57.8,13.0,False,False,False,False,False,False,False,False,False,0,False,베이스 없음
20260928,SSII,SS Innovations International  Inc.,NASDAQ,2.89,29200.0,3.53,3.99,4.26,2.87,10.0,0.7,71.1,13.0,False,False,False,False,False,False,False,False,False,0,False,Stage2 아님
20260928,SSTI,SoundThinking Inc,NASDAQ,5.47,41900.0,6.81,7.11,7.26,5.42,12.24,1.0,55.3,13.0,False,False,False,False,False,False,False,False,False,0,False,베이스 없음
20260928,STRS,Stratus Properties Inc,NASDAQ,18.11,4400.0,19.13,25.86,26.04,18.02,32.93,0.5,45.0,13.0,False,False,False,False,False,False,False,False,False,0,False,1 형성중
20260928,TPB,Turning Point Brands  Inc.,NYSE,60.38,364000.0,77.55,84.36,92.34,58.57,146.9,3.1,58.9,13.0,False,False,False,False,False,False,False,False,False,0,False,베이스 없음
20260928,TU,Telus Corporation,NYSE,8.36,7454800.0,9.61,11.41,11.92,8.3,15.85,0.7,47.3,13.0,False,False,False,False,False,False,False,False,False,0,False,베이스 없음
20260928,VGAS,Verde Clean Fuels Inc,NASDAQ,1.14,12200.0,1.25,1.46,1.6,0.92,3.36,23.9,66.1,13.0,False,False,False,False,False,False,False,False,False,0,False,베이스 없음
20260928,WIT,Wipro Limited ADR,NYSE,1.62,6027100.0,1.84,2.03,2.2,1.61,3.09,0.6,47.6,13.0,False,False,False,False,False,False,False,False,False,0,False,베이스 없음
20260928,WVVI,Willamette Valley Vineyards Inc,NASDAQ,1.77,7200.0,2.29,2.55,2.63,1.72,4.0,2.9,55.8,13.0,False,False,False,False,False,False,False,False,False,0,False,베이스 없음
20260928,YELP,Yelp Inc.,NYSE,17.59,1275600.0,23.12,24.18,25.11,17.27,34.49,1.9,49.0,13.0,False,False,False,False,False,False,False,False,False,0,False,베이스 없음
20260928,YSG,Yatsen Holding Ltd ADR,NYSE,2.53,61300.0,3.0,3.19,3.46,2.15,9.41,17.7,73.1,13.0,False,False,False,False,False,False,False,False,False,0,False,베이스 없음
20260928,ZJYL,Jin Medical International Ltd,NASDAQ,1.95,14000.0,2.33,2.32,2.65,1.53,12.0,27.5,83.8,13.0,False,False,False,False,False,True,False,False,False,1,False,Stage2 아님
20260928,ACON,Aclarion Inc,NASDAQ,2.44,75200.0,2.46,2.93,3.29,1.95,12.03,25.1,79.7,12.0,False,False,False,False,False,True,False,False,False,1,False,Stage2 아님
20260928,AIOT,Powerfleet  Inc.,NASDAQ,2.62,2369900.0,3.32,3.45,3.86,2.55,5.88,2.7,55.4,12.0,False,False,False,False,False,False,False,False,False,0,False,1 형성중
20260928,ALMS,Alumis Inc.,NASDAQ,7.16,2244700.0,19.57,22.94,22.16,3.76,31.35,90.4,77.2,12.0,False,False,True,True,False,True,False,False,False,3,False,베이스 없음
20260928,AMST,Amesite Inc,NASDAQ,1.01,59700.0,1.03,1.31,1.5,0.77,3.9,31.2,74.1,12.0,False,False,False,False,False,True,False,False,False,1,False,베이스 없음
20260928,ANVS,Annovis Bio Inc,NYSE,1.38,1190000.0,1.59,1.92,2.24,1.04,5.5,32.7,74.9,12.0,False,False,False,False,False,True,False,False,False,1,False,베이스 없음
20260928,BCG,Binah Capital Group Inc,NASDAQ,1.15,19900.0,1.37,1.69,1.87,1.1,3.44,4.5,66.6,12.0,False,False,False,False,False,False,False,False,False,0,False,Stage2 아님
20260928,BTMD,Biote Corp,NASDAQ,1.23,62900.0,1.69,1.88,2.01,1.15,3.26,6.6,62.3,12.0,False,False,False,False,False,False,False,False,False,0,False,베이스 없음
20260928,CANG,Cango Inc,NYSE,2.29,1566700.0,1.93,3.59,5.85,1.36,24.6,68.4,90.7,12.0,False,False,False,False,False,True,False,False,True,2,False,베이스 없음
20260928,CIA,Citizens Inc,NYSE,3.61,96500.0,4.1,4.93,5.06,3.4,6.54,6.2,44.8,12.0,False,False,False,False,False,False,False,False,False,0,False,베이스 없음
20260928,CSGP,CoStar Group  Inc.,NASDAQ,27.02,5182600.0,30.3,34.45,41.04,25.89,85.24,4.4,68.3,12.0,False,False,False,False,False,False,False,False,False,0,False,베이스 없음
20260928,CWD,CaliberCos Inc,NASDAQ,0.659,647100.0,0.56,0.87,1.0,0.43,5.94,54.7,88.9,12.0,False,False,False,False,False,True,False,False,True,2,False,Stage2 아님
20260928,EXOZ,eXoZymes Inc,NASDAQ,6.0,8300.0,5.95,7.79,8.65,4.35,18.4,37.9,67.4,12.0,False,False,False,False,False,True,False,False,True,2,False,Stage2 아님
20260928,FBYD,Falcon's Beyond Global Inc,NASDAQ,8.36,105400.0,9.1,11.38,10.99,3.71,29.02,125.3,71.2,12.0,False,False,True,False,False,True,False,False,False,2,False,베이스 없음
20260928,FICO,Fair Isaac Corporation,NYSE,840.89,371100.0,1078.21,1134.84,1245.13,832.0,1998.01,1.1,57.9,12.0,False,False,False,False,False,False,False,False,False,0,False,베이스 없음
20260928,FULC,Fulcrum Therapeutics  Inc.,NASDAQ,3.72,901200.0,3.78,5.43,6.85,2.83,15.74,31.4,76.4,12.0,False,False,False,False,False,True,False,False,False,1,False,베이스 없음
20260928,GMHS,Gamehaus Holdings Inc,NASDAQ,0.7,1400.0,0.78,0.91,0.93,0.56,1.5,25.0,53.3,12.0,False,False,False,False,False,False,False,False,False,0,False,베이스 없음
20260928,GNLN,Greenlane Holdings Inc,NASDAQ,2.71,31900.0,2.45,3.43,5.97,1.51,37.97,79.5,92.9,12.0,True,False,False,False,False,True,False,False,True,2,False,Stage2 아님
20260928,HTOO,Fusion Fuel Green PLC,NASDAQ,2.06,80500.0,2.34,2.78,3.04,1.86,5.74,10.8,64.1,12.0,False,False,False,False,False,False,False,False,False,0,False,Stage2 아님
20260928,HYPR,Hyperfine  Inc.,NASDAQ,0.836,613300.0,0.88,1.18,1.16,0.75,2.22,10.9,62.3,12.0,False,False,True,False,False,False,False,False,False,1,False,베이스 없음
20260928,IH,iHuman Inc ADR,NYSE,1.15,4100.0,1.27,1.52,1.64,1.11,3.09,3.6,62.8,12.0,False,False,False,False,False,False,False,False,False,0,False,베이스 없음
20260928,IPX,IperionX Limited ADR,NASDAQ,18.75,196900.0,21.83,29.9,33.17,17.4,61.45,7.8,69.5,12.0,False,False,False,False,False,False,False,False,False,0,False,1 형성중
20260928,IXHL,Incannex Healthcare Inc,NASDAQ,3.15,130200.0,3.29,3.59,5.33,2.49,19.71,26.5,84.0,12.0,False,False,False,False,False,True,False,False,False,1,False,Stage2 아님
20260928,JRVR,James River Group Holdings Inc,NASDAQ,3.44,337100.0,4.18,4.93,5.34,3.38,7.2,1.8,52.2,12.0,False,False,False,False,False,False,False,False,False,0,False,베이스 없음
20260928,KNF,Knife River Corp,NYSE,53.37,1313300.0,65.58,77.12,77.02,50.66,96.28,5.3,44.6,12.0,False,False,True,False,False,False,False,False,False,1,False,베이스 없음
20260928,KRUS,Kura Sushi USA  Inc.,NASDAQ,38.82,217700.0,44.88,52.91,55.84,33.97,80.84,14.3,52.0,12.0,False,False,False,False,False,False,False,False,False,0,False,베이스 없음
20260928,KTCC,Key Tronic Corp,NASDAQ,2.1,14700.0,3.28,3.25,3.13,2.1,4.42,0.0,52.5,12.0,False,False,True,False,True,False,False,False,False,2,False,베이스 없음
20260928,LOCL,Local Bounti Corp,NYSE,1.04,21100.0,1.09,1.37,1.57,0.95,4.0,9.5,74.0,12.0,False,False,False,False,False,False,False,False,False,0,False,Stage2 아님
20260928,LPCN,Lipocine Inc,NASDAQ,2.09,34400.0,2.17,3.36,4.43,1.81,12.37,15.5,83.1,12.0,False,False,False,False,False,False,False,False,False,0,False,베이스 없음
20260928,MBI,MBIA Inc,NYSE,4.31,327900.0,5.01,5.74,6.01,4.3,7.87,0.2,45.2,12.0,False,False,False,False,False,False,False,False,False,0,False,베이스 없음
20260928,MGPI,MGP Ingredients  Inc.,NASDAQ,12.78,221600.0,16.56,17.68,19.52,12.5,26.77,2.2,52.3,12.0,False,False,False,False,False,False,False,False,False,0,False,베이스 없음
20260928,MLGO,MicroAlgo Inc,NASDAQ,3.12,48100.0,3.92,4.09,4.38,3.02,11.47,3.3,72.8,12.0,False,False,False,False,False,False,False,False,False,0,False,Stage2 아님
20260928,NAGE,Niagen Bioscience Inc,NASDAQ,2.98,411400.0,3.15,3.85,4.4,2.87,10.06,3.8,70.4,12.0,False,False,False,False,False,False,False,False,False,0,False,베이스 없음
20260928,NCNA,NuCana PLC ADR,NASDAQ,1.29,23600.0,1.39,1.72,2.05,1.21,7.22,6.6,82.1,12.0,False,False,False,False,False,False,False,False,False,0,False,Stage2 아님
20260928,NCT,Intercont (Cayman) Ltd,NASDAQ,2.5,239400.0,3.57,3.15,3.84,0.26,41.0,861.5,93.9,12.0,False,False,False,False,False,True,False,False,False,1,False,Stage2 아님
20260928,NLOP,Net Lease Office Properties,NYSE,10.0,248800.0,11.28,12.07,14.37,9.82,30.26,1.9,67.0,12.0,False,False,False,False,False,False,False,False,False,0,False,베이스 없음
20260928,NUS,Nu Skin Enterprises  Inc.,NYSE,4.64,317100.0,4.91,6.02,7.07,4.49,12.59,3.3,63.1,12.0,False,False,False,False,False,False,False,False,False,0,False,베이스 없음
20260928,OCGN,Ocugen  Inc.,NASDAQ,1.03,4835800.0,1.24,1.5,1.5,0.97,2.72,6.2,62.2,12.0,False,False,True,False,False,False,False,False,False,1,False,베이스 없음
20260928,OM,Outset Medical  Inc.,NASDAQ,2.96,186300.0,4.01,4.1,4.16,2.84,16.16,4.2,81.7,12.0,False,False,False,False,False,False,False,False,False,0,False,Stage2 아님
20260928,ONT,Onterris  Inc.,NYSE,14.64,1125900.0,17.82,19.62,20.81,12.68,30.9,15.5,52.6,12.0,False,False,False,False,False,False,False,False,False,0,False,베이스 없음
20260928,OPFI,OppFi Inc,NYSE,6.12,516600.0,7.83,8.42,8.82,6.09,12.45,0.5,50.8,12.0,False,False,False,False,False,False,False,False,False,0,False,베이스 없음
20260928,PFSI,PennyMac Financial Services  Inc.,NYSE,63.66,451100.0,74.66,82.74,93.57,63.23,160.36,0.7,60.3,12.0,False,False,False,False,False,False,False,False,False,0,False,베이스 없음
20260928,PLBL,Polibeli Group Ltd,NASDAQ,5.61,185900.0,6.11,7.19,7.94,5.1,11.75,10.0,52.3,12.0,False,False,False,False,False,False,False,False,False,0,False,Stage2 아님
20260928,PODD,Insulet Corporation,NASDAQ,133.11,1724700.0,148.07,171.84,197.37,126.4,354.88,5.3,62.5,12.0,False,False,False,False,False,False,False,False,False,0,False,베이스 없음
20260928,PRCT,PROCEPT BioRobotics Corporation,NASDAQ,17.25,1749300.0,19.85,23.13,25.15,16.66,38.11,3.5,54.7,12.0,False,False,False,False,False,False,False,False,False,0,False,베이스 없음
20260928,QXO,QXO Inc,NYSE,12.12,23111900.0,13.53,17.16,18.67,11.14,27.61,8.8,56.1,12.0,False,False,False,False,False,False,False,False,False,0,False,베이스 없음
20260928,RNTX,Rein Therapeutics Inc,NASDAQ,0.721,162800.0,0.79,1.06,1.11,0.69,2.18,3.9,66.9,12.0,False,False,False,False,False,False,False,False,False,0,False,1 형성중
20260928,RR,Richtech Robotics Inc.,NASDAQ,1.57,3545400.0,1.66,2.11,2.48,1.3,7.43,20.8,78.9,12.0,False,False,False,False,False,False,False,False,False,0,False,베이스 없음
20260928,SPRU,Spruce Power Holding Corp,NYSE,1.81,103900.0,1.97,2.89,3.46,1.48,6.75,22.7,73.2,12.0,False,False,False,False,False,False,False,False,False,0,False,베이스 없음
20260928,STLA,Stellantis N.V.,NYSE,4.62,28683600.0,5.36,6.53,7.42,4.46,12.22,3.6,62.2,12.0,False,False,False,False,False,False,False,False,False,0,False,베이스 없음
20260928,THCH,TH International Ltd,NASDAQ,1.26,2100.0,1.49,1.8,1.89,1.09,3.25,15.6,61.2,12.0,False,False,False,False,False,False,False,False,False,0,False,Stage2 아님
20260928,TNXP,Tonix Pharmaceuticals Holding Corp.,NASDAQ,9.9,342200.0,11.75,12.7,13.73,9.4,25.52,5.3,61.2,12.0,False,False,False,False,False,False,False,False,False,0,False,Stage2 아님
20260928,TRIP,TripAdvisor  Inc.,NASDAQ,8.41,3765100.0,10.87,11.11,11.71,8.02,17.82,4.9,52.8,12.0,False,False,False,False,False,False,False,False,False,0,False,베이스 없음
20260928,TZOO,Travelzoo,NASDAQ,5.51,38400.0,7.07,8.11,7.66,4.72,12.39,16.7,55.5,12.0,False,False,True,False,False,False,False,False,False,1,False,베이스 없음
20260928,WD,Walker & Dunlop Inc,NYSE,37.04,498600.0,43.03,47.62,51.38,36.32,90.0,2.0,58.8,12.0,False,False,False,False,False,False,False,False,False,0,False,베이스 없음
20260928,XPEV,Xpeng Inc ADR,NYSE,9.95,5368900.0,11.59,14.66,15.77,9.94,28.24,0.2,64.8,12.0,False,False,False,False,False,False,False,False,False,0,False,베이스 없음
20260928,Z,Zillow Group  Inc. Class C,NASDAQ,27.44,4962200.0,33.13,37.28,43.87,27.2,81.56,0.9,66.4,12.0,False,False,False,False,False,False,False,False,False,0,False,베이스 없음
20260928,ZG,Zillow Group  Inc. Class A,NASDAQ,28.15,1067000.0,33.67,37.51,43.86,27.91,78.74,0.9,64.2,12.0,False,False,False,False,False,False,False,False,False,0,False,베이스 없음
20260928,ABVC,ABVC Biopharma Inc,NASDAQ,1.05,73900.0,1.01,1.2,1.41,0.71,3.4,48.5,69.1,11.0,False,False,False,False,False,True,False,False,True,2,False,1 형성중
20260928,AKBA,Akebia Therapeutics Inc,NASDAQ,0.893,3399300.0,1.01,1.17,1.25,0.81,3.2,9.7,72.1,11.0,False,False,False,False,False,False,False,False,False,0,False,베이스 없음
20260928,APTV,APTIV PLC,NYSE,43.64,2771200.0,49.02,58.89,64.17,42.99,88.93,1.5,50.9,11.0,False,False,False,False,False,False,False,False,False,0,False,베이스 없음
20260928,ATLX,Atlas Lithium Corporation,NASDAQ,2.52,360900.0,3.02,3.96,4.2,2.5,8.25,0.8,69.5,11.0,False,False,False,False,False,False,False,False,False,0,False,1 형성중
20260928,ATXG,Addentax Group Corp,NASDAQ,3.41,3300.0,3.7,4.4,4.81,2.91,17.55,17.2,80.6,11.0,False,False,False,False,False,False,False,False,False,0,False,Stage2 아님
20260928,BBAI,BigBear.ai Holdings  Inc.,NYSE,2.66,12669800.0,2.97,3.56,4.04,2.59,9.39,2.7,71.7,11.0,False,False,False,False,False,False,False,False,False,0,False,베이스 없음
20260928,BBW,Build-A-Bear Workshop  Inc.,NYSE,25.36,459400.0,32.44,35.76,41.55,24.15,74.38,5.0,65.9,11.0,False,False,False,False,False,False,False,False,False,0,False,베이스 없음
20260928,BLDR,Builders FirstSource Inc,NYSE,58.01,1916100.0,67.12,77.58,86.78,56.56,131.5,2.6,55.9,11.0,False,False,False,False,False,False,False,False,False,0,False,베이스 없음
20260928,BROS,Dutch Bros Inc.,NYSE,37.74,4503300.0,51.64,55.01,56.07,37.4,74.02,0.9,49.0,11.0,False,False,False,False,False,False,False,False,False,0,False,베이스 없음
20260928,BUR,Burford Capital Ltd,NYSE,3.93,3855800.0,4.2,5.01,6.1,3.57,12.35,10.1,68.2,11.0,False,False,False,False,False,False,False,False,False,0,False,베이스 없음
20260928,CHTR,Charter Communications  Inc.,NASDAQ,111.4,2898100.0,141.22,165.91,177.15,110.35,285.82,1.0,61.0,11.0,False,False,False,False,False,False,False,False,False,0,False,베이스 없음
20260928,CLRB,Cellectar Biosciences Inc,NASDAQ,1.83,58900.0,2.44,2.72,2.86,1.8,6.52,1.7,71.9,11.0,False,False,False,False,False,False,False,False,False,0,False,베이스 없음
20260928,CNCK,Coincheck Group NV,NASDAQ,1.52,120100.0,2.1,2.05,2.24,1.4,9.31,9.0,83.7,11.0,False,False,False,False,False,False,False,False,False,0,False,베이스 없음
20260928,DFH,Dream Finders Homes Inc (Texas),NYSE,10.88,664200.0,13.8,14.72,15.78,10.86,27.2,0.1,60.0,11.0,False,False,False,False,False,False,False,False,False,0,False,1 형성중
20260928,DLHC,DLH Holdings Corp,NASDAQ,3.46,18500.0,4.49,5.28,5.39,3.38,8.1,2.4,57.3,11.0,False,False,False,False,False,False,False,False,False,0,False,베이스 없음
20260928,ERII,Energy Recovery  Inc.,NASDAQ,6.72,931400.0,7.86,9.15,10.51,6.6,18.32,1.8,63.3,11.0,False,False,False,False,False,False,False,False,False,0,False,베이스 없음
20260928,EVGN,Evogene Ltd,NASDAQ,0.38,170800.0,0.54,0.65,0.75,0.35,1.5,8.6,74.7,11.0,False,False,False,False,False,False,False,False,False,0,False,베이스 없음
20260928,FMC,FMC Corp,NYSE,9.21,4014700.0,10.97,12.85,13.32,9.14,34.39,0.8,73.2,11.0,False,False,False,False,False,False,False,False,False,0,False,1 형성중
20260928,FNUC,Frontier Nuclear and Minerals Inc,NASDAQ,1.41,125900.0,1.62,2.04,2.37,1.35,7.43,4.8,81.0,11.0,False,False,False,False,False,False,False,False,False,0,False,Stage2 아님
20260928,FOA,Finance of America Companies Inc,NYSE,13.38,97500.0,19.42,20.02,20.78,13.36,29.79,0.1,55.1,11.0,False,False,False,False,False,False,False,False,False,0,False,베이스 없음
20260928,FUN,Six Flags Entertainment Corp,NYSE,11.54,2160300.0,15.56,18.07,17.61,11.52,27.37,0.2,57.8,11.0,False,False,True,False,False,False,False,False,False,1,False,베이스 없음
20260928,FVRR,Fiverr International Ltd,NYSE,8.56,567400.0,9.37,10.24,12.05,8.31,25.74,3.0,66.7,11.0,False,False,False,False,False,False,False,False,False,0,False,베이스 없음
20260928,GFAI,Guardforce AI Co Ltd,NASDAQ,0.323,71300.0,0.35,0.44,0.48,0.3,1.23,5.9,73.7,11.0,False,False,False,False,False,False,False,False,False,0,False,Stage2 아님
20260928,GIFT,Giftify Inc,NASDAQ,0.611,42200.0,0.82,0.91,0.95,0.44,1.29,38.9,52.6,11.0,False,False,False,False,False,True,False,False,False,1,False,1 형성중
20260928,GYRO,Gyrodyne LLC,NASDAQ,4.73,500.0,5.33,6.77,7.36,4.62,10.85,2.4,56.4,11.0,False,False,False,False,False,False,False,False,False,0,False,베이스 없음
20260928,HIT,Health In Tech Inc,NASDAQ,0.881,15600.0,1.0,1.22,1.25,0.77,4.02,13.7,78.1,11.0,False,False,False,False,False,False,False,False,False,0,False,Stage2 아님
20260928,HUMA,Humacyte Inc,NASDAQ,0.547,4941200.0,0.63,0.83,0.89,0.53,2.55,4.0,78.5,11.0,False,False,False,False,False,False,False,False,False,0,False,베이스 없음
20260928,IESC,IES Holdings Inc,NASDAQ,322.09,145700.0,519.9,570.48,537.97,293.82,816.51,9.6,60.6,11.0,False,False,True,False,False,False,False,False,False,1,False,베이스 없음
20260928,IHRT,iHeartMedia  Inc.,NASDAQ,2.22,543700.0,3.03,3.67,3.72,2.21,6.56,0.5,66.2,11.0,False,False,False,False,False,False,False,False,False,0,False,베이스 없음
20260928,JBGS,JBG SMITH Properties,NYSE,10.17,1002000.0,12.26,14.0,14.72,10.13,22.82,0.4,55.4,11.0,False,False,False,False,False,False,False,False,False,0,False,1 형성중
20260928,LAC,Lithium Americas Corp,NYSE,2.68,8615800.0,3.0,4.02,4.3,2.66,10.52,0.8,74.5,11.0,False,False,False,False,False,False,False,False,False,0,False,베이스 없음
20260928,LUCK,Lucky Strike Entertainment Corp,NYSE,5.33,76900.0,6.35,7.51,7.76,5.1,10.82,4.5,50.7,11.0,False,False,False,False,False,False,False,False,False,0,False,베이스 없음
20260928,LYEL,Lyell Immunopharma  Inc.,NASDAQ,9.74,129000.0,13.18,16.89,19.52,9.6,45.0,1.5,78.4,11.0,False,False,False,False,False,False,False,False,False,0,False,베이스 없음
20260928,MDXH,MDxHealth SA,NASDAQ,0.548,94700.0,0.59,1.36,1.89,0.4,5.33,37.0,89.7,11.0,True,False,False,False,False,True,False,False,False,1,False,베이스 없음
20260928,MIND,Mind Technology Inc,NASDAQ,4.25,61200.0,4.67,6.11,6.83,3.63,14.5,17.1,70.7,11.0,False,False,False,False,False,False,False,False,False,0,False,베이스 없음
20260928,MNY,MoneyHero Ltd,NASDAQ,0.675,24700.0,0.87,1.14,1.17,0.6,1.6,12.5,57.8,11.0,False,False,False,False,False,False,False,False,False,0,False,베이스 없음
20260928,NAII,Natural Alternatives International Inc,NASDAQ,1.7,12000.0,2.12,2.44,2.74,1.7,4.96,0.0,65.7,11.0,False,False,False,False,False,False,False,False,False,0,False,베이스 없음
20260928,NATR,Nature's Sunshine Products Inc,NASDAQ,12.83,100600.0,16.0,21.08,21.73,12.68,28.14,1.2,54.4,11.0,False,False,False,False,False,False,False,False,False,0,False,베이스 없음
20260928,NRG,NRG Energy Inc,NYSE,97.0,2841600.0,117.78,137.55,142.51,96.86,189.96,0.1,48.9,11.0,False,False,False,False,False,False,False,False,False,0,False,베이스 없음
20260928,NVNI,Nvni Group Ltd,NASDAQ,0.94,30600.0,1.03,1.13,1.47,0.77,16.4,22.2,94.3,11.0,False,False,False,False,False,False,False,False,False,0,False,Stage2 아님
20260928,NYXH,Nyxoah SA,NASDAQ,1.59,642600.0,1.52,2.35,2.96,1.26,6.88,26.2,76.9,11.0,False,False,False,False,False,True,False,False,True,2,False,베이스 없음
20260928,ONEG,OneConstruction Group Ltd,NASDAQ,1.01,81000.0,1.03,1.91,2.06,0.72,14.95,40.3,93.2,11.0,False,False,False,False,False,True,False,False,False,1,False,Stage2 아님
20260928,PETS,PetMed Express  Inc.,NASDAQ,1.41,250900.0,1.82,2.08,2.36,1.4,4.1,0.7,65.6,11.0,False,False,False,False,False,False,False,False,False,0,False,1 형성중
20260928,PHAT,Phathom Pharmaceuticals  Inc.,NASDAQ,7.35,1690900.0,9.08,10.57,11.58,6.91,18.31,6.4,59.9,11.0,False,False,False,False,False,False,False,False,False,0,False,베이스 없음
20260928,PMEC,Primech Holdings Ltd,NASDAQ,0.526,98300.0,0.5,0.63,0.71,0.31,2.44,69.7,78.4,11.0,False,False,False,False,False,True,False,False,True,2,False,1 형성중
20260928,PRIM,Primoris Services Corporation,NYSE,71.12,1186600.0,79.26,113.01,120.36,65.0,205.5,9.4,65.4,11.0,False,False,False,False,False,False,False,False,False,0,False,베이스 없음
20260928,RC,Ready Capital Corp,NYSE,1.3,1702300.0,1.64,1.71,1.81,1.27,4.24,2.4,69.3,11.0,False,False,False,False,False,False,False,False,False,0,False,Stage2 아님
20260928,RCAT,Red Cat Holdings Inc,NASDAQ,6.5,6253200.0,8.39,10.79,10.98,5.77,18.78,12.7,65.4,11.0,False,False,False,True,False,False,False,False,False,1,False,베이스 없음
20260928,SCLX,Scilex Holding Co,NASDAQ,4.49,73200.0,6.03,5.61,6.03,2.62,19.24,71.7,76.7,11.0,False,False,False,False,True,True,False,False,False,2,False,Stage2 아님
20260928,SUPX,SuperX AI Technology Ltd,NASDAQ,7.0,174500.0,7.54,8.54,10.22,5.61,76.5,24.8,90.8,11.0,False,False,False,False,False,False,False,False,False,0,False,베이스 없음
20260928,TOYO,TOYO Co.  Ltd,NASDAQ,4.21,689800.0,4.81,8.59,8.2,4.12,17.43,2.2,75.8,11.0,False,False,True,False,False,False,False,False,False,1,False,베이스 없음
20260928,TURB,Turbo Energy SA ADR,NASDAQ,1.04,158500.0,1.26,1.66,1.47,0.57,7.42,82.5,86.0,11.0,False,False,True,False,False,True,False,False,False,2,False,Stage2 아님
20260928,UAMY,United States Antimony Corp,NYSE,4.26,4632000.0,5.26,7.64,7.58,4.26,19.71,0.0,78.4,11.0,False,False,True,False,False,False,False,False,False,1,False,베이스 없음
20260928,UPST,Upstart Holdings  Inc.,NASDAQ,23.03,5001000.0,27.93,29.34,32.85,22.78,59.36,1.1,61.2,11.0,False,False,False,False,False,False,False,False,False,0,False,1 형성중
20260928,WXM,WF International Ltd,NASDAQ,3.56,7500.0,4.12,4.45,4.64,2.6,39.7,36.9,91.0,11.0,False,False,False,False,False,True,False,False,False,1,False,Stage2 아님
20260928,XHLD,TEN Holdings Inc,NASDAQ,0.978,22618800.0,6.35,3.1,2.8,0.76,15.43,28.0,93.7,11.0,False,False,True,True,True,True,False,False,False,4,False,베이스 없음
20260928,AAME,Atlantic American Corp,NASDAQ,1.31,3600.0,1.43,1.98,2.17,1.25,3.27,4.8,59.9,10.0,False,False,False,False,False,False,False,False,False,0,False,베이스 없음
20260928,ABTS,Abits Group Inc,NASDAQ,1.16,15300.0,1.3,1.49,2.31,0.76,10.86,52.6,89.3,10.0,False,False,False,False,False,True,False,False,False,1,False,베이스 없음
20260928,ADTN,ADTRAN Holdings Inc,NASDAQ,6.8,1648800.0,8.13,12.06,11.36,6.76,19.98,0.6,66.0,10.0,False,False,True,False,False,False,False,False,False,1,False,1 형성중
20260928,ALIT,Alight Inc,NYSE,9.87,782600.0,14.87,14.99,19.66,9.58,67.7,3.0,85.4,10.0,False,False,False,False,False,False,False,False,False,0,False,1 형성중
20260928,APH,Amphenol Corp,NYSE,84.62,13923300.0,131.8,139.44,140.16,76.74,178.52,10.3,52.6,10.0,False,False,False,False,False,False,False,False,False,0,False,베이스 없음
20260928,APP,AppLovin Corporation,NASDAQ,308.24,4125600.0,343.23,429.95,466.35,297.5,745.61,3.6,58.7,10.0,False,False,False,False,False,False,False,False,False,0,False,베이스 없음
20260928,ARDX,Ardelyx  Inc.,NASDAQ,3.41,3318100.0,4.12,5.35,5.7,3.33,8.4,2.4,59.4,10.0,False,False,False,False,False,False,False,False,False,0,False,베이스 없음
20260928,ARI,Apollo Commercial Real Estate Finance Inc,NYSE,6.2,2698600.0,6.7,9.36,9.58,6.15,11.24,0.8,44.8,10.0,False,False,False,False,False,False,False,False,False,0,False,베이스 없음
20260928,AVD,American Vanguard Corporation,NYSE,1.79,377100.0,2.29,2.76,3.19,1.78,5.92,0.6,69.8,10.0,False,False,False,False,False,False,False,False,False,0,False,Stage2 아님
20260928,BIOA,BioAge Labs  Inc.,NASDAQ,7.18,800100.0,12.04,16.77,16.83,5.04,25.96,42.5,72.3,10.0,False,False,False,False,False,True,False,False,False,1,False,베이스 없음
20260928,BOXL,Boxlight Corp,NASDAQ,4.595,19200.0,4.84,5.62,7.51,2.59,106.63,77.4,95.7,10.0,False,False,False,False,False,True,False,False,False,1,False,베이스 없음
20260928,CELZ,Creative Medical Technology Holdings Inc,NASDAQ,1.01,213800.0,1.0,1.64,1.74,0.62,6.25,62.9,83.8,10.0,False,False,False,False,False,True,False,False,True,2,False,Stage2 아님
20260928,COLL,Collegium Pharmaceutical Inc,NASDAQ,22.63,687400.0,28.05,32.83,36.39,21.65,50.79,4.5,55.4,10.0,False,False,False,False,False,False,False,False,False,0,False,베이스 없음
20260928,DKS,DICK'S Sporting Goods  Inc.,NYSE,134.16,2206500.0,169.13,199.42,201.59,120.15,244.38,11.7,45.1,10.0,False,False,False,False,False,False,False,False,False,0,False,베이스 없음
20260928,DQ,Daqo New Energy Corp ADR,NYSE,10.9,850400.0,12.8,16.74,19.49,10.87,36.59,0.3,70.2,10.0,False,False,False,False,False,False,False,False,False,0,False,1 형성중
20260928,DUO,Fangdd Network Group Ltd,NASDAQ,0.615,70300.0,0.61,0.93,1.07,0.42,4.1,46.4,85.0,10.0,False,False,False,False,False,True,False,False,True,2,False,Stage2 아님
20260928,ENGN,enGene Therapeutics Inc.,NASDAQ,1.97,332200.0,1.84,3.87,5.24,1.4,12.25,40.7,83.9,10.0,True,False,False,False,False,True,False,False,True,2,False,베이스 없음
20260928,EVGO,EVgo Inc,NASDAQ,1.34,2471900.0,1.5,1.86,2.16,1.23,5.18,8.9,74.1,10.0,False,False,False,False,False,False,False,False,False,0,False,베이스 없음
20260928,FAC,Factorial Energy Inc,NASDAQ,6.38,316700.0,5.42,9.05,9.36,4.24,25.33,50.5,74.8,10.0,False,False,False,False,False,True,False,False,True,2,False,Stage2 아님
20260928,FINV,FinVolution Group ADR,NYSE,3.07,496300.0,4.08,4.7,4.85,3.06,7.7,0.3,60.2,10.0,False,False,False,False,False,False,False,False,False,0,False,베이스 없음
20260928,FIP,FTAI Infrastructure Inc.,NASDAQ,2.89,1818800.0,3.69,4.59,4.81,2.76,6.69,4.5,56.8,10.0,False,False,False,False,False,False,False,False,False,0,False,베이스 없음
20260928,FLL,Full House Resorts Inc,NASDAQ,1.6,168700.0,2.12,2.43,2.45,1.6,3.46,0.0,53.8,10.0,False,False,False,False,False,False,False,False,False,0,False,베이스 없음
20260928,FLO,Flowers Foods Inc,NYSE,5.65,7009900.0,6.94,7.84,8.61,5.61,13.28,0.7,57.5,10.0,False,False,False,False,False,False,False,False,False,0,False,Stage2 아님
20260928,GBFH,GBank Financial Holdings Inc,NASDAQ,19.11,53100.0,22.19,26.77,28.54,18.34,42.23,4.2,54.7,10.0,False,False,False,False,False,False,False,False,False,0,False,베이스 없음
20260928,GRAN,Grande Group Ltd,NASDAQ,1.02,60500.0,1.3,1.32,1.87,0.8,5.91,27.5,82.7,10.0,False,False,False,False,False,True,False,False,False,1,False,Stage2 아님
20260928,IIIV,I3 Verticals  Inc.,NASDAQ,14.41,324300.0,17.47,20.08,21.14,14.05,33.97,2.6,57.6,10.0,False,False,False,False,False,False,False,False,False,0,False,베이스 없음
20260928,IONS,Ionis Pharmaceuticals  Inc.,NASDAQ,45.57,3564900.0,54.54,67.92,71.18,43.01,86.74,6.0,47.5,10.0,False,False,False,False,False,False,False,False,False,0,False,베이스 없음
20260928,JOBY,Joby Aviation  Inc.,NYSE,6.11,22548900.0,7.14,8.66,9.76,5.93,19.98,3.0,69.4,10.0,False,False,False,False,False,False,False,False,False,0,False,베이스 없음
20260928,KLAR,Klarna Group PLC,NYSE,12.41,4481300.0,16.19,15.87,18.42,12.06,44.75,2.9,72.3,10.0,False,False,False,False,False,False,False,False,False,0,False,Stage2 아님
20260928,KPLT,Katapult Holdings Inc,NASDAQ,4.62,384800.0,7.05,6.83,6.77,4.53,18.27,2.0,74.7,10.0,False,False,True,True,True,False,False,False,False,3,False,베이스 없음
20260928,LCFY,Locafy Ltd,NASDAQ,2.42,2400.0,2.48,3.57,3.51,2.1,7.75,15.1,68.8,10.0,False,False,True,False,False,False,False,False,False,1,False,베이스 없음
20260928,MBIO,Mustang Bio Inc,NASDAQ,0.507,12100.0,0.56,0.69,0.77,0.47,1.85,8.8,72.6,10.0,False,False,False,False,False,False,False,False,False,0,False,Stage2 아님
20260928,MNSO,MINISO Group Holding Ltd ADR,NYSE,8.91,635800.0,10.87,13.38,14.89,8.55,23.55,4.2,62.2,10.0,False,False,False,False,False,False,False,False,False,0,False,베이스 없음
20260928,MNTS,Momentus Inc,NASDAQ,4.03,553000.0,4.39,5.99,6.54,3.11,34.46,29.6,88.3,10.0,False,False,False,False,False,True,False,False,False,1,False,Stage2 아님
20260928,MTR,Mesa Royalty Trust,NYSE,2.4,5900.0,2.67,3.75,3.96,2.17,5.83,10.6,58.8,10.0,False,False,False,False,False,False,False,False,False,0,False,베이스 없음
20260928,NAMM,Namib Minerals,NASDAQ,1.07,495800.0,1.38,1.88,1.93,0.91,7.42,17.1,85.6,10.0,False,False,False,False,False,False,False,False,False,0,False,Stage2 아님
20260928,OPTU,Optimum Communications Inc,NYSE,1.01,1678100.0,0.92,1.15,1.3,0.58,2.74,73.2,63.1,10.0,False,False,False,False,False,True,False,False,True,2,False,베이스 없음
20260928,OSG,Octave Specialty Group Inc,NYSE,4.1,466800.0,4.94,5.18,5.59,3.88,10.38,5.7,60.5,10.0,False,False,False,False,False,False,False,False,False,0,False,베이스 없음
20260928,PLCE,Children's Place Inc,NASDAQ,2.11,49900.0,2.46,3.11,3.51,1.82,9.56,15.9,77.9,10.0,False,False,False,False,False,False,False,False,False,0,False,Stage2 아님
20260928,PLTK,Playtika Holding Corp,NASDAQ,2.13,831800.0,2.8,3.17,3.31,2.07,4.42,2.9,51.8,10.0,False,False,False,False,False,False,False,False,False,0,False,베이스 없음
20260928,PNR,Pentair PLC,NYSE,53.03,2241800.0,61.76,75.23,82.28,52.64,113.95,0.7,53.5,10.0,False,False,False,False,False,False,False,False,False,0,False,베이스 없음
20260928,QDEL,QuidelOrtho Corp,NASDAQ,10.83,760000.0,14.13,14.86,18.42,9.92,35.58,9.2,69.6,10.0,False,False,False,False,False,False,False,False,False,0,False,Stage2 아님
20260928,ROL,Rollins Inc,NYSE,30.59,10845600.0,36.46,46.64,50.33,29.74,66.14,2.9,53.7,10.0,False,False,False,False,False,False,False,False,False,0,False,베이스 없음
20260928,SMPL,The Simply Good Foods Company,NASDAQ,9.6,1887600.0,10.64,12.35,14.01,9.38,25.66,2.4,62.6,10.0,False,False,False,False,False,False,False,False,False,0,False,베이스 없음
20260928,SMR,Nuscale Power Corp,NYSE,7.91,32863500.0,9.07,10.47,12.18,7.21,57.42,9.7,86.2,10.0,False,False,False,False,False,False,False,False,False,0,False,베이스 없음
20260928,SNT,Senstar Technologies Corp,NASDAQ,1.64,6000.0,1.72,2.37,2.78,1.43,5.34,14.7,69.3,10.0,False,False,False,False,False,False,False,False,False,0,False,베이스 없음
20260928,STG,Sunlands Technology Group ADR,NYSE,2.92,0.0,3.16,3.53,4.01,2.44,8.53,19.9,65.8,10.0,False,False,False,False,False,False,False,False,False,0,False,베이스 없음
20260928,SXTP,60 Degrees Pharmaceuticals Inc,NASDAQ,1.25,80300.0,1.15,1.57,1.98,0.84,8.62,48.8,85.5,10.0,False,False,False,False,False,True,False,False,True,2,False,Stage2 아님
20260928,TLRY,Tilray Brands Inc,NASDAQ,4.02,3792700.0,4.35,5.41,6.31,3.67,23.2,9.5,82.7,10.0,False,False,False,False,False,False,False,False,False,0,False,Stage2 아님
20260928,UONE,Urban One Inc Class A,NASDAQ,4.21,8500.0,4.83,6.03,7.37,4.01,16.94,5.0,75.1,10.0,False,False,False,False,False,False,False,False,False,0,False,베이스 없음
20260928,UONEK,Urban One Inc Class D,NASDAQ,3.49,12300.0,4.55,5.12,5.97,3.49,10.9,0.0,68.0,10.0,False,False,False,False,False,False,False,False,False,0,False,베이스 없음
20260928,UXIN,Uxin Ltd ADR,NASDAQ,1.35,236200.0,1.24,2.19,2.49,0.9,4.18,50.7,67.7,10.0,False,False,False,False,False,True,False,False,True,2,False,Stage2 아님
20260928,VITL,Vital Farms Inc,NASDAQ,9.67,1255200.0,11.39,12.55,16.86,7.95,45.16,21.6,78.6,10.0,False,False,False,False,False,False,False,False,False,0,False,베이스 없음
20260928,WHR,Whirlpool Corporation,NYSE,31.4,3682300.0,38.02,45.57,54.5,30.3,94.82,3.6,66.9,10.0,False,False,False,False,False,False,False,False,False,0,False,베이스 없음
20260928,XPON,Expion Energy  Inc,NASDAQ,4.44,20200.0,4.62,6.21,7.21,2.77,21.6,60.3,79.4,10.0,False,False,False,False,False,True,False,False,False,1,False,베이스 없음
20260928,YOUL,Youlife Group Inc ADR,NASDAQ,0.435,69100.0,0.48,0.71,0.89,0.29,2.13,48.0,79.6,10.0,False,False,False,False,False,True,False,False,False,1,False,Stage2 아님
20260928,ZENA,ZenaTech Inc,NASDAQ,1.38,1131500.0,1.61,1.81,2.23,1.15,7.11,20.0,80.6,10.0,False,False,False,False,False,False,False,False,False,0,False,Stage2 아님
20260928,ZTG,Zenta Group Co Ltd,NASDAQ,1.135,320200.0,3.11,2.44,2.42,0.6,12.25,89.2,90.7,10.0,False,False,True,False,True,True,False,False,False,3,False,Stage2 아님
20260928,ABR,Arbor Realty Trust  Inc.,NYSE,4.08,5454600.0,4.92,6.11,6.56,3.87,12.58,5.4,67.6,9.0,False,False,False,False,False,False,False,False,False,0,False,베이스 없음
20260928,ACXP,Acurx Pharmaceuticals Inc,NASDAQ,1.34,52800.0,1.43,2.05,2.23,1.31,8.34,2.3,83.9,9.0,False,False,False,False,False,False,False,False,False,0,False,1 형성중
20260928,AHCO,AdaptHealth Corp.,NASDAQ,5.65,1589500.0,7.03,9.55,9.72,5.21,13.43,8.4,57.9,9.0,False,False,False,False,False,False,False,False,False,0,False,베이스 없음
20260928,AIFC,AI Financial Corp,NASDAQ,0.51,359500.0,0.5,0.8,1.02,0.36,3.28,41.7,84.5,9.0,False,False,False,False,False,True,False,False,True,2,False,베이스 없음
20260928,AMCI,AMC Robotics Corp,NASDAQ,3.24,88400.0,4.29,5.32,5.77,2.5,15.97,29.6,79.7,9.0,False,False,False,False,False,True,False,False,False,1,False,베이스 없음
20260928,ATOS,Atossa Therapeutics Inc,NASDAQ,1.96,152900.0,2.4,3.73,4.94,1.7,19.35,15.3,89.9,9.0,False,False,False,False,False,False,False,False,False,0,False,베이스 없음
20260928,ATPC,Agape ATP Corp,NASDAQ,2.2,10000.0,2.42,2.68,3.4,1.72,73.5,27.8,97.0,9.0,False,False,False,False,False,True,False,False,False,1,False,Stage2 아님
20260928,BRCB,Black Rock Coffee Bar  Inc.,NASDAQ,7.1,200600.0,8.16,10.09,12.35,6.11,26.48,16.2,73.2,9.0,False,False,False,False,False,False,False,False,False,0,False,Stage2 아님
20260928,CISO,CISO Global Inc,NASDAQ,0.208,514300.0,0.25,0.3,0.33,0.2,1.48,4.0,85.9,9.0,False,False,False,False,False,False,False,False,False,0,False,Stage2 아님
20260928,CMCM,Cheetah Mobile Inc ADR,NYSE,2.6,2700.0,3.02,4.4,4.91,2.5,9.15,4.0,71.6,9.0,False,False,False,False,False,False,False,False,False,0,False,1 형성중
20260928,CNF,CNFinance Holdings Ltd ADR,NYSE,1.99,6100.0,2.17,3.04,3.69,1.74,6.49,14.4,69.3,9.0,False,False,False,False,False,False,False,False,False,0,False,베이스 없음
20260928,CRGO,Freightos Ltd,NASDAQ,1.015,43500.0,1.24,1.52,1.74,0.98,4.24,3.3,76.1,9.0,False,False,False,False,False,False,False,False,False,0,False,1 형성중
20260928,CRVO,CervoMed Inc,NASDAQ,2.67,148900.0,2.65,3.34,4.19,2.13,10.0,25.4,73.3,9.0,False,False,False,False,False,True,False,False,True,2,False,베이스 없음
20260928,CWH,Camping World Holdings Inc,NYSE,5.17,1343500.0,6.17,6.87,8.1,4.93,17.15,4.9,69.9,9.0,False,False,False,False,False,False,False,False,False,0,False,베이스 없음
20260928,DWTX,Dogwood Therapeutics Inc,NASDAQ,1.36,82100.0,1.89,1.91,2.39,1.28,9.5,6.2,85.7,9.0,False,False,False,False,False,False,False,False,False,0,False,Stage2 아님
20260928,FCUV,Focus Universal Inc,NASDAQ,4.98,41100.0,6.78,8.02,18.52,1.79,210.0,178.2,97.6,9.0,False,False,False,False,False,True,False,False,False,1,False,베이스 없음
20260928,FLD,Fold Holdings Inc,NASDAQ,0.51,99400.0,0.5,0.88,1.22,0.36,4.24,43.7,88.0,9.0,True,False,False,False,False,True,False,False,True,2,False,Stage2 아님
20260928,FLUT,Flutter Entertainment PLC,NYSE,76.63,3476900.0,98.01,102.89,123.96,76.53,284.87,0.1,73.1,9.0,False,False,False,False,False,False,False,False,False,0,False,베이스 없음
20260928,GRNQ,GreenPro Capital Corp,NASDAQ,9.67,7900.0,11.84,16.93,17.1,5.51,31.8,75.5,69.6,9.0,False,False,False,False,False,True,False,False,False,1,False,1 형성중
20260928,GUTS,Fractyl Health  Inc.,NASDAQ,0.471,1393600.0,0.67,0.66,0.89,0.38,2.44,24.9,80.7,9.0,False,False,False,False,False,False,False,False,False,0,False,베이스 없음
20260928,GWAV,Greenwave Technology Solutions Inc,NASDAQ,2.35,123300.0,3.63,3.58,3.96,2.19,24.0,7.3,90.2,9.0,False,False,False,False,False,False,False,False,False,0,False,Stage2 아님
20260928,KRMN,Karman Holdings Inc,NYSE,33.68,3686500.0,46.46,62.98,69.59,32.2,118.38,4.6,71.5,9.0,False,False,False,False,False,False,False,False,False,0,False,베이스 없음
20260928,LGO,Largo Inc,NASDAQ,0.5,2292600.0,0.67,0.95,1.02,0.5,2.7,0.0,81.5,9.0,False,False,False,False,False,False,False,False,False,0,False,베이스 없음
20260928,LIVE,Live Ventures Inc,NASDAQ,7.5,4200.0,9.25,11.0,12.73,7.5,22.7,0.0,67.0,9.0,False,False,False,False,False,False,False,False,False,0,False,베이스 없음
20260928,LMB,Limbach Holdings Inc,NASDAQ,48.56,405400.0,54.05,72.86,75.44,40.74,114.95,19.2,57.8,9.0,False,False,False,False,False,False,False,False,False,0,False,베이스 없음
20260928,LTBR,Lightbridge Corp,NASDAQ,6.48,635300.0,7.78,9.97,11.28,6.33,31.34,2.4,79.3,9.0,False,False,False,False,False,False,False,False,False,0,False,베이스 없음
20260928,MBOT,Microbot Medical Inc,NASDAQ,1.25,424000.0,1.57,1.96,1.98,1.24,3.47,0.8,64.0,9.0,False,False,False,False,False,False,False,False,False,0,False,베이스 없음
20260928,METC,Ramaco Resources  Inc. Class A,NASDAQ,8.98,1214300.0,11.01,13.31,14.67,8.56,57.8,4.9,84.5,9.0,False,False,False,False,False,False,False,False,False,0,False,베이스 없음
20260928,MIST,Milestone Pharmaceuticals Inc,NASDAQ,0.795,418400.0,1.08,1.39,1.55,0.75,3.06,5.7,74.0,9.0,False,False,False,False,False,False,False,False,False,0,False,베이스 없음
20260928,MLTX,MoonLake Immunotherapeutics,NASDAQ,11.56,1520900.0,15.87,17.37,16.83,5.95,62.75,94.3,81.6,9.0,False,False,True,True,False,True,False,False,False,3,False,베이스 없음
20260928,MSAI,MultiSensor AI Holdings Inc,NASDAQ,4.7,3700.0,5.09,6.6,8.53,4.4,96.0,6.8,95.1,9.0,False,False,False,False,False,False,False,False,False,0,False,베이스 없음
20260928,NBP,NovaBridge Biosciences ADR,NASDAQ,1.36,374900.0,1.73,2.1,2.52,1.32,6.79,3.4,80.0,9.0,False,False,False,False,False,False,False,False,False,0,False,베이스 없음
20260928,NCMI,National Cinemedia Inc,NASDAQ,2.21,1791000.0,2.99,3.29,3.41,2.11,4.76,4.7,53.6,9.0,False,False,False,False,False,False,False,False,False,0,False,베이스 없음
20260928,NSPR,InspireMD Inc,NASDAQ,0.69,23500.0,0.78,1.06,1.24,0.63,2.57,9.5,73.2,9.0,False,False,False,False,False,False,False,False,False,0,False,베이스 없음
20260928,OCS,Oculis Holding AG,NASDAQ,9.06,267000.0,11.67,19.1,20.39,9.0,34.48,0.7,73.7,9.0,False,False,False,False,False,False,False,False,False,0,False,베이스 없음
20260928,OKLO,Oklo Inc.,NYSE,37.11,6419100.0,41.17,53.52,60.59,34.38,193.84,7.9,80.9,9.0,False,False,False,False,False,False,False,False,False,0,False,베이스 없음
20260928,OMEX,Odyssey Marine Exploration Inc,NASDAQ,0.686,231900.0,0.78,0.98,1.24,0.58,4.43,17.3,84.5,9.0,False,False,False,False,False,False,False,False,False,0,False,베이스 없음
20260928,PCT,PureCycle Technologies  Inc.,NASDAQ,4.66,7579900.0,6.32,7.45,8.0,4.63,15.49,0.6,69.9,9.0,False,False,False,False,False,False,False,False,False,0,False,베이스 없음
20260928,PLNT,Planet Fitness Inc,NYSE,40.5,3605100.0,51.13,59.12,69.41,37.03,114.26,9.4,64.6,9.0,False,False,False,False,False,False,False,False,False,0,False,베이스 없음
20260928,PSQH,PSQ Holdings Inc,NYSE,5.0,21600.0,4.66,7.32,9.25,2.95,40.71,69.5,87.7,9.0,False,False,False,False,False,True,False,False,True,2,False,베이스 없음
20260928,REVB,Revelation Biosciences Inc,NASDAQ,0.859,33200.0,1.03,1.09,1.54,0.83,6.76,3.5,87.3,9.0,False,False,False,False,False,False,False,False,False,0,False,Stage2 아님
20260928,RGC,Regencell Bioscience Holdings Ltd,NASDAQ,6.2,76000.0,5.75,16.78,19.42,4.51,69.0,37.5,91.0,9.0,False,False,False,False,False,True,False,False,True,2,False,베이스 없음
20260928,RMCF,Rocky Mountain Chocolate Factory Inc (Delaware),NASDAQ,0.85,42500.0,0.98,1.67,1.78,0.66,2.99,28.8,71.6,9.0,False,False,False,False,False,True,False,False,False,1,False,베이스 없음
20260928,SCKT,Socket Mobile Inc,NASDAQ,0.45,39100.0,0.64,0.77,0.86,0.38,2.79,18.4,83.9,9.0,False,False,False,False,False,False,False,False,False,0,False,베이스 없음
20260928,SCNX,Scienture Holdings Inc,NASDAQ,0.27,397000.0,0.38,0.39,0.42,0.24,2.6,13.4,89.6,9.0,False,False,False,False,False,False,False,False,False,0,False,Stage2 아님
20260928,SFIX,Stitch Fix  Inc.,NASDAQ,2.47,7416800.0,3.36,3.49,3.84,2.1,5.74,17.6,57.0,9.0,False,False,False,False,False,False,False,False,False,0,False,베이스 없음
20260928,SHPH,Shuttle Pharmaceuticals Holdings Inc,NASDAQ,4.11,31300.0,3.61,5.81,8.66,2.58,55.9,59.5,92.6,9.0,False,False,False,False,False,True,False,False,True,2,False,Stage2 아님
20260928,SITC,SITE Centers Corp.,NYSE,3.05,637411.0,3.27,4.6,5.06,2.8,9.08,8.9,66.4,9.0,False,False,False,False,False,False,False,False,False,0,False,베이스 없음
20260928,SPPL,Simpple Ltd,NASDAQ,2.06,58900.0,2.46,2.69,2.92,1.5,7.0,37.3,70.6,9.0,False,False,False,False,False,True,False,False,False,1,False,Stage2 아님
20260928,SRG,Seritage Growth Properties,NYSE,1.75,172900.0,2.17,2.52,2.72,1.75,4.38,0.0,60.0,9.0,False,False,False,False,False,False,False,False,False,0,False,베이스 없음
20260928,STFS,Star Fashion Culture Holdings Ltd,NASDAQ,3.535,25400.0,4.14,6.38,5.87,0.8,20.99,341.9,83.2,9.0,False,False,True,False,False,True,False,False,False,2,False,Stage2 아님
20260928,TCX,Tucows Inc,NASDAQ,9.59,58000.0,10.79,13.75,15.8,8.46,25.17,13.4,61.9,9.0,False,False,False,False,False,False,False,False,False,0,False,1 형성중
20260928,TOMZ,TOMI Environmental Solutions Inc,NASDAQ,1.36,26500.0,1.68,2.0,2.07,1.28,3.33,6.2,59.2,9.0,False,False,False,False,False,False,False,False,False,0,False,1 형성중
20260928,UK,Ucommune International Ltd,NASDAQ,2.03,32900.0,2.08,3.08,4.07,1.62,11.47,25.3,82.3,9.0,False,False,False,False,False,True,False,False,False,1,False,Stage2 아님
20260928,VERI,Veritone Inc,NASDAQ,1.28,1861900.0,1.08,1.73,2.37,0.76,9.42,69.5,86.4,9.0,False,False,False,False,False,True,False,False,True,2,False,Stage2 아님
20260928,ABTC,American Bitcoin Corp,NASDAQ,8.84,967700.0,7.63,12.05,14.91,4.92,112.5,79.7,92.1,8.0,False,False,False,False,False,True,False,False,True,2,False,베이스 없음
20260928,ACR,ACRES Commercial Realty Corp.,NYSE,10.35,59300.0,14.68,17.68,18.4,10.21,24.61,1.4,57.9,8.0,False,False,False,False,False,False,False,False,False,0,False,베이스 없음
20260928,AFJK,Aimei Health Technology Co Ltd,NASDAQ,12.3,1300.0,12.1,27.06,33.18,6.75,130.37,82.2,90.6,8.0,False,False,False,True,False,True,False,False,True,3,False,베이스 없음
20260928,AGMH,AGM Group Holdings Inc,NASDAQ,0.737,24700.0,0.92,1.04,1.28,0.48,9.6,52.7,92.3,8.0,False,False,False,False,False,True,False,False,False,1,False,Stage2 아님
20260928,AIV,Apartment Investment and Management Co,NYSE,2.14,1729100.0,2.51,3.43,4.03,2.12,8.03,0.9,73.3,8.0,False,False,False,False,False,False,False,False,False,0,False,베이스 없음
20260928,ARBK,Argo Blockchain PLC ADR,NASDAQ,2.26,8200.0,2.87,3.17,3.85,2.15,205.2,5.1,98.9,8.0,False,False,False,False,False,False,False,False,False,0,False,베이스 없음
20260928,BDMD,Baird Medical Investment Holdings Ltd,NASDAQ,0.773,46100.0,1.07,1.5,1.43,0.66,3.7,17.0,79.1,8.0,False,False,True,False,False,False,False,False,False,1,False,Stage2 아님
20260928,BIRD,Smartbird Inc,NASDAQ,2.33,204100.0,2.45,3.74,3.79,2.15,24.31,8.4,90.4,8.0,False,False,False,False,False,False,False,False,False,0,False,Stage2 아님
20260928,BLND,Blend Labs  Inc.,NYSE,1.09,1396700.0,1.53,1.6,1.87,1.06,3.86,2.8,71.8,8.0,False,False,False,False,False,False,False,False,False,0,False,1 형성중
20260928,CAPR,Capricor Therapeutics  Inc.,NASDAQ,8.71,2089900.0,8.58,22.2,23.06,2.96,40.37,194.3,78.4,8.0,False,False,False,False,False,True,False,False,True,2,False,베이스 없음
20260928,CCTG,CCSC Technology International Holdings Ltd,NASDAQ,0.48,50500.0,0.66,0.64,0.77,0.35,26.1,36.0,98.2,8.0,False,False,False,False,False,True,False,False,False,1,False,Stage2 아님
20260928,CHR,Cheer Holding Inc,NASDAQ,1.64,10200.0,1.8,2.11,2.73,1.25,123.0,31.2,98.7,8.0,False,False,False,False,False,True,False,False,False,1,False,베이스 없음
20260928,CMTL,Comtech Telecommunications Corp,NASDAQ,1.39,190900.0,1.63,3.07,3.59,1.36,6.21,2.6,77.6,8.0,False,False,False,False,False,False,False,False,False,0,False,베이스 없음
20260928,DCGO,DocGo Inc.,NASDAQ,0.365,917300.0,0.49,0.58,0.64,0.31,1.65,17.5,77.9,8.0,False,False,False,False,False,False,False,False,False,0,False,베이스 없음
20260928,DXST,Decent Holding Inc,NASDAQ,1.95,138900.0,2.5,2.83,9.94,1.5,62.0,30.0,96.9,8.0,False,False,False,False,False,True,False,False,False,1,False,베이스 없음
20260928,DYAI,Dyadic International Inc,NASDAQ,0.47,307100.0,0.76,0.8,0.82,0.34,1.6,38.2,70.6,8.0,False,False,False,False,False,True,False,False,False,1,False,베이스 없음
20260928,EVO,Evotec SE ADR,NASDAQ,1.59,187800.0,1.86,2.5,2.73,1.5,4.27,6.0,62.8,8.0,False,False,False,False,False,False,False,False,False,0,False,베이스 없음
20260928,FLX,BingEx Ltd ADR,NASDAQ,1.39,208200.0,1.79,2.23,2.46,0.59,4.45,136.0,68.8,8.0,False,False,False,False,False,True,False,False,False,1,False,Stage2 아님
20260928,FTFT,Future Fintech Group Inc,NASDAQ,4.19,188500.0,3.12,5.14,8.49,1.23,62.08,240.7,93.3,8.0,False,False,False,False,False,True,False,False,True,2,False,베이스 없음
20260928,GLXG,Galaxy Payroll Group Ltd,NASDAQ,1.01,56700.0,1.02,1.43,1.59,0.72,5.36,40.3,81.2,8.0,False,False,False,False,False,True,False,False,False,1,False,Stage2 아님
20260928,GOGO,Gogo Inc.,NASDAQ,2.22,862000.0,3.04,3.78,4.0,2.2,9.93,0.7,77.6,8.0,False,False,False,False,False,False,False,False,False,0,False,베이스 없음
20260928,GTN.A,Gray Media Inc Class A,NYSE,4.96,1500.0,6.24,8.77,9.46,4.84,15.33,2.5,67.6,8.0,False,False,False,False,False,False,False,False,False,0,False,베이스 없음
20260928,IBG,Innovation Beverage Group Ltd,NASDAQ,0.935,6900.0,0.95,1.27,2.86,0.72,26.9,29.9,96.5,8.0,False,False,False,False,False,True,False,False,False,1,False,Stage2 아님
20260928,IMNN,Imunon Inc,NASDAQ,1.38,108600.0,1.56,2.23,2.57,1.3,5.55,6.2,75.1,8.0,False,False,False,False,False,False,False,False,False,0,False,베이스 없음
20260928,IMSR,Terrestrial Energy Inc,NASDAQ,4.12,1242700.0,5.1,6.37,6.92,4.03,31.5,2.4,86.9,8.0,False,False,False,False,False,False,False,False,False,0,False,Stage2 아님
20260928,IRIX,IRIDEX Corp,NASDAQ,0.62,23200.0,0.77,1.02,1.08,0.61,1.65,1.6,62.4,8.0,False,False,False,False,False,False,False,False,False,0,False,베이스 없음
20260928,JYD,Jayud Global Logistics Ltd,NASDAQ,0.93,6500.0,0.9,1.93,2.35,0.47,8.0,97.9,88.4,8.0,False,False,False,False,False,True,False,False,True,2,False,베이스 없음
20260928,KLC,Kindercare Learning Companies Inc,NYSE,2.01,586100.0,3.53,3.59,3.81,1.75,7.1,14.9,71.7,8.0,False,False,False,False,False,False,False,False,False,0,False,Stage2 아님
20260928,KLRS,Kalaris Therapeutics Inc,NASDAQ,2.845,92800.0,3.74,5.25,6.22,2.81,11.88,1.2,76.1,8.0,False,False,False,False,False,False,False,False,False,0,False,베이스 없음
20260928,LICN,Lichen International Ltd,NASDAQ,1.03,3400.0,1.16,2.67,2.77,0.7,9.49,46.1,89.2,8.0,False,False,False,False,False,True,False,False,False,1,False,베이스 없음
20260928,LNZA,Lanzatech Global Inc,NASDAQ,5.94,30900.0,6.01,11.45,11.77,5.02,44.0,18.3,86.5,8.0,False,False,False,False,False,False,False,False,False,0,False,Stage2 아님
20260928,LXEO,Lexeo Therapeutics  Inc.,NASDAQ,3.14,1256700.0,4.52,5.24,6.03,3.14,10.99,0.0,71.4,8.0,False,False,False,False,False,False,False,False,False,0,False,베이스 없음
20260928,MNST,Monster Beverage Corporation,NASDAQ,41.86,14816900.0,57.48,74.84,75.75,41.22,100.34,1.6,58.3,8.0,False,False,False,False,False,False,False,False,False,0,False,베이스 없음
20260928,MRM,Medirom Healthcare Technologies Inc ADR,NASDAQ,0.65,93000.0,0.92,1.07,1.25,0.6,4.45,8.3,85.4,8.0,False,False,False,False,False,False,False,False,False,0,False,1 형성중
20260928,NCTY,The9 Ltd ADR,NASDAQ,3.34,128400.0,4.31,4.99,5.4,3.14,11.6,6.4,71.2,8.0,False,False,False,False,False,False,False,False,False,0,False,1 형성중
20260928,PASW,Ping An Biomedical Co Ltd,NASDAQ,0.125,136800.0,0.13,0.15,0.2,0.11,1.32,13.6,90.5,8.0,False,False,False,False,False,False,False,False,False,0,False,Stage2 아님
20260928,PAVM,PAVmed Inc,NASDAQ,3.795,8600.0,4.8,6.74,7.31,3.7,28.44,2.6,86.7,8.0,False,False,False,False,False,False,False,False,False,0,False,Stage2 아님
20260928,PPBT,Purple Biotech Ltd ADR,NASDAQ,1.49,13000.0,1.55,2.81,3.75,1.16,14.1,28.4,89.4,8.0,False,False,False,False,False,True,False,False,False,1,False,Stage2 아님
20260928,PRSO,Peraso Inc,NASDAQ,0.49,119900.0,0.62,0.88,0.9,0.46,2.37,7.0,79.3,8.0,False,False,False,False,False,False,False,False,False,0,False,베이스 없음
20260928,PZZA,Papa John's International Inc,NASDAQ,20.09,1475000.0,24.81,31.05,32.59,19.31,55.74,4.0,64.0,8.0,False,False,False,False,False,False,False,False,False,0,False,베이스 없음
20260928,QS,QuantumScape Corporation,NASDAQ,4.56,16234800.0,5.5,6.64,7.47,4.54,19.07,0.4,76.1,8.0,False,False,False,False,False,False,False,False,False,0,False,베이스 없음
20260928,SEAT,Vivid Seats Inc,NASDAQ,3.78,69900.0,6.28,6.87,6.88,3.6,17.16,5.0,78.0,8.0,False,False,False,False,False,False,False,False,False,0,False,베이스 없음
20260928,SERV,Serve Robotics Inc.,NASDAQ,4.43,1741000.0,4.82,7.2,8.29,4.17,18.64,6.2,76.2,8.0,False,False,False,False,False,False,False,False,False,0,False,Stage2 아님
20260928,SLMT,Brera Holdings PLC,NASDAQ,4.39,79500.0,4.04,6.19,9.09,2.93,374.45,49.8,98.8,8.0,False,False,False,False,False,True,False,False,True,2,False,Stage2 아님
20260928,SNGX,Soligenix Inc,NASDAQ,0.38,135000.0,0.38,0.64,0.81,0.28,1.97,35.7,80.7,8.0,False,False,False,False,False,True,False,False,True,2,False,Stage2 아님
20260928,SPRO,Spero Therapeutics  Inc.,NASDAQ,1.19,393100.0,1.22,2.06,2.14,1.08,3.08,10.2,61.4,8.0,False,False,False,False,False,False,False,False,False,0,False,베이스 없음
20260928,STEX,Streamex Corp,NASDAQ,0.705,1141900.0,0.75,1.08,1.63,0.57,7.19,23.3,90.2,8.0,False,False,False,False,False,False,False,False,False,0,False,베이스 없음
20260928,SVRE,Saverone 2014 Ltd ADR,NASDAQ,2.11,5400.0,2.99,3.42,4.01,2.02,19.92,4.5,89.4,8.0,False,False,False,False,False,False,False,False,False,0,False,Stage2 아님
20260928,UPB,Upstream Bio  Inc.,NASDAQ,5.3,615400.0,6.39,7.67,12.39,4.99,33.68,6.3,84.3,8.0,False,False,False,False,False,False,False,False,False,0,False,베이스 없음
20260928,UTI,Universal Technical Institute  Inc.,NYSE,18.47,2458000.0,27.24,34.93,33.04,18.46,51.34,0.1,64.0,8.0,False,False,True,False,False,False,False,False,False,1,False,1 형성중
20260928,VSME,VS Media Holdings Ltd,NASDAQ,0.98,175300.0,1.12,1.19,1.31,0.68,62.0,44.1,98.4,8.0,False,False,False,False,False,True,False,False,False,1,False,베이스 없음
20260928,WING,Wingstop Inc.,NASDAQ,101.8,1648600.0,117.1,153.35,179.95,95.82,302.8,6.2,66.4,8.0,False,False,False,False,False,False,False,False,False,0,False,베이스 없음
20260928,WVE,Wave Life Sciences Ltd.,NASDAQ,3.67,3530700.0,5.12,7.04,8.96,3.6,21.73,1.9,83.1,8.0,False,False,False,False,False,False,False,False,False,0,False,베이스 없음
20260928,XPOF,Xponential Fitness  Inc.,NYSE,3.91,857400.0,5.17,5.92,6.47,3.57,9.25,9.5,57.7,8.0,False,False,False,False,False,False,False,False,False,0,False,베이스 없음
20260928,XTIA,XTI Aerospace Inc,NASDAQ,0.92,337200.0,1.3,1.75,1.72,0.86,3.19,6.8,71.2,8.0,False,False,True,False,False,False,False,False,False,1,False,Stage2 아님
20260928,YMAT,J-Star Holding Co Ltd,NASDAQ,1.57,268200.0,1.84,2.37,2.44,0.85,13.0,84.7,87.9,8.0,False,False,False,False,False,True,False,False,False,1,False,Stage2 아님
20260928,YRD,Yiren Digital Ltd ADR,NYSE,0.976,46400.0,1.1,1.7,2.27,0.82,6.79,19.0,85.6,8.0,False,False,False,False,False,False,False,False,False,0,False,베이스 없음
20260928,AGNT,AGNT  Inc.,NASDAQ,3.51,1378700.0,4.11,5.16,6.15,3.4,12.23,3.2,71.3,7.0,False,False,False,False,False,False,False,False,False,0,False,베이스 없음
20260928,AIRS,AirSculpt Technologies Inc,NASDAQ,1.88,788500.0,3.28,3.5,3.21,1.51,12.0,24.5,84.3,7.0,False,False,True,False,False,False,False,False,False,1,False,베이스 없음
20260928,AIXI,Xiao-I Corp ADR,NASDAQ,1.6,174700.0,1.3,6.52,6.67,0.4,54.2,300.0,97.0,7.0,False,False,False,False,False,True,False,False,True,2,False,베이스 없음
20260928,ARRY,Array Technologies Inc,NASDAQ,3.83,6576400.0,4.86,6.75,7.61,3.76,12.23,1.9,68.7,7.0,False,False,False,False,False,False,False,False,False,0,False,베이스 없음
20260928,BAK,Braskem S.A. ADR,NYSE,1.49,2082700.0,2.02,3.17,3.2,1.4,5.4,6.4,72.4,7.0,False,False,False,False,False,False,False,False,False,0,False,베이스 없음
20260928,BODI,Beachbody Company  Inc,NASDAQ,4.735,17900.0,7.3,9.72,9.89,4.05,16.87,16.8,71.9,7.0,False,False,False,False,False,False,False,False,False,0,False,베이스 없음
20260928,CIGL,Concorde International Group Ltd,NASDAQ,0.39,61500.0,0.47,0.98,1.22,0.36,5.45,8.0,92.8,7.0,False,False,False,False,False,False,False,False,False,0,False,Stage2 아님
20260928,CLIK,Click Holdings Limited,NASDAQ,1.15,22000.0,1.37,1.94,2.67,0.96,14.4,19.8,92.0,7.0,False,False,False,False,False,False,False,False,False,0,False,Stage2 아님
20260928,CMTG,Claros Mortgage Trust Inc,NYSE,1.27,502200.0,1.73,2.18,2.37,1.27,3.73,0.0,66.0,7.0,False,False,False,False,False,False,False,False,False,0,False,베이스 없음
20260928,DFSC,DEFSEC Technologies Inc,NASDAQ,1.085,65600.0,1.51,2.39,2.32,1.05,6.0,3.3,81.9,7.0,False,False,True,False,False,False,False,False,False,1,False,Stage2 아님
20260928,DGNX,Diginex Limited,NASDAQ,1.41,250900.0,1.41,2.2,8.1,0.85,318.84,65.9,99.6,7.0,True,False,False,False,False,True,False,False,True,2,False,Stage2 아님
20260928,DOGZ,Dogness International Corp,NASDAQ,0.905,6300.0,0.98,1.16,2.66,0.81,15.69,11.7,94.2,7.0,False,False,False,False,False,False,False,False,False,0,False,베이스 없음
20260928,EH,EHang Holdings Limited ADR,NASDAQ,4.4,601800.0,5.04,7.98,9.3,4.31,20.2,2.0,78.2,7.0,False,False,False,False,False,False,False,False,False,0,False,베이스 없음
20260928,FLNA,Filana Therapeutics  Inc.,NASDAQ,0.85,2053900.0,0.89,1.34,1.56,0.67,4.98,26.9,82.9,7.0,False,False,False,False,False,True,False,False,False,1,False,베이스 없음
20260928,FTHM,Fathom Holdings Inc,NASDAQ,0.537,4839900.0,0.7,0.78,0.86,0.4,2.2,34.2,75.6,7.0,False,False,False,False,False,True,False,False,False,1,False,베이스 없음
20260928,GAIA,Gaia Inc,NASDAQ,1.42,181300.0,1.58,2.31,2.62,1.16,6.39,22.4,77.8,7.0,False,False,False,False,False,False,False,False,False,0,False,베이스 없음
20260928,GEOS,Geospace Technologies Corp,NASDAQ,4.89,85600.0,5.82,7.99,10.05,4.86,29.89,0.6,83.6,7.0,False,False,False,False,False,False,False,False,False,0,False,베이스 없음
20260928,GP,GreenPower Motor Company Inc,NASDAQ,0.63,418500.0,1.24,1.18,1.12,0.51,3.67,23.5,82.8,7.0,False,False,True,False,True,False,False,False,False,2,False,베이스 없음
20260928,GPMT,Granite Point Mortgage Trust Inc.,NYSE,0.9,124200.0,1.13,1.36,1.6,0.81,3.03,11.1,70.3,7.0,False,False,False,False,False,False,False,False,False,0,False,베이스 없음
20260928,GSIW,Garden Stage Ltd,NASDAQ,13.0,57400.0,17.96,23.12,24.41,8.0,51.2,62.5,74.6,7.0,False,False,False,False,False,True,False,False,False,1,False,Stage2 아님
20260928,HERE,Here Group Ltd ADR,NASDAQ,1.665,7500.0,1.85,2.62,3.18,1.5,9.9,11.0,83.2,7.0,False,False,False,False,False,False,False,False,False,0,False,베이스 없음
20260928,HTZ,Hertz Global Holdings Inc,NASDAQ,1.69,9230800.0,2.0,3.82,4.18,1.45,8.18,16.6,79.3,7.0,False,False,False,False,False,False,False,False,False,0,False,베이스 없음
20260928,ICMB,Investcorp Credit Management BDC Inc,NASDAQ,0.855,14600.0,0.83,1.38,1.75,0.73,3.12,17.0,72.6,7.0,False,False,False,False,False,False,False,False,True,1,False,Stage2 아님
20260928,INBS,Intelligent Bio Solutions Inc,NASDAQ,1.65,24500.0,2.12,2.65,4.06,1.52,24.9,8.6,93.4,7.0,False,False,False,False,False,False,False,False,False,0,False,Stage2 아님
20260928,INSE,Inspired Entertainment  Inc,NASDAQ,3.99,695700.0,5.87,6.89,7.43,3.92,9.95,1.8,59.9,7.0,False,False,False,False,False,False,False,False,False,0,False,1 형성중
20260928,INTJ,Intelligent Group Ltd,NASDAQ,3.0,75000.0,3.12,6.07,6.87,2.41,12.52,24.5,76.0,7.0,False,False,False,False,False,False,False,False,False,0,False,Stage2 아님
20260928,INVZ,Innoviz Technologies Ltd,NASDAQ,0.378,2397000.0,0.4,0.6,0.72,0.29,2.54,29.8,85.1,7.0,False,False,False,False,False,True,False,False,False,1,False,베이스 없음
20260928,IQST,iQSTEL Inc,NASDAQ,0.99,123400.0,1.03,1.33,1.71,0.87,7.23,13.8,86.3,7.0,False,False,False,False,False,False,False,False,False,0,False,베이스 없음
20260928,LASE,Laser Photonics Corp,NASDAQ,0.868,809700.0,1.12,1.21,1.39,0.38,5.0,128.4,82.6,7.0,False,False,False,False,False,True,False,False,False,1,False,베이스 없음
20260928,LSTA,Lisata Therapeutics Inc,NASDAQ,1.5,38200.0,1.55,3.1,3.1,0.99,5.07,51.5,70.4,7.0,False,False,False,False,False,True,False,False,False,1,False,1 형성중
20260928,MKZR,Mackenzie Realty Capital Inc,NASDAQ,1.37,3000.0,1.45,2.36,2.82,0.83,6.0,65.1,77.2,7.0,False,False,False,False,False,True,False,False,False,1,False,Stage2 아님
20260928,NEGG,Newegg Commerce Inc,NASDAQ,13.04,29600.0,15.65,25.02,32.05,12.5,96.29,4.3,86.5,7.0,False,False,False,False,False,False,False,False,False,0,False,1 형성중
20260928,NIKI,Aptorum Group Ltd,NASDAQ,4.7,22100.0,7.44,8.28,8.74,4.52,25.9,4.0,81.9,7.0,False,False,False,False,False,False,False,False,False,0,False,Stage2 아님
20260928,NTHI,NeOnc Technologies Holdings Inc,NASDAQ,3.16,108700.0,3.86,5.23,6.2,2.96,12.99,6.9,75.7,7.0,False,False,False,False,False,False,False,False,False,0,False,Stage2 아님
20260928,NXH,Neighborhood Intelligence  Inc.,NASDAQ,3.09,3850700.0,4.21,4.96,5.24,3.0,12.65,3.0,75.6,7.0,False,False,False,False,False,False,False,False,False,0,False,1 형성중
20260928,OCG,Oriental Culture Holding Ltd,NASDAQ,1.48,21800.0,1.62,1.82,73.65,1.37,12731.4,8.0,100.0,7.0,False,False,False,False,False,False,False,False,False,0,False,베이스 없음
20260928,OI,O-I Glass  Inc.,NYSE,5.78,4908800.0,7.14,9.05,10.62,5.65,16.91,2.3,65.8,7.0,False,False,False,False,False,False,False,False,False,0,False,베이스 없음
20260928,PAL,Proficient Auto Logistics Inc,NASDAQ,3.53,1884300.0,5.61,6.35,7.16,3.52,10.97,0.3,67.8,7.0,False,False,False,False,False,False,False,False,False,0,False,베이스 없음
20260928,PLAY,Dave & Buster's Entertainment  Inc.,NASDAQ,6.41,2278000.0,9.21,11.14,12.86,6.38,22.1,0.5,71.0,7.0,False,False,False,False,False,False,False,False,False,0,False,베이스 없음
20260928,PMCB,PharmaCyte Biotech Inc,NASDAQ,0.4199,140300.0,0.52,0.66,0.71,0.33,1.51,25.8,72.2,7.0,False,False,False,False,False,True,False,False,False,1,False,1 형성중
20260928,RARE,Ultragenyx Pharmaceutical Inc.,NASDAQ,14.41,4896400.0,22.29,23.98,24.56,12.73,39.89,13.2,63.9,7.0,False,False,False,False,False,False,False,False,False,0,False,베이스 없음
20260928,RDHL,Redhill Biopharma Ltd ADR,NASDAQ,0.506,89600.0,0.64,0.81,0.9,0.49,2.79,3.3,81.9,7.0,False,False,False,False,False,False,False,False,False,0,False,Stage2 아님
20260928,RPID,Rapid Micro Biosystems  Inc.,NASDAQ,1.095,268300.0,1.61,2.15,2.54,1.08,4.94,1.4,77.8,7.0,False,False,False,False,False,False,False,False,False,0,False,베이스 없음
20260928,RUN,Sunrun Inc,NASDAQ,7.67,6415800.0,9.34,12.0,13.75,7.66,22.44,0.1,65.8,7.0,False,False,False,False,False,False,False,False,False,0,False,베이스 없음
20260928,STKH,Steakholder Foods Ltd ADR,NASDAQ,1.63,41800.0,2.55,3.46,4.31,1.08,20.91,50.9,92.2,7.0,False,False,False,False,False,True,False,False,False,1,False,베이스 없음
20260928,TPST,Tempest Therapeutics Inc,NASDAQ,0.832,256400.0,0.97,1.47,1.79,0.74,12.23,11.8,93.2,7.0,False,False,False,False,False,False,False,False,False,0,False,Stage2 아님
20260928,TRAW,Traws Pharma Inc,NASDAQ,0.58,175500.0,0.54,1.13,1.31,0.43,3.27,34.9,82.3,7.0,False,False,False,False,False,True,False,False,True,2,False,Stage2 아님
20260928,TREE,LendingTree  Inc.,NASDAQ,24.21,251600.0,31.36,37.87,41.73,23.5,71.17,3.0,66.0,7.0,False,False,False,False,False,False,False,False,False,0,False,베이스 없음
20260928,TTD,Trade Desk Inc,NASDAQ,12.34,22788600.0,14.98,19.63,23.1,12.18,56.39,1.3,78.1,7.0,False,False,False,False,False,False,False,False,False,0,False,베이스 없음
20260928,TTEC,TTEC Holdings Inc (Texas),NASDAQ,1.23,500600.0,1.69,2.26,2.51,1.18,3.99,4.2,69.2,7.0,False,False,False,False,False,False,False,False,False,0,False,Stage2 아님
20260928,UFG,Uni-Fuels Holdings Ltd,NASDAQ,0.479,112600.0,0.6,0.77,0.84,0.45,8.4,7.2,94.3,7.0,False,False,False,False,False,False,False,False,False,0,False,Stage2 아님
20260928,UPLD,Upland Software Inc,NASDAQ,3.29,50000.0,4.29,5.9,7.91,3.1,27.5,6.1,88.0,7.0,False,False,False,False,False,False,False,False,False,0,False,베이스 없음
20260928,VRAX,Virax Biolabs Group Ltd,NASDAQ,2.314,5500.0,2.86,3.87,4.9,2.14,21.75,7.9,89.4,7.0,False,False,False,False,False,False,False,False,False,0,False,베이스 없음
20260928,YXT,YXT.Com Group Holding Ltd ADR,NASDAQ,2.46,8800.0,3.56,4.39,5.18,2.2,32.14,11.8,92.3,7.0,False,False,False,False,False,False,False,False,False,0,False,Stage2 아님
20260928,ZDAI,DirectBooking Technology Co Ltd,NASDAQ,1.65,9100.0,1.66,2.5,3.4,1.3,12.0,26.9,86.2,7.0,False,False,False,False,False,True,False,False,False,1,False,Stage2 아님
20260928,AEI,Alset Inc,NASDAQ,0.78,9100.0,1.17,1.48,1.83,0.75,3.98,4.0,80.4,6.0,False,False,False,False,False,False,False,False,False,0,False,베이스 없음
20260928,AHG,Akso Health Group ADR,NASDAQ,0.731,48100.0,1.11,1.57,1.54,0.7,2.5,4.4,70.8,6.0,False,False,True,False,False,False,False,False,False,1,False,베이스 없음
20260928,ALDX,Aldeyra Therapeutics Inc,NASDAQ,1.16,1019700.0,1.5,2.03,2.76,1.07,5.93,8.4,80.4,6.0,False,False,False,False,False,False,False,False,False,0,False,베이스 없음
20260928,AMIX,Autonomix Medical Inc,NASDAQ,3.83,74200.0,5.55,7.11,7.99,2.44,32.55,57.0,88.2,6.0,False,False,False,False,False,True,False,False,False,1,False,Stage2 아님
20260928,ATYR,aTyr Pharma Inc,NASDAQ,0.298,4112700.0,0.47,0.63,0.67,0.28,1.12,5.7,73.4,6.0,False,False,False,False,False,False,False,False,False,0,False,베이스 없음
20260928,AURE,Aurelion Inc,NASDAQ,1.16,3000.0,1.57,2.01,2.27,1.06,14.6,9.4,92.1,6.0,False,False,False,False,False,False,False,False,False,0,False,Stage2 아님
20260928,AUUD,Auddia Inc,NASDAQ,1.21,252100.0,1.07,2.51,3.77,0.82,18.84,48.3,93.6,6.0,False,False,False,False,False,True,False,False,True,2,False,Stage2 아님
20260928,BAER,Bridger Aerospace Group Holdings Inc,NASDAQ,0.75,647900.0,1.32,1.79,1.93,0.74,3.44,1.5,78.2,6.0,False,False,False,False,False,False,False,False,False,0,False,베이스 없음
20260928,BGLC,BioNexus Gene Lab Corp,NASDAQ,1.3,11400.0,1.5,1.98,2.31,1.07,6.1,21.5,78.7,6.0,False,False,False,False,False,False,False,False,False,0,False,Stage2 아님
20260928,BJDX,Bluejay Diagnostics Inc,NASDAQ,0.96,235100.0,0.97,1.84,2.13,0.8,16.68,19.3,94.2,6.0,False,False,False,False,False,False,False,False,False,0,False,Stage2 아님
20260928,BLNE,Beeline Holdings Inc,NASDAQ,0.88,253600.0,1.0,1.57,1.82,0.76,4.65,15.8,81.1,6.0,False,False,False,False,False,False,False,False,False,0,False,Stage2 아님
20260928,BRBR,BellRing Brands  Inc.,NYSE,7.74,3004400.0,10.77,12.61,15.72,7.59,37.12,2.0,79.1,6.0,False,False,False,False,False,False,False,False,False,0,False,베이스 없음
20260928,CCB,Coastal Financial Corp (EVERETT),NASDAQ,37.545,776300.0,51.57,67.83,77.35,35.56,120.05,5.6,68.7,6.0,False,False,False,False,False,False,False,False,False,0,False,1 형성중
20260928,CGTL,Creative Global Technology Holdings Ltd,NASDAQ,4.03,17600.0,4.23,10.64,17.26,2.28,96.0,76.8,95.8,6.0,False,False,False,False,False,True,False,False,False,1,False,Stage2 아님
20260928,CHSN,Chanson International Holding,NASDAQ,1.15,40500.0,1.08,70.62,106.23,0.92,331.0,25.7,99.7,6.0,True,False,False,False,False,True,False,False,True,2,False,Stage2 아님
20260928,CLLS,Cellectis SA ADR,NASDAQ,1.48,58100.0,2.69,3.23,3.48,1.25,5.48,18.4,73.0,6.0,False,False,False,False,False,False,False,False,False,0,False,베이스 없음
20260928,CNTB,Connect Biopharma Holdings Ltd,NASDAQ,1.08,2461300.0,2.0,2.34,2.38,1.05,3.82,2.9,71.7,6.0,False,False,False,False,False,False,False,False,False,0,False,베이스 없음
20260928,CUPR,Cuprina Holdings (Cayman) Ltd,NASDAQ,1.95,134400.0,2.89,3.1,3.25,1.44,14.8,34.9,86.8,6.0,False,False,False,False,False,True,False,False,False,1,False,Stage2 아님
20260928,ELOG,Eastern International Ltd,NASDAQ,0.489,22700.0,0.73,0.89,1.01,0.4,3.07,22.9,84.1,6.0,False,False,False,False,False,False,False,False,False,0,False,Stage2 아님
20260928,EOSE,Eos Energy Enterprises  Inc.,NASDAQ,3.07,25788400.0,3.75,5.55,7.61,3.01,19.86,2.0,84.5,6.0,False,False,False,False,False,False,False,False,False,0,False,베이스 없음
20260928,FLNC,Fluence Energy Inc,NASDAQ,7.5,5736000.0,11.39,15.48,17.25,7.01,33.51,7.0,77.6,6.0,False,False,False,False,False,False,False,False,False,0,False,베이스 없음
20260928,FLYE,Fly-E Group Inc,NASDAQ,1.43,12400.0,1.72,1.92,2.92,1.28,22.0,11.7,93.5,6.0,False,False,False,False,False,False,False,False,False,0,False,베이스 없음
20260928,FMFC,Kandal M Venture Ltd,NASDAQ,0.186,166500.0,0.24,0.34,0.34,0.17,15.75,6.9,98.8,6.0,False,False,False,False,False,False,False,False,False,0,False,Stage2 아님
20260928,FRSX,Foresight Autonomous Holdings Ltd ADR,NASDAQ,1.18,375900.0,1.22,1.81,2.31,1.03,7.95,14.6,85.2,6.0,False,False,False,False,False,False,False,False,False,0,False,Stage2 아님
20260928,FUSE,FUSEMACHINES INC.,NASDAQ,0.65,53258200.0,0.75,1.14,1.3,0.5,25.0,28.8,97.4,6.0,False,False,False,False,False,True,False,False,False,1,False,베이스 없음
20260928,GNTA,Genenta Science SpA ADR,NASDAQ,0.69,51300.0,1.14,1.09,1.13,0.55,10.0,25.5,93.1,6.0,False,False,False,False,True,True,False,False,False,2,False,Stage2 아님
20260928,GRSD,Grandstand Limited,NASDAQ,1.55,98200.0,1.85,2.78,3.33,1.5,8.49,3.3,81.7,6.0,False,False,False,False,False,False,False,False,False,0,False,베이스 없음
20260928,GVH,Globavend Holdings Ltd,NASDAQ,1.08,36600.0,1.12,2.53,2.35,0.87,6.46,24.1,83.3,6.0,False,False,True,False,False,False,False,False,False,1,False,베이스 없음
20260928,GXAI,Gaxos.ai Inc.,NASDAQ,0.55,175500.0,0.81,1.1,1.13,0.52,2.63,5.4,79.1,6.0,False,False,False,False,False,False,False,False,False,0,False,Stage2 아님
20260928,HRTX,Heron Therapeutics Inc,NASDAQ,0.29,1124400.0,0.37,0.66,0.82,0.26,1.58,11.5,81.6,6.0,False,False,False,False,False,False,False,False,False,0,False,베이스 없음
20260928,HTCR,HeartCore Enterprises Inc,NASDAQ,2.12,20400.0,2.35,3.23,3.96,1.73,19.6,22.8,89.2,6.0,False,False,False,False,False,False,False,False,False,0,False,베이스 없음
20260928,IDN,Intellicheck Inc,NASDAQ,2.34,154900.0,3.1,4.73,5.05,2.32,9.08,1.1,74.2,6.0,False,False,False,False,False,False,False,False,False,0,False,베이스 없음
20260928,JKS,JinkoSolar Holding Co.  Ltd. ADR,NYSE,9.2,800100.0,13.96,19.38,21.34,9.2,31.88,0.0,71.1,6.0,False,False,False,False,False,False,False,False,False,0,False,베이스 없음
20260928,KG,Kestrel Group Ltd,NASDAQ,5.13,24500.0,7.62,10.1,10.23,4.82,28.42,6.4,81.9,6.0,False,False,False,False,False,False,False,False,False,0,False,베이스 없음
20260928,LENZ,LENZ Therapeutics  Inc.,NASDAQ,3.96,711800.0,4.9,7.44,9.8,3.6,50.4,10.2,92.1,6.0,False,False,False,False,False,False,False,False,False,0,False,베이스 없음
20260928,LIMN,Liminatus Pharma Inc,NASDAQ,4.27,18500.0,4.85,7.65,15.41,3.29,141.5,29.8,97.0,6.0,False,False,False,False,False,True,False,False,False,1,False,Stage2 아님
20260928,LIQT,LiqTech International Inc,NASDAQ,0.6,55900.0,0.64,1.22,1.35,0.52,3.35,15.4,82.1,6.0,False,False,False,False,False,False,False,False,False,0,False,베이스 없음
20260928,LOOP,Loop Industries Inc,NASDAQ,0.444,63000.0,0.61,1.02,1.05,0.41,1.99,8.3,77.7,6.0,False,False,False,False,False,False,False,False,False,0,False,베이스 없음
20260928,LVO,LiveOne Inc,NASDAQ,2.3,63400.0,3.94,4.97,4.88,2.26,7.19,1.8,68.0,6.0,False,False,True,False,False,False,False,False,False,1,False,베이스 없음
20260928,MTEN,Mingteng International Corp Inc,NASDAQ,1.03,124900.0,1.07,1.29,18.38,0.8,2230.0,28.7,100.0,6.0,False,False,False,False,False,True,False,False,False,1,False,베이스 없음
20260928,NHTC,Natural Health Trends Corp,NASDAQ,0.99,539000.0,1.62,2.31,2.6,0.89,4.74,11.2,79.1,6.0,False,False,False,False,False,False,False,False,False,0,False,베이스 없음
20260928,ONCO,Onconetix Inc,NASDAQ,1.11,22482200.0,0.79,7.35,25.1,0.59,209.5,89.5,99.5,6.0,True,False,False,False,False,True,False,False,True,2,False,Stage2 아님
20260928,OPEN,Opendoor Technologies Inc.,NASDAQ,2.43,30265700.0,3.34,4.35,4.73,2.42,9.69,0.2,74.9,6.0,False,False,False,False,False,False,False,False,False,0,False,베이스 없음
20260928,ORGO,Organogenesis Holdings Inc.,NASDAQ,1.38,445600.0,1.89,2.32,2.84,1.34,7.08,3.0,80.5,6.0,False,False,False,False,False,False,False,False,False,0,False,베이스 없음
20260928,REKR,Rekor Systems Inc,NASDAQ,0.39,2639200.0,0.56,0.72,0.87,0.36,3.42,8.3,88.6,6.0,False,False,False,False,False,False,False,False,False,0,False,1 형성중
20260928,SES,SES AI Corporation,NYSE,0.532,22982600.0,0.55,0.92,1.19,0.49,3.73,8.4,85.7,6.0,False,False,False,False,False,False,False,False,False,0,False,베이스 없음
20260928,SLQT,SelectQuote  Inc.,NYSE,0.431,1402900.0,0.62,0.77,0.91,0.38,2.22,13.4,80.6,6.0,False,False,False,False,False,False,False,False,False,0,False,베이스 없음
20260928,SPRY,ARS Pharmaceuticals  Inc.,NASDAQ,4.13,949800.0,5.45,7.5,8.26,4.0,13.15,3.2,68.6,6.0,False,False,False,False,False,False,False,False,False,0,False,베이스 없음
20260928,SQFT,Presidio Property Trust Inc,NASDAQ,1.34,41100.0,1.7,2.45,2.64,1.14,6.79,17.5,80.3,6.0,False,False,False,False,False,False,False,False,False,0,False,1 형성중
20260928,STEM,Stem  Inc.,NYSE,4.55,227700.0,5.39,8.03,10.08,3.7,32.23,23.0,85.9,6.0,False,False,False,False,False,False,False,False,False,0,False,Stage2 아님
20260928,STUB,Stubhub Holdings  Inc,NYSE,5.3,6940900.0,7.25,8.35,9.46,5.23,21.49,1.3,75.3,6.0,False,False,False,False,False,False,False,False,False,0,False,Stage2 아님
20260928,TEAD,Teads Holding Co,NASDAQ,0.43,98400.0,0.61,0.81,0.78,0.42,1.82,2.4,76.4,6.0,False,False,True,False,False,False,False,False,False,1,False,베이스 없음
20260928,TVRD,Tvardi Therapeutics  Inc.,NASDAQ,1.33,351300.0,1.91,2.82,3.14,0.93,43.65,43.0,97.0,6.0,False,False,False,False,False,True,False,False,False,1,False,베이스 없음
20260928,WLDS,Wearable Devices Ltd,NASDAQ,1.52,74100.0,2.33,3.12,4.98,1.3,51.3,16.9,97.0,6.0,False,False,False,False,False,False,False,False,False,0,False,Stage2 아님
20260928,XELB,Xcel Brands Inc,NASDAQ,0.71,140800.0,1.0,1.55,1.52,0.62,2.66,13.6,73.3,6.0,False,False,True,False,False,False,False,False,False,1,False,1 형성중
20260928,ZEO,Zeo Energy Corp.,NASDAQ,0.343,2846800.0,0.42,0.69,0.77,0.19,2.06,83.9,83.3,6.0,False,False,False,False,False,True,False,False,False,1,False,Stage2 아님
20260928,ZEPP,Zepp Health Corp ADR,NYSE,3.89,32200.0,4.82,9.44,13.24,3.85,61.85,1.0,93.7,6.0,False,False,False,False,False,False,False,False,False,0,False,베이스 없음
20260928,ADXN,Addex Therapeutics Ltd ADR,NASDAQ,2.81,76500.0,4.68,5.93,6.42,2.56,11.97,9.8,76.5,5.0,False,False,False,False,False,False,False,False,False,0,False,1 형성중
20260928,ALHC,Alignment Healthcare  Inc.,NASDAQ,7.93,8664700.0,13.73,17.38,18.28,7.37,25.12,7.6,68.4,5.0,False,False,False,False,False,False,False,False,False,0,False,베이스 없음
20260928,ASPI,ASP Isotopes Inc.,NASDAQ,2.6,8558600.0,3.8,4.99,5.33,2.51,14.49,3.6,82.1,5.0,False,False,False,False,False,False,False,False,False,0,False,1 형성중
20260928,BBOT,BridgeBio Oncology Therapeutics Inc,NASDAQ,3.81,476600.0,7.75,8.37,9.25,3.79,14.87,0.5,74.4,5.0,False,False,False,False,False,False,False,False,False,0,False,베이스 없음
20260928,BENF,Beneficient,NASDAQ,1.42,2947000.0,2.26,3.13,3.67,0.5,12.48,185.1,88.6,5.0,False,False,False,False,False,True,False,False,False,1,False,Stage2 아님
20260928,BGM,BGM Group Ltd,NASDAQ,0.244,45700.0,0.28,0.4,1.13,0.23,10.68,6.6,97.7,5.0,False,False,False,False,False,False,False,False,False,0,False,베이스 없음
20260928,BMGL,Basel Medical Group Ltd,NASDAQ,3.47,12700.0,5.13,6.56,7.01,3.45,22.2,0.6,84.4,5.0,False,False,False,False,False,False,False,False,False,0,False,Stage2 아님
20260928,BXBL,BOXABL Inc,NASDAQ,3.9,85900.0,4.62,8.33,8.76,3.18,15.14,22.6,74.2,5.0,False,False,False,False,False,False,False,False,False,0,False,베이스 없음
20260928,BYRN,Byrna Technologies Inc,NASDAQ,3.37,201400.0,3.85,6.12,8.55,3.17,30.62,6.3,89.0,5.0,False,False,False,False,False,False,False,False,False,0,False,1 형성중
20260928,CAPS,Capstone Holding Corp,NASDAQ,0.16,784000.0,0.21,0.36,0.44,0.15,1.5,6.7,89.3,5.0,False,False,False,False,False,False,False,False,False,0,False,Stage2 아님
20260928,CCOI,Cogent Communications Holdings  Inc.,NASDAQ,7.43,1717700.0,10.45,15.58,17.54,7.28,45.69,2.1,83.7,5.0,False,False,False,False,False,False,False,False,False,0,False,베이스 없음
20260928,CDLX,Cardlytics Inc,NASDAQ,3.14,26000.0,3.9,6.21,7.39,3.11,29.7,1.0,89.4,5.0,False,False,False,False,False,False,False,False,False,0,False,베이스 없음
20260928,CNTX,Context Therapeutics Inc,NASDAQ,0.326,1551800.0,0.47,1.54,1.59,0.32,3.62,1.6,91.0,5.0,False,False,False,False,False,False,False,False,False,0,False,1 형성중
20260928,DARE,Dare Bioscience Inc,NASDAQ,0.75,697300.0,1.0,1.68,1.75,0.69,3.78,8.7,80.2,5.0,False,False,False,False,False,False,False,False,False,0,False,Stage2 아님
20260928,DAVA,Endava PLC ADR,NYSE,1.7,992700.0,2.87,3.55,4.24,1.68,9.88,1.2,82.8,5.0,False,False,False,False,False,False,False,False,False,0,False,베이스 없음
20260928,EHTH,eHealth Inc,NASDAQ,0.73,439800.0,1.14,1.46,1.93,0.71,5.89,2.8,87.6,5.0,False,False,False,False,False,False,False,False,False,0,False,베이스 없음
20260928,EJH,E-Home Household Service Holdings Ltd,NASDAQ,1.209,19100.0,1.38,2.79,6.98,1.01,27.25,19.7,95.6,5.0,False,False,False,False,False,False,False,False,False,0,False,Stage2 아님
20260928,ENVX,Enovix Corporation,NASDAQ,2.555,17259300.0,3.69,5.29,5.82,2.48,14.21,3.0,82.0,5.0,False,False,False,False,False,False,False,False,False,0,False,Stage2 아님
20260928,ERNA,Ernexa Therapeutics Inc,NASDAQ,3.47,25600.0,4.22,6.02,11.03,3.18,71.5,9.1,95.1,5.0,False,False,False,False,False,False,False,False,False,0,False,Stage2 아님
20260928,ESLA,Estrella Immunopharma Inc,NASDAQ,0.431,36000.0,0.68,1.04,1.11,0.43,3.15,0.0,86.3,5.0,False,False,False,False,False,False,False,False,False,0,False,1 형성중
20260928,EZRA,Reliance Global Group Inc,NASDAQ,2.62,14400.0,2.52,4.84,7.94,1.75,53.2,49.7,95.1,5.0,False,False,False,False,False,True,False,False,True,2,False,Stage2 아님
20260928,FEMY,Femasys Inc,NASDAQ,2.38,20700.0,2.82,6.01,7.69,2.02,22.2,17.7,89.3,5.0,False,False,False,False,False,False,False,False,False,0,False,베이스 없음
20260928,FLUX,Flux Power Holdings Inc,NASDAQ,0.459,126200.0,0.58,0.93,1.05,0.45,7.55,1.5,93.9,5.0,False,False,False,False,False,False,False,False,False,0,False,베이스 없음
20260928,FOFO,Hang Feng Technology Innovation Co Ltd,NASDAQ,2.06,92000.0,2.28,3.1,4.14,1.7,68.0,21.2,97.0,5.0,False,False,False,False,False,False,False,False,False,0,False,Stage2 아님
20260928,FTCI,FTC Solar Inc,NASDAQ,2.38,581400.0,2.59,4.11,5.74,1.98,12.75,19.9,81.3,5.0,False,False,False,False,False,False,False,False,False,0,False,1 형성중
20260928,GSUN,Golden Sun Technology Group Ltd,NASDAQ,0.23,394400.0,0.31,0.44,0.64,0.17,2.83,33.7,91.9,5.0,False,False,False,False,False,True,False,False,False,1,False,Stage2 아님
20260928,HTCO,High-Trend International Group,NASDAQ,2.25,12100.0,2.81,5.68,6.75,1.83,56.59,23.0,96.0,5.0,False,False,False,False,False,False,False,False,False,0,False,베이스 없음
20260928,HUBC,Hub Cyber Security Ltd,NASDAQ,1.49,378100.0,1.63,149.49,1268.69,0.34,32640.0,338.2,100.0,5.0,False,False,False,False,False,True,False,False,False,1,False,Stage2 아님
20260928,LCID,Lucid Group  Inc.,NASDAQ,3.9,10194400.0,5.63,6.77,7.82,2.37,25.23,64.6,84.5,5.0,False,False,False,False,False,True,False,False,False,1,False,Stage2 아님
20260928,LDI,loanDepot Inc,NYSE,0.61,3130300.0,0.89,1.24,1.52,0.61,3.8,0.0,83.9,5.0,False,False,False,False,False,False,False,False,False,0,False,1 형성중
20260928,LNAI,Lunai Bioworks Inc,NASDAQ,1.86,41000.0,2.3,2.64,3.76,1.21,13.28,54.0,86.0,5.0,False,False,False,False,False,True,False,False,False,1,False,베이스 없음
20260928,LONA,LeonaBio Inc,NASDAQ,2.87,948900.0,7.2,8.28,7.62,2.21,14.21,29.9,79.8,5.0,False,False,True,True,False,True,False,False,False,3,False,베이스 없음
20260928,LZMH,LZ Technology Holdings Ltd,NASDAQ,1.15,35800.0,1.2,7.65,12.56,0.75,73.2,53.1,98.4,5.0,False,False,False,False,False,True,False,False,False,1,False,Stage2 아님
20260928,METCB,Ramaco Resources  Inc. Class B,NASDAQ,4.34,94300.0,6.39,9.04,9.82,4.24,21.59,2.4,79.9,5.0,False,False,False,False,False,False,False,False,False,0,False,베이스 없음
20260928,MVST,Microvast Holdings  Inc.,NASDAQ,0.646,2654600.0,0.76,1.32,1.7,0.56,7.12,15.1,90.9,5.0,False,False,False,False,False,False,False,False,False,0,False,베이스 없음
20260928,NMRA,Neumora Therapeutics Inc,NASDAQ,0.692,3402600.0,1.36,1.88,1.96,0.63,3.65,9.4,81.0,5.0,False,False,False,False,False,False,False,False,False,0,False,베이스 없음
20260831,NTZ,Natuzzi SpA ADR,NYSE,1.0,0.0,1.48,2.41,2.47,1.0,4.06,0.0,75.4,5.0,False,False,False,False,False,False,False,False,False,0,False,베이스 없음
20260928,PCTTU,PureCycle Technologies Units,NASDAQ,5.42,0.0,10.55,9.05,9.76,5.42,17.8,0.0,69.6,5.0,False,False,False,False,True,False,False,False,False,1,False,Stage2 아님
20260928,PN,PN Smart Energy Ltd,NASDAQ,2.62,92400.0,4.69,5.53,7.38,1.77,40.0,47.9,93.4,5.0,False,False,False,False,False,True,False,False,False,1,False,Stage2 아님
20260928,PRFX,PRF Technologies Ltd,NASDAQ,0.972,41300.0,1.02,1.7,2.25,0.85,7.95,14.1,87.8,5.0,False,False,False,False,False,False,False,False,False,0,False,Stage2 아님
20260928,PROP,Prairie Operating Co,NASDAQ,0.407,417100.0,0.61,1.02,1.21,0.38,2.55,6.3,84.0,5.0,False,False,False,False,False,False,False,False,False,0,False,1 형성중
20260928,QFIN,Qfin Holdings  Inc. ADR,NASDAQ,7.05,1576100.0,10.74,12.92,14.03,7.03,31.08,0.3,77.3,5.0,False,False,False,False,False,False,False,False,False,0,False,베이스 없음
20260928,QTI,QT Imaging Holdings Inc,NASDAQ,2.45,12000.0,2.79,4.62,4.9,2.42,39.0,1.2,93.7,5.0,False,False,False,False,False,False,False,False,False,0,False,베이스 없음
20260928,RMSG,Real Messenger Corp,NASDAQ,0.295,261500.0,0.35,0.73,0.86,0.25,3.9,17.5,92.4,5.0,False,False,False,False,False,False,False,False,False,0,False,베이스 없음
20260928,RVSN,Rail Vision Ltd,NASDAQ,3.54,7400.0,4.32,5.89,62.06,3.26,887.4,8.6,99.6,5.0,False,False,False,False,False,False,False,False,False,0,False,Stage2 아님
20260928,SAGT,Sagtec Global Ltd,NASDAQ,0.62,102400.0,0.69,1.28,1.44,0.52,3.39,18.9,81.7,5.0,False,False,False,False,False,False,False,False,False,0,False,Stage2 아님
20260928,SDA,SunCar Technology Group Inc,NASDAQ,0.502,250400.0,0.68,1.11,1.34,0.42,2.7,19.5,81.4,5.0,False,False,False,False,False,False,False,False,False,0,False,베이스 없음
20260928,SOWG,Sow Good Inc,NASDAQ,2.2,7400.0,3.1,3.6,4.79,1.04,15.9,111.5,86.2,5.0,False,False,False,False,False,True,False,False,False,1,False,베이스 없음
20260928,TCRT,Alaunos Therapeutics Inc,NASDAQ,1.02,149200.0,1.71,2.36,2.55,0.97,4.59,5.2,77.8,5.0,False,False,False,False,False,False,False,False,False,0,False,Stage2 아님
20260928,UWMC,UWM Holdings Corporation,NYSE,1.25,11324900.0,1.52,2.65,3.26,0.93,6.38,34.4,80.4,5.0,False,False,False,False,False,True,False,False,False,1,False,베이스 없음
20260928,VCIG,VCI Global Ltd,NASDAQ,1.625,23700.0,1.09,2.67,11.16,0.2,550.8,712.5,99.7,5.0,False,False,False,False,False,True,False,False,True,2,False,Stage2 아님
20260928,VISN,Vistance Networks Inc,NASDAQ,6.09,6249600.0,9.4,13.03,14.42,5.95,20.55,2.4,70.4,5.0,False,False,False,False,False,False,False,False,False,0,False,베이스 없음
20260928,VTGN,Vistagen Therapeutics  Inc.,NASDAQ,0.3,6014900.0,0.25,0.46,0.62,0.2,5.14,50.0,94.2,5.0,False,False,False,False,False,True,False,False,True,2,False,베이스 없음
20260928,WIMI,WiMi Hologram Cloud Inc,NASDAQ,0.733,227700.0,1.19,1.53,1.77,0.71,5.5,3.2,86.7,5.0,False,False,False,False,False,False,False,False,False,0,False,Stage2 아님
20260928,AIIO,Robo.ai Inc,NASDAQ,1.39,386600.0,2.44,2.44,3.27,0.54,56.3,157.4,97.5,4.0,False,False,False,False,False,True,False,False,False,1,False,베이스 없음
20260928,AIRE,reAlpha Tech Corp,NASDAQ,1.36,17600.0,1.47,3.47,5.23,1.25,32.5,8.8,95.8,4.0,False,False,False,False,False,False,False,False,False,0,False,Stage2 아님
20260928,ANTA,Antalpha Platform Holding Co,NASDAQ,2.54,7500.0,3.62,6.21,7.0,2.54,13.82,0.0,81.6,4.0,False,False,False,False,False,False,False,False,False,0,False,Stage2 아님
20260928,ATGL,Alpha Technology Group Ltd,NASDAQ,5.5,0.0,7.24,12.18,14.57,4.52,50.0,21.7,89.0,4.0,False,False,False,False,False,False,False,False,False,0,False,베이스 없음
20260928,AZI,Autozi Internet Technology (Global) Ltd,NASDAQ,1.19,25300.0,1.27,1.79,7.04,1.0,117.5,19.0,99.0,4.0,False,False,False,False,False,False,False,False,False,0,False,Stage2 아님
20260928,BBLG,Bone Biologics Corp,NASDAQ,0.496,33400.0,0.72,1.09,1.23,0.43,2.89,14.5,82.8,4.0,False,False,False,False,False,False,False,False,False,0,False,Stage2 아님
20260928,BEAT,HeartBeam  Inc.,NASDAQ,0.373,484500.0,0.48,0.82,1.12,0.36,4.0,5.1,90.7,4.0,False,False,False,False,False,False,False,False,False,0,False,베이스 없음
20260928,BGL,Blue Gold Ltd,NASDAQ,0.202,334600.0,0.21,0.72,1.22,0.18,11.59,12.2,98.3,4.0,False,False,False,False,False,False,False,False,False,0,False,Stage2 아님
20260928,BHST,BioHarvest Sciences Inc,NASDAQ,1.45,33300.0,1.98,3.23,3.7,1.42,12.8,2.1,88.7,4.0,False,False,False,False,False,False,False,False,False,0,False,베이스 없음
20260928,BRFH,Barfresh Food Group Inc,NASDAQ,0.83,100900.0,1.43,2.11,2.34,0.81,3.9,2.5,78.7,4.0,False,False,False,False,False,False,False,False,False,0,False,1 형성중
20260928,CETX,Cemtrex Inc,NASDAQ,2.03,28900.0,2.61,5.93,9.96,1.98,97.0,2.5,97.9,4.0,False,False,False,False,False,False,False,False,False,0,False,Stage2 아님
20260928,CMPX,Compass Therapeutics Inc.,NASDAQ,1.11,3693900.0,2.05,3.05,3.73,1.1,6.88,0.9,83.9,4.0,False,False,False,False,False,False,False,False,False,0,False,베이스 없음
20260928,CNSY,Cerenome  Inc,NASDAQ,2.02,98000.0,3.07,4.78,6.19,1.86,23.5,8.6,91.4,4.0,False,False,False,False,False,False,False,False,False,0,False,Stage2 아님
20260928,CVRX,CVRx  Inc.,NASDAQ,2.59,382000.0,3.56,5.74,6.05,2.2,11.3,17.7,77.1,4.0,False,False,False,False,False,False,False,False,False,0,False,베이스 없음
20260928,CYN,CYNGN Inc,NASDAQ,0.658,213900.0,1.0,1.36,1.63,0.64,6.82,2.3,90.4,4.0,False,False,False,False,False,False,False,False,False,0,False,Stage2 아님
20260928,DFLI,Dragonfly Energy Holdings Corp,NASDAQ,0.855,438100.0,1.15,1.76,2.3,0.8,26.1,6.8,96.7,4.0,False,False,False,False,False,False,False,False,False,0,False,Stage2 아님
20260928,DRCT,Direct Digital Holdings Inc,NASDAQ,1.52,25800.0,2.26,2.94,4.87,1.51,113.74,0.7,98.7,4.0,False,False,False,False,False,False,False,False,False,0,False,베이스 없음
20260928,DVLT,Datavault AI Inc,NASDAQ,0.16,43721600.0,0.28,0.47,0.57,0.14,4.1,11.9,96.1,4.0,False,False,False,False,False,False,False,False,False,0,False,Stage2 아님
20260928,FCHL,Fitness Champs Holdings Ltd,NASDAQ,0.98,530800.0,1.08,21.32,44.94,0.86,337.05,14.0,99.7,4.0,False,False,False,False,False,False,False,False,False,0,False,Stage2 아님
20260928,FMST,Foremost Clean Energy Ltd,NASDAQ,0.67,93100.0,1.18,1.57,1.77,0.66,4.57,1.4,85.3,4.0,False,False,False,False,False,False,False,False,False,0,False,Stage2 아님
20260928,HCWB,HCW Biologics Inc,NASDAQ,1.82,102200.0,2.71,4.2,5.03,1.5,29.28,21.3,93.8,4.0,False,False,False,False,False,False,False,False,False,0,False,베이스 없음
20260928,HDRN,Hadron Energy Inc,NASDAQ,1.3,105700.0,1.76,5.26,6.58,1.19,12.5,9.2,89.6,4.0,False,False,False,False,False,False,False,False,False,0,False,Stage2 아님
20260928,INSG,Inseego Corp.,NASDAQ,3.61,185300.0,5.17,10.01,10.23,3.59,21.9,0.6,83.5,4.0,False,False,False,False,False,False,False,False,False,0,False,베이스 없음
20260928,JFIN,Jiayin Group Inc ADR,NASDAQ,1.44,27300.0,2.03,3.7,4.42,1.42,11.64,1.4,87.6,4.0,False,False,False,False,False,False,False,False,False,0,False,베이스 없음
20260928,KUST,Kustom Entertainment Inc,NASDAQ,0.63,89000.0,1.0,2.41,4.48,0.58,33.0,8.6,98.1,4.0,False,False,False,False,False,False,False,False,False,0,False,Stage2 아님
20260928,LEXX,Lexaria Bioscience Corp,NASDAQ,3.225,41900.0,7.46,9.57,9.98,2.8,23.25,15.2,86.1,4.0,False,False,False,False,False,False,False,False,False,0,False,베이스 없음
20260928,LTRN,Lantern Pharma Inc,NASDAQ,1.09,461400.0,2.24,2.64,2.79,1.08,4.7,0.9,76.8,4.0,False,False,False,False,False,False,False,False,False,0,False,Stage2 아님
20260928,MCRB,Seres Therapeutics  Inc.,NASDAQ,3.52,55500.0,4.75,6.82,8.73,3.4,29.98,3.4,88.3,4.0,False,False,False,False,False,False,False,False,False,0,False,Stage2 아님
20260928,MSC,Studio City International Holdings Ltd ADR,NYSE,0.84,699500.0,1.61,2.18,2.45,0.75,4.91,12.0,82.9,4.0,False,False,False,False,False,False,False,False,False,0,False,베이스 없음
20260928,NMTC,NeuroOne Medical Technologies Corp,NASDAQ,1.3,30200.0,1.7,3.26,3.64,1.28,6.96,1.6,81.3,4.0,False,False,False,False,False,False,False,False,False,0,False,Stage2 아님
20260928,NNOX,Nano-X Imaging Ltd,NASDAQ,0.632,778900.0,0.88,1.6,1.92,0.63,4.7,0.3,86.6,4.0,False,False,False,False,False,False,False,False,False,0,False,Stage2 아님
20260928,OIO,Oio Group,NASDAQ,1.45,126900.0,1.88,4.09,5.88,1.4,12.96,3.6,88.8,4.0,False,False,False,False,False,False,False,False,False,0,False,베이스 없음
20260928,OLB,OLB Group Inc,NASDAQ,0.195,776000.0,0.28,0.42,0.49,0.18,1.8,9.7,89.2,4.0,False,False,False,False,False,False,False,False,False,0,False,Stage2 아님
20260928,PLUR,Pluri Inc,NASDAQ,0.97,16700.0,1.5,2.43,2.65,0.9,4.87,7.8,80.1,4.0,False,False,False,False,False,False,False,False,False,0,False,Stage2 아님
20260928,PSNY,Polestar Automotive Holding UK PLC ADR Class A,NASDAQ,6.64,203000.0,11.74,16.7,16.87,6.62,29.7,0.3,77.6,4.0,False,False,False,False,False,False,False,False,False,0,False,Stage2 아님
20260928,RADX,Radiopharm Theranostics Ltd ADR,NASDAQ,1.52,44000.0,2.58,3.87,4.19,1.44,16.25,5.5,90.6,4.0,False,False,False,False,False,False,False,False,False,0,False,Stage2 아님
20260928,RAYA,Erayak Power Solution Group Inc,NASDAQ,1.8,67000.0,2.29,3.86,9.87,1.65,118.8,9.1,98.5,4.0,False,False,False,False,False,False,False,False,False,0,False,베이스 없음
20260928,RENT,Rent the Runway  Inc.,NASDAQ,1.61,182900.0,3.12,3.94,4.83,1.53,10.13,5.2,84.1,4.0,False,False,False,False,False,False,False,False,False,0,False,베이스 없음
20260928,SCNI,Scinai Immunotherapeutics Ltd ADR,NASDAQ,1.47,67400.0,2.3,4.32,5.4,1.43,16.3,2.8,91.0,4.0,False,False,False,False,False,False,False,False,False,0,False,베이스 없음
20260928,SDOT,Sadot Group Inc,NASDAQ,10.53,40400.0,13.92,21.08,28.72,2.63,260.4,300.4,96.0,4.0,False,False,False,False,False,True,False,False,False,1,False,베이스 없음
20260928,SEGG,Sports Entertainment Gaming Global Corp,NASDAQ,2.42,63900.0,3.15,6.06,6.58,2.25,35.84,7.6,93.2,4.0,False,False,False,False,False,False,False,False,False,0,False,Stage2 아님
20260928,SLBT,SL Science Holding Ltd,NASDAQ,1.93,281100.0,2.62,6.07,7.22,1.42,14.5,35.9,86.7,4.0,False,False,False,False,False,True,False,False,False,1,False,Stage2 아님
20260928,SNWV,SANUWAVE Health Inc,NASDAQ,4.65,68800.0,5.13,12.8,16.65,3.92,40.86,18.6,88.6,4.0,False,False,False,False,False,False,False,False,False,0,False,베이스 없음
20260928,SOC,Sable Offshore Corp.,NYSE,3.57,9258600.0,4.56,9.65,9.47,2.88,22.13,24.0,83.9,4.0,False,False,True,False,False,False,False,False,False,1,False,베이스 없음
20260928,TCRX,TScan Therapeutics Inc,NASDAQ,0.34,359200.0,0.63,0.92,0.95,0.29,2.57,17.2,86.8,4.0,False,False,False,False,False,False,False,False,False,0,False,베이스 없음
20260928,TDTH,Trident Digital Tech Holdings Ltd,NASDAQ,1.11,217900.0,2.12,3.04,5.03,1.06,30.6,4.7,96.4,4.0,False,False,False,False,False,False,False,False,False,0,False,Stage2 아님
20260928,TDUP,ThredUp Inc.,NASDAQ,2.2,1495200.0,3.65,4.32,4.73,2.17,10.0,1.4,78.0,4.0,False,False,False,False,False,False,False,False,False,0,False,베이스 없음
20260928,THRY,Thryv Holdings Inc,NASDAQ,1.605,938600.0,2.48,3.13,3.63,1.6,12.57,0.3,87.2,4.0,False,False,False,False,False,False,False,False,False,0,False,1 형성중
20260928,TYGO,Tigo Energy  Inc.,NASDAQ,0.82,1235200.0,1.25,2.81,2.72,0.81,5.33,1.2,84.6,4.0,False,False,True,False,False,False,False,False,False,1,False,베이스 없음
20260928,UP,Wheels Up Experience Inc.,NYSE,3.58,62200.0,4.87,7.32,9.07,3.14,43.0,14.0,91.7,4.0,False,False,False,False,False,False,False,False,False,0,False,Stage2 아님
20260928,VRRM,Verra Mobility Corporation,NASDAQ,2.99,5506500.0,4.25,8.9,11.93,2.97,25.45,0.7,88.3,4.0,False,False,False,False,False,False,False,False,False,0,False,베이스 없음
20260928,WOK,WORK Medical Technology Group Ltd,NASDAQ,1.85,26000.0,2.04,56.17,401.67,1.78,155000.0,3.9,100.0,4.0,False,False,False,False,False,False,False,False,False,0,False,Stage2 아님
20260928,XCUR,Exicure Inc,NASDAQ,1.235,2600.0,1.42,2.67,3.32,1.05,9.48,17.6,87.0,4.0,False,False,False,False,False,False,False,False,False,0,False,베이스 없음
20260928,ZSQR,Z Squared Inc (Delaware),NASDAQ,4.54,623000.0,3.84,9.07,10.24,2.11,21.41,115.2,78.8,4.0,False,False,False,False,False,True,False,False,True,2,False,베이스 없음
20260928,ACTU,Actuate Therapeutics Inc,NASDAQ,0.736,276900.0,1.15,1.97,2.9,0.6,8.49,21.9,91.3,3.0,False,False,False,False,False,False,False,False,False,0,False,Stage2 아님
20260928,AKAN,Akanda Corp,NASDAQ,2.825,136500.0,4.72,10.0,9.84,2.3,209.23,23.0,98.6,3.0,False,False,True,False,False,False,False,False,False,1,False,Stage2 아님
20260928,ANPA,Rich Sparkle Holdings Ltd,NASDAQ,1.95,12700.0,3.61,5.92,16.91,1.88,180.64,3.7,98.9,3.0,False,False,False,False,False,False,False,False,False,0,False,Stage2 아님
20260928,APVO,Aptevo Therapeutics Inc,NASDAQ,1.91,47000.0,2.96,4.28,5.93,1.37,35.64,39.4,94.6,3.0,False,False,False,False,False,True,False,False,False,1,False,Stage2 아님
20260928,ARAI,Arrive AI Inc,NASDAQ,0.191,729800.0,0.25,0.56,1.02,0.19,6.86,2.7,97.2,3.0,False,False,False,False,False,False,False,False,False,0,False,Stage2 아님
20260928,AUID,Authid Inc,NASDAQ,0.371,291700.0,0.55,1.02,1.09,0.34,3.74,7.8,90.1,3.0,False,False,False,False,False,False,False,False,False,0,False,1 형성중
20260928,BETR,Better Home & Finance Holding Co,NASDAQ,10.08,487400.0,15.69,26.29,28.23,9.95,92.69,1.3,89.1,3.0,False,False,False,False,False,False,False,False,False,0,False,베이스 없음
20260928,BIYA,Baiya International Group Inc,NASDAQ,2.03,41200.0,2.69,8.05,16.48,1.91,168.0,6.3,98.8,3.0,False,False,False,False,False,False,False,False,False,0,False,Stage2 아님
20260928,BKYI,BIO-Key International Inc,NASDAQ,1.68,93500.0,3.34,4.63,5.03,1.63,19.7,3.1,91.5,3.0,False,False,False,False,False,False,False,False,False,0,False,Stage2 아님
20260928,CDTG,CDT Environmental Technology Investment Holdings Ltd,NASDAQ,1.2,109200.0,1.32,4.77,5.78,0.73,19.23,64.4,93.8,3.0,False,False,False,False,False,True,False,False,False,1,False,Stage2 아님
20260928,CIRC,Circle8 Group Inc,NASDAQ,0.395,744900.0,0.63,1.54,1.76,0.32,4.56,24.3,91.3,3.0,False,False,False,False,False,False,False,False,False,0,False,Stage2 아님
20260928,CISS,C3is Inc,NASDAQ,1.04,274200.0,5.47,4.72,10.03,0.08,831.6,1200.0,99.9,3.0,False,False,False,False,False,True,False,False,False,1,False,Stage2 아님
20260928,CMCT,Creative Media & Community Trust Corporation,NASDAQ,1.97,3800.0,3.48,24.27,101.97,1.9,1441.0,3.7,99.9,3.0,False,False,False,False,False,False,False,False,False,0,False,Stage2 아님
20260928,CODX,Co-Diagnostics Inc,NASDAQ,1.11,177000.0,1.39,2.36,2.97,0.91,46.5,22.6,97.6,3.0,False,False,False,False,False,False,False,False,False,0,False,Stage2 아님
20260928,CYCU,Cycurion Inc,NASDAQ,2.77,138000.0,4.19,6.79,10.26,2.08,127.07,33.2,97.8,3.0,False,False,False,False,False,True,False,False,False,1,False,Stage2 아님
20260928,DCOY,Decoy Therapeutics Inc,NASDAQ,2.31,506400.0,3.53,5.58,6.45,2.18,55.92,6.0,95.9,3.0,False,False,False,False,False,False,False,False,False,0,False,Stage2 아님
20260928,ELTX,Elicio Therapeutics Inc,NASDAQ,1.85,222100.0,2.67,7.35,7.56,1.72,16.0,7.9,88.4,3.0,False,False,False,False,False,False,False,False,False,0,False,베이스 없음
20260928,EZGO,EZGO Technologies Ltd,NASDAQ,0.92,26100.0,0.97,71.78,124.01,0.74,1098.75,24.3,99.9,3.0,False,False,False,False,False,False,False,False,False,0,False,Stage2 아님
20260928,GMEX,GMEX Robotics Corp,NASDAQ,3.205,115725.0,1.04,21.98,73.73,0.35,3507.84,818.3,99.9,3.0,False,False,False,False,False,True,False,False,True,2,False,베이스 없음
20260928,GMM,Global Mofy AI Ltd,NASDAQ,1.935,17600.0,2.52,29.18,38.05,1.8,109.0,7.5,98.2,3.0,False,False,False,False,False,False,False,False,False,0,False,베이스 없음
20260928,HPAI,Helport AI Ltd,NASDAQ,0.314,99100.0,0.41,1.13,1.74,0.25,4.57,25.0,93.1,3.0,False,False,False,False,False,True,False,False,False,1,False,Stage2 아님
20260925,IPEX,Inflection Point Acquisition Corp V,NASDAQ,3.16,759900.0,10.02,10.3,10.3,2.68,13.02,17.9,75.7,3.0,False,False,False,False,False,False,False,False,False,0,False,Stage2 아님
20260928,IPW,iPower Inc,NASDAQ,1.26,59100.0,2.34,6.01,17.86,0.33,232.8,281.8,99.5,3.0,False,False,False,False,False,True,False,False,False,1,False,베이스 없음
20260928,IVF,INVO Fertility Inc,NASDAQ,0.934,91700.0,1.02,1.89,2.83,0.9,84.4,3.8,98.9,3.0,False,False,False,False,False,False,False,False,False,0,False,Stage2 아님
20260928,KSCP,Knightscope Inc,NASDAQ,0.819,782800.0,1.4,2.51,2.88,0.82,7.62,0.0,89.3,3.0,False,False,False,False,False,False,False,False,False,0,False,Stage2 아님
20260928,LX,LexinFintech Holdings Ltd. ADR,NASDAQ,0.753,1542200.0,1.17,1.85,2.15,0.71,5.94,6.5,87.3,3.0,False,False,False,False,False,False,False,False,False,0,False,베이스 없음
20260928,MASK,3 E Network Technology Group Ltd,NASDAQ,0.838,129400.0,1.34,2.04,3.22,0.8,22.25,4.3,96.2,3.0,False,False,False,False,False,False,False,False,False,0,False,Stage2 아님
20260928,MERC,Mercer International Inc,NASDAQ,0.32,280100.0,0.48,0.89,1.2,0.3,2.96,6.7,89.2,3.0,False,False,False,False,False,False,False,False,False,0,False,베이스 없음
20260928,MOBX,MOBIX LABS  INC.,NASDAQ,0.864,511000.0,1.34,2.51,2.58,0.79,13.3,9.7,93.5,3.0,False,False,False,False,False,False,False,False,False,0,False,베이스 없음
20260928,MODD,Modular Medical Inc,NASDAQ,2.005,73200.0,2.66,4.27,6.4,1.72,21.87,16.6,90.8,3.0,False,False,False,False,False,False,False,False,False,0,False,1 형성중
20260928,NAMI,Jinxin Technology Holding Co ADR,NASDAQ,2.24,46351500.0,2.59,7.46,9.8,1.55,28.0,44.5,92.0,3.0,False,False,False,False,False,True,False,False,False,1,False,Stage2 아님
20260928,NCRA,Nocera Inc,NASDAQ,1.72,44800.0,1.95,4.68,8.99,1.3,72.0,32.3,97.6,3.0,False,False,False,False,False,True,False,False,False,1,False,베이스 없음
20260928,NNNN,Anbio Biotechnology,NASDAQ,6.09,29700.0,8.1,18.03,20.86,5.13,51.33,18.7,88.1,3.0,False,False,False,False,False,False,False,False,False,0,False,Stage2 아님
20260928,PBK,PowerBank Corp,NASDAQ,0.265,390500.0,0.42,0.62,0.86,0.26,2.35,3.4,88.7,3.0,False,False,False,False,False,False,False,False,False,0,False,Stage2 아님
20260928,PFSA,Profusa Inc,NASDAQ,1.69,811800.0,3.69,10.13,49.72,0.86,750.0,96.3,99.8,3.0,False,False,False,False,False,True,False,False,False,1,False,Stage2 아님
20260928,PMAX,Powell Max Ltd,NASDAQ,1.26,17222800.0,1.32,3.54,8.61,0.75,52.0,68.0,97.6,3.0,False,False,False,False,False,True,False,False,False,1,False,Stage2 아님
20260928,RAIN,Rain Enhancement Technologies Holdco Inc,NASDAQ,0.908,121200.0,1.07,1.89,2.46,0.66,8.52,38.6,89.3,3.0,False,False,False,False,False,True,False,False,False,1,False,Stage2 아님
20260928,RCT,Redcloud Holdings PLC,NASDAQ,0.187,234500.0,0.21,0.51,0.71,0.17,2.39,10.1,92.2,3.0,False,False,False,False,False,False,False,False,False,0,False,Stage2 아님
20260928,SCAG,Scage Future ADR,NASDAQ,0.235,126000.0,0.29,0.71,1.11,0.21,3.4,11.6,93.1,3.0,False,False,False,False,False,False,False,False,False,0,False,Stage2 아님
20260928,SMX,SMX (Security Matters) PLC,NASDAQ,6.82,99600.0,15.74,20.65,167.81,2.33,5496.48,192.2,99.9,3.0,False,False,False,False,False,True,False,False,False,1,False,Stage2 아님
20260928,SNES,Senestech Inc,NASDAQ,0.632,79700.0,1.14,1.51,1.68,0.62,4.76,1.1,86.7,3.0,False,False,False,False,False,False,False,False,False,0,False,베이스 없음
20260928,SNTI,Senti Biosciences Holdings Inc,NASDAQ,0.31,468300.0,0.37,0.76,0.84,0.29,2.88,6.9,89.2,3.0,False,False,False,False,False,False,False,False,False,0,False,Stage2 아님
20260928,SOS,Sos Ltd,NYSE,0.337,439200.0,0.82,1.02,1.14,0.29,2.35,16.2,85.7,3.0,False,False,False,False,False,False,False,False,False,0,False,베이스 없음
20260928,SPWR,SunPower Inc,NASDAQ,0.301,2134200.0,0.33,0.79,1.01,0.2,2.27,48.3,86.7,3.0,False,False,False,False,False,True,False,False,False,1,False,베이스 없음
20260928,TAOP,Taoping Inc,NASDAQ,0.52,95400.0,0.82,1.19,1.28,0.51,3.4,2.0,84.7,3.0,False,False,False,False,False,False,False,False,False,0,False,Stage2 아님
20260928,TGL,Treasure Global Inc,NASDAQ,1.49,1161500.0,2.76,3.66,4.32,1.4,58.0,6.4,97.4,3.0,False,False,False,False,False,False,False,False,False,0,False,Stage2 아님
20260928,TRNR,Interactive Strength Inc,NASDAQ,2.41,3800.0,3.09,5.88,20.67,2.37,261.1,1.7,99.1,3.0,False,False,False,False,False,False,False,False,False,0,False,Stage2 아님
20260928,UCL,Ucloudlink Group Inc ADR,NASDAQ,0.35,315500.0,0.58,1.01,1.19,0.31,2.63,11.8,86.7,3.0,False,False,False,False,False,False,False,False,False,0,False,베이스 없음
20260928,VRXA,Veraxa Biotech AG,NASDAQ,1.37,48500.0,1.73,7.32,8.15,1.27,27.36,7.9,95.0,3.0,False,False,False,False,False,False,False,False,False,0,False,베이스 없음
20260928,VSA,VisionSys AI Inc ADR,NASDAQ,2.34,53700.0,3.16,5.55,10.94,1.88,1950.0,24.1,99.9,3.0,False,False,False,False,False,False,False,False,False,0,False,1 형성중
20260928,WKSP,Worksport Ltd,NASDAQ,0.457,355300.0,0.58,0.86,1.16,0.37,3.9,23.5,88.3,3.0,False,False,False,False,False,False,False,False,False,0,False,베이스 없음
20260928,WLFC,Willis Lease Finance Corporation,NASDAQ,52.3,110200.0,61.74,150.2,154.1,52.22,244.62,0.2,78.6,3.0,False,False,False,False,False,False,False,False,False,0,False,1 형성중
20260928,WNW,Meiwu Technology Co Ltd,NASDAQ,2.4,47000.0,2.53,20.54,53.33,2.25,1352.0,6.7,99.8,3.0,False,False,False,False,False,False,False,False,False,0,False,Stage2 아님
20260928,ZCMD,Zhongchao Inc,NASDAQ,0.86,92200.0,1.07,74.78,138.91,0.71,967.2,20.8,99.9,3.0,False,False,False,False,False,False,False,False,False,0,False,베이스 없음
20260928,ACH,Accendra Health  Inc.,NYSE,0.65,1471000.0,1.75,2.54,2.52,0.64,5.6,1.6,88.4,2.0,False,False,True,False,False,False,False,False,False,1,False,베이스 없음
20260928,ADGM,Adagio Medical Holdings Inc,NASDAQ,0.171,1867900.0,0.53,0.82,0.86,0.16,2.58,5.6,93.4,2.0,False,False,False,False,False,False,False,False,False,0,False,Stage2 아님
20260928,AIFU,AIFU Inc.,NASDAQ,8.81,107500.0,23.67,32.65,36.53,8.17,117.4,7.8,92.5,2.0,False,False,False,False,False,False,False,False,False,0,False,1 형성중
20260928,ALAR,Alarum Technologies Ltd ADR,NASDAQ,1.81,37000.0,1.82,5.27,5.96,1.16,16.56,56.0,89.1,2.0,False,False,False,False,False,True,False,False,False,1,False,베이스 없음
20260928,AMOD,Alpha Modus Holdings Inc,NASDAQ,1.57,16400.0,3.27,8.53,13.35,1.55,52.0,1.3,97.0,2.0,False,False,False,False,False,False,False,False,False,0,False,베이스 없음
20260928,BCAB,Bioatla Inc,NASDAQ,1.52,11100.0,2.79,4.65,9.4,1.1,71.5,38.2,97.9,2.0,False,False,False,False,False,True,False,False,False,1,False,Stage2 아님
20260928,BYAH,Park Ha Biological Technology Co Ltd,NASDAQ,2.41,56900.0,2.88,7.26,19.65,2.04,215.6,18.1,98.9,2.0,False,False,False,False,False,False,False,False,False,0,False,Stage2 아님
20260928,BZAI,Blaize Holdings Inc,NASDAQ,0.496,1733400.0,0.7,1.27,1.41,0.42,6.76,18.1,92.7,2.0,False,False,False,False,False,False,False,False,False,0,False,베이스 없음
20260928,CHAI,Core AI Holdings Inc,NASDAQ,0.27,547900.0,0.32,0.86,1.14,0.23,15.68,16.4,98.3,2.0,False,False,False,False,False,False,False,False,False,0,False,Stage2 아님
20260928,CRMT,America's CAR-MART Inc,NASDAQ,1.03,516600.0,2.59,7.98,12.37,1.01,31.63,2.0,96.7,2.0,False,False,False,False,False,False,False,False,False,0,False,베이스 없음
20260928,CVKD,Cadrenal Therapeutics Inc,NASDAQ,1.12,75600.0,1.61,3.99,4.85,1.0,14.64,12.0,92.3,2.0,False,False,False,False,False,False,False,False,False,0,False,베이스 없음
20260928,EHGO,Eshallgo Inc,NASDAQ,0.82,117000.0,1.48,2.15,2.53,0.8,11.2,2.5,92.7,2.0,False,False,False,False,False,False,False,False,False,0,False,Stage2 아님
20260928,ELAB,PMGC Holdings Inc,NASDAQ,4.78,250700.0,7.08,22.25,98.79,4.13,2671.2,15.7,99.8,2.0,False,False,False,False,False,False,False,False,False,0,False,Stage2 아님
20260928,EVTL,Vertical Aerospace Ltd.,NYSE,0.665,6689400.0,0.92,2.08,2.91,0.52,7.33,28.4,90.9,2.0,False,False,False,False,False,True,False,False,False,1,False,Stage2 아님
20260928,EYPT,EyePoint Inc,NASDAQ,3.31,3285400.0,7.95,11.9,12.86,3.27,19.11,1.2,82.7,2.0,False,False,False,False,False,False,False,False,False,0,False,1 형성중
20260928,FAMI,Farmmi Inc,NASDAQ,0.13,5603100.0,0.14,0.79,0.93,0.09,2.03,44.4,93.6,2.0,False,False,False,False,False,True,False,False,False,1,False,Stage2 아님
20260928,FNGR,FingerMotion Inc,NASDAQ,0.142,5538400.0,0.22,0.64,0.8,0.13,2.2,8.4,93.5,2.0,False,False,False,False,False,False,False,False,False,0,False,베이스 없음
20260928,GOVX,GeoVax Labs Inc,NASDAQ,0.346,170700.0,0.62,1.2,1.88,0.34,16.8,1.8,97.9,2.0,False,False,False,False,False,False,False,False,False,0,False,Stage2 아님
20260928,HCTI,Healthcare Triangle Inc,NASDAQ,0.75,459800.0,1.08,2.04,12.93,0.65,223.2,15.4,99.7,2.0,False,False,False,False,False,False,False,False,False,0,False,Stage2 아님
20260928,HKPD,Cellyan Biotechnology Co Ltd,NASDAQ,0.11,487000.0,0.29,0.47,0.55,0.1,1.82,14.5,94.0,2.0,False,False,False,False,False,False,False,False,False,0,False,Stage2 아님
20260928,HVII,Hennessy Capital Investment Corp VII,NASDAQ,2.15,330000.0,9.48,10.08,10.15,1.9,12.04,13.2,82.1,2.0,False,False,False,False,False,False,False,False,False,0,False,Stage2 아님
20260928,INLF,INLIF Ltd,NASDAQ,5.23,1134200.0,3.97,483.69,771.92,2.12,4544.0,146.7,99.9,2.0,False,False,False,False,False,True,False,False,True,2,False,Stage2 아님
20260928,ISPC,iSpecimen Inc,NASDAQ,1.21,444200.0,1.8,4.06,6.56,1.18,58.4,3.0,97.9,2.0,False,False,False,False,False,False,False,False,False,0,False,Stage2 아님
20260928,KPTI,Karyopharm Therapeutics Inc.,NASDAQ,1.62,326500.0,2.97,6.74,6.86,1.24,10.99,30.6,85.3,2.0,False,False,False,False,False,True,False,False,False,1,False,베이스 없음
20260928,KXIN,Kaixin Holdings,NASDAQ,1.32,105200.0,3.58,4.89,23.6,0.54,832.5,144.4,99.8,2.0,False,False,False,False,False,True,False,False,False,1,False,Stage2 아님
20260928,LHSW,Lianhe Sowell International Group Ltd,NASDAQ,0.68,505200.0,2.25,2.72,4.57,0.42,37.44,61.1,98.2,2.0,False,False,False,False,False,True,False,False,False,1,False,Stage2 아님
20260928,LNKS,Linkers Industries Ltd,NASDAQ,0.93,9600.0,1.03,35.64,64.97,0.76,420.0,22.2,99.8,2.0,False,False,False,False,False,False,False,False,False,0,False,Stage2 아님
20260928,MDCX,Medicus Pharma Ltd,NASDAQ,0.152,1512600.0,0.25,0.4,0.65,0.14,2.78,5.6,94.5,2.0,False,False,False,False,False,False,False,False,False,0,False,Stage2 아님
20260928,MIMI,Mint Incorporation Ltd,NASDAQ,0.902,26874600.0,1.46,2.46,2.67,0.61,92.8,47.9,99.0,2.0,False,False,False,False,False,True,False,False,False,1,False,Stage2 아님
20260928,MKDW,MKDWELL Tech Inc,NASDAQ,1.54,68400.0,9.44,7.91,6.98,1.36,12.94,13.2,88.1,2.0,False,False,True,True,True,False,False,False,False,3,False,베이스 없음
20260928,MNDR,Mobile-health Network Solutions,NASDAQ,1.3,71800.0,1.73,3.84,4.5,1.26,32.52,3.2,96.0,2.0,False,False,False,False,False,False,False,False,False,0,False,Stage2 아님
20260928,MRLN,Merlin Inc,NASDAQ,1.75,3343500.0,3.27,6.68,7.68,1.7,17.0,2.9,89.7,2.0,False,False,False,False,False,False,False,False,False,0,False,Stage2 아님
20260928,MSS,Maison Solutions Inc,NASDAQ,1.66,233500.0,1.66,4.91,7.83,1.24,198.0,33.9,99.2,2.0,False,False,False,False,False,True,False,False,True,2,False,Stage2 아님
20260928,MVIS,MicroVision Inc,NASDAQ,1.46,1101800.0,2.6,6.48,8.09,1.41,23.1,3.5,93.7,2.0,False,False,False,False,False,False,False,False,False,0,False,1 형성중
20260803,MVO,MV Oil Trust Units,NYSE,0.6,0.0,1.24,1.78,2.06,0.58,6.19,3.4,90.3,2.0,False,False,False,False,False,False,False,False,False,0,False,1 형성중
20260928,NCI,Neo-Concept International Group Holdings Ltd,NASDAQ,2.38,4929100.0,12.49,18.61,17.06,1.64,110.48,45.1,97.8,2.0,False,False,True,True,False,True,False,False,False,3,False,1 형성중
20260928,NIXX,Nixxy Inc,NASDAQ,0.3161,432900.0,0.61,0.77,0.79,0.3,1.97,4.7,84.0,2.0,False,False,False,False,False,False,False,False,False,0,False,베이스 없음
20260928,NXGL,Nexgel Inc,NASDAQ,0.178,766900.0,0.36,0.56,0.81,0.16,2.89,14.1,93.8,2.0,False,False,False,False,False,False,False,False,False,0,False,베이스 없음
20260928,NXTS,Nexentis Technologies Inc,NASDAQ,1.465,6800.0,1.75,3.94,5.92,1.14,49.0,28.5,97.0,2.0,False,False,False,False,False,True,False,False,False,1,False,Stage2 아님
20260928,PAVS,Paranovus Entertainment Technology Ltd,NASDAQ,4.38,18900.0,5.03,238.51,761.61,3.76,148800.0,16.5,100.0,2.0,False,False,False,False,False,False,False,False,False,0,False,베이스 없음
20260928,PPCB,Propanc Biopharma Inc,NASDAQ,0.5334,399400.0,1.07,2.0,4.14,0.52,52.5,3.0,99.0,2.0,False,False,False,False,False,False,False,False,False,0,False,Stage2 아님
20260928,QCLS,Q/C Technologies Inc,NASDAQ,0.833,435700.0,2.23,3.29,3.59,0.42,8.17,96.8,89.8,2.0,False,False,False,False,False,True,False,False,False,1,False,Stage2 아님
20260928,RDGT,Ridgetech Inc,NASDAQ,0.81,180700.0,0.94,42.55,128.73,0.67,760.5,20.9,99.9,2.0,False,False,False,False,False,False,False,False,False,0,False,베이스 없음
20260928,RIME,Algorhythm Holdings Inc,NASDAQ,0.16,2708300.0,0.32,0.77,0.9,0.15,4.58,6.7,96.5,2.0,False,False,False,False,False,False,False,False,False,0,False,Stage2 아님
20260928,RKDA,Arcadia Biosciences Inc,NASDAQ,0.308,2781900.0,0.54,0.98,1.35,0.28,6.71,10.4,95.4,2.0,False,False,False,False,False,False,False,False,False,0,False,베이스 없음
20260928,RNAZ,Transcode Therapeutics Inc,NASDAQ,1.71,40400.0,3.44,6.28,6.93,1.58,20.99,8.3,91.9,2.0,False,False,False,False,False,False,False,False,False,0,False,Stage2 아님
20260928,SBFM,Sunshine Biopharma Inc,NASDAQ,0.818,37400.0,1.2,5.19,7.07,0.78,24.3,5.1,96.6,2.0,False,False,False,False,False,False,False,False,False,0,False,Stage2 아님
20260928,SHFS,SHF Holdings Inc,NASDAQ,0.109,3863200.0,0.17,0.46,0.64,0.1,7.64,6.9,98.6,2.0,False,False,False,False,False,False,False,False,False,0,False,1 형성중
20260928,SILO,Silo Pharma Inc,NASDAQ,1.65,22700.0,3.07,5.04,5.12,1.63,13.2,1.2,87.5,2.0,False,False,False,False,False,False,False,False,False,0,False,Stage2 아님
20260928,SSM,Sono Group NV,NASDAQ,1.1,389600.0,2.86,4.53,5.15,1.05,10.54,4.8,89.6,2.0,False,False,False,False,False,False,False,False,False,0,False,베이스 없음
20260928,SSTK,Shutterstock  Inc.,NYSE,4.06,994600.0,5.52,11.96,13.61,3.88,29.5,4.6,86.2,2.0,False,False,False,False,False,False,False,False,False,0,False,1 형성중
20260928,SURG,Surgepays Inc,NASDAQ,0.136,4226800.0,0.21,0.47,0.71,0.14,3.14,0.7,95.7,2.0,False,False,False,False,False,False,False,False,False,0,False,베이스 없음
20260928,TC,Token Cat Ltd ADR,NASDAQ,1.85,16800.0,2.0,6.67,7.68,1.49,19.99,24.2,90.7,2.0,False,False,False,False,False,False,False,False,False,0,False,Stage2 아님
20260928,TDIC,Dreamland Ltd,NASDAQ,2.73,827400.0,2.5,15.38,18.02,1.86,987.5,46.8,99.7,2.0,False,False,False,False,False,True,False,False,True,2,False,Stage2 아님
20260928,XAIR,Beyond Air Inc,NASDAQ,2.59,156500.0,4.65,9.25,12.62,2.38,55.6,8.8,95.3,2.0,False,False,False,False,False,False,False,False,False,0,False,베이스 없음
20260928,BAOS,Baosheng Media Group Holdings Ltd,NASDAQ,0.25,200300.0,0.57,1.99,2.22,0.24,5.22,2.8,95.2,1.0,False,False,False,False,False,False,False,False,False,0,False,Stage2 아님
20260928,BDRX,Biodexa Pharmaceuticals PLC ADR,NASDAQ,0.68,146100.0,1.22,2.76,5.27,0.61,59.4,11.5,98.9,1.0,False,False,False,False,False,False,False,False,False,0,False,Stage2 아님
20260910,BTOG,Bit Origin Ltd,NASDAQ,1.435,158749.0,4.3,8.98,21.14,1.4,166.8,2.5,99.1,1.0,False,False,False,False,False,False,False,False,False,0,False,베이스 없음
20260928,CABO,Cable One Inc,NYSE,12.57,606500.0,29.21,58.79,70.3,12.33,180.74,1.9,93.0,1.0,False,False,False,False,False,False,False,False,False,0,False,Stage2 아님
20260928,CMND,Clearmind Medicine Inc,NASDAQ,0.788,91000.0,1.46,4.68,9.16,0.77,480.0,2.3,99.8,1.0,False,False,False,False,False,False,False,False,False,0,False,Stage2 아님
20260928,CRIS,Curis Inc,NASDAQ,0.83,158300.0,2.49,8.68,11.59,0.8,34.8,3.7,97.6,1.0,False,False,False,False,False,False,False,False,False,0,False,베이스 없음
20260928,EDBL,Edible Garden AG Inc,NASDAQ,1.21,154300.0,1.81,26.78,94.77,1.11,1251.0,9.0,99.9,1.0,False,False,False,False,False,False,False,False,False,0,False,베이스 없음
20260928,GDC,GD Culture Group Ltd,NASDAQ,1.26,367000.0,1.61,312.74,496.88,1.24,2045.0,1.6,99.9,1.0,False,False,False,False,False,False,False,False,False,0,False,베이스 없음
20260928,GETY,Getty Images Holdings Inc,NYSE,0.083,27985400.0,0.31,0.66,0.8,0.08,3.21,3.8,97.4,1.0,False,False,False,False,False,False,False,False,False,0,False,Stage2 아님
20260928,GIPR,Generation Income Properties Inc,NASDAQ,0.404,1404800.0,0.58,2.03,3.36,0.26,19.9,58.4,98.0,1.0,False,False,False,False,False,True,False,False,False,1,False,베이스 없음
20260928,GNPX,Genprex Inc,NASDAQ,2.81,554800.0,4.62,18.18,26.35,2.7,1210.0,4.1,99.8,1.0,False,False,False,False,False,False,False,False,False,0,False,베이스 없음
20260928,GWH,ESS Tech  Inc.,NYSE,0.177,2420100.0,0.53,0.89,1.12,0.17,13.87,4.7,98.7,1.0,False,False,False,False,False,False,False,False,False,0,False,Stage2 아님
20260928,HCAI,Huachen AI Parking Management Technology Holding Co Ltd,NASDAQ,0.549,601400.0,3.78,6.38,7.1,0.49,25.99,12.7,97.9,1.0,False,False,False,False,False,False,False,False,False,0,False,Stage2 아님
20260928,HKIT,Hitek Global Inc,NASDAQ,2.57,76600.0,2.94,687.67,2383.1,2.33,15675.0,10.3,100.0,1.0,False,False,False,False,False,False,False,False,False,0,False,1 형성중
20260928,ICCM,Icecure Medical Ltd,NASDAQ,1.63,86900.0,2.57,7.31,10.27,1.6,42.0,1.9,96.1,1.0,False,False,False,False,False,False,False,False,False,0,False,베이스 없음
20260928,ILLR,Triller Group Inc,NASDAQ,0.339,211800.0,0.94,1.77,2.01,0.01,10.9,3290.0,96.9,1.0,False,False,False,False,False,True,False,False,False,1,False,Stage2 아님
20260928,INHD,Inno Holdings Inc,NASDAQ,2.99,28500.0,12.7,16.18,19.99,1.01,1656.0,196.0,99.8,1.0,False,False,False,False,False,True,False,False,False,1,False,Stage2 아님
20260928,INV,Innventure Inc,NASDAQ,0.69,3585200.0,1.93,4.04,4.01,0.59,7.86,16.9,91.2,1.0,False,False,True,False,False,False,False,False,False,1,False,베이스 없음
20260928,JDZG,JIADE Ltd,NASDAQ,4.48,2377200.0,13.03,25.54,94.64,2.63,1015.0,70.3,99.6,1.0,False,False,False,False,False,True,False,False,False,1,False,Stage2 아님
20260928,JEM,707 Cayman Holdings Ltd,NASDAQ,3.69,8300.0,4.45,15.39,22.4,3.38,135.24,9.3,97.3,1.0,False,False,False,False,False,False,False,False,False,0,False,Stage2 아님
20260928,KALA,KALA BIO Inc,NASDAQ,0.45,576300.0,0.69,4.9,10.7,0.43,988.5,4.4,100.0,1.0,False,False,False,False,False,False,False,False,False,0,False,베이스 없음
20260928,KWM,K Wave Media Ltd,NASDAQ,1.1525,20289.0,2.14,8.46,11.02,1.07,99.9,7.7,98.8,1.0,False,False,False,False,False,False,False,False,False,0,False,Stage2 아님
20260928,LESL,Leslie's Inc,NASDAQ,0.239,1863800.0,0.87,2.55,2.33,0.23,12.53,2.6,98.1,1.0,False,False,True,False,False,False,False,False,False,1,False,Stage2 아님
20260626,MAXN,Maxeon Solar Technologies Ltd,NASDAQ,0.23,16390.0,0.6,1.93,2.35,0.13,4.97,71.4,95.4,1.0,False,False,False,False,False,True,False,False,False,1,False,베이스 없음
20260928,MBRX,Moleculin Biotech Inc,NASDAQ,0.569,620500.0,0.87,1.92,2.49,0.16,15.75,253.4,96.4,1.0,False,False,False,False,False,True,False,False,False,1,False,Stage2 아님
20260928,NEXR,Nexera Technologies Ltd,NASDAQ,1.55,1765800.0,2.52,15.31,41.3,1.37,834.68,12.8,99.8,1.0,False,False,False,False,False,False,False,False,False,0,False,Stage2 아님
20260928,NIVF,NewGenIvf Group Ltd,NASDAQ,0.345,13576700.0,0.8,3.21,7.96,0.32,513.0,7.8,99.9,1.0,False,False,False,False,False,False,False,False,False,0,False,Stage2 아님
20260928,NTCL,NetClass Technology Inc,NASDAQ,2.085,22000.0,2.54,16.42,18.43,1.74,155.0,20.2,98.7,1.0,False,False,False,False,False,False,False,False,False,0,False,Stage2 아님
20260928,NUWE,Nuwellis Inc,NASDAQ,0.76,159700.0,1.35,19.73,35.15,0.71,172.9,6.9,99.6,1.0,False,False,False,False,False,False,False,False,False,0,False,베이스 없음
20260928,OLOX,Olenox Industries Inc,NASDAQ,0.835,217900.0,2.5,5.71,8.65,0.69,93.4,20.8,99.1,1.0,False,False,False,False,False,False,False,False,False,0,False,Stage2 아님
20260928,PARA,Banzai International Inc,NASDAQ,0.704,177500.0,1.43,7.3,11.68,0.65,79.6,8.1,99.1,1.0,False,False,False,False,False,False,False,False,False,0,False,Stage2 아님
20260928,PWCM,PowerCompute Inc,NASDAQ,1.01,58500.0,1.44,4.7,6.52,0.84,35.75,20.1,97.2,1.0,False,False,False,False,False,False,False,False,False,0,False,Stage2 아님
20260928,RBNE,Robin Energy Ltd,NASDAQ,2.358,4700.0,2.82,16.44,26.76,2.07,131.25,13.9,98.2,1.0,False,False,False,False,False,False,False,False,False,0,False,Stage2 아님
20260928,RUBI,Rubico Inc,NASDAQ,1.13,199300.0,1.87,59.12,509.87,1.0,137695.31,13.0,100.0,1.0,False,False,False,False,False,False,False,False,False,0,False,Stage2 아님
20260928,SGLY,Singularity Future Technology Ltd,NASDAQ,0.84,57000.0,3.16,4.68,5.49,0.81,19.6,3.7,95.7,1.0,False,False,False,False,False,False,False,False,False,0,False,베이스 없음
20260928,SION,Sionna Therapeutics  Inc.,NASDAQ,5.12,775600.0,19.38,32.79,34.71,4.01,54.97,27.7,90.7,1.0,False,False,False,False,False,True,False,False,False,1,False,베이스 없음
20260928,SMTK,SmartKem Inc,NASDAQ,1.75,85400.0,5.38,11.04,20.82,1.47,190.0,19.0,99.1,1.0,False,False,False,False,False,False,False,False,False,0,False,Stage2 아님
20260928,SOBR,Sobr Safe Inc,NASDAQ,0.083,85200.0,0.47,0.75,0.95,0.08,3.97,6.4,97.9,1.0,False,False,False,False,False,False,False,False,False,0,False,Stage2 아님
20260928,SUGP,SU Group Holdings Ltd,NASDAQ,0.53,1346900.0,1.47,11.6,16.26,0.45,55.0,17.8,99.0,1.0,False,False,False,False,False,False,False,False,False,0,False,Stage2 아님
20260928,TENX,Tenax Therapeutics Inc,NASDAQ,1.85,2207700.0,5.69,10.79,11.35,1.31,19.4,41.2,90.5,1.0,False,False,False,False,False,True,False,False,False,1,False,베이스 없음
20260928,TRUG,TruGolf Holdings Inc,NASDAQ,0.266,2922000.0,0.75,2.36,3.81,0.25,28.2,6.4,99.1,1.0,False,False,False,False,False,False,False,False,False,0,False,Stage2 아님
20260928,VIVS,VivoSim Labs Inc,NASDAQ,0.22,423900.0,0.32,1.06,1.3,0.22,3.54,1.5,93.8,1.0,False,False,False,False,False,False,False,False,False,0,False,Stage2 아님
20260928,VMAR,Vision Marine Technologies Inc,NASDAQ,7.4,9900.0,7.47,83.63,261.54,5.16,6800.0,43.4,99.9,1.0,False,False,False,False,False,True,False,False,False,1,False,Stage2 아님
20260928,VVOS,Vivos Therapeutics Inc,NASDAQ,0.134,1393200.0,0.27,0.68,0.98,0.13,3.45,3.1,96.1,1.0,False,False,False,False,False,False,False,False,False,0,False,Stage2 아님
20260928,WATR,Inflection Point Acquisition Corp III,NASDAQ,1.71,95000.0,4.31,8.29,8.75,1.68,11.5,1.8,85.1,1.0,False,False,False,False,False,False,False,False,False,0,False,Stage2 아님
20260928,XCH,XCHG Ltd ADR,NASDAQ,3.1,2700.0,5.77,14.62,16.41,2.81,49.98,10.3,93.8,1.0,False,False,False,False,False,False,False,False,False,0,False,Stage2 아님
20260928,XXII,22nd Century Group Inc,NASDAQ,0.955,477200.0,3.24,23.31,72.39,0.91,646.5,4.8,99.9,1.0,False,False,False,False,False,False,False,False,False,0,False,Stage2 아님
20260928,YYAI,AiRWA Inc,NASDAQ,0.865,446500.0,11.56,19.68,25.96,0.07,5900.0,1172.1,100.0,1.0,False,False,False,False,False,True,False,False,False,1,False,Stage2 아님
20260911,YYGH,YY Group Holding Ltd,NASDAQ,1.28,106217.0,1.31,58.31,130.88,1.02,1920.0,25.5,99.9,1.0,False,False,False,False,False,True,False,False,False,1,False,1 형성중
20260928,ZBAO,Zhibao Technology Inc,NASDAQ,0.087,16029100.0,0.17,0.54,0.63,0.08,1.34,8.7,93.5,1.0,False,False,False,False,False,False,False,False,False,0,False,Stage2 아님
20260928,ZNB,Zeta Network Group,NASDAQ,1.29,30500.0,2.03,24.0,141.72,1.27,4184.0,1.6,100.0,1.0,False,False,False,False,False,False,False,False,False,0,False,Stage2 아님
20260928,AXG,Solowin Holdings Ltd,NASDAQ,0.147,39199000.0,2.42,3.17,3.35,0.14,4.75,5.0,96.9,0.0,False,False,False,False,False,False,False,False,False,0,False,1 형성중
20260928,BTAI,BioXcel Therapeutics Inc,NASDAQ,0.0411,623491.0,0.62,1.06,1.24,0.03,3.12,28.4,98.7,0.0,False,False,False,False,False,True,False,False,False,1,False,베이스 없음
20260928,CDT,CDT Equity Inc,NASDAQ,0.076,29617700.0,1.89,3.99,11.5,0.07,177.8,11.8,100.0,0.0,False,False,False,False,False,False,False,False,False,0,False,Stage2 아님
20260928,ENLV,Enlivex Ltd,NASDAQ,0.514,620800.0,1.83,8.86,10.25,0.5,27.15,2.2,98.1,0.0,False,False,False,False,False,False,False,False,False,0,False,1 형성중
20260928,FEED,ENvue Medical  Inc.,NASDAQ,0.432,11700.0,3.74,11.57,16.54,0.36,89.4,20.0,99.5,0.0,False,False,False,False,False,False,False,False,False,0,False,베이스 없음
20260928,FGL,Founder Group Ltd,NASDAQ,4.22,90400.0,43.55,211.59,584.57,3.81,8000.0,10.8,99.9,0.0,False,False,False,False,False,False,False,False,False,0,False,Stage2 아님
20260928,FRGT,Freight Technologies Inc,NASDAQ,0.33,4297400.0,1.86,3.59,4.98,0.31,51.25,6.1,99.4,0.0,False,False,False,False,False,False,False,False,False,0,False,Stage2 아님
20260928,HODO,House of Doge Inc,NASDAQ,0.167,358500.0,0.48,2.6,2.91,0.15,19.5,9.9,99.1,0.0,False,False,False,False,False,False,False,False,False,0,False,Stage2 아님
20260928,JZ,Jianzhi Education Technology Group Co Ltd ADR,NASDAQ,0.43,390800.0,1.67,14.27,18.45,0.41,98.4,3.9,99.6,0.0,False,False,False,False,False,False,False,False,False,0,False,베이스 없음
20260928,LBGJ,Li Bang International Corporation Inc,NASDAQ,2.0,69200.0,13.78,811.22,4240.31,1.86,30900.0,7.5,100.0,0.0,False,False,False,False,False,False,False,False,False,0,False,Stage2 아님
20260928,LGCL,Lucas GC Ltd,NASDAQ,2.89,29900.0,72.58,165.87,189.71,2.66,875.0,8.6,99.7,0.0,False,False,False,False,False,False,False,False,False,0,False,Stage2 아님
20260618,QVCGA,QVC Group Inc Series A,NASDAQ,0.127,119514.0,0.46,4.92,6.71,0.11,15.98,14.3,99.2,0.0,False,False,False,False,False,False,False,False,False,0,False,Stage2 아님
20260928,RETO,ReTo Eco-Solutions Inc,NASDAQ,0.142,27023400.0,1.62,2.48,3.42,0.14,25.24,1.4,99.4,0.0,False,False,False,False,False,False,False,False,False,0,False,Stage2 아님
20260918,RITR,Reitar Logtech Holdings Ltd,NASDAQ,0.0038,1253221.0,0.12,0.41,0.57,0.0,7.68,26.7,100.0,0.0,False,False,False,False,False,True,False,False,False,1,False,1 형성중
20260928,SBXD,SilverBox Corp IV,NYSE,0.14,0.0,10.67,10.73,10.7,0.14,11.89,0.0,98.8,0.0,False,False,True,False,False,False,False,False,False,1,False,Stage2 아님
20260928,SDST,Stardust Power Inc,NASDAQ,0.108,10618800.0,0.6,1.81,2.28,0.1,7.67,3.8,98.6,0.0,False,False,False,False,False,False,False,False,False,0,False,베이스 없음
20260928,SLXN,Silexion Therapeutics Corp,NASDAQ,0.248,61953700.0,0.98,5.8,9.6,0.24,42.6,5.1,99.4,0.0,False,False,False,False,False,False,False,False,False,0,False,베이스 없음
20260928,SNYR,Synergy CHC Corp,NASDAQ,0.0143,465473.0,0.14,0.48,0.81,0.01,2.96,19.2,99.5,0.0,False,False,False,False,False,False,False,False,False,0,False,Stage2 아님
20260928,TWG,Top Wealth Group Holding Ltd,NASDAQ,0.134,8204200.0,1.1,2.47,2.84,0.12,26.36,8.9,99.5,0.0,False,False,False,False,False,False,False,False,False,0,False,Stage2 아님
20260928,VIVK,Vivakor Inc,NASDAQ,0.5298,327500.0,1.2,21.76,37.92,0.51,2384.0,3.6,100.0,0.0,False,False,False,False,False,False,False,False,False,0,False,베이스 없음
20260928,WETO,Wetour Robotics Ltd,NASDAQ,1.67,929800.0,10.83,48.0,53.89,1.45,251.0,15.2,99.3,0.0,False,False,False,False,False,False,False,False,False,0,False,Stage2 아님
20260928,YHC,LQR House Inc. (Pre-Reincorporation),NASDAQ,1.31,31200.0,1.61,52.99,62.62,1.21,119.0,8.3,98.9,0.0,False,False,False,False,False,False,False,False,False,0,False,베이스 없음
20260928,AAC,Ares Acquisition Corporation III,NYSE,10.07,0.0,,,,,,,,,False,False,False,False,False,False,False,False,False,0,False,자료 부족
20260928,AACI,Armada Acquisition Corp III,NASDAQ,10.048,1376.0,10.02,,,,,,,,False,False,False,False,False,False,False,False,True,1,False,자료 부족
20260928,AACO,Abony Acquisition Corp I,NASDAQ,10.0,0.0,9.96,,,,,,,,False,False,False,False,False,False,False,False,True,1,False,자료 부족
20260928,AACP,Apogee Acquisition Corp,NASDAQ,10.08,3627.0,10.04,,,,,,,,False,False,False,False,False,False,False,False,True,1,False,자료 부족
20260928,AADX,Applied Aerospace & Defense Inc,NYSE,12.05,1744000.0,15.79,,,,,,,,False,False,False,False,False,False,False,False,False,0,False,자료 부족
20260928,ACAA,Averin Capital Acquisition Corp,NASDAQ,10.0,0.0,10.0,,,,,,,,False,False,False,False,False,False,False,False,False,0,False,자료 부족
20260928,ACCL,Acco Group Holdings Ltd,NASDAQ,2.75,95100.0,2.66,1.9,2.02,1.23,5.0,123.6,45.0,,False,True,False,False,True,True,False,False,True,4,False,자료 부족
20260928,ACGC,ACP Holdings Acquisition Corp,NASDAQ,10.059,139.0,10.0,,,,,,,,False,False,False,False,False,False,False,False,True,1,False,자료 부족
20260928,ADAC,American Drive Acquisition Co,NASDAQ,10.12,0.0,10.09,9.99,,,,,,,False,False,False,False,False,False,False,False,True,1,False,자료 부족
20260928,ADAMO,Adamas Trust 9 250 Senior Notes Due 2031,NASDAQ,24.565,19498.0,25.04,25.01,,,,,,,False,False,False,False,False,False,False,False,False,0,False,자료 부족
20260928,ADBT,Advasa Holdings  Inc.,NASDAQ,0.11,6084800.0,,,,,,,,,False,False,False,False,False,False,False,False,False,0,False,자료 부족
20260928,ADIG,ADI Global Distribution Inc.,NYSE,18.53,737000.0,,,,,,,,,False,False,False,False,False,False,False,False,False,0,False,자료 부족
20260928,AEAQ,Activate Energy Acquisition Corp,NASDAQ,10.08,0.0,10.05,9.98,,,,,,,False,False,False,False,False,False,False,False,True,1,False,자료 부족
20260928,AERO,Grupo Aeromexico SAB de CV ADR,NYSE,15.71,347200.0,15.3,15.75,16.89,12.26,23.05,28.1,31.8,,False,False,False,False,False,True,False,False,True,2,False,자료 부족
20260928,AESP,Aeon Acquisition I Corp,NASDAQ,9.97,0.0,9.94,,,,,,,,False,False,False,False,False,False,False,False,True,1,False,자료 부족
20260928,AEXA,American Exceptionalism Acquisition Corp A,NYSE,11.15,54700.0,11.44,11.34,11.35,10.49,11.99,6.3,7.0,,False,False,False,True,True,False,True,False,False,3,False,자료 부족
20260928,AGBK,Agi Inc,NYSE,5.76,131400.0,6.45,7.4,,,,,,,False,False,False,False,False,False,False,False,False,0,False,자료 부족
20260928,AGCC,Agencia Comercial Spirits Ltd,NASDAQ,14.2,21000.0,14.55,15.65,14.35,3.66,25.72,288.0,44.8,,False,False,True,True,False,True,False,False,False,3,False,자료 부족
20260928,AGMB,Agomab Therapeutics NV ADR,NASDAQ,10.21,147200.0,13.07,12.41,,,,,,,False,False,False,False,False,False,False,False,False,0,False,자료 부족
20260928,AGRZ,Agroz Inc,NASDAQ,0.189,880100.0,0.27,0.35,0.48,0.17,7.2,12.5,97.4,,False,False,False,False,False,False,False,False,False,0,False,자료 부족
20260928,AHMA,Ambitions Enterprise Management Co LLC,NASDAQ,1.39,20000.0,1.48,2.03,4.75,0.76,39.5,83.9,96.5,,False,False,False,False,False,True,False,False,False,1,False,자료 부족
20260928,AIAI,AIAI Holdings Corp,NASDAQ,3.74,160500.0,4.62,,,,,,,,False,False,False,False,False,False,False,False,False,0,False,자료 부족
20260928,AIBZ,Bitzero Holdings Inc,NASDAQ,4.12,335500.0,5.6,,,,,,,,False,False,False,False,False,False,False,False,False,0,False,자료 부족
20260928,AIDX,20/20 Biolabs Inc,NASDAQ,0.41,41300.0,0.5,1.29,,,,,,,False,False,False,False,False,False,False,False,False,0,False,자료 부족
20260928,AIIA,AI Infrastructure Acquisition Corp,NYSE,10.27,1000.0,10.22,10.14,10.1,9.85,10.29,4.3,0.2,,False,True,True,False,True,False,True,False,True,5,False,자료 부족
20260928,AKTS,Aktis Oncology Inc,NASDAQ,19.35,223200.0,23.79,21.84,,,,,,,False,False,False,False,False,False,False,False,False,0,False,자료 부족
20260928,ALH,Alliance Laundry Holdings Inc.,NYSE,21.87,1272100.0,23.99,23.98,23.52,18.64,28.23,17.3,22.5,,False,False,True,False,True,False,True,False,False,3,False,자료 부족
20260928,ALIS,Calisa Acquisition Corp,NASDAQ,10.33,2100.0,10.23,10.12,10.08,9.85,10.4,4.9,0.7,,False,True,True,False,True,False,True,False,True,5,False,자료 부족
20260928,ALMR,Alamar Biosciences Inc,NASDAQ,32.61,224700.0,29.99,,,,,,,,False,False,False,False,False,False,False,False,True,1,False,자료 부족
20260928,ALOV,Aldabra 4 Liquidity Opportunity Vehicle Inc,NASDAQ,10.0,0.0,9.98,,,,,,,,False,False,False,False,False,False,False,False,True,1,False,자료 부족
20260928,ALPS,Alps Group Inc,NASDAQ,0.4,118000.0,0.4,0.69,0.76,0.23,2.9,74.7,86.2,,False,False,False,False,False,True,False,False,True,2,False,자료 부족
20260928,ALPX,Alpex Acquisition Corp,NASDAQ,9.95,154400.0,9.91,,,,,,,,False,False,False,False,False,False,False,False,True,1,False,자료 부족
20260928,ALUB,Alussa Energy Acquisition Corp II,NYSE,10.13,100.0,10.11,10.05,,,,,,,False,False,False,False,False,False,False,False,True,1,False,자료 부족
20260928,AMACU,AMR Resources Acquisition Units,NASDAQ,9.92,0.0,,,,,,,,,False,False,False,False,False,False,False,False,False,0,False,자료 부족
20260928,AMAN,Amanat Acquisition Corp,NASDAQ,10.63,1670.0,10.5,,,,,,,,True,False,False,False,False,False,False,False,True,1,False,자료 부족
20260928,AMSS,Amass Brands Inc,NASDAQ,0.56,169600.0,0.94,,,,,,,,False,False,False,False,False,False,False,False,False,0,False,자료 부족
20260928,ANDG,Andersen Group Inc,NYSE,52.78,573700.0,50.5,38.83,,,,,,,True,False,False,False,False,False,False,False,True,1,False,자료 부족
20260928,APAC,StoneBridge Acquisition II Corp,NASDAQ,10.26,0.0,10.21,10.13,10.09,9.87,10.26,3.9,0.0,,False,True,True,False,True,False,True,False,True,5,False,자료 부족
20260928,APC,Arko Petroleum Corp,NASDAQ,16.11,176000.0,19.04,19.04,,,,,,,False,False,False,False,False,False,False,False,False,0,False,자료 부족
20260928,APMC,AmperCap Acquisition Co,NASDAQ,9.96,0.0,9.93,,,,,,,,False,False,False,False,False,False,False,False,True,1,False,자료 부족
20260928,APMD,Apnimed Inc,NASDAQ,21.67,283800.0,,,,,,,,,False,False,False,False,False,False,False,False,False,0,False,자료 부족
20260928,APUR,Aperture AC,NASDAQ,10.03,0.0,9.98,,,,,,,,False,False,False,False,False,False,False,False,True,1,False,자료 부족
20260928,APXT,Apex Treasury Corp,NASDAQ,10.14,2300.0,10.12,10.04,10.01,9.87,10.19,2.7,0.5,,False,True,True,False,True,False,True,False,True,5,False,자료 부족
20260928,ARCI,Archimedes Tech SPAC Partners III Co,NASDAQ,10.1,0.0,10.12,,,,,,,,False,False,False,False,False,False,False,False,False,0,False,자료 부족
20260928,ARCL,ARC Group Acquisition I Corp,NASDAQ,9.99,0.0,9.95,,,,,,,,False,False,False,False,False,False,False,False,True,1,False,자료 부족
20260928,ARTC,Art Technology Acquisition Corp,NASDAQ,10.0195,10474.0,9.98,,,,,,,,False,False,False,False,False,False,False,False,True,1,False,자료 부족
20260928,ARXS,Arxis  Inc.,NASDAQ,48.44,847100.0,51.62,,,,,,,,False,False,False,False,False,False,False,False,False,0,False,자료 부족
20260928,ATCX,Atlas Critical Minerals Corp,NASDAQ,2.93,24100.0,3.19,4.38,,,,,,,False,False,False,False,False,False,False,False,False,0,False,자료 부족
20260928,ATLQ,JAB Acquisition Corp I,NASDAQ,9.98,1000.0,,,,,,,,,False,False,False,False,False,False,False,False,False,0,False,자료 부족
20260928,ATTO,Attovia Therapeutics Inc,NASDAQ,17.65,403000.0,,,,,,,,,False,False,False,False,False,False,False,False,False,0,False,자료 부족
20260928,AVEX,AEVEX Corp,NYSE,15.39,1105800.0,17.37,,,,,,,,False,False,False,False,False,False,False,False,False,0,False,자료 부족
20260928,AVLN,Avalyn Pharma Inc,NASDAQ,28.32,205900.0,33.28,,,,,,,,False,False,False,False,False,False,False,False,False,0,False,자료 부족
20260928,AZUL,Azul SA ADR,NYSE,6.87,324200.0,7.7,,,,,,,,False,False,False,False,False,False,False,False,False,0,False,자료 부족
20260928,BCCQ,Bleichroeder Acquisition Corp III,NASDAQ,9.96,11800.0,,,,,,,,,False,False,False,False,False,False,False,False,False,0,False,자료 부족
20260928,BCSS,Bain Capital GSS Investment Corp,NYSE,10.29,800.0,10.26,10.2,10.19,9.95,10.48,3.4,1.8,,False,True,True,False,True,False,True,False,True,5,False,자료 부족
20260928,BDCI,BTC Development Corp,NASDAQ,10.15,4300.0,10.11,10.05,10.05,9.96,10.26,1.9,1.1,,False,True,True,True,True,False,True,False,True,6,False,자료 부족
20260928,BEBE,TGE Value Creative Solutions Corp,NYSE,10.04,0.0,10.0,9.95,,,,,,,False,False,False,False,False,False,False,False,True,1,False,자료 부족
20260928,BETA,BETA Technologies  Inc.,NYSE,22.88,1926700.0,21.65,18.51,20.2,13.43,39.5,70.4,42.1,,False,True,False,False,True,True,False,False,True,4,False,자료 부족
20260928,BGIN,BGIN Blockchain Ltd,NASDAQ,1.907,600.0,1.91,2.52,2.64,1.61,6.5,18.4,70.7,,False,False,False,False,False,False,False,False,False,0,False,자료 부족
20260928,BGSI,Boyd Group Services Inc,NYSE,78.47,48100.0,93.12,111.44,124.77,77.81,183.1,0.8,57.1,,False,False,False,False,False,False,False,False,False,0,False,자료 부족
20260928,BHAV,BHAV Acquisition Corp,NASDAQ,10.02,2147.0,10.0,,,,,,,,False,False,False,False,False,False,False,False,True,1,False,자료 부족
20260928,BID,Tribeca Strategic Acquisition Corp,NASDAQ,9.91,616.0,,,,,,,,,False,False,False,False,False,False,False,False,False,0,False,자료 부족
20260928,BIDWU,Tribeca Strategic Acquisition Units,NASDAQ,10.04,0.0,9.97,,,,,,,,False,False,False,False,False,False,False,False,True,1,False,자료 부족
20260928,BIII,Black Spade Acquisition III Co,NYSE,10.05,262.0,10.01,9.94,,,,,,,False,False,False,False,False,False,False,False,True,1,False,자료 부족
20260928,BIOT,Instinct Bio Technical Company Holdings Inc,NASDAQ,0.39,2051400.0,,,,,,,,,False,False,False,False,False,False,False,False,False,0,False,자료 부족
20260928,BIXI,Bitcoin Infrastructure Acquisition Corp Ltd,NASDAQ,10.15,300.0,10.06,9.98,,,,,,,False,False,False,False,False,False,False,False,True,1,False,자료 부족
20260928,BLLN,BillionToOne  Inc.,NASDAQ,121.72,343600.0,109.91,96.65,95.09,61.96,150.44,96.4,19.1,,True,True,True,False,True,True,True,False,True,6,False,자료 부족
20260928,BLRK,Bluerock Acquisition Corp,NASDAQ,10.11,6200.0,10.08,9.99,,,,,,,False,False,False,False,False,False,False,False,True,1,False,자료 부족
20260928,BLSM,BlossomHill Therapeutics Inc,NASDAQ,21.34,146400.0,,,,,,,,,False,False,False,False,False,False,False,False,False,0,False,자료 부족
20260928,BLZR,Trailblazer Acquisition Corp,NASDAQ,10.22,0.0,10.18,10.12,10.1,10.0,10.24,2.2,0.2,,False,True,True,True,True,False,True,False,True,6,False,자료 부족
20260928,BMM,Blue Moon Metals Inc.,NASDAQ,4.99,413500.0,5.47,6.2,,,,,,,False,False,False,False,False,False,False,False,False,0,False,자료 부족
20260928,BMNP,Bitmine Immersion Technologies Perpetual 9 5 Prf Shs Ser A,NYSE,99.16,5100.0,93.31,,,,,,,,True,False,False,False,False,False,False,False,True,1,False,자료 부족
20260928,BOBS,Bob's Discount Furniture  Inc,NYSE,13.89,939100.0,16.58,14.74,,,,,,,False,False,False,False,False,False,False,False,False,0,False,자료 부족
20260928,BOT,RoboStrategy Inc,NASDAQ,26.86,258000.0,27.99,,,,,,,,False,False,False,False,False,False,False,False,False,0,False,자료 부족
20260928,BPAC,Blueport Acquisition Ltd,NASDAQ,10.19,0.0,10.17,10.09,,,,,,,False,False,False,False,False,False,False,False,True,1,False,자료 부족
20260928,BPRE,Bluerock Private Real Estate Closed End Fund,NYSE,12.49,958437.0,12.29,14.57,,,,,,,False,False,False,False,False,False,False,False,True,1,False,자료 부족
20260928,BRAI,Braiin Ltd,NASDAQ,5.49,14400.0,5.59,6.8,,,,,,,False,False,False,False,False,False,False,False,False,0,False,자료 부족
20260928,BRBI,BRBI BR Partners SA ADR,NASDAQ,11.24,0.0,10.83,12.88,13.22,9.09,67.01,23.7,83.2,,False,False,False,False,False,False,False,False,True,1,False,자료 부족
20260928,BREZ,Breeze Acquisition Corp II,NASDAQ,10.02,0.0,9.98,,,,,,,,False,False,False,False,False,False,False,False,True,1,False,자료 부족
20260928,BRKH,Burtech Acquisition Corp II,NASDAQ,10.02,0.0,9.97,,,,,,,,False,False,False,False,False,False,False,False,True,1,False,자료 부족
20260928,BRTMU,B&R Technology Merger Units,NASDAQ,9.94,582.0,,,,,,,,,False,False,False,False,False,False,False,False,False,0,False,자료 부족
20260928,BRVE,Braveheart Bio  Inc.,NASDAQ,21.07,389300.0,,,,,,,,,False,False,False,False,False,False,False,False,False,0,False,자료 부족
20260928,BSP,Bending Spoons SpA,NASDAQ,33.56,2616300.0,38.95,,,,,,,,False,False,False,False,False,False,False,False,False,0,False,자료 부족
20260928,BTGO,BitGo Holdings Inc,NYSE,7.26,1020800.0,6.29,7.68,,,,,,,True,False,False,False,False,False,False,False,True,1,False,자료 부족
20260928,BTQ,BTQ Technologies Corp.,NASDAQ,2.86,1889400.0,3.34,3.47,3.76,2.09,16.0,36.8,82.1,,False,False,False,False,False,True,False,False,False,1,False,Stage2 아님
20260928,BTTC,Black Titan Corp,NASDAQ,0.434,613100.0,0.6,0.98,1.23,0.34,39.0,27.1,98.9,,False,False,False,False,False,True,False,False,False,1,False,자료 부족
20260928,BWIV,Blue Water Acquisition Corp IV,NYSE,9.97,200.0,9.94,,,,,,,,False,False,False,False,False,False,False,False,True,1,False,자료 부족
20260928,BXDC,Blackstone Digital Infrastructure Trust Inc,NYSE,18.13,3022600.0,20.11,,,,,,,,False,False,False,False,False,False,False,False,False,0,False,자료 부족
20260928,CABR,Caring Brands Inc,NASDAQ,1.24,15400.0,1.35,1.18,1.12,0.71,1.84,74.6,32.6,,False,True,True,False,True,True,False,False,False,4,False,자료 부족
20260928,CAES,Cantor Equity Partners VII Inc,NASDAQ,10.06,0.0,10.08,,,,,,,,False,False,False,False,False,False,False,False,False,0,False,자료 부족
20260928,CAII,Collective Acquisition Corp. II,NASDAQ,10.0,103400.0,9.97,,,,,,,,False,False,False,False,False,False,False,False,True,1,False,자료 부족
20260928,CAQ,Cambridge Acquisition Corp,NASDAQ,10.01,7.0,9.97,,,,,,,,False,False,False,False,False,False,False,False,True,1,False,자료 부족
20260928,CAQUU,Cambridge Acquisition Units,NASDAQ,10.07,0.0,10.1,,,,,,,,False,False,False,False,False,False,False,False,False,0,False,자료 부족
20260928,CAST,Freecast Inc,NASDAQ,1.18,576400.0,1.45,,,,,,,,False,False,False,False,False,False,False,False,False,0,False,자료 부족
20260928,CATLU,Catalyst Acquisition Units,NASDAQ,10.1,0.0,,,,,,,,,False,False,False,False,False,False,False,False,False,0,False,자료 부족
20260928,CBC,Central Bancompany  Inc.,NASDAQ,31.85,918200.0,32.32,28.63,27.49,22.5,33.82,41.6,5.8,,False,True,True,False,True,True,True,False,False,5,False,자료 부족
20260928,CBK,Commercial BancGroup Inc,NASDAQ,31.99,27979.0,33.87,30.44,29.18,23.24,35.78,37.7,10.6,,False,True,True,True,True,True,True,False,False,6,False,자료 부족
20260928,CBRS,Cerebras Systems Inc,NASDAQ,196.74,5056000.0,203.19,,,,,,,,False,False,False,False,False,False,False,False,False,0,False,자료 부족
20260928,CCCT,Columbus Circle Capital Corp III,NASDAQ,9.84,0.0,,,,,,,,,False,False,False,False,False,False,False,False,False,0,False,자료 부족
20260928,CCHH,CCH Holdings Ltd,NASDAQ,0.932,29300.0,1.28,3.81,6.56,0.9,153.9,3.6,99.4,,False,False,False,False,False,False,False,False,False,0,False,자료 부족
20260928,CCXI,Churchill Capital Corp XI,NASDAQ,12.05,982100.0,14.15,12.1,,,,,,,False,False,False,False,False,False,False,False,False,0,False,자료 부족
20260928,CDNL,Cardinal Infrastructure Group Inc,NASDAQ,27.72,673800.0,45.82,50.33,,,,,,,False,False,False,False,False,False,False,False,False,0,False,자료 부족
20260928,CEPL,Capstone Energy+ Inc,NASDAQ,4.48,311500.0,6.95,,,,,,,,False,False,False,False,False,False,False,False,False,0,False,자료 부족
20260928,CEPS,Cantor Equity Partners Vi  Inc,NASDAQ,10.3,0.0,10.37,10.25,,,,,,,False,False,False,False,False,False,False,False,False,0,False,자료 부족
20260928,CEPV,Cantor Equity Partners V Inc,NASDAQ,10.36,0.0,10.39,10.27,10.26,10.06,10.5,3.0,1.3,,False,True,True,False,True,False,True,False,False,4,False,자료 부족
20260928,CGCF,Cartesian Growth Corporation IV,NASDAQ,9.8,127.0,,,,,,,,,False,False,False,False,False,False,False,False,False,0,False,자료 부족
20260928,CHEC,Chenghe Acquisition III Co,NASDAQ,10.3,103.0,10.23,10.14,10.11,9.91,10.56,3.9,2.5,,False,True,True,False,True,False,True,False,True,5,False,자료 부족
20260928,CLBR,Colombier Acquisition Corp III,NYSE,10.2,47533.0,10.25,,,,,,,,False,False,False,False,False,False,False,False,False,0,False,자료 부족
20260928,CNXU,Conexeu Sciences Inc,NASDAQ,3.77,179600.0,6.99,,,,,,,,False,False,False,False,False,False,False,False,False,0,False,자료 부족
20260928,COAG,Hemab Therapeutics Holdings Inc,NASDAQ,33.12,348500.0,45.93,,,,,,,,False,False,False,False,False,False,False,False,False,0,False,자료 부족
20260928,CRAC,Crown Reserve Acquisition Corp. I,NASDAQ,10.24,400.0,10.18,10.09,,,,,,,False,False,False,False,False,False,False,False,True,1,False,자료 부족
20260928,CRAN,Crane Harbor Acquisition Corp II,NASDAQ,10.1,0.0,10.14,10.05,,,,,,,False,False,False,False,False,False,False,False,False,0,False,자료 부족
20260928,CSHR,Coinshares PLC,NASDAQ,5.12,430100.0,5.18,,,,,,,,True,False,False,False,False,False,False,False,False,0,False,자료 부족
20260928,CSQR,Csquare Inc,NYSE,16.14,1937900.0,19.82,,,,,,,,False,False,False,False,False,False,False,False,False,0,False,자료 부족
20260928,CTAA,Clearthink 1 Acquisition Corp,NASDAQ,9.95,0.0,9.94,,,,,,,,False,False,False,False,False,False,False,False,True,1,False,자료 부족
20260928,CTGG,Qwest 6 500 Senior Notes due 2051,NYSE,16.07,21212.0,16.45,,,,,,,,False,False,False,False,False,False,False,False,False,0,False,자료 부족
20260928,CTHH,Qwest 6 750 Senior Notes due 2052,NYSE,16.51,13971.0,16.92,,,,,,,,False,False,False,False,False,False,False,False,False,0,False,자료 부족
20260928,CXII,Churchill Capital Corp XII,NASDAQ,10.79,0.0,10.74,,,,,,,,True,False,False,False,False,False,False,False,True,1,False,자료 부족
20260928,CYAB,Cyabra Inc,NASDAQ,0.19,979000.0,0.32,,,,,,,,False,False,False,False,False,False,False,False,False,0,False,자료 부족
20260928,DBCA,D Boral Acquisition I Corp,NASDAQ,10.03,1200.0,10.01,,,,,,,,False,False,False,False,False,False,False,False,True,1,False,자료 부족
20260928,DETX,Liberty Defense Holdings Ltd,NASDAQ,2.19,10000.0,3.01,,,,,,,,False,False,False,False,False,False,False,False,False,0,False,자료 부족
20260928,DGAC,Disciplined Growth Acquisition Corp,NYSE,10.0,0.0,,,,,,,,,False,False,False,False,False,False,False,False,False,0,False,자료 부족
20260928,DMII,Drugs Made In America Acquisition II Corp,NASDAQ,10.16,0.0,10.14,10.06,10.03,9.86,10.33,3.0,1.6,,False,True,True,False,True,False,True,False,True,5,False,자료 부족
20260928,DNMX,Dynamix Corp III,NASDAQ,10.055,0.0,10.05,10.0,9.98,9.87,10.08,1.9,0.2,,False,True,True,False,True,False,True,False,True,5,False,자료 부족
20260928,DPC,DPC Holdings PLC,NYSE,40.54,1291500.0,45.49,,,,,,,,False,False,False,False,False,False,False,False,False,0,False,자료 부족
20260928,DSAC,Daedalus Special Acquisition Corp,NASDAQ,10.14,56353.0,10.17,10.05,,,,,,,False,False,False,False,False,False,False,False,False,0,False,자료 부족
20260928,DSC,DSC Holdings Ltd ADR,NASDAQ,5.7,73200.0,6.88,,,,,,,,False,False,False,False,False,False,False,False,False,0,False,자료 부족
20260928,DYOR,Insight Digital Partners II,NASDAQ,10.13,0.0,10.1,10.03,10.0,9.87,10.47,2.6,3.2,,False,True,True,False,True,False,True,False,True,5,False,자료 부족
20260928,EAI,Entergy Arkansas First Mortgage Bonds 4.875 Series Exp 01 Sept 2066,NYSE,18.85,19689.0,19.7,20.2,,,,,,,False,False,False,False,False,False,False,False,False,0,False,자료 부족
20260928,EIKN,Eikon Therapeutics Inc,NASDAQ,7.91,435000.0,9.92,10.63,,,,,,,False,False,False,False,False,False,False,False,False,0,False,자료 부족
20260928,ELMT,Elmet Group Co,NASDAQ,18.64,395900.0,17.19,,,,,,,,False,False,False,False,False,False,False,False,True,1,False,자료 부족
20260928,ELOX,Eloxx Pharmaceuticals Inc,NASDAQ,15.0,16400.0,16.28,,,,,,,,False,False,False,False,False,False,False,False,False,0,False,자료 부족
20260928,ELWT,Elauwit Connection Inc,NASDAQ,6.7,8900.0,7.56,7.14,6.72,4.11,9.72,63.0,31.1,,False,False,True,True,True,True,False,False,False,4,False,자료 부족
20260928,EMAT,Evolution Metals & Technologies Corp,NASDAQ,3.2,994000.0,3.58,6.33,,,,,,,False,False,False,False,False,False,False,False,False,0,False,자료 부족
20260928,EMIS,Emmis Acquisition Corp,NASDAQ,10.27,0.0,10.22,10.13,10.1,9.9,10.27,3.7,0.0,,False,True,True,True,True,False,True,False,True,6,False,자료 부족
20260928,EMP,Entergy Mississippi 4.90 First Mortgage Bonds Exp 1 Oct 2066,NYSE,19.02,16077.0,19.85,20.41,,,,,,,False,False,False,False,False,False,False,False,False,0,False,자료 부족
20260928,ENHA,A Paradise Acquisition Corp,NYSE,1.53,2218100.0,2.04,,,,,,,,False,False,False,False,False,False,False,False,False,0,False,자료 부족
20260928,ENRD,Einride AB (publ) ADR,NASDAQ,3.87,262600.0,4.88,,,,,,,,False,False,False,False,False,False,False,False,False,0,False,자료 부족
20260928,EQPT,Equipmentshare.Com Inc,NASDAQ,18.21,2229000.0,18.69,20.99,,,,,,,False,False,False,False,False,False,False,False,False,0,False,자료 부족
20260928,EROC,ERock Inc,NYSE,11.88,1582800.0,12.33,,,,,,,,False,False,False,False,False,False,False,False,False,0,False,자료 부족
20260928,EROK,EagleRock Land LLC,NYSE,21.39,229800.0,23.73,,,,,,,,False,False,False,False,False,False,False,False,False,0,False,자료 부족
20260928,ETSS,Energy Transition Special Opportunities,NYSE,9.95,192.0,9.9,,,,,,,,False,False,False,False,False,False,False,False,True,1,False,자료 부족
20260928,EVMN,Evommune  Inc.,NYSE,8.39,660800.0,11.96,18.91,19.19,8.12,33.2,3.3,74.7,,False,False,False,False,False,False,False,False,False,0,False,자료 부족
20260928,EVOX,Evolution Global Acquisition Corp,NASDAQ,10.12,151.0,10.09,10.03,10.01,9.86,10.15,2.6,0.3,,False,True,True,False,True,False,True,False,True,5,False,자료 부족
20260928,EWAV,East West Ave Acquisition Corp,NASDAQ,9.91,400.0,,,,,,,,,False,False,False,False,False,False,False,False,False,0,False,자료 부족
20260928,EXYN,Exyn Technologies Inc,NASDAQ,2.27,74700.0,2.61,,,,,,,,False,False,False,False,False,False,False,False,False,0,False,자료 부족
20260928,FBDT,First Breach Inc.,NASDAQ,1.0,935100.0,,,,,,,,,False,False,False,False,False,False,False,False,False,0,False,자료 부족
20260928,FCBM,First Carolina Financial Services Inc,NYSE,12.64,139100.0,12.7,,,,,,,,False,False,False,False,False,False,False,False,False,0,False,자료 부족
20260928,FCRS,FutureCrest Acquisition Corp,NYSE,10.24,77400.0,10.24,10.18,10.17,10.02,10.92,2.2,6.2,,False,True,True,False,True,False,True,False,True,5,False,자료 부족
20260928,FDMM,Freedom Metals Acquisition Corp,NASDAQ,9.84,0.0,,,,,,,,,False,False,False,False,False,False,False,False,False,0,False,자료 부족
20260928,FDXF,FedEx Freight Holding Company Inc,NYSE,112.3,1490400.0,135.3,,,,,,,,False,False,False,False,False,False,False,False,False,0,False,자료 부족
20260928,FGII,FG Imperii Acquisition Corp,NASDAQ,10.03,10817.0,9.99,,,,,,,,False,False,False,False,False,False,False,False,True,1,False,자료 부족
20260928,FISN,Deep Fission  Inc,NASDAQ,5.42,579100.0,8.22,,,,,,,,False,False,False,False,False,False,False,False,False,0,False,자료 부족
20260928,FJDIU,ARC Group Securities Acquisition I Units,NASDAQ,10.0199,15861.0,,,,,,,,,False,False,False,False,False,False,False,False,False,0,False,자료 부족
20260928,FMAC,Future Money Acquisition Corp,NASDAQ,10.06,20300.0,10.03,,,,,,,,False,False,False,False,False,False,False,False,True,1,False,자료 부족
20260928,FOIL,Londian Wason New Energy Tech Inc ADR,NYSE,17.14,23900.0,,,,,,,,,False,False,False,False,False,False,False,False,False,0,False,자료 부족
20260928,FPS,Forgent Power Solutions  Inc.,NYSE,36.59,8018700.0,35.03,39.89,,,,,,,False,False,False,False,False,False,False,False,True,1,False,자료 부족
20260928,FRBT,Forbright Inc,NASDAQ,17.1,145000.0,18.9,,,,,,,,False,False,False,False,False,False,False,False,False,0,False,자료 부족
20260928,FRMI,Fermi Inc,NASDAQ,4.26,13176400.0,5.72,6.5,7.19,4.23,36.99,0.7,88.5,,False,False,False,False,False,False,False,False,False,0,False,자료 부족
20260928,FRTT,Fort Technology Inc,NASDAQ,0.9,33000.0,0.97,,,,,,,,False,False,False,False,False,False,False,False,False,0,False,자료 부족
20260928,FRVO,Fervo Energy Co,NASDAQ,14.11,11679900.0,19.37,,,,,,,,False,False,False,False,False,False,False,False,False,0,False,자료 부족
20260928,FSSL,FS Specialty Lending Close End Fund,NYSE,11.48,248271.0,11.49,11.74,12.22,10.75,15.0,6.8,23.5,,False,False,False,False,False,False,True,False,False,1,False,자료 부족
20260928,FTHA,Forefront Tech Holdings Acquisition Corp,NASDAQ,9.98,5518.0,9.94,,,,,,,,False,False,False,False,False,False,False,False,True,1,False,자료 부족
20260928,FTRA,FutureCorp Space Acquisition 1,NYSE,9.865,1324.0,,,,,,,,,False,False,False,False,False,False,False,False,False,0,False,자료 부족
20260928,FVAV,Fortress Value Acquisition Corp V,NASDAQ,10.28,0.0,10.2,,,,,,,,False,False,False,False,False,False,False,False,True,1,False,자료 부족
20260928,FWAC,Futurewave Acquisition Corp,NASDAQ,9.94,6197.0,,,,,,,,,False,False,False,False,False,False,False,False,False,0,False,자료 부족
20260928,FXAC,Fortunex Acquisition Corp,NASDAQ,10.08,600.0,10.05,,,,,,,,False,False,False,False,False,False,False,False,True,1,False,자료 부족
20260928,GCGR,General Catalyst Global Resilience Merger Corp,NASDAQ,10.12,0.0,10.15,,,,,,,,False,False,False,False,False,False,False,False,False,0,False,자료 부족
20260928,GENB,Generate Biomedicines Inc,NASDAQ,14.91,1135300.0,15.39,,,,,,,,False,False,False,False,False,False,False,False,False,0,False,자료 부족
20260928,GFUZ,General Fusion Group Ltd,NASDAQ,7.76,53400.0,8.09,9.57,9.79,6.08,14.85,27.6,47.7,,False,False,False,False,False,True,False,False,False,1,False,자료 부족
20260928,GHXI,Gores Holdings XI Inc,NASDAQ,9.9901,1376.0,,,,,,,,,False,False,False,False,False,False,False,False,False,0,False,자료 부족
20260928,GIW,GigCapital8 Corp,NASDAQ,10.17,6200.0,10.14,10.06,10.03,9.87,10.18,3.0,0.1,,False,True,True,True,True,False,True,False,True,6,False,자료 부족
20260928,GIWWU,Gigcapital8 Units,NASDAQ,10.59,0.0,10.43,10.34,10.32,10.01,10.71,5.8,1.1,,False,True,True,True,True,False,True,False,True,6,False,자료 부족
20260928,GIX,GigCapital9 Corp,NASDAQ,10.01,0.0,9.97,,,,,,,,False,False,False,False,False,False,False,False,True,1,False,자료 부족
20260928,GIXXU,GigCapital9 Units,NASDAQ,10.21,0.0,10.21,10.14,,,,,,,False,False,False,False,False,False,False,False,False,0,False,자료 부족
20260928,GLED,GalaxyEdge Acquisition Corp,NYSE,10.02,16700.0,9.99,,,,,,,,False,False,False,False,False,False,False,False,True,1,False,자료 부족
20260928,GLND,Greenland Energy Co,NASDAQ,4.49,26944300.0,1.93,,,,,,,,True,False,False,False,False,False,False,False,True,1,False,자료 부족
20260928,GLOO,Gloo Holdings  Inc.,NASDAQ,4.66,1244900.0,3.55,4.86,5.15,2.9,9.98,60.7,53.3,,False,False,False,False,False,True,False,False,True,2,False,자료 부족
20260928,GMRS,GMR Solutions Inc,NYSE,10.02,1086700.0,12.74,,,,,,,,False,False,False,False,False,False,False,False,False,0,False,자료 부족
20260928,GOAI,Eva Live Inc,NASDAQ,1.94,117100.0,2.11,3.08,,,,,,,False,False,False,False,False,False,False,False,False,0,False,자료 부족
20260928,GOOGM,Alphabet Dep Shs Repstg 1 20Th Int Mandatory Conv Prf Shs Ser A,NASDAQ,48.85,543900.0,49.02,,,,,,,,False,False,False,False,False,False,False,False,False,0,False,자료 부족
20260928,GOOGN,Alphabet Dep Shs Repstg 1 20Th Int Mandatory Conv Prf Shs Ser B,NASDAQ,48.56,536600.0,48.79,,,,,,,,False,False,False,False,False,False,False,False,False,0,False,자료 부족
20260928,GPAC,General Purpose Acquisition Corp,NASDAQ,10.09,643.0,10.04,9.98,,,,,,,False,False,False,False,False,False,False,False,True,1,False,자료 부족
20260928,GSRF,GSR IV Acquisition Corp,NASDAQ,10.23,0.0,10.19,10.12,10.09,9.96,10.24,2.7,0.1,,False,True,True,True,True,False,True,False,True,6,False,자료 부족
20260928,GSRV,GSR V Acquisition Corp,NASDAQ,9.89,0.0,9.87,,,,,,,,False,False,False,False,False,False,False,False,True,1,False,자료 부족
20260422,GTI,Graphjet Technology,NASDAQ,0.001,0.0,0.2,,,,,,,,False,False,False,False,False,False,False,False,False,0,False,자료 부족
20260928,GUAC,Berto Acquisition Corp II,NASDAQ,9.91,31800.0,9.94,,,,,,,,False,False,False,False,False,False,False,False,False,0,False,자료 부족
20260928,GYGY,Game Your Game Inc,NASDAQ,0.87,112816400.0,,,,,,,,,False,False,False,False,False,False,False,False,False,0,False,자료 부족
20260928,HACQ,HCM IV Acquisition Corp,NASDAQ,10.04,0.0,10.06,,,,,,,,False,False,False,False,False,False,False,False,False,0,False,자료 부족
20260928,HAVA,Harvard Ave Acquisition Corp,NASDAQ,10.24,46503.0,10.16,10.08,,,,,,,False,False,False,False,False,False,False,False,True,1,False,자료 부족
20260928,HAWK,HawkEye 360 Inc,NYSE,15.51,681800.0,19.7,,,,,,,,False,False,False,False,False,False,False,False,False,0,False,자료 부족
20260928,HCAC,Hall Chadwick Acquisition Corp,NASDAQ,10.11,46656.0,10.09,10.03,,,,,,,False,False,False,False,False,False,False,False,True,1,False,자료 부족
20260928,HCIC,Hennessy Capital Investment Corp. VIII,NASDAQ,9.98,0.0,9.99,,,,,,,,False,False,False,False,False,False,False,False,False,0,False,자료 부족
20260928,HCMA,HCM III Acquisition Corp,NASDAQ,10.29,120300.0,10.3,10.22,10.19,10.03,10.49,2.6,1.9,,False,True,True,True,True,False,True,False,False,5,False,자료 부족
20260928,HLXC,Helix Acquisition Corp III,NASDAQ,10.75,27970.0,10.68,10.41,,,,,,,True,False,False,False,False,False,False,False,True,1,False,자료 부족
20260928,HMH,HMH Holding Inc,NASDAQ,19.28,331400.0,19.83,,,,,,,,False,False,False,False,False,False,False,False,False,0,False,자료 부족
20260928,HONA,Honeywell Aerospace Inc,NASDAQ,152.32,3699400.0,174.15,,,,,,,,False,False,False,False,False,False,False,False,False,0,False,자료 부족
20260629,HONIV,Honeywell International Inc,NASDAQ,236.745,3668407.0,,,,,,,,,False,False,False,False,False,False,False,False,False,0,False,자료 부족
20260928,HQ,Horizon Quantum Holdings Ltd,NASDAQ,14.27,80800.0,15.26,,,,,,,,False,False,False,False,False,False,False,False,False,0,False,자료 부족
20260928,HVMC,Highview Merger Corp,NASDAQ,10.26,0.0,10.22,10.15,10.12,9.93,10.27,3.3,0.1,,False,True,True,True,True,False,True,False,True,6,False,자료 부족
20260928,HYNE,Hoyne Bancorp Inc,NASDAQ,16.4,11300.0,16.47,15.9,15.47,13.35,16.86,22.8,2.7,,False,True,True,False,True,False,True,False,False,4,False,자료 부족
20260928,IACO,Idea Acquisition Corp,NASDAQ,10.0,448.0,9.97,,,,,,,,False,False,False,False,False,False,False,False,True,1,False,자료 부족
20260928,IACQ,Irenic Acquisition Corp,NASDAQ,9.92,600.0,9.95,,,,,,,,False,False,False,False,False,False,False,False,False,0,False,자료 부족
20251222,IAS,Integral Ad Science Holding Corp,NASDAQ,10.34,14600180.0,,,,,,,,,False,False,False,False,False,False,False,False,False,0,False,자료 부족
20260928,IDAC,Iron Dome Acquisition I Corp,NASDAQ,9.99,400.0,9.99,,,,,,,,False,False,False,False,False,False,False,False,True,1,False,자료 부족
20260928,IEAG,Infinite Eagle Acquisition Corp,NASDAQ,10.22,0.0,10.22,,,,,,,,False,False,False,False,False,False,False,False,False,0,False,자료 부족
20260928,IGAC,Invest Green Acquisition Corp,NASDAQ,10.11,400.0,10.05,9.99,,,,,,,False,False,False,False,False,False,False,False,True,1,False,자료 부족
20260928,ILLU,Illumination Acquisition I Corp,NASDAQ,9.98,300.0,9.96,,,,,,,,False,False,False,False,False,False,False,False,True,1,False,자료 부족
20260928,INFQ,Infleqtion Inc,NYSE,14.13,6301600.0,12.26,12.54,,,,,,,True,False,False,False,False,False,False,False,True,1,False,자료 부족
20260928,INIO,Innio NV,NASDAQ,18.16,4338200.0,23.43,,,,,,,,False,False,False,False,False,False,False,False,False,0,False,자료 부족
20260928,IOND,Ionic Digital Inc,NASDAQ,81.82,369200.0,,,,,,,,,False,False,False,False,False,False,False,False,False,0,False,자료 부족
20260928,IPFX,Inflection Point Acquisition Corp VI,NASDAQ,10.06,16600.0,10.09,,,,,,,,False,False,False,False,False,False,False,False,False,0,False,자료 부족
20260928,IPHXU,Inflection Point Acquisition VIII Units,NASDAQ,10.07,5285.0,,,,,,,,,False,False,False,False,False,False,False,False,False,0,False,자료 부족
20260928,IPVV,InterPrivate Investment Partners V Inc,NASDAQ,9.86,0.0,,,,,,,,,False,False,False,False,False,False,False,False,False,0,False,자료 부족
20260928,IPXG,Inflection Point Acquisition Corp. VII,NASDAQ,10.05,1700.0,10.04,,,,,,,,False,False,False,False,False,False,False,False,True,1,False,자료 부족
20260928,IRAB,Iris Acquisition II Corp,NYSE,10.0,0.0,9.97,,,,,,,,False,False,False,False,False,False,False,False,True,1,False,자료 부족
20260928,IRHO,Iron Horse Acquisitions Corp II,NASDAQ,10.07,167.0,10.03,9.99,,,,,,,False,False,False,False,False,False,False,False,True,1,False,자료 부족
20260928,ISNR,Snow Rothschild Acquisition Corp,NASDAQ,9.83,0.0,,,,,,,,,False,False,False,False,False,False,False,False,False,0,False,자료 부족
20260928,ITG,ITG Inc,NASDAQ,7.07,1137600.0,12.47,,,,,,,,False,False,False,False,False,False,False,False,False,0,False,자료 부족
20260928,ITHA,ITHAX Acquisition Corp III,NASDAQ,10.06,0.0,10.03,9.97,,,,,,,False,False,False,False,False,False,False,False,True,1,False,자료 부족
20260910,JAB,JAB Acquisition Corp I,NASDAQ,9.97,0.0,,,,,,,,,False,False,False,False,False,False,False,False,False,0,False,자료 부족
20260904,JABRU,JAB Acquisition I Units,NASDAQ,10.1,0.0,,,,,,,,,False,False,False,False,False,False,False,False,False,0,False,자료 부족
20260928,JAN,Janus Living Inc,NYSE,30.04,1916900.0,30.54,,,,,,,,False,False,False,False,False,False,False,False,False,0,False,자료 부족
20260928,JATT,JATT II Acquisition Corp,NASDAQ,11.25,391600.0,12.11,,,,,,,,False,False,False,False,False,False,False,False,False,0,False,자료 부족
20260928,JMKE,Jersey Mike's Subs Inc,NYSE,16.67,3286200.0,,,,,,,,,False,False,False,False,False,False,False,False,False,0,False,자료 부족
20260928,JONEU,Jones Ventures INTL Acquisition1 Units,NASDAQ,9.99,128.0,,,,,,,,,False,False,False,False,False,False,False,False,False,0,False,자료 부족
20260928,JTTT,Jatt III Acquisition Corp,NASDAQ,10.88,700.0,,,,,,,,,False,False,False,False,False,False,False,False,False,0,False,자료 부족
20260928,KARD,Kardigan Inc,NASDAQ,14.78,364900.0,19.84,,,,,,,,False,False,False,False,False,False,False,False,False,0,False,자료 부족
20260928,KBON,Karbon Capital Partners Corp,NASDAQ,10.07,36.0,10.09,10.09,,,,,,,False,False,False,False,False,False,False,False,False,0,False,자료 부족
20260928,KDK,Kodiak AI Inc,NASDAQ,2.27,5876000.0,3.89,6.2,6.99,2.13,11.35,6.6,80.0,,False,False,False,False,False,False,False,False,False,0,False,Stage2 아님
20260928,KEYY,Keystone Acquisition Corp,NASDAQ,9.92,1900.0,9.89,,,,,,,,False,False,False,False,False,False,False,False,True,1,False,자료 부족
20260928,KLRA,Kailera Therapeutics Inc,NASDAQ,11.12,1433500.0,16.29,,,,,,,,False,False,False,False,False,False,False,False,False,0,False,자료 부족
20260928,KPET,KPET Ultra Paceline Corp,NYSE,9.99,0.0,10.0,,,,,,,,False,False,False,False,False,False,False,False,False,0,False,자료 부족
20260928,KRAQ,KRAKacquisition Corp,NASDAQ,10.01,8777.0,10.0,,,,,,,,False,False,False,False,False,False,False,False,True,1,False,자료 부족
20260928,KRSP,Rice Acquisition Corp 3,NYSE,10.8,25000.0,10.54,10.44,10.42,10.21,11.89,5.8,9.2,,False,True,True,False,True,False,True,False,True,5,False,자료 부족
20260928,KTWO,K2 Capital Acquisition Corp,NASDAQ,10.08,0.0,10.02,,,,,,,,False,False,False,False,False,False,False,False,True,1,False,자료 부족
20260928,LABT,Lakewood-Amedex Biotherapeutics Inc,NASDAQ,1.15,35022200.0,2.18,,,,,,,,False,False,False,False,False,False,False,False,False,0,False,자료 부족
20260928,LAFA,LaFayette Acquisition Corp,NASDAQ,10.2,136024.0,10.13,10.05,10.02,9.87,10.2,3.3,0.0,,False,True,True,False,True,False,True,False,True,5,False,자료 부족
20260928,LATA,Galata Acquisition Corp II,NASDAQ,10.19,4800.0,10.16,10.08,10.06,9.91,10.21,2.8,0.2,,False,True,True,False,True,False,True,False,True,5,False,자료 부족
20260928,LAZR,Luminar Technologies Inc,NASDAQ,43.23,73800.0,42.57,,,,,,,,False,False,False,False,False,False,False,False,True,1,False,자료 부족
20260928,LCLN,Lincoln International Inc,NYSE,23.0,488300.0,24.11,,,,,,,,False,False,False,False,False,False,False,False,False,0,False,자료 부족
20260928,LEDRU,Leader's Advantage Acquisition Units,NASDAQ,9.97,1049.0,,,,,,,,,False,False,False,False,False,False,False,False,False,0,False,자료 부족
20260928,LFAC,Leapfrog Acquisition Corp,NASDAQ,10.09,611.0,10.04,9.99,,,,,,,False,False,False,False,False,False,False,False,True,1,False,자료 부족
20260928,LFS,Leifras Co Ltd ADR,NASDAQ,2.14,75300.0,2.23,2.26,2.45,1.58,12.49,35.9,82.9,,False,False,False,False,False,True,False,False,False,1,False,자료 부족
20260928,LFTO,Liftoff Mobile Inc,NASDAQ,15.66,485300.0,20.18,,,,,,,,False,False,False,False,False,False,False,False,False,0,False,자료 부족
20260928,LIFE,Ethos Technologies Inc,NASDAQ,34.24,1294100.0,31.81,21.58,,,,,,,False,False,False,False,False,False,False,False,True,1,False,자료 부족
20260928,LILAP,Liberty Latin America 9 0 Fixed Rate Cumulative Perpetual Redeemable Prf Shs,NASDAQ,20.4,35274.0,20.4,,,,,,,,False,False,False,False,False,False,False,False,True,1,False,자료 부족
20260928,LIME,Neutron Holdings Inc,NASDAQ,28.92,311100.0,33.72,,,,,,,,False,False,False,False,False,False,False,False,False,0,False,자료 부족
20260928,LKSP,Lake Superior Acquisition Corp,NASDAQ,10.24,770.0,10.19,10.12,10.08,9.89,10.25,3.5,0.1,,False,True,True,False,True,False,True,False,True,5,False,자료 부족
20260928,LMRI,Lumexa Imaging Holdings  Inc.,NASDAQ,10.145,165300.0,11.32,10.71,,,,,,,False,False,False,False,False,False,False,False,False,0,False,자료 부족
20260522,LNW,Light & Wonder Inc,NASDAQ,80.51,24500.0,83.48,,,,,,,,False,False,False,False,False,False,False,False,False,0,False,자료 부족
20260928,LPCV,Launchpad Cadenza Acquisition Corp I,NASDAQ,10.08,0.0,10.02,9.98,,,,,,,False,False,False,False,False,False,False,False,True,1,False,자료 부족
20260928,LTGO,Latigo Biotherapeutics  Inc.,NASDAQ,17.48,260300.0,,,,,,,,,False,False,False,False,False,False,False,False,False,0,False,자료 부족
20260928,LTGR,Long Table Growth Corp,NASDAQ,9.99,0.0,,,,,,,,,False,False,False,False,False,False,False,False,False,0,False,자료 부족
20260928,LYNX,Lyntris Inc.,NYSE,12.27,614100.0,,,,,,,,,False,False,False,False,False,False,False,False,False,0,False,자료 부족
20260928,MAIR,Madison Air Solutions Corp,NYSE,24.97,2194900.0,28.48,,,,,,,,False,False,False,False,False,False,False,False,False,0,False,자료 부족
20260928,MANE,Veradermics  Incorporated,NYSE,115.0,633500.0,107.03,92.82,,,,,,,False,False,False,False,False,False,False,False,True,1,False,자료 부족
20260928,MBGL,Mobility Global Inc,NYSE,17.76,3474600.0,20.06,,,,,,,,False,False,False,False,False,False,False,False,False,0,False,자료 부족
20260928,MBVI,M3-Brigade Acquisition VI Corp,NASDAQ,10.24,0.0,10.21,10.14,10.12,9.99,10.5,2.5,2.5,,False,True,True,True,True,False,True,False,True,6,False,자료 부족
20260928,MCAH,Mountain Crest Acquisition 6 Corp,NASDAQ,10.03,0.0,9.99,,,,,,,,False,False,False,False,False,False,False,False,True,1,False,자료 부족
20260928,MCTA,Charming Medical Ltd,NASDAQ,29.355,0.0,29.36,29.36,29.36,4.3,31.7,582.7,7.4,,False,False,False,False,False,True,True,False,False,2,False,자료 부족
20260928,MDA,MDA Space Ltd.,NYSE,31.05,1214400.0,31.11,,,,,,,,False,False,False,False,False,False,False,False,False,0,False,자료 부족
20260928,MDLN,Medline Inc.,NASDAQ,35.07,10021000.0,35.68,39.48,,,,,,,False,False,False,False,False,False,False,False,False,0,False,자료 부족
20260928,MESH,Meshflow Acquisition Corp,NASDAQ,10.08,48800.0,10.05,9.98,,,,,,,False,False,False,False,False,False,False,False,True,1,False,자료 부족
20260928,MEVO,M Evo Global Acquisition Corp II,NASDAQ,10.0,0.0,9.99,9.92,,,,,,,False,False,False,False,False,False,False,False,True,1,False,자료 부족
20260928,MFP,Midera Food Processing Inc,NASDAQ,41.15,256100.0,45.34,,,,,,,,False,False,False,False,False,False,False,False,False,0,False,자료 부족
20260928,MGN,Megan Holdings Ltd,NASDAQ,3.78,64000.0,0.8,0.85,1.1,0.06,8.63,6650.0,56.2,,True,True,False,False,False,True,False,False,True,3,False,자료 부족
20260928,MIAC,Meridian3 Industrials Acquisition Corp,NASDAQ,9.81,25500.0,,,,,,,,,False,False,False,False,False,False,False,False,False,0,False,자료 부족
20260928,MICC,The Magnum Ice Cream Company N.V.,NYSE,18.8,488600.0,19.15,16.94,16.83,12.94,20.68,45.3,9.1,,False,True,True,False,True,True,True,False,False,5,False,자료 부족
20260928,MKLY,McKinley Acquisition Corp,NASDAQ,10.26,52000.0,10.23,10.15,10.11,9.85,10.3,4.2,0.4,,False,True,True,True,True,False,True,False,True,6,False,자료 부족
20260928,MLAA,Mountain Lake Acquisition Corp II,NASDAQ,10.01,0.0,9.99,,,,,,,,False,False,False,False,False,False,False,False,True,1,False,자료 부족
20260928,MMED,MiniMed Group Inc,NASDAQ,20.49,3729700.0,20.02,,,,,,,,True,False,False,False,False,False,False,False,True,1,False,자료 부족
20260928,MMTX,Miluna Acquisition Corp,NASDAQ,10.2,0.0,10.15,10.08,,,,,,,False,False,False,False,False,False,False,False,True,1,False,자료 부족
20260928,MOBI,Mobia Medical Inc,NASDAQ,8.83,687800.0,11.05,,,,,,,,False,False,False,False,False,False,False,False,False,0,False,자료 부족
20260928,MPLT,MapLight Therapeutics  Inc.,NASDAQ,10.45,251600.0,15.12,22.96,21.75,9.1,40.43,14.8,74.2,,False,False,True,False,False,False,False,False,False,1,False,자료 부족
20260928,MRCO,Mercator Acquisition Corp,NASDAQ,9.86,0.0,,,,,,,,,False,False,False,False,False,False,False,False,False,0,False,자료 부족
20260928,MTAKU,Market Technology Acquisition Units,NASDAQ,9.92,3161.0,,,,,,,,,False,False,False,False,False,False,False,False,False,0,False,자료 부족
20260928,MTAL,Metals Acquisition Corp II,NYSE,10.16,153890.0,10.18,,,,,,,,False,False,False,False,False,False,False,False,False,0,False,자료 부족
20260928,MTNE,CH4 Natural Solutions Corp,NYSE,9.92,108.0,9.88,,,,,,,,False,False,False,False,False,False,False,False,True,1,False,자료 부족
20260928,MUZE,Muzero Acquisition Corp,NASDAQ,10.0,0.0,9.98,,,,,,,,False,False,False,False,False,False,False,False,True,1,False,자료 부족
20260928,MWC,Micware Co Ltd ADR,NASDAQ,1.93,228000.0,1.56,,,,,,,,False,False,False,False,False,False,False,False,True,1,False,자료 부족
20260928,MWH,Solv Energy Inc,NASDAQ,23.81,1336500.0,27.41,31.55,,,,,,,False,False,False,False,False,False,False,False,False,0,False,자료 부족
20260928,MYX,Maywood Acquisition Corp 2,NASDAQ,10.04,0.0,9.96,,,,,,,,False,False,False,False,False,False,False,False,True,1,False,자료 부족
20260928,MYXXU,Maywood Acquisition 2 Units,NASDAQ,10.2,0.0,10.17,,,,,,,,False,False,False,False,False,False,False,False,True,1,False,자료 부족
20260928,MZYX,Mozayyx Acquisition Corp,NYSE,10.0,200.0,9.97,,,,,,,,False,False,False,False,False,False,False,False,True,1,False,자료 부족
20260928,NAVN,Navan  Inc.,NASDAQ,19.98,3946300.0,25.87,19.87,18.38,8.1,30.88,146.5,35.3,,False,True,True,True,True,True,False,False,False,5,False,자료 부족
20260928,NBRG,Newbridge Acquisition Limited,NASDAQ,10.06,0.0,10.01,,,,,,,,False,False,False,False,False,False,False,False,True,1,False,자료 부족
20260928,NCO,Southern Cross Acquisition I Corp,NASDAQ,9.92,4100.0,,,,,,,,,False,False,False,False,False,False,False,False,False,0,False,자료 부족
20260928,NCOOU,Southern Cross Acquisition I Units,NASDAQ,10.07,0.0,,,,,,,,,False,False,False,False,False,False,False,False,False,0,False,자료 부족
20260928,NEWTO,Newtekone 8 50  Fixed Rate Senior Notes Due 2031,NASDAQ,26.0,0.0,25.88,,,,,,,,False,False,False,False,False,False,False,False,True,1,False,자료 부족
20260928,NHIV,Newhold Investment Corp IV,NASDAQ,10.05,0.0,10.1,,,,,,,,False,False,False,False,False,False,False,False,False,0,False,자료 부족
20260928,NHP,National Healthcare Properties  Inc.,NASDAQ,16.12,696300.0,16.18,,,,,,,,False,False,False,False,False,False,False,False,False,0,False,자료 부족
20260928,NICM,Nicola Mining Inc ADR,NASDAQ,5.56,600.0,6.1,,,,,,,,False,False,False,False,False,False,False,False,False,0,False,자료 부족
20260928,NKLR,Terra Innovatum Global NV,NASDAQ,3.4,256600.0,5.2,5.23,5.21,3.4,21.9,0.0,84.5,,False,False,True,False,False,False,False,False,False,1,False,자료 부족
20260928,NOMA,Nomadar Corp,NASDAQ,1.645,23000.0,2.36,3.34,3.76,1.3,14.49,26.1,88.6,,False,False,False,False,False,True,False,False,False,1,False,자료 부족
20260928,NP,Neptune Insurance Holdings Inc.,NYSE,27.8,501800.0,31.42,27.94,27.4,14.78,35.15,88.1,20.9,,False,False,True,True,True,True,True,False,False,5,False,자료 부족
20260928,NPT,Texxon Holding Ltd,NASDAQ,2.83,800.0,3.19,4.49,4.79,1.14,22.38,148.2,87.4,,False,False,False,False,False,True,False,False,False,1,False,자료 부족
20260928,NSAIU,NorthStrive Acquisition I Units,NASDAQ,10.02,207.0,,,,,,,,,False,False,False,False,False,False,False,False,False,0,False,자료 부족
20260928,NUCL,Eagle Nuclear Energy Corp,NASDAQ,6.33,188100.0,6.62,,,,,,,,False,False,False,False,False,False,False,False,False,0,False,자료 부족
20260928,NUR,NuRAN Wireless Inc,NASDAQ,0.97,81000.0,,,,,,,,,False,False,False,False,False,False,False,False,False,0,False,자료 부족
20260928,NWAX,New America Acquisition I Corp,NYSE,10.075,378500.0,10.14,10.11,,,,,,,False,False,False,False,False,False,False,False,False,0,False,자료 부족
20260928,OBAI,Our Bond  Inc,NASDAQ,0.22,740100.0,0.38,0.77,,,,,,,False,False,False,False,False,False,False,False,False,0,False,자료 부족
20260928,OBX,Obsidian Therapeutics  Inc,NASDAQ,13.37,913000.0,,,,,,,,,False,False,False,False,False,False,False,False,False,0,False,자료 부족
20260928,OCAC,Ocean Capital Acquisition Corp,NYSE,9.98,5210.0,,,,,,,,,False,False,False,False,False,False,False,False,False,0,False,자료 부족
20260928,OCLTU,OceanLight Acquisition Units,NASDAQ,10.2,11219.0,,,,,,,,,False,False,False,False,False,False,False,False,False,0,False,자료 부족
20260928,OCTV,Octave Intelligence PLC,NASDAQ,18.58,1976000.0,18.42,,,,,,,,False,False,False,False,False,False,False,False,True,1,False,자료 부족
20260928,ODTX,Odyssey Therapeutics Inc,NASDAQ,21.47,213100.0,22.12,,,,,,,,True,False,False,False,False,False,False,False,False,0,False,자료 부족
20260928,OFRM,Once Upon A Farm PBC,NYSE,16.44,262400.0,16.76,17.32,,,,,,,False,False,False,False,False,False,False,False,False,0,False,자료 부족
20260928,OHAC,Oceanhawk Acquisition Corp,NASDAQ,10.0,900.0,9.95,,,,,,,,False,False,False,False,False,False,False,False,True,1,False,자료 부족
20260928,OIM,OneIM Acquisition Corp,NASDAQ,10.15,0.0,10.12,,,,,,,,False,False,False,False,False,False,False,False,True,1,False,자료 부족
20260928,OIMAU,OneIM Acquisition Units,NASDAQ,10.21,0.0,10.19,10.15,,,,,,,False,False,False,False,False,False,False,False,True,1,False,자료 부족
20260928,OPI,Office Properties Income Trust,NASDAQ,16.55,112183.0,17.92,,,,,,,,False,False,False,False,False,False,False,False,False,0,False,자료 부족
20260928,OPTH,Optimi Health Corp,NASDAQ,4.85,15800.0,4.82,,,,,,,,True,False,False,False,False,False,False,False,True,1,False,자료 부족
20260928,OSPR,Osprey Acquisition Corp. III,NASDAQ,9.82,117600.0,,,,,,,,,False,False,False,False,False,False,False,False,False,0,False,자료 부족
20260928,OTAI,Starlink Ai Acquisition Corp,NYSE,9.99,3400.0,9.99,,,,,,,,False,False,False,False,False,False,False,False,True,1,False,자료 부족
20260928,OTGA,OTG Acquisition I Corp,NASDAQ,10.26,700.0,10.21,10.14,10.12,9.97,10.26,2.9,0.0,,False,True,True,True,True,False,True,False,True,6,False,자료 부족
20260928,OWLS,OBOOK Holdings Inc,NASDAQ,5.54,9500.0,5.43,5.71,5.87,4.76,90.0,16.3,93.8,,False,False,False,False,False,False,False,False,True,1,False,자료 부족
20260928,PAAC,Proem Acquisition Corp I,NASDAQ,10.07,108629.0,10.0,,,,,,,,False,False,False,False,False,False,False,False,True,1,False,자료 부족
20260928,PALO,Paloma Acquisition Corp I,NASDAQ,9.97,0.0,9.96,,,,,,,,False,False,False,False,False,False,False,False,True,1,False,자료 부족
20260928,PARK,Park Dental Partners Inc,NASDAQ,19.77,20300.0,20.37,19.02,18.27,9.53,26.79,107.5,26.2,,False,True,True,False,True,True,False,False,False,4,False,자료 부족
20260928,PAYP,PayPay Corp ADR,NASDAQ,16.0,982000.0,16.04,,,,,,,,True,False,False,False,False,False,False,False,False,0,False,자료 부족
20260928,PBLS,Parabilis Medicines Inc,NASDAQ,32.57,809600.0,36.04,,,,,,,,False,False,False,False,False,False,False,False,False,0,False,자료 부족
20260928,PECE,Peace Acquisition Corp,NASDAQ,10.01,6100.0,9.96,,,,,,,,False,False,False,False,False,False,False,False,True,1,False,자료 부족
20260928,PHOS,First Phosphate Corp ADR,NASDAQ,16.15,17359.0,,,,,,,,,False,False,False,False,False,False,False,False,False,0,False,자료 부족
20260928,PICS,Pics NV,NASDAQ,8.32,507100.0,11.02,11.73,,,,,,,False,False,False,False,False,False,False,False,False,0,False,자료 부족
20260928,PLCI,Pelican Acquisition II Corp,NASDAQ,9.89,0.0,,,,,,,,,False,False,False,False,False,False,False,False,False,0,False,자료 부족
20260928,PLSM,Pulsenmore Ltd,NASDAQ,2.276,32200.0,2.92,3.72,,,,,,,False,False,False,False,False,False,False,False,False,0,False,자료 부족
20260928,PLTS,Platinum Analytics Cayman Ltd,NASDAQ,17.5,0.0,17.5,17.5,17.5,4.6,19.5,280.4,10.3,,False,False,False,False,False,True,True,False,False,2,False,자료 부족
20260928,PLUN,Plutonian Acquisition Corp II,NYSE,10.08,100.0,10.02,,,,,,,,False,False,False,False,False,False,False,False,True,1,False,자료 부족
20260928,PLYX,Polaryx Therapeutics  Inc,NASDAQ,2.04,16500.0,2.12,3.37,,,,,,,False,False,False,False,False,False,False,False,False,0,False,자료 부족
20260928,POM,PomDoctor Ltd ADR,NASDAQ,0.91,5800.0,0.85,2.96,4.0,0.5,115.74,82.0,99.2,,False,False,False,False,False,True,False,False,True,2,False,자료 부족
20260928,PONO,Pono Capital Four Inc,NASDAQ,10.02,0.0,10.0,,,,,,,,False,False,False,False,False,False,False,False,True,1,False,자료 부족
20260928,PPHC,Public Policy Holding Company Inc,NASDAQ,11.23,217100.0,10.85,11.37,,,,,,,True,False,False,False,False,False,False,False,True,1,False,자료 부족
20260928,PPLC,Ppl Units,NYSE,44.14,5637.0,46.63,,,,,,,,False,False,False,False,False,False,False,False,False,0,False,자료 부족
20260928,PS,Pershing Square Inc,NYSE,59.17,629700.0,39.97,,,,,,,,True,False,False,False,False,False,False,False,True,1,False,자료 부족
20260928,PSNYW,Polestar Automotive Holding UK PLC ADR Class C,NASDAQ,4.02,19000.0,3.62,3.44,3.6,2.1,14.4,91.4,72.1,,True,True,False,False,True,True,False,False,True,4,False,자료 부족
20260928,PSQL,Bleichroeder Acquisition Corp II,NASDAQ,6.7,400900.0,9.83,10.12,,,,,,,False,False,False,False,False,False,False,False,False,0,False,자료 부족
20260928,PSUS,Pershing Square USA Ltd,NYSE,36.9,396274.0,38.37,,,,,,,,False,False,False,False,False,False,False,False,False,0,False,자료 부족
20260928,PTAC,Patriot Acquisition Corp,NASDAQ,9.96,0.0,9.94,,,,,,,,False,False,False,False,False,False,False,False,True,1,False,자료 부족
20260928,PTOR,Praetorian Acquisition Corp,NASDAQ,9.95,65100.0,9.97,,,,,,,,False,False,False,False,False,False,False,False,False,0,False,자료 부족
20260928,PURR,Hyperliquid Strategies Inc,NASDAQ,12.08,18280000.0,9.66,7.77,6.8,3.01,14.76,301.3,18.2,,True,True,True,False,True,True,True,False,True,6,False,자료 부족
20260928,PWRL,PowerLaw10 LLC,NASDAQ,10.76,425000.0,11.33,,,,,,,,False,False,False,False,False,False,False,False,False,0,False,자료 부족
20260928,PXED,Phoenix Education Partners  Inc.,NYSE,25.48,66500.0,28.1,29.45,29.85,23.52,47.08,8.3,45.9,,False,False,False,False,False,False,False,False,False,0,False,자료 부족
20260928,Q,Qnity Electronics  Inc.,NYSE,124.91,1186100.0,128.7,134.96,124.6,70.5,177.28,77.2,29.5,,False,False,True,True,False,True,False,False,False,3,False,자료 부족
20260928,QADR,QDRO Acquisition Corp,NASDAQ,10.0,100.0,9.96,,,,,,,,False,False,False,False,False,False,False,False,True,1,False,자료 부족
20260928,QLEP,Quantum Leap Acquisition Corp,NYSE,10.05,5200.0,10.0,,,,,,,,False,False,False,False,False,False,False,False,True,1,False,자료 부족
20260928,QMLS,QumulusAI Inc,NASDAQ,7.16,91000.0,6.6,,,,,,,,False,False,False,False,False,False,False,False,True,1,False,자료 부족
20260928,QNT,Quantinuum Inc,NASDAQ,49.11,1806100.0,53.95,,,,,,,,False,False,False,False,False,False,False,False,False,0,False,자료 부족
20260928,QRED,QuasarEdge Acquisition Corp,NYSE,10.05,0.0,10.02,,,,,,,,False,False,False,False,False,False,False,False,True,1,False,자료 부족
20260928,QUMS,Quantumsphere Acquisition Corp,NASDAQ,10.34,500.0,10.3,10.21,10.16,9.92,10.35,4.2,0.1,,False,True,True,True,True,False,True,False,True,6,False,자료 부족
20260928,QVCG,QVC Group  Inc.,NASDAQ,14.14,177700.0,,,,,,,,,False,False,False,False,False,False,False,False,False,0,False,자료 부족
20260928,RACC,Research Alliance Corporation III,NASDAQ,10.71,50800.0,17.39,,,,,,,,False,False,False,False,False,False,False,False,False,0,False,자료 부족
20260928,RACD,Research Alliance Corporation IV,NASDAQ,12.1,3402.0,11.62,,,,,,,,False,False,False,False,False,False,False,False,True,1,False,자료 부족
20260928,REF,Reformation Inc.,NYSE,12.35,451500.0,,,,,,,,,False,False,False,False,False,False,False,False,False,0,False,자료 부족
20260928,RFAM,RF Acquisition Corp III,NASDAQ,9.99,5500.0,9.95,,,,,,,,False,False,False,False,False,False,False,False,True,1,False,자료 부족
20260928,RMIX,Suncrete  Inc,NASDAQ,12.61,527900.0,16.54,,,,,,,,False,False,False,False,False,False,False,False,False,0,False,자료 부족
20260928,RNA,Atrium Therapeutics Inc,NASDAQ,8.42,504900.0,11.68,,,,,,,,False,False,False,False,False,False,False,False,False,0,False,자료 부족
20260928,RNAQU,Rainier Acquisition Units,NASDAQ,10.179,13623.0,,,,,,,,,False,False,False,False,False,False,False,False,False,0,False,자료 부족
20260928,RNGT,Range Capital Acquisition II Corp,NASDAQ,10.17,0.0,10.14,10.07,10.05,9.9,10.18,2.7,0.1,,False,True,True,False,True,False,True,False,True,5,False,자료 부족
20260928,ROC,Rank One Computing Corp,NASDAQ,4.22,145400.0,4.39,5.29,,,,,,,False,False,False,False,False,False,False,False,False,0,False,자료 부족
20260928,RPGL,Republic Power Group Ltd,NASDAQ,12.27,5200.0,2.46,20.8,108.13,0.84,4152.0,1352.1,99.7,,True,False,False,False,False,True,False,False,True,2,False,자료 부족
20260928,RREV,RRE Ventures Acquisition Corp,NASDAQ,9.92,0.0,9.91,,,,,,,,False,False,False,False,False,False,False,False,True,1,False,자료 부족
20260928,RVI,Robinhood Ventures Fund I,NYSE,28.33,318600.0,27.32,,,,,,,,False,False,False,False,False,False,False,False,True,1,False,자료 부족
20260928,RVII,Robinhood Ventures Fund II Closed End Fund,NYSE,21.93,139685.0,,,,,,,,,False,False,False,False,False,False,False,False,False,0,False,자료 부족
20260928,RWTQ,Redwood 9 5 Senior Notes Due 2030,NYSE,20.5,36069.0,23.3,24.04,24.36,20.15,26.3,1.7,22.1,,False,False,False,False,False,False,True,False,False,1,False,자료 부족
20260928,RWTS,Redwood 9 75 Senior Notes Due 2031,NYSE,20.9201,37283.0,23.52,,,,,,,,False,False,False,False,False,False,False,False,False,0,False,자료 부족
20260928,SAAQ,Space Asset Acquisition Corp,NASDAQ,10.05,130800.0,10.13,,,,,,,,False,False,False,False,False,False,False,False,False,0,False,자료 부족
20260928,SAC,Safeguard Acquisition Corp,NYSE,10.1,19944.0,10.1,10.05,,,,,,,False,False,False,False,False,False,False,False,True,1,False,자료 부족
20260928,SAGU,Shreya Acquisition Group,NYSE,10.01,229.0,9.97,,,,,,,,False,False,False,False,False,False,False,False,True,1,False,자료 부족
20260928,SAMO,Samos Energy Acquisition Corp,NYSE,9.83,11800.0,,,,,,,,,False,False,False,False,False,False,False,False,False,0,False,자료 부족
20260928,SBXE,SilverBox Corp V,NYSE,10.1,0.0,10.11,10.03,,,,,,,False,False,False,False,False,False,False,False,False,0,False,자료 부족
20260928,SCATU,Southern Cross Acquisition II Units,NASDAQ,10.04,41287.0,,,,,,,,,False,False,False,False,False,False,False,False,False,0,False,자료 부족
20260928,SCII,SC II Acquisition Corp,NASDAQ,10.17,506.0,10.11,10.04,,,,,,,False,False,False,False,False,False,False,False,True,1,False,자료 부족
20260928,SCPQ,Social Commerce Partners Corp,NASDAQ,10.05,0.0,10.01,,,,,,,,False,False,False,False,False,False,False,False,True,1,False,자료 부족
20260928,SCTX,Scribe Therapeutics Inc,NASDAQ,21.77,306900.0,,,,,,,,,False,False,False,False,False,False,False,False,False,0,False,자료 부족
20260928,SECZ,Securitize Corp,NYSE,16.63,4345800.0,8.1,,,,,,,,False,False,False,False,False,False,False,False,True,1,False,자료 부족
20260928,SEV,Aptera Motors Corp,NASDAQ,1.98,114900.0,2.09,2.38,2.64,1.29,22.43,53.5,91.2,,False,False,False,False,False,True,False,False,False,1,False,자료 부족
20260928,SFB,Stifel Financial 5 20 Senior Notes Exp 15th Oct 2047,NYSE,19.06,16130.0,19.54,19.79,,,,,,,False,False,False,False,False,False,False,False,False,0,False,자료 부족
20260928,SGP,SpyGlass Pharma  Inc.,NASDAQ,25.98,120000.0,25.55,23.74,,,,,,,True,False,False,False,False,False,False,False,True,1,False,자료 부족
20260928,SHAZ,SharonAI Holdings Inc,NASDAQ,52.91,1482900.0,58.44,52.36,,,,,,,False,False,False,False,False,False,False,False,False,0,False,자료 부족
20260928,SHOT,RMG ML Sports Holdings,NASDAQ,9.86,0.0,,,,,,,,,False,False,False,False,False,False,False,False,False,0,False,자료 부족
20260928,SIND,Sinda Ltd,NYSE,13.73,96600.0,15.15,,,,,,,,False,False,False,False,False,False,False,False,False,0,False,자료 부족
20260928,SKHY,SK hynix Inc. ADR,NASDAQ,181.92,16104500.0,164.52,,,,,,,,False,False,False,False,False,False,False,False,True,1,False,자료 부족
20260928,SLGB,Smart Logistics Global Ltd,NASDAQ,0.288,237400.0,0.49,0.67,0.88,0.28,6.08,2.5,95.3,,False,False,False,False,False,False,False,False,False,0,False,자료 부족
20260928,SOLS,Solstice Advanced Materials Inc,NASDAQ,56.93,2901700.0,59.61,72.25,68.92,40.43,90.8,40.8,37.3,,False,False,True,True,False,True,False,False,False,3,False,자료 부족
20260928,SOMN,Southern Units,NYSE,44.64,14251.0,48.19,50.15,50.18,44.45,53.99,0.4,17.3,,False,False,False,False,False,False,True,False,False,1,False,자료 부족
20260928,SORN,Soren Acquisition Corp,NASDAQ,10.02,0.0,9.97,,,,,,,,False,False,False,False,False,False,False,False,True,1,False,자료 부족
20260928,SPCX,Space Exploration Technologies Corp,NASDAQ,145.47,83179700.0,136.35,,,,,,,,False,False,False,False,False,False,False,False,True,1,False,자료 부족
20260928,SPTX,Seaport Therapeutics Inc,NASDAQ,19.64,284500.0,22.7,,,,,,,,False,False,False,False,False,False,False,False,False,0,False,자료 부족
20260928,SSAC,Spacsphere Acquisition Corp,NASDAQ,10.12,0.0,10.07,,,,,,,,False,False,False,False,False,False,False,False,True,1,False,자료 부족
20260928,SSEA,Starry Sea Acquisition Corp,NASDAQ,10.35,500.0,10.31,10.22,10.18,9.93,10.39,4.2,0.4,,False,True,True,True,True,False,True,False,True,6,False,자료 부족
20260928,SSMR,Sunshine Silver Mining & Refining Co,NYSE,14.89,284700.0,16.18,,,,,,,,False,False,False,False,False,False,False,False,False,0,False,자료 부족
20260928,STDN,Standard Nuclear Inc,NYSE,11.53,580700.0,11.52,,,,,,,,False,False,False,False,False,False,False,False,True,1,False,자료 부족
20260928,SUJA,Suja Life Inc,NASDAQ,8.94,226600.0,8.76,,,,,,,,False,False,False,False,False,False,False,False,True,1,False,자료 부족
20260928,SUMA,SUMA Acquisition Corp,NASDAQ,9.95,0.0,9.93,,,,,,,,False,False,False,False,False,False,False,False,True,1,False,자료 부족
20260928,SUNB,Sunbelt Rentals Holdings Inc,NYSE,74.89,4849600.0,75.01,,,,,,,,False,False,False,False,False,False,False,False,False,0,False,자료 부족
20260928,SUNC,SunocoCorp Units,NYSE,75.31,382900.0,76.92,68.73,64.68,47.0,83.2,60.2,9.5,,True,True,True,True,True,True,True,False,False,6,False,자료 부족
20260928,SVAQ,Silicon Valley Acquisition Corp,NASDAQ,10.11,0.0,10.05,9.99,,,,,,,False,False,False,False,False,False,False,False,True,1,False,자료 부족
20260928,SVIV,Spring Valley Acquisition Corp. IV,NASDAQ,10.08,77874.0,10.19,,,,,,,,False,False,False,False,False,False,False,False,False,0,False,자료 부족
20260928,SWMR,Swarmer Inc,NASDAQ,18.18,1369100.0,35.16,,,,,,,,False,False,False,False,False,False,False,False,False,0,False,자료 부족
20260928,TBCVU,Thunder Bridge Capital Partners V Units,NASDAQ,9.92,0.0,,,,,,,,,False,False,False,False,False,False,False,False,False,0,False,자료 부족
20260928,TCGX,TCGX Acquisition Corp,NASDAQ,13.65,9000.0,,,,,,,,,False,False,False,False,False,False,False,False,False,0,False,자료 부족
20260928,TDWD,Tailwind 2.0 Acquisition Corp,NASDAQ,10.13,0.0,10.07,10.01,,,,,,,False,False,False,False,False,False,False,False,True,1,False,자료 부족
20260928,THEO,BOA Acquisition Corp. II,NASDAQ,9.89,0.0,,,,,,,,,False,False,False,False,False,False,False,False,False,0,False,자료 부족
20260928,TLNC,Talon Capital Corp,NASDAQ,10.24,0.0,10.24,10.23,10.2,9.87,11.3,3.7,9.4,,False,True,True,True,True,False,True,False,False,5,False,자료 부족
20260928,TMCR,Metals Royalty Company Inc,NASDAQ,4.62,756500.0,5.72,,,,,,,,False,False,False,False,False,False,False,False,False,0,False,자료 부족
20260928,TMTS,Spartacus Acquisition Corp II,NASDAQ,10.025,648.0,10.06,,,,,,,,False,False,False,False,False,False,False,False,False,0,False,자료 부족
20260928,TPTS,Terra Property Trust 7 Senior Secured Notes due 2029,NYSE,14.58,759.0,16.18,,,,,,,,False,False,False,False,False,False,False,False,False,0,False,자료 부족
20260928,TRAD,APEX Tech Acquisition Inc,NYSE,10.05,1222.0,10.0,,,,,,,,False,False,False,False,False,False,False,False,True,1,False,자료 부족
20260928,TRAX,First Tracks Biotherapeutics Inc,NASDAQ,36.65,674500.0,41.54,,,,,,,,False,False,False,False,False,False,False,False,False,0,False,자료 부족
20260928,TREO,Tactical Resources Corp.,NASDAQ,2.73,39200.0,,,,,,,,,False,False,False,False,False,False,False,False,False,0,False,자료 부족
20260928,TRGS,TRG Latin America Acquisitions Corp,NASDAQ,9.96,0.0,9.94,,,,,,,,False,False,False,False,False,False,False,False,True,1,False,자료 부족
20260928,TTRX,Turn Therapeutics Inc,NASDAQ,13.04,76700.0,10.71,6.76,6.04,2.57,26.5,407.4,50.8,,True,True,True,True,True,True,False,False,True,6,False,자료 부족
20260928,TVIV,Texas Ventures Acquisition IV Corp,NASDAQ,9.95,900.0,9.92,,,,,,,,False,False,False,False,False,False,False,False,True,1,False,자료 부족
20260928,TWLV,Twelve Seas Investment Company III,NASDAQ,10.06,707.0,10.03,9.97,,,,,,,False,False,False,False,False,False,False,False,True,1,False,자료 부족
20260928,USDE,Stablecoinx Inc,NASDAQ,15.56,4034200.0,5.74,,,,,,,,False,False,False,False,False,False,False,False,True,1,False,자료 부족
20260928,VACI,Viking Acquisition Corp I,NYSE,6.26,14000.0,9.22,9.81,9.85,6.1,12.73,2.6,50.8,,False,False,False,False,False,False,False,False,False,0,False,자료 부족
20260928,VCRE,Vicore Pharma Holding AB ADR,NASDAQ,9.59,27500.0,11.36,,,,,,,,False,False,False,False,False,False,False,False,False,0,False,자료 부족
20260928,VCX,Fundrise Innovation Fund  LLC,NYSE,28.17,610683.0,37.65,,,,,,,,False,False,False,False,False,False,False,False,False,0,False,자료 부족
20260928,VECA,Vernal Capital Acquisition Corp,NYSE,10.02,0.0,9.99,,,,,,,,False,False,False,False,False,False,False,False,True,1,False,자료 부족
20260928,VGNT,Versigent PLC,NYSE,45.4,586400.0,45.29,,,,,,,,True,False,False,False,False,False,False,False,True,1,False,자료 부족
20260928,VHCP,Vine Hill Capital Investment Corp II,NASDAQ,10.06,0.0,10.03,9.97,,,,,,,False,False,False,False,False,False,False,False,True,1,False,자료 부족
20260928,VHUB,Venhub Global  Inc.,NASDAQ,0.56,100500.0,0.74,1.04,,,,,,,False,False,False,False,False,False,False,False,False,0,False,자료 부족
20260928,VII,Viking Acquisition Corp II,NYSE,9.84,2200.0,,,,,,,,,False,False,False,False,False,False,False,False,False,0,False,자료 부족
20260928,VMET,Versamet Royalties Corporation,NASDAQ,8.92,282000.0,9.72,,,,,,,,False,False,False,False,False,False,False,False,False,0,False,자료 부족
20260928,VOGX,Vogenx  Inc.,NASDAQ,22.0,136100.0,,,,,,,,,False,False,False,False,False,False,False,False,False,0,False,자료 부족
20260928,VSNT,Versant Media Group Inc,NASDAQ,32.46,1351000.0,37.26,38.06,,,,,,,False,False,False,False,False,False,False,False,False,0,False,자료 부족
20260928,VTIX,Virtuix Holdings Inc,NASDAQ,1.21,121900.0,1.54,3.77,,,,,,,False,False,False,False,False,False,False,False,False,0,False,자료 부족
20260928,WENC,West Enclave Merger Corp,NYSE,10.0,0.0,9.98,,,,,,,,False,False,False,False,False,False,False,False,True,1,False,자료 부족
20260928,WHK,Whitehawk Minerals Corp,NYSE,25.72,206000.0,26.67,,,,,,,,False,False,False,False,False,False,False,False,False,0,False,자료 부족
20260917,WHLRL,Wheeler Real Estate Investment Trust 7 00 Senior Conv Notes Due 2031,NASDAQ,80.0,1.0,109.83,,,,,,,,False,False,False,False,False,False,False,False,False,0,False,자료 부족
20260928,WLCO,Wilco 63 Corp,NASDAQ,9.82,0.0,,,,,,,,,False,False,False,False,False,False,False,False,False,0,False,자료 부족
20260928,WLII,Willow Lane Acquisition Corp II,NASDAQ,10.25,0.0,10.26,,,,,,,,False,False,False,False,False,False,False,False,False,0,False,자료 부족
20260928,WLTH,Wealthfront Corporation,NASDAQ,10.0,1563400.0,9.58,9.69,,,,,,,True,False,False,False,False,False,False,False,True,1,False,자료 부족
20260928,WOLF,Wolfspeed Inc,NYSE,27.58,1571400.0,27.07,32.93,29.26,8.05,80.82,242.6,65.9,,False,False,True,True,False,True,False,False,True,4,False,자료 부족
20260928,WPAC,White Pearl Acquisition Corp,NYSE,10.06,0.0,10.03,,,,,,,,False,False,False,False,False,False,False,False,True,1,False,자료 부족
20260928,WSE,Wise Group PLC,NASDAQ,11.5,1985900.0,12.31,,,,,,,,False,False,False,False,False,False,False,False,False,0,False,자료 부족
20260928,WSHP,WeShop Holdings Limited,NASDAQ,6.34,353100.0,5.17,7.67,24.79,4.32,250.0,46.6,97.5,,True,False,False,False,False,True,False,False,True,2,False,자료 부족
20260928,WSTN,Westin Acquisition Corp,NASDAQ,10.15,35100.0,10.15,10.07,,,,,,,False,False,False,False,False,False,False,False,True,1,False,자료 부족
20260928,XCBE,X3 Acquisition Corp Ltd,NASDAQ,10.02,728.0,9.98,,,,,,,,False,False,False,False,False,False,False,False,True,1,False,자료 부족
20260928,XE,X-Energy Inc,NASDAQ,14.43,6023100.0,17.59,,,,,,,,False,False,False,False,False,False,False,False,False,0,False,자료 부족
20260928,XFLH,XFLH Capital Corp,NYSE,10.04,0.0,10.01,,,,,,,,False,False,False,False,False,False,False,False,True,1,False,자료 부족
20260928,XIIIU,Churchill Capital XIII Units,NASDAQ,10.61,5933.0,,,,,,,,,False,False,False,False,False,False,False,False,False,0,False,자료 부족
20260928,XLAB,D Boral ARC Acquisition I Corp,NASDAQ,2.4,126100.0,,,,,,,,,False,False,False,False,False,False,False,False,False,0,False,자료 부족
20260928,XNDU,Xanadu Quantum Technologies Ltd,NASDAQ,4.77,6773700.0,9.58,,,,,,,,False,False,False,False,False,False,False,False,False,0,False,자료 부족
20260928,XSLL,Xsolla SPAC 1,NASDAQ,9.98,0.0,9.96,,,,,,,,False,False,False,False,False,False,False,False,True,1,False,자료 부족
20260928,XTER,Karman Line Acquisition Corp.,NASDAQ,9.79,2700.0,,,,,,,,,False,False,False,False,False,False,False,False,False,0,False,자료 부족
20260928,XZO,Exzeo Group Inc,NYSE,15.09,208900.0,16.13,15.5,16.64,12.36,24.6,22.1,38.7,,False,False,False,False,False,False,False,False,False,0,False,자료 부족
20260928,YCY,AA Mission Acquisition Corp II,NYSE,10.23,100.0,10.23,10.15,10.11,9.9,10.29,3.3,0.6,,False,True,True,True,True,False,True,False,False,5,False,자료 부족
20260928,YDDL,One and one Green Technologies.INC,NASDAQ,1.4,27300.0,1.71,4.27,4.69,1.39,16.23,0.7,91.4,,False,False,False,False,False,False,False,False,False,0,False,자료 부족
20260928,YICC,Yorkville International Capital Corp,NASDAQ,9.92,0.0,9.92,,,,,,,,False,False,False,False,False,False,False,False,False,0,False,자료 부족
20260928,YSS,York Space Systems Inc,NYSE,9.14,1484000.0,11.39,22.22,,,,,,,False,False,False,False,False,False,False,False,False,0,False,자료 부족
20260928,YSWY,Yesway Inc,NASDAQ,19.41,330700.0,22.22,,,,,,,,False,False,False,False,False,False,False,False,False,0,False,자료 부족
20260928,ZKP,Lafayette Digital Acquisition Corp I,NASDAQ,10.03,0.0,10.0,9.94,,,,,,,False,False,False,False,False,False,False,False,True,1,False,자료 부족
